Shock_Industry,Shock_Country,Shock_Output_EUR,abs_AT_EUR,abs_BE_EUR,abs_BG_EUR,abs_CY_EUR,abs_CZ_EUR,abs_DE_EUR,abs_DK_EUR,abs_EE_EUR,abs_ES_EUR,abs_FI_EUR,abs_FR_EUR,abs_GR_EUR,abs_HR_EUR,abs_HU_EUR,abs_IE_EUR,abs_IT_EUR,abs_LT_EUR,abs_LU_EUR,abs_LV_EUR,abs_MT_EUR,abs_NL_EUR,abs_PL_EUR,abs_PT_EUR,abs_RO_EUR,abs_SE_EUR,abs_SI_EUR,abs_SK_EUR,abs_GB_EUR,abs_US_EUR,abs_JP_EUR,abs_CN_EUR,abs_CA_EUR,abs_KR_EUR,abs_BR_EUR,abs_IN_EUR,abs_MX_EUR,abs_RU_EUR,abs_AU_EUR,abs_CH_EUR,abs_TR_EUR,abs_TW_EUR,abs_NO_EUR,abs_ID_EUR,abs_ZA_EUR,abs_WA_EUR,abs_WL_EUR,abs_WE_EUR,abs_WF_EUR,abs_WM_EUR
Aluminium and aluminium products,AT,5089.57196832,-8.603532253940827,-0.09312777844648916,-0.10589336791000259,-0.0037070314304926467,-0.10930753548059718,-0.3620550278044994,-0.15781710620749342,-0.040680205765074015,-0.049256546279513674,-0.015341761326902858,-0.22191376715297206,-0.05855217440659761,-0.23375337503673785,0.0,-0.06553924614481355,-0.12069576412934485,-0.02812181793378256,-0.09612464376967436,0.0,-0.0164626685142059,-0.17118803723219034,-0.16613994201823215,-0.019495934167656295,-0.036319969664000536,-0.04849933933537485,-1.3648669304788101,-0.2538717931704365,-0.043462185278390374,-0.006576178795131825,-0.008115796666462444,-0.0073526303401559735,-0.016572423305371738,-0.003825773250474851,-0.011213583174212347,-0.0016702285296562435,-0.0018994254994696242,-0.0011450603106904819,-0.027425035659477997,-0.08138148642716171,0.0,-0.042374917693627646,0.0,0.0,-0.007823786070619057,-0.05577473603024803,-0.008742019148664744,0.0,-0.005135729208710538,-0.0033286037270890004
Aluminium and aluminium products,AU,12531.9933192,-0.016751623782101946,-0.019757196221828848,-0.011390511246638991,-0.004688335748758603,-0.0074655503461163245,-0.044174944515684086,-0.031667228716652285,-0.014443855681388161,-0.037578656300459486,-0.010568544840326117,-0.046765832676310584,-0.021729880072721818,-0.017251485193843053,0.0,-0.030031962127814255,-0.03896137496633865,-0.014999557030251763,-0.019135640326955996,0.0,-0.010221594550684393,-0.05071682678635919,-0.010636813193347005,-0.009018610386515259,-0.005251032227814163,-0.009468830092895224,-0.08824645845098808,-0.005870727121613573,-0.05990997688776585,-0.009020805214947941,-0.25906891091926837,-0.028596085796859006,-0.020771257386157933,-0.09727609196781858,-0.014665497621564261,-0.004308451541024569,-0.002193132295315174,-0.0006952784148135601,-91.9452658698159,-0.013701147509522546,0.0,-0.10346821398657217,0.0,0.0,-0.0211638723348386,-0.1378095749046561,-0.023453094876469797,0.0,-0.008152719733507358,-0.02849996222341687
Aluminium and aluminium products,BE,3993.548713,-0.09070693032121656,-2.8938109892191815,-0.10944712584257003,-0.006195592938655361,-0.03776917172705334,-0.35525276290590724,-0.252364461967587,-0.039398367912867556,-0.13679028897702267,-0.038018481301700116,-0.4327588976139622,-0.04965150672174113,-0.06580285345699757,0.0,-0.12768324748041707,-0.06862621639838244,-0.031806130019688766,-0.07788064336715522,0.0,-0.015320786402560153,-0.516061715046353,-0.09734278084021877,-0.0665443064209779,-0.022547564198976834,-0.06612589116056966,-0.36199377246929143,-0.0792457948109227,-0.049389595854821,-0.013322490524501969,-0.009240966173651608,-0.01782156840043051,-0.020156166003480896,-0.008187091291480956,-0.04510919239428567,-0.004457004852872152,-0.004803665196622125,-0.0011731987430107253,-0.04280991989705876,-0.049492968363635995,0.0,-0.16572946549647796,0.0,0.0,-0.024323055435505055,-0.30557299982242253,-0.016802394267366613,0.0,-0.022666672451107973,-0.010836199325665555
Aluminium and aluminium products,BG,499.437458924,-0.0035559019586446686,-0.0026961489474451837,-6.0768868277258425,-0.00025071300266302844,-0.0043947530602551806,-0.004459328227496465,-0.0017998972056858626,-0.002849807553903378,-0.0020999963637013783,-0.0009158198506388299,-0.0031581830248455776,-0.03145458990118067,-0.006638626040561049,0.0,-0.0065125319287595625,-0.0030109834554597095,-0.0022535770284197727,-0.005836315205797106,0.0,-0.0026858513840018372,-0.0022131709191656993,-0.0060926767311027625,-0.001204564466092394,-0.021528091643069742,-0.0009608247868764531,-0.01583161622899976,-0.013715061183842074,-0.0012728303471540128,-0.00021955116071553893,-0.0002541949676738473,-0.00129372292110859,-0.0005705011052817874,-0.0003365843642323539,-0.00037862366815407327,-0.0006755679674335172,-0.00021592618306123917,-6.474323294079082e-05,-0.0016776390007960588,-0.005177073220516552,0.0,-0.0016538887933296147,0.0,0.0,-0.0009192508092023875,-0.01067125250243666,-0.000709247541889956,0.0,-0.001328063238578371,-0.0006163508896865423
Aluminium and aluminium products,BR,6454.85163457,-0.012685182120851287,-0.01126118206093693,-0.004118939642791766,-0.004635277797424799,-0.004516496775343932,-0.018566936815579468,-0.013855189980893705,-0.005492193540549893,-0.019756816707418138,-0.005101698129575667,-0.017768999791163358,-0.006348307458373123,-0.007300843388030305,0.0,-0.01160846751835778,-0.010630229655722643,-0.0038211169964477085,-0.01423890856926893,0.0,-0.0063281866795627285,-0.016560194178107824,-0.0059850416201280895,-0.013690393783547278,-0.003146064767879539,-0.0077003291190524846,-0.030116748776775226,-0.0029658544319306097,-0.011255694565297295,-0.008149444505539567,-0.004183861623112944,-0.017299470305506878,-0.006533822045872407,-0.006516839783294424,-15.230786195619661,-0.002844424335485131,-0.005058055224010356,-0.0003656179822991298,-0.024990712361663826,-0.013946521626938402,0.0,-0.04257220671854006,0.0,0.0,-0.015845218596512195,-0.03263001317562261,-0.05010968014933184,0.0,-0.014554131864535472,-0.004121453541287534
Aluminium and aluminium products,CA,11960.2679472,-0.13822498135703032,-0.14915111777167941,-0.1165510355706223,-0.019865840347970516,-0.0585044967104588,-0.36419443322343537,-0.20502358898315565,-0.09416834948693982,-0.19510093157690736,-0.17263892182424354,-0.42398539165410765,-0.157967325357823,-0.17520053440525096,0.0,-0.15622312892524942,-0.1630779251088887,-0.05296283779356129,-0.10958205698701023,0.0,-0.040988932380746086,-0.23189536916635,-0.07071930025890515,-0.07881456518001556,-0.035097479055524766,-0.10578733730219468,-1.0464954588891906,-0.0506373175274325,-0.4823627586332993,-1.1534815136695755,-0.11760996947675803,-0.08101883304758685,-46.3824325800901,-0.12008663547583404,-5.341958491771399,-0.018596841925428525,-0.10769141856527485,-0.002055456766699592,-3.491262032446735,-0.08914972980870058,0.0,-0.8829368882490994,0.0,0.0,-0.10381983516004235,-0.1421377404457104,-0.31107566040400636,0.0,-0.024087992856215067,-0.014449313368119459
Aluminium and aluminium products,CH,643.630526142,-0.010887866481548644,-0.00975583254075512,-0.0025863327932729714,-0.0005475495796875575,-0.004034423359536272,-0.02375188920769083,-0.007535367254273447,-0.0027693270219259283,-0.004318893080961082,-0.0014872203646803459,-0.021123296843493285,-0.0032968538627841026,-0.008579519074557848,0.0,-0.013247912986391547,-0.00807934249098573,-0.002847388999395394,-0.018719597784372176,0.0,-0.002172704522983143,-0.006894860345152486,-0.0067433272974102435,-0.0037942596110451207,-0.002170026118269525,-0.0028877272231269666,-0.019216232520086043,-0.007190146092667243,-0.0037678440480228303,-0.0009671446085872316,-0.0008206283171101428,-0.001468674505045959,-0.0009133177532724635,-0.0005881048784057104,-0.0010123551002676407,-0.0004892244775377095,-0.0003041472989899916,-0.00032215010903486084,-0.0028848036715613083,-7.430225929191668,0.0,-0.0037698589213240037,0.0,0.0,-0.001144211731215018,-0.03208562356783241,-0.0008970543084599499,0.0,-0.0010858957628990804,-0.0007823425864896847
Aluminium and aluminium products,CN,302689.359677,-4.9866079182840695,-4.585035299921655,-4.361832496572227,-1.7145243149197047,-3.386064473869752,-7.243009598843314,-7.438796001283739,-3.491001515032677,-4.742946417607326,-4.498858345437489,-4.905329377813964,-2.828908095352611,-3.253515969716562,0.0,-5.116023100286307,-3.1841249444489517,-3.7579466980582588,-7.464381261952227,0.0,-2.0306056408670767,-3.494976919172835,-2.8412345685726343,-3.320310164299995,-2.9717573018672483,-2.6453132059613442,-2.873141246545088,-1.6560257797988815,-5.457746283353927,-2.3803544900810967,-10.11116513165218,-193.15463811060928,-3.448600696847065,-12.32450182205744,-7.106472043025405,-1.3161454886441766,-1.149649243642158,-0.17860303520022644,-18.61060612441145,-5.311537397950137,0.0,-6.14756857509119,0.0,0.0,-15.393056734192497,-87.171559324048,-34.20239414565528,0.0,-2.8765564452672256,-4.8710562044881
Aluminium and aluminium products,CY,41.8048397461,-6.594773623547297e-06,-2.3399637828441584e-05,-8.30132930869585e-06,-0.145388904856518,-9.633711428535961e-06,-1.1574113242510583e-05,-1.5139749956056451e-05,-1.2395837064534272e-05,-1.175863716537719e-05,-7.097869579426563e-06,-1.4860103861052215e-05,-1.7502009564488913e-05,-7.389875872753339e-06,0.0,-0.0009705409043146141,-9.658233942567485e-06,-1.2304112741617668e-05,-0.0008214299077297386,0.0,-0.0005968710417142675,-7.688549922488639e-05,-8.11827411617597e-06,-1.022746587547832e-05,-9.370550439887967e-06,-6.388022985744016e-06,-4.192125376542115e-06,-4.142813825617789e-06,-4.719573568892491e-05,-7.590783518522628e-06,-4.915370943367666e-06,-5.1077953211249745e-06,-5.86925105832066e-06,-5.828476849887906e-06,-5.523629116019322e-06,-3.574662371637659e-06,-1.4153823412570667e-06,-1.8770668764416607e-06,-1.1585419260151917e-05,-1.355047438411292e-05,0.0,-2.123532184210146e-05,0.0,0.0,-1.3621239538510183e-05,-0.0002947337118959034,-7.139379443902169e-06,0.0,-8.817914001055316e-06,-4.808468017323278e-05
Aluminium and aluminium products,CZ,2954.31147437,-0.028422744628779584,-0.015867983228637837,-0.036233145252287755,-0.00111329556390399,-3.6500948908610136,-0.05894281463109672,-0.05457429903928302,-0.013633565860741045,-0.010053383670525226,-0.004843614745987357,-0.034999469722538736,-0.016400512741855274,-0.04774153984823209,0.0,-0.013841822986600956,-0.017459316293694977,-0.009810727065861084,-0.01876042090602738,0.0,-0.0039055801780926093,-0.019151941920190957,-0.1303918293041612,-0.005815720123054162,-0.01403399528630257,-0.023999934462271937,-0.28483766119433773,-0.158193593135042,-0.008128598175720925,-0.0009654760630170023,-0.0013974256320669744,-0.002457852092854924,-0.003108263211497396,-0.0017921133940160421,-0.002560186964393713,-0.0006506509033289745,-0.0005700144566303743,-0.00018806566553593104,-0.0033787029248459957,-0.009782787357189054,0.0,-0.00846043962605569,0.0,0.0,-0.0035111634816550694,-0.03279757148648002,-0.003620373088779131,0.0,-0.0013051656536014822,-0.0011847841674062424
Aluminium and aluminium products,DE,19165.2510876,-3.421007091558478,-1.027995678052488,-1.3064122080892684,-0.029629147300333596,-0.9642578656896833,-30.79903542089818,-3.0828456711182586,-0.9134828925133132,-1.359913707111245,-0.37861865800396677,-3.496047945295628,-0.6311807056806527,-2.211058102174416,0.0,-1.165231133217298,-1.1809164140155908,-0.8134211050723404,-0.6786121078312114,0.0,-0.08528386039343804,-3.5757015109469488,-2.3838608146777656,-0.5921606623228582,-0.32505619701871863,-0.8436662253066967,-16.77991122890246,-1.4340844999599953,-0.8691579101328402,-0.08356464668877472,-0.13360793189871048,-0.11422201324783066,-0.16162713804146134,-0.07085255528051024,-0.1459543269077139,-0.023395994430089346,-0.030158977046574206,-0.00803575019163487,-0.30067854318197107,-1.1918486559552655,0.0,-0.8784117148723822,0.0,0.0,-0.1171685026721327,-1.1641346680070954,-0.11375775505380657,0.0,-0.061091823547105524,-0.032077686388629234
Aluminium and aluminium products,DK,1236.94914834,-0.017836872702001752,-0.012747577480706124,-0.048638485783975845,-0.0006541404327360288,-0.018774990106745302,-0.06197228890202198,-12.887991997382375,-0.07646189367664008,-0.019131199679077053,-0.020337387391172444,-0.03058480277896861,-0.017791136133623053,-0.026895369502561738,0.0,-0.023640787449401745,-0.01694570088333157,-0.014156401402691766,-0.014740595476879333,0.0,-0.003622402456666496,-0.0309370648443062,-0.033486241124462905,-0.005122459033003351,-0.005858029948322037,-0.08170703220019312,-0.17968665470971723,-0.010757695714960994,-0.010518392774515304,-0.0013909139893274792,-0.0017579820982025734,-0.005832087895723499,-0.0033626421694678776,-0.0009506792402282069,-0.009476096779910043,-0.0005387287047345364,-0.0005853717737227954,-0.00014068713758428253,-0.004547205752195618,-0.011404331227878617,0.0,-0.0059062614096283975,0.0,0.0,-0.0020979964008669117,-0.018808724153264757,-0.0023224083189657147,0.0,-0.0016758176944713077,-0.0007161356488377591
Aluminium and aluminium products,EE,91.1103938161,-6.994588168633087e-05,-0.00015368914902948223,-4.469657686556588e-05,-8.324713276690931e-06,-4.931431439852287e-05,-7.191288233135076e-05,-0.0002854425572313291,-6.865674543895778,-4.0332109475084725e-05,-0.0003082419559427147,-7.106438941665173e-05,-0.00010122850576453502,-0.00011194706996909235,0.0,-0.0005260628923314758,-3.259713402042781e-05,-0.0012561047809720996,-0.000608114729576969,0.0,-0.0004764348288066181,-0.00014050127570755712,-0.00020589720568449163,-5.0591925989707876e-05,-5.0501115505213104e-05,-0.00012691739366704316,-4.724291969258745e-05,-5.8859119673392154e-05,-6.110917208559567e-05,-7.365086418051019e-06,-9.3383995329832e-06,-1.6818162681670104e-05,-7.129671345435433e-05,-1.0637231589261253e-05,-1.1454823791284468e-05,-1.1570156911145778e-05,-7.6164227876630635e-06,-6.576854281844562e-06,-3.5303505121690735e-05,-0.0002921045742554323,0.0,-6.368823071402952e-05,0.0,0.0,-2.7384997618900664e-05,-0.0009358193421239657,-2.1803570339861003e-05,0.0,-2.48887233548348e-05,-1.587615119528504e-05
Aluminium and aluminium products,ES,7461.13251474,-0.0356807435236118,-0.06352327912733019,-0.07424779073687668,-0.006395302540981607,-0.038280876636662894,-0.08350517494616749,-0.10373237605118821,-0.02522672549107529,-17.599942016982137,-0.033124819400848465,-0.3699937231115565,-0.05858830451189777,-0.04764554070959577,0.0,-0.06732805214953734,-0.07743514344246752,-0.024325556649962478,-0.06834829124079077,0.0,-0.015372518990408812,-0.07432290617792948,-0.04551014806545582,-0.39585649256950983,-0.02464820861041056,-0.03846341556742351,-0.2051270619774119,-0.019218376176346023,-0.06656795830779519,-0.011585422917594335,-0.008347694576309888,-0.039074596294358666,-0.01625443919868082,-0.00994652162361744,-0.01693116499208125,-0.006402496620027483,-0.005698777892107993,-0.0007721628367063679,-0.039740198817230246,-0.0980921299399331,0.0,-0.07603556507876513,0.0,0.0,-0.017810892192251054,-0.16845736454531063,-0.022723451597859313,0.0,-0.056321576244936965,-0.015706164785745033
Aluminium and aluminium products,FI,356.727766315,-0.0038133176487755954,-0.003744266931847143,-0.002325631792179056,-0.0008343105975917416,-0.0028135446354179954,-0.010250537153901033,-0.03739542079465494,-0.1276150558074087,-0.003049365086044008,-1.545392754367977,-0.004300552762484067,-0.002283778042647571,-0.002474701748499296,0.0,-0.00603996210786986,-0.002675801401140335,-0.012913928682143087,-0.004317531845937815,0.0,-0.0016942157664229238,-0.004108760200714098,-0.007237067228562636,-0.0011668961506131723,-0.0008467851202477643,-0.03033207072753264,-0.011333186180273597,-0.0025507706716869833,-0.002394850549924667,-0.0003079231472949139,-0.00032969598334475195,-0.0006350266372108079,-0.0009661968324183937,-0.00026763302524534664,-0.0015323295496166196,-0.00016314311326602057,-0.00010266126376271929,-8.07262967631892e-05,-0.0009736974890574755,-0.0026712193277466157,0.0,-0.00354246908508004,0.0,0.0,-0.0004779311731367329,-0.003416107543729801,-0.0004414602271869281,0.0,-0.00042841224650313375,-0.00015306959318164948
Aluminium and aluminium products,FR,5375.02085894,-0.12292031062455437,-0.265529571310659,-0.11448908584102055,-0.011458778687687729,-0.0755459069353358,-0.272528642690198,-0.19530591449184334,-0.08088377221693187,-0.5097319718159072,-0.061087459569483776,-39.44669907340197,-0.10785098260929357,-0.10357622594007787,0.0,-0.56156585505506,-0.16455071031357013,-0.0362469459120851,-0.40917428015678653,0.0,-0.043934854751841515,-0.18554903211619328,-0.12823470898549497,-0.17354634732783708,-0.046672618208840284,-0.0751358076953494,-0.4936954015376418,-0.0658158313614713,-0.19475290700901074,-0.02749300534816432,-0.01939476473595523,-0.03412588599817322,-0.034419592609129954,-0.010451572532417538,-0.02034472046208745,-0.0059069271914660906,-0.01585977355975542,-0.0018024775773126825,-0.04006708892873428,-0.19960863355382732,0.0,-0.09239008890011259,0.0,0.0,-0.027087073646988865,-0.2046242133530498,-0.01833872459177477,0.0,-0.07935388134726934,-0.01304408307071508
Aluminium and aluminium products,GB,8010.48600955,-0.5759024934411785,-0.4465302027683829,-0.1913677393848708,-0.01711280158972399,-0.11602156319232419,-0.9051800072829354,-0.3780169091266345,-0.2854834755675854,-0.4206731380137399,-0.15184366474166727,-0.8251659860042995,-0.11465678560386863,-0.21350636960592284,0.0,-0.8685526451008627,-0.21030094463273546,-0.16061934501584554,-0.4387893816108635,0.0,-0.028226303246407,-0.9920480168222778,-0.2548928408305009,-0.16435359889867315,-0.08193814651529358,-0.14627465731662223,-0.8058021286069774,-0.1364005919847085,-3.846790505903612,-0.06718108843535196,-0.11206456878742194,-0.023189171799634013,-0.23176545226613593,-0.019569164952321298,-0.03411109306916778,-0.01125743104730029,-0.01585858814635218,-0.0026277978178103983,-0.1368807855222643,-0.19550590844921856,0.0,-0.3409195594936779,0.0,0.0,-0.0785422710922639,-0.09745004873878413,-0.03591308758634567,0.0,-0.015678073411105484,-0.008501905252184075
Aluminium and aluminium products,GR,2044.34637917,-0.017002451298467305,-0.015979698716627442,-0.6629245379455025,-0.01756011067681298,-0.021208066862080464,-0.04885484778865341,-0.014137717085055053,-0.016372494256687097,-0.02531980540637535,-0.008265688983346554,-0.0364147229269018,-5.490707031226499,-0.02567724444373146,0.0,-0.06109880766313808,-0.06546430500230477,-0.011430279659319318,-0.030719348345937862,0.0,-0.01322092455732207,-0.04365558408460997,-0.028757436739357503,-0.015357835555533994,-0.07282788785102294,-0.008791091859696582,-0.05160415374793155,-0.009554912634168666,-0.016860092786348663,-0.0037432573223074466,-0.003662454196268473,-0.022181396790464717,-0.00528265244982446,-0.008821774022823081,-0.004010738958227469,-0.005987376503905664,-0.001441317206626394,-0.0009772866363562595,-0.02357941268847094,-0.07308894698980342,0.0,-0.02502374048203006,0.0,0.0,-0.009925504642704338,-0.10328782913039247,-0.006139374036349711,0.0,-0.010434978054187721,-0.01963544767143265
Aluminium and aluminium products,HR,505.814973588,-0.00575643086993929,-0.003185227530999475,-0.004675341969000337,-0.00016028725330591824,-0.002942585669776339,-0.0032350173870889644,-0.0066962172409306756,-0.0020372373591549266,-0.001582282512443749,-0.0009726371570307873,-0.0019906486289142083,-0.01099569684002884,-0.026031066933860342,0.0,-0.006445834325832203,-0.0038254397561124052,-0.0022048934495252632,-0.007295107067829205,0.0,-0.0037205666977504635,-0.002832970205211857,-0.004530611305378293,-0.0015022117933372245,-0.003334511552558576,-0.0012208138148150063,-0.1377306163745809,-0.004263429062125355,-0.0012089471145910037,-0.00014743450370748105,-0.00015334029146720082,-0.00044211024999512584,-0.0004495780389621071,-0.00018875006652868052,-0.00030409645657356407,-0.0002672415650174496,-9.600987690218682e-05,-9.466974506846332e-05,-0.0005761053229415372,-0.0038101261521656803,0.0,-0.004457647352945825,0.0,0.0,-0.0007442488479376783,-0.007446824171897698,-0.0005589980158376091,0.0,-0.0005523736399984543,-0.0009344846659230168
Aluminium and aluminium products,HU,1306.27668286,-0.032486798492879165,-0.016545520585164914,-0.05390844762566444,-0.0018279192251464578,-0.03719638202389457,-0.04934618362495024,-0.0314555908352539,-0.026554134040938197,-0.009056674429152714,-0.0031784075872708,-0.049624027223665296,-0.013569057636726587,-1.199526641844018,0.0,-0.012980933539691153,-0.027357189841867777,-0.01318200654600601,-0.014455501694384044,0.0,-0.00485205384423041,-0.04929748943072291,-0.06257356085447893,-0.004758248110067466,-0.025624728208258018,-0.010778879312707023,-0.4831728961536959,-0.2391628004043759,-0.004733855507485885,-0.0006928760727581506,-0.0011716669784820406,-0.0015243435709801246,-0.0017038997847683964,-0.0017570170052739669,-0.0016705854888126085,-0.0005223438207532764,-0.0005039337309246954,-0.0003595390476658886,-0.0029349314705676656,-0.009556502775126216,0.0,-0.004143397553355357,0.0,0.0,-0.001842990654514774,-0.014158365409951554,-0.001720134757075859,0.0,-0.0009780550526595074,-0.001996695035518811
Aluminium and aluminium products,ID,1068.52181168,-0.0021223953841439315,-0.004000842203563713,-0.0018669091692092498,-0.0039657758618450055,-0.001595434707168678,-0.003040085191088896,-0.012619038630032055,-0.004045361638955381,-0.0035558968862970867,-0.002504348978303492,-0.00520222944075687,-0.004681423757944002,-0.002223010299868064,0.0,-0.010184531921403808,-0.003431365566888918,-0.0035941472737104703,-0.007845984701851959,0.0,-0.007725703774257206,-0.00796010036373921,-0.0016230080527480945,-0.0016501991188158892,-0.001807391371197882,-0.001834988409952234,-0.0029285188930919946,-0.0027020640529519637,-0.0031287294700932107,-0.0018678166434656007,-0.006175434604095355,-0.007616714073227577,-0.004735096020793824,-0.007781673242835562,-0.0016479093518109982,-0.0016952017672905019,-0.0007908501817444455,-0.00022915384630445927,-0.06574287659636664,-0.006076551436781606,0.0,-0.03832389744418685,0.0,0.0,-0.004918553683345608,-0.10131154310202727,-0.003288168878340436,0.0,-0.0019638289937316702,-0.0022697216284804722
Aluminium and aluminium products,IE,2172.43289372,-0.00324824350445756,-0.017440911490427206,-0.030265531688639997,-0.008549719639823403,-0.0027426907796695814,-0.009263518026184773,-0.014529572844854488,-0.005157944886774536,-0.00729769056423499,-0.0030825042976342296,-0.009874765630059278,-0.006993716468391479,-0.005508873133128242,0.0,-11.605356688898974,-0.0034878776170421876,-0.003901023951276708,-0.7883134392300359,0.0,-0.003260581918992097,-0.019025319426640982,-0.006359053329468895,-0.011717937797138324,-0.001878618483389728,-0.006517215846362458,-0.0021512799141375667,-0.001993480753510018,-0.20536926449384457,-0.002299494193197227,-0.0009517501750317194,-0.0017380384203231464,-0.0030925500209006704,-0.0008832111533045248,-0.008040412111396835,-0.00034098194513808387,-0.0006737236072133958,-0.0002631406226703395,-0.001395356938221018,-0.005983333499207377,0.0,-0.0019153712594144846,0.0,0.0,-0.002480029922414853,-0.009763458173215979,-0.002070469414126871,0.0,-0.002820862450746498,-0.001190193654185097
Aluminium and aluminium products,IN,11978.7770986,-0.022889228308313705,-0.03969784031111662,-0.030150845819965102,-0.01682095282355933,-0.013691843096340178,-0.03066353314319783,-0.03768769043741001,-0.04034359244299039,-0.03416984457322854,-0.0242327145813365,-0.03614771563323764,-0.02610849287298899,-0.01836857738788594,0.0,-0.03627932619314332,-0.03301593257284148,-0.024479536644020042,-0.03630855855294516,0.0,-0.022113847166685168,-0.04003518391058051,-0.019056004481935163,-0.020069569414775754,-0.020068242468490035,-0.016625091224206703,-0.031051275908661885,-0.00866181580417029,-0.038877998252251335,-0.01945867163642227,-0.03419397131633804,-0.12853724927584811,-0.020803739071676073,-0.05366775216197584,-0.03091675983297334,-1.6284601117934498,-0.0066734432959521285,-0.00177954227615943,-0.5487937399262507,-0.04540384541603185,0.0,-0.14115529469007854,0.0,0.0,-0.2552592384749022,-0.6047312102601519,-0.1503600160308369,0.0,-0.14119426973374807,-0.05779861553560381
Aluminium and aluminium products,IT,8923.67302338,-0.2556788739657518,-0.19953582739249126,-0.4336780933099392,-0.011189774473687839,-0.1224049604202934,-0.45802822508491253,-0.26488745163666383,-0.14393104232063905,-0.35930153346089105,-0.03721269398618613,-0.8030016486727993,-0.3953410500394236,-0.6299877480107,0.0,-0.10754459786690132,-14.543630341505875,-0.05612009584752425,-0.17995804063997378,0.0,-0.03951366443691719,-0.4055708734322951,-0.2545562534336078,-0.05593331741889107,-0.08951271650663342,-0.17107539739389108,-4.7420410748364255,-0.3905126172675914,-0.11419167007028773,-0.015112823954668404,-0.020573781178607756,-0.021125900176502455,-0.04031776229441223,-0.02363959205826814,-0.030939822179792884,-0.014515283503243763,-0.004874675868296123,-0.001405955484757358,-0.10180447451711175,-0.3258114640201464,0.0,-0.10894352143782866,0.0,0.0,-0.03266487020515334,-0.08168131577403848,-0.03186048578432407,0.0,-0.035511195139635215,-0.011276699872937026
Aluminium and aluminium products,JP,17109.5947277,-0.16487475909950136,-0.08934787193389518,-0.04346265962033275,-0.020173157222080677,-0.03155074731569083,-0.25944155831393334,-0.1493594928280791,-0.27264545653285804,-0.24517697737728766,-0.3377397816488854,-0.40274085041345065,-0.08028505705498662,-0.05021155628452787,0.0,-0.08733401125798318,-0.08832223342089568,-0.20153416300174576,-0.07120347623543148,0.0,-0.0300044021242145,-0.14114892561518527,-0.04477650879490122,-0.03447375796615312,-0.022441674719652298,-0.04002639733370622,-0.24596587738011383,-0.025048734150055936,-0.19257919601179244,-0.11769146439405934,-41.72345467545412,-0.11006923736516089,-0.6252877254379509,-0.627933804677479,-0.6961686245862533,-0.04032802434962127,-0.020365489722560318,-0.0027154942067211907,-7.222020719713483,-0.07168877358917426,0.0,-1.0967481803741246,0.0,0.0,-0.1256489540873214,-0.17087082076542243,-0.15694085416457046,0.0,-0.045343272736068065,-0.0347974024575719
Aluminium and aluminium products,KR,8673.57009522,-0.12979145036905185,-0.08209434262920637,-0.030885169264601938,-0.023705068885859108,-0.029643011160222995,-0.1792828429641552,-0.07884034388493154,-0.043547716475032264,-0.23665490408004772,-0.07517431717664275,-0.30330652409555114,-0.04170181023121026,-0.03086749513898806,0.0,-0.07446276538215461,-0.05276944476867145,-0.13578589044860967,-0.06238916858085837,0.0,-0.030798062987311296,-0.09838084992351208,-0.03300276468714505,-0.02952940091015927,-0.016808384757594393,-0.03194711895384818,-0.1157063636433649,-0.017784768767099897,-0.11078122143313547,-0.09283353944442445,-0.4557815011925496,-0.11089105513734551,-0.17327636010759462,-37.60551995935375,-0.05276982824666349,-0.05250800703375222,-0.014831549726716027,-0.002404039737894833,-2.2778818389487183,-0.048832285698373376,0.0,-1.265321044830928,0.0,0.0,-0.08526529578392825,-0.2894806554966059,-0.09437760853327144,0.0,-0.021793750126450823,-0.03586096531516578
Aluminium and aluminium products,LT,19.3725198714,-4.3704879803573704e-05,-9.351090940529368e-05,-5.432307789709847e-05,-5.092051746488073e-06,-0.00025274633413458977,-0.00020960030243730434,-0.0002861275298741015,-0.001477318740485356,-4.0828494193085776e-05,-0.00013821498816877866,-6.302768364521918e-05,-0.00015712059186694991,-9.778537777648705e-05,0.0,-0.0005694812102356605,-4.319878944561716e-05,-9.732860324660288,-0.0005233633252733339,0.0,-0.0003970676579227425,-0.00011966338318370708,-0.00038786600544436095,-6.300636173144994e-05,-3.750280479371163e-05,-0.0001486854143791754,-7.728453204755567e-05,-6.968099316694466e-05,-6.13180950574321e-05,-5.35571042299623e-06,-3.491769171520742e-06,-8.006821460222799e-06,-5.027290044016073e-05,-4.40125641433718e-06,-6.487144070028619e-06,-3.08572583401156e-06,-3.60557902312478e-06,-2.995193026616317e-06,-1.873899159429519e-05,-0.00027138440794066687,0.0,-2.02323591606745e-05,0.0,0.0,-1.5948953461787656e-05,-6.982371065698371e-05,-1.151975922766915e-05,0.0,-2.675865643603195e-05,-5.519512646892102e-06
Aluminium and aluminium products,LU,409.396696263,-0.004122841379305604,-0.008710672712880554,-0.018071263231585286,-0.0007548238274787744,-0.008582155087548416,-0.01625021295544412,-0.009083285702530551,-0.008456475068636409,-0.009542206425596278,-0.009477465933044127,-0.05921404235096174,-0.00937325444370293,-0.004077126289989088,0.0,-0.024181303177333566,-0.0065765658924853716,-0.004638698439888149,-1.8648002837014566,0.0,-0.0059136892367922765,-0.017833261679783777,-0.008446613088744299,-0.00865685357467491,-0.0037665710319189,-0.008140099528383475,-0.0067355090354107965,-0.0025037473436117074,-0.01773366469058791,-0.0025530763115070364,-0.001459916682472106,-0.0018140804583883271,-0.0026660307146700118,-0.00164934217430566,-0.002930832455547003,-0.001589813295746787,-0.0013226692783626245,-0.0004313898005826504,-0.004007811123038569,-0.010091967314107749,0.0,-0.00828815589496144,0.0,0.0,-0.007503517335086721,-0.14025679472565966,-0.004744456358185195,0.0,-0.01030675765665222,-0.0049416310832078505
Aluminium and aluminium products,LV,54.691662585,-0.000940946973539455,-0.0015005609663840984,-0.0006912745059449647,-6.26234704058426e-05,-0.0002793918228971492,-0.0012050406078296513,-0.00632368131721578,-0.12268967161677126,-0.00032401242680656626,-0.0006038423142039477,-0.0007732612889911769,-0.0014355529560187666,-0.001351048490755012,0.0,-0.004382354333211719,-0.00019976552226177131,-0.015244303218531199,-0.004501056291393887,0.0,-0.005356173586521316,-0.0017053822958217832,-0.004561139236470729,-0.00031764267048844084,-0.00034796646651080704,-0.001205195929530639,-0.001211721344578683,-0.00125943018842663,-0.0005241499466566624,-3.815080554848204e-05,-4.959627350302832e-05,-5.864071076558244e-05,-0.00027382586357105684,-5.5790108068559865e-05,-7.145400286856222e-05,-7.134770583887673e-05,-9.992273565682681e-05,-5.452668681106719e-05,-0.0007790526171125697,-0.0017018638050416068,0.0,-0.00014923666469677415,0.0,0.0,-0.00015000493288365056,-0.00041618528918101183,-0.00013635401100092916,0.0,-0.0003863214463351636,-7.501445509400318e-05
Aluminium and aluminium products,MT,11.6180007714,-6.792894144513001e-06,-0.00011268138599577378,-2.4463234510259606e-05,-3.635550711253638e-06,-6.715746770760074e-06,-1.0919277092365427e-05,-4.9792599192502934e-05,-0.00014494662556315972,-7.85807385764191e-06,-4.065604672563945e-06,-3.734965628667603e-05,-5.807180992842787e-05,-5.43922134045583e-05,0.0,-0.0005371437218387651,-6.099978330576427e-06,-4.3880863454860346e-05,-0.0005204404095139493,0.0,-0.023059367853568092,-8.703994419110419e-05,-1.5182579420017369e-05,-8.17736259310564e-06,-1.872009796457184e-05,-1.3435405104628041e-05,-6.555974035632851e-06,-1.0908984204440638e-05,-2.5243902409869234e-05,-3.103186819536905e-06,-1.3379671526327489e-06,-1.7533333064741042e-06,-2.6846589325117616e-06,-1.6716911755709992e-06,-1.808744987721604e-06,-1.13318098522919e-06,-2.245018972864645e-06,-9.45013092932594e-07,-5.6103349548999895e-05,-0.00019506879212509136,0.0,-3.903776997503599e-06,0.0,0.0,-7.361615200266391e-06,-1.1581429292288966e-05,-4.239406478707982e-06,0.0,-2.5206586690602796e-05,-3.633694110550134e-06
Aluminium and aluminium products,MX,2504.363198,-0.01337556364715477,-0.011170070295998723,-0.007461664474827897,-0.004376218636294466,-0.006932649161486251,-0.01914853113605626,-0.012340788516500601,-0.008204544320037914,-0.021296754170001465,-0.00714727236113754,-0.01481010187742384,-0.01120274253734421,-0.006290172710660785,0.0,-0.04012099423300209,-0.009816320754694647,-0.005447216431692101,-0.022176513958436575,0.0,-0.009364313729406486,-0.012838560126154938,-0.009810301414532284,-0.010125898783912606,-0.005508551070154199,-0.009308537882292137,-0.015246951515997984,-0.0034763812406177377,-0.014382989856459314,-0.07514146705682882,-0.008918717300973204,-0.05218069107418877,-0.039795592263198655,-0.013175274640809087,-0.025127926071500384,-0.005064369030546918,-1.0297592020737798,-0.0007118657981745317,-0.013542876678236051,-0.02513714783149672,0.0,-0.045322610679049545,0.0,0.0,-0.012510390560092045,-0.11579546221017108,-0.019607134455788145,0.0,-0.013060253558491953,-0.0060538663322719
Aluminium and aluminium products,NL,2940.82747966,-0.02996307490904615,-0.09757114021962343,-0.03429747291035108,-0.001767941447470756,-0.015000392886316192,-0.09529588722571881,-0.24793490148202096,-0.03328505917983527,-0.07170649264734782,-0.027634751589398637,-0.07257805636018866,-0.029293563660532252,-0.05502036356678429,0.0,-0.10706810031138997,-0.01878543895833647,-0.02056482555037136,-0.11610267997657195,0.0,-0.008986954668228873,-14.116165639028411,-0.0417737841559019,-0.023458881542823138,-0.009958914444432468,-0.03841276608908351,-0.2412586997543697,-0.01621393255280767,-0.035476303383677237,-0.004326716215166754,-0.0038671914099617875,-0.00573924949627992,-0.04397796884306072,-0.004113874078577584,-0.026890528910140852,-0.002236544134578776,-0.0038343440282491577,-0.0009423501730165922,-0.07985013279572557,-0.021264530533160093,0.0,-0.07010094830213642,0.0,0.0,-0.019964265903880053,-0.06199980451544955,-0.010572957422881443,0.0,-0.017477426804498028,-0.0034764832892344518
Aluminium and aluminium products,NO,4583.64797675,-0.02582779783757058,-0.01745566221127023,-0.02171733622814017,-0.001978363665316193,-0.014780351850272619,-0.04308884451637261,-5.73786008439136,-0.3347883617799933,-0.19513824394471113,-0.14642695124059862,-0.03759693362398899,-0.014099799412479977,-0.06725980241183697,0.0,-0.13409314334018474,-0.01780402412044843,-0.09392623575958893,-0.03038920637430159,0.0,-0.0072850793512154845,-0.07977310309910161,-0.04767546751578824,-0.013341906992559284,-0.007986724275574054,-0.5085277132224845,-0.5606590805639208,-0.010400195628597392,-0.031437561857737654,-0.005161927659299985,-0.003120511840512201,-0.0035178348137738192,-0.10839290652145975,-0.0038853766789081787,-0.4315827428455441,-0.0008484888112926916,-0.001914111066547979,-0.00047974751609672556,-0.10440668681316222,-0.009942559856072541,0.0,-0.028280531615044544,0.0,0.0,-0.006054638364607452,-0.01373633352436584,-0.023851642033351286,0.0,-0.002962036965554629,-0.0009387425589824789
Aluminium and aluminium products,PL,3840.61096127,-0.04500470610425445,-0.03241677553239684,-0.12926758768107882,-0.00449662417752535,-0.09643574485585366,-0.15795714851818357,-0.24476002988400525,-0.1382774165079434,-0.053937717466531504,-0.020079631753105016,-0.136168775170654,-0.04886305102964067,-0.0879535402391117,0.0,-0.03331779787840743,-0.04691028813342557,-0.15849189011552325,-0.034528771998452834,0.0,-0.007655298333790164,-0.09572416477759788,-9.279089108155748,-0.014185640508750307,-0.020692243646051513,-0.14125758291543114,-0.4731113417904789,-0.20468862523687953,-0.01661475445601022,-0.002176100304952871,-0.0027587025533885386,-0.008102686156227504,-0.006223953217754459,-0.004804151050753629,-0.011656318508008762,-0.0014538149468499922,-0.0012908479983848103,-0.0004329992047740857,-0.011913408373492192,-0.025732542778560737,0.0,-0.02173166979048271,0.0,0.0,-0.005693677201113868,-0.050086457871549264,-0.008225543553895924,0.0,-0.004047790903201302,-0.002221039396249168
Aluminium and aluminium products,PT,543.258501954,-0.0034016761590452103,-0.005562556929574089,-0.006576546304493344,-0.0005513453439454773,-0.002104209231247533,-0.008838744290257404,-0.013582836283618994,-0.002628239157464566,-0.13558512450300494,-0.001465377624503034,-0.02284694690649018,-0.01387069316493776,-0.002535113839871504,0.0,-0.005970559474448758,-0.011636571925268664,-0.001493119269508647,-0.004661743539145373,0.0,-0.0023617492047106475,-0.006764523268322807,-0.0024437839798034655,-3.8741217226763176,-0.0013016053736823704,-0.005608970583416139,-0.010335316789283365,-0.0011130921018685197,-0.0029359487583137545,-0.0003768760193470811,-0.00033477445834891744,-0.0007758720885194373,-0.0007832666905744304,-0.00035683354148595105,-0.0014663942803000653,-0.0001953052658809263,-0.00039915768802531763,-7.459371942205895e-05,-0.0010451118179322597,-0.002901026132255226,0.0,-0.001957678765863541,0.0,0.0,-0.0008720004137998648,-0.0036398379051890135,-0.0010678094395389472,0.0,-0.001326704515882424,-0.0005810421739339032
Aluminium and aluminium products,RO,1168.18927683,-0.008534686974006162,-0.005773742304842699,-0.0589737472344519,-0.0007299125021922976,-0.010227798797663133,-0.01083033235445028,-0.004473234704622447,-0.004084971524820928,-0.004832808164013127,-0.0012219499301219907,-0.01258794776840504,-0.011392422869484813,-0.028911050000284707,0.0,-0.004780145549540284,-0.004740066591799291,-0.004036784852077307,-0.011682787673149843,0.0,-0.003461565059724347,-0.0050998930674802465,-0.015747281615648992,-0.0023615245157575797,-0.42919338391572553,-0.0024867738408802294,-0.011861660860097212,-0.01939963798613948,-0.002121663268879049,-0.00033583129502792053,-0.00041226418451176093,-0.0013116234225699517,-0.0009088063080291412,-0.0006081435416490066,-0.0005725292950783189,-0.0004437594533424473,-0.00019004900454174615,-8.939492447393751e-05,-0.0009334602533106248,-0.005490979976154595,0.0,-0.002941991202957904,0.0,0.0,-0.000950467796100321,-0.011012181007928333,-0.0007726977294194727,0.0,-0.0007982145741790434,-0.0014583766255763153
Aluminium and aluminium products,RU,18879.1824496,-0.0036232074304367976,-0.005140402000824272,-0.009214260313521832,-0.010436723377875027,-0.007695075516865202,-0.0066336602766165235,-0.004612482029448466,-0.02882182254664504,-0.003897410172343018,-0.007869408959524024,-0.004965648436320387,-0.007495098400906684,-0.008979181479495278,0.0,-0.012249412982211237,-0.0031382183844459754,-0.045310305680665394,-0.006395223053604074,0.0,-0.005861859515637135,-0.004159504702859553,-0.010755907933727202,-0.002282017231688552,-0.005489133283655401,-0.0027267971793940833,-0.008653908521095642,-0.010156230877041641,-0.0033876406658950205,-0.0006411651894800815,-0.0018162377948339676,-0.002566821463899804,-0.001002369208617569,-0.002593581865893588,-0.0022607114596433805,-0.0005972724140699959,-0.0006114269529272157,-5.756063945062868e-05,-0.010118982940054214,-0.004659496061027757,0.0,-0.006198137811876847,0.0,0.0,-0.0029246216698120032,-0.07239727222743397,-0.0025312282737644373,0.0,-0.0008947806317184914,-0.0006937804357191861
Aluminium and aluminium products,SE,2135.19162301,-0.0566127539781855,-0.06923684795479419,-0.02177533306330363,-0.006600942231420708,-0.03206088903430118,-0.08229203454178614,-0.5965335958009519,-0.25448426473891017,-0.032918447441359716,-0.13509400606573504,-0.03617573087786158,-0.05907713512781117,-0.025830280417417376,0.0,-0.23775313405065704,-0.03905436356265219,-0.05247489594622956,-0.06256018705268926,0.0,-0.024477192461743125,-0.11105526411560368,-0.0590654636036889,-0.019278508223150286,-0.008991593020397143,-7.41123680012953,-0.09967226103217112,-0.02272292768605655,-0.08808869296395443,-0.005171925916057557,-0.014523866041585436,-0.004697792193496989,-0.022211263252647762,-0.002574351586266251,-0.0168268062881087,-0.001057979892816638,-0.005264416633580717,-0.0005058966686772192,-0.03568904808635165,-0.025409890645875007,0.0,-0.04670212397690467,0.0,0.0,-0.005722199146277141,-0.038169859994134754,-0.007738743630365332,0.0,-0.0028431658728408035,-0.001197384128124035
Aluminium and aluminium products,SI,1443.72820135,-0.03889702805055365,-0.0132595828252029,-0.019890369988018908,-0.0006894559494552995,-0.013314173435241407,-0.025424910149930167,-0.019980493571304377,-0.00934201240817705,-0.010792678145746077,-0.0037318833403780474,-0.01659158778555511,-0.5050525661619372,-10.494539725527844,0.0,-0.05467553520377462,-0.02857626669163413,-0.008763186564446943,-0.02315318775221267,0.0,-0.017797590872732316,-0.015234673238250515,-0.028906768144734175,-0.00707738089958661,-0.0096304967678019,-0.006266359690647703,-101.19103160950681,-0.04004351161611897,-0.006615897925433784,-0.0006983496741028762,-0.0006120960084113562,-0.0015256303613280877,-0.002561554154323327,-0.0007268570037679752,-0.0016464106116941904,-0.0011042286493073432,-0.0005696230416833834,-0.0011891550620328354,-0.0036801285911998867,-0.0111659295592239,0.0,-0.006471842950331779,0.0,0.0,-0.0026943566737311644,-0.006998098140727031,-0.0025633839391988743,0.0,-0.0026009110485531203,-0.00138447806036062
Aluminium and aluminium products,SK,1696.23637467,-0.022969626399008493,-0.008550775708868495,-0.014472135089974632,-0.0005406688523937355,-0.16364131800153014,-0.033895255431041216,-0.02038969839465122,-0.03162311803236444,-0.009187387604347461,-0.001851874281514436,-0.04528763999221552,-0.013598038042029116,-0.07559268199437694,0.0,-0.09830085176636622,-0.013768773355271425,-0.017932256538217835,-0.022521410558882946,0.0,-0.002460081125020671,-0.008611908370275284,-0.06612647617721466,-0.002359101105280685,-0.005250612353355223,-0.007713187436656653,-0.521850662796994,-6.646916941454725,-0.0044445256295853035,-0.0004043697865832548,-0.0006182273316224542,-0.0009386678556807454,-0.00089212790101906,-0.0009193420696874715,-0.0009525963357229207,-0.00038566785135271854,-0.00023814447398568428,-0.0001297146724369825,-0.0016355585327085089,-0.005285559479511568,0.0,-0.003897608613872619,0.0,0.0,-0.0011643229680235124,-0.00994723715821506,-0.0013727881357648078,0.0,-0.0007110214512351087,-0.0004652920077244653
Aluminium and aluminium products,TR,2580.28860824,-0.05232720994276662,-0.03702774196771107,-0.046324981582865896,-0.00743286241517604,-0.022683171076165867,-0.09386238865410754,-0.02473193392922491,-0.16687095424529438,-0.05939209972702356,-0.007367222073313014,-0.0687185348792221,-0.04753038024931128,-0.07591881828674506,0.0,-0.012845070843781985,-0.027349761353758162,-0.03420732938287128,-0.0872280440388982,0.0,-0.006577061261151538,-0.024789205693262307,-0.026550370249031095,-0.019177793010732976,-0.05058804457971035,-0.009864763200153014,-0.08051755385150505,-0.008400649731036606,-0.01645644966734152,-0.003381025732084333,-0.006138528102866928,-0.012250945379190721,-0.003951004158660556,-0.01337983239366243,-0.009256044250664902,-0.017156079225239342,-0.0014475853115771995,-0.00030551847262935634,-0.021641265192997815,-0.02555758853010334,0.0,-0.08301879872929085,0.0,0.0,-0.011963727281465568,-0.042177399600322324,-0.006973047697303501,0.0,-0.008343893302973615,-0.0061857848901631304
Aluminium and aluminium products,TW,6095.69118313,-0.0066210218488591405,-0.005879591026142895,-0.008692451269496452,-0.008504936066636746,-0.004451888784180894,-0.009866344314762531,-0.0072069161119845335,-0.007075703360110675,-0.006372180599149281,-0.007733543158094996,-0.008977335879401561,-0.0042516351365426185,-0.004697421955349498,0.0,-0.014814847259470656,-0.005854467491921465,-0.005080665233208512,-0.008478850543002587,0.0,-0.008513533661779163,-0.0059791178825098846,-0.004074008867938222,-0.004030803670614474,-0.003140512754020871,-0.005675162414258319,-0.00772736933735354,-0.0023581379895143964,-0.011168672071209957,-0.0032863204974781213,-0.01552773529040851,-0.002518568511741207,-0.005313968601284916,-0.01905311099498227,-0.01089849241577103,-0.001618715074692715,-0.0016433982646688057,-0.0006194020578084476,-0.03739926579873441,-0.010402933656957908,0.0,-3.188214390881184,0.0,0.0,-0.03946354843208834,-0.112640035493492,-0.02337922249666367,0.0,-0.0047902676757695046,-0.007497996394837159
Aluminium and aluminium products,US,48679.1996737,-0.9541425801225127,-0.427702462737685,-0.5084907851881794,-0.04434585962892723,-0.22432334576743365,-1.581440742704197,-0.767560111206997,-0.3038476369654921,-0.7923023392089285,-0.25504043183836766,-2.830531145170794,-0.8585503398709108,-0.7452882561542437,0.0,-0.6989640436506693,-0.580147712998722,-0.3000094159997762,-0.3558294970356206,0.0,-0.11871570870941675,-0.5600634988970079,-0.33779970407269355,-0.2709688769642265,-0.1437062192351801,-0.6404868981958216,-5.8947599600416165,-0.1742849532380667,-0.49317129501369156,-22.814447930173866,-0.5272017503834189,-0.2638226360955985,-13.035918508701041,-0.7333352795858147,-3.793563759156577,-0.1315880693604877,-0.7432110351168616,-0.012137340975423006,-4.722292959666221,-0.47993788022846595,0.0,-0.8687997355097371,0.0,0.0,-0.5860258653295901,-0.6375197173932645,-1.077417631854666,0.0,-0.1243416443344125,-0.07580706217821867
Aluminium and aluminium products,WA,15732.4429953,-0.09720393339147387,-0.08342166010888342,-0.08863872682276804,-0.026138536260542303,-0.03954497032591701,-0.16173360866049677,-0.14098278829006058,-0.17194106429550146,-0.13345588796407215,-0.08342708900187963,-0.2516158042882802,-0.09890926387879179,-0.0570795725010672,0.0,-0.13077970407927605,-0.1272492578916623,-0.3863346269787361,-0.1097903436520679,0.0,-0.030962767084813353,-0.1336925291669753,-0.07332494200885058,-0.038947893183406836,-0.03525515242758289,-0.05931505664116897,-0.1862642697267226,-0.03529322975240341,-0.155545591099085,-0.0755445457683139,-0.561853012718513,-0.15565049573763093,-0.10039129360330508,-0.7961570984954253,-0.10308643029213721,-0.08378597091375327,-0.019271118731056722,-0.012457170322075753,-2.503804425231287,-0.16601457291582597,0.0,-0.7092396097737077,0.0,0.0,-0.37429518970762504,-0.24236275834115062,-0.17663092531458333,0.0,-0.06598731466863862,-0.05316170978298712
Aluminium and aluminium products,WE,3559.27925605,-0.027677226457728764,-0.015999942050205086,-0.12812229808769252,-0.005091269818200521,-0.031304623233526105,-0.04623887448391591,-0.029337390862656614,-0.09749742018334519,-0.020733219982395412,-0.009778718746551522,-0.02387488845729541,-0.15139360540194044,-0.6919698934317041,0.0,-0.0761964524601622,-0.03766619662801716,-0.18200572377976007,-0.02058999325201644,0.0,-0.006783120588598751,-0.02051126028665813,-0.10104127365861156,-0.011413905581304043,-0.039065914460558585,-0.012463720060471238,-0.6131229078637143,-0.07303348644250394,-0.010960598289078185,-0.0022172713223349203,-0.0023679943237602166,-0.005375364792246205,-0.004555776451302524,-0.003183542457302193,-0.07103676065313624,-0.0016824722125926147,-0.0009482652096403315,-0.0006542609968964119,-0.19000583115077105,-0.018674841087049466,0.0,-0.020089864396570997,0.0,0.0,-0.008844745153328648,-0.014832941555176065,-0.029216151826174805,0.0,-0.002146014347669403,-0.0016155647474435455
Aluminium and aluminium products,WF,6427.26361047,-0.006552842484477122,-0.026939749385091027,-0.031073863407884844,-0.005511510767050319,-0.006733526817981512,-0.01574685547677529,-0.012765024198040688,-0.015444458411450014,-0.08319806387648152,-0.00542781106439086,-0.12024942175846705,-0.03778146865136888,-0.008387758241812463,0.0,-0.009879093842904346,-0.029395818462956937,-0.013277340430306598,-0.016473020509588224,0.0,-0.007282064792080867,-0.15747170875742914,-0.006555396909699073,-0.05257624975688128,-0.006184761172744149,-0.004659423858402386,-0.02315434683097252,-0.003667318445819842,-0.014010188456965944,-0.0020253213574248606,-0.002857195008228153,-0.009923850553259218,-0.004541721609081531,-0.014514771935072583,-0.022175161283646733,-0.002271122703847644,-0.0008355216165029406,-0.00019938052682960601,-0.28824949990251664,-0.006656903734905636,0.0,-0.024903405897798294,0.0,0.0,-0.07813673341899019,-0.014506396750145315,-0.005888369351655619,0.0,-0.2708516978045261,-0.004867250034856015
Aluminium and aluminium products,WL,7475.69132895,-0.02311221673535671,-0.01950667651516409,-0.01428713818651798,-0.014137825242745795,-0.010551602055924121,-0.06738071227129704,-0.04273504160290794,-0.03553764067254524,-0.13291852995827128,-0.012890919742906438,-0.060181289051256644,-0.015704137637419728,-0.02342268313858396,0.0,-0.027915856881617074,-0.03882070258552106,-0.012834948971102583,-0.034786839297453395,0.0,-0.02012180505779333,-0.03618803052827365,-0.018774784764833557,-0.033151821313788465,-0.008109673030722648,-0.015353015149063294,-0.11769896918480566,-0.011508391129125302,-0.017221127478933538,-0.02607529488837395,-0.009397998992267505,-0.02017940189375791,-0.02349541817559231,-0.030560771679067837,-0.5220559154581378,-0.004935948499712949,-0.027475570410432984,-0.0013993341399103504,-0.33613502011351215,-0.023395975529658927,0.0,-0.05178729462576628,0.0,0.0,-0.017708486443225716,-0.027024168535499427,-2.834820269869294,0.0,-0.00502206144234277,-0.003450330683881558
Aluminium and aluminium products,WM,11805.3345042,-0.05688565278080918,-0.07064840607741142,-0.0914366426612351,-0.053954498920168834,-0.0360990824031862,-0.11956811603742691,-0.06070611142729401,-0.09587008943891562,-0.11898409841603586,-0.03345242338766069,-0.16715386475495672,-0.13225229839265987,-0.04394273293734425,0.0,-0.05709809611932269,-0.13477167057678205,-0.26136754859639405,-0.07281624950665642,0.0,-0.03830272758549811,-0.08558478464077438,-0.0522681662757681,-0.04788429440404802,-0.057877048273514246,-0.02786852271666405,-0.1502865384061198,-0.02150109873715206,-0.10265956272899432,-0.02534623139614227,-0.05710419058373691,-0.04686891424630291,-0.04493831887687826,-0.1396436911126734,-0.07834224277510686,-0.0431777643197111,-0.006761643851978782,-0.0010020686303182594,-3.7449944674069338,-0.09243399411655027,0.0,-0.29341272171034904,0.0,0.0,-0.1254659318430205,-0.06926095949981957,-0.04807233715912578,0.0,-0.02272629129847331,-0.25992355976978637
Aluminium and aluminium products,ZA,797.040743415,-0.002052854325326423,-0.00409570021248393,-0.0029999565151898016,-0.00048453283574066827,-0.0019572364079119544,-0.0038807829098970593,-0.004135544622024983,-0.0022837499610759595,-0.004069457660858575,-0.008053538633373372,-0.004032541910205395,-0.004746386231125372,-0.0015320577247250212,0.0,-0.009207374557948924,-0.0777694255084822,-0.003755480768891251,-0.005848948753214353,0.0,-0.005308569150567373,-0.002947171993781331,-0.0045874977645457855,-0.007834978436001318,-0.0063769289548748056,-0.002990656774849009,-0.0015262381213606141,-0.0008455670346568063,-0.003058961996311524,-0.0008486317706623449,-0.0010674277243248956,-0.003894531371865127,-0.0008000661958098507,-0.0009324574493003312,-0.005715505826959197,-0.000657975134383614,-0.00027717599528558393,-0.00015870943923600045,-0.007158109166030252,-0.0022825420183427126,0.0,-0.01876526307618346,0.0,0.0,-2.560682457403656,-0.008918603554947195,-0.001366163776516154,0.0,-0.6542013934420418,-0.002211124512727776
Aluminium ores and concentrates,AT,0.0,0.0,0.0,0.0,0.0,0.0,0.0,0.0,0.0,0.0,0.0,0.0,0.0,0.0,0.0,0.0,0.0,0.0,0.0,0.0,0.0,0.0,0.0,0.0,0.0,0.0,0.0,0.0,0.0,0.0,0.0,0.0,0.0,0.0,0.0,0.0,0.0,0.0,0.0,0.0,0.0,0.0,0.0,0.0,0.0,0.0,0.0,0.0,0.0,0.0
Aluminium ores and concentrates,AU,3048.47541169,-0.013721935059741128,-0.019762271081589424,-0.00956058530870844,-0.004714393625099803,-0.009064556856354237,-0.015772894848520642,-0.02711910111262549,-0.01917865700783525,-0.01563172295808697,-0.014648650547635087,-0.017672505054293696,-0.02193999336521102,-0.009144901337347666,0.0,-0.04310287245036604,-0.014112153018198174,-0.014247099032504068,-0.03111976236989677,0.0,-0.023156613547279603,-0.023806011672091475,-0.010243869413824918,-0.014092771572910803,-0.008042503733474345,-0.013270320832525244,-0.01216850896473762,-0.0046899131454863794,-0.027026739486866812,-0.010105625074181468,-0.014748556450330255,-0.02509917815154895,-0.008536309332062448,-0.015730389381550573,-0.006286988205258483,-0.004223716821653806,-0.003197592846676564,-0.0014711839245758942,-16.243363067733572,-0.020555139840819362,0.0,-0.04505679733131568,0.0,0.0,-0.03057024599639675,-0.19575568512243963,-0.018186840034483738,0.0,-0.006305140854591181,-0.007196621303170766
Aluminium ores and concentrates,BE,2.84444912715,-4.3278289987218164e-07,-0.0002346704820138944,-6.03685368690214e-07,-1.6853686034351473e-07,-7.600508221988376e-07,-9.800054631512694e-07,-8.082126440003885e-07,-6.87227842745926e-07,-5.19948279338849e-07,-8.370813525730155e-07,-2.194432607396054e-06,-1.0281689590889252e-06,-4.432378362649173e-07,0.0,-1.5227383454550953e-06,-4.2140164085854245e-07,-4.885574973035918e-07,-2.578481093963958e-06,0.0,-5.883547685946526e-07,-2.4252130483980987e-06,-6.457135453851026e-07,-7.807188053669206e-07,-4.5845257380886373e-07,-6.499060376973564e-07,-3.384506131883471e-07,-2.914027190512754e-07,-8.687319615514663e-07,-1.167708674491495e-07,-7.190879241661288e-08,-1.3126251003841307e-07,-1.5740433460852238e-07,-8.387501497930099e-08,-1.126958847034375e-07,-6.564805100670205e-08,-6.956429250158276e-08,-3.4695431598742354e-08,-2.058137159827678e-07,-7.091941504887189e-07,0.0,-2.498711013981346e-07,0.0,0.0,-2.5875621741652703e-07,-1.9014012473745985e-06,-1.577275970126324e-07,0.0,-2.3684710859231569e-07,-9.497549447416176e-08
Aluminium ores and concentrates,BG,0.138495096199,-3.600380642229543e-08,-6.266270209287772e-08,-4.972113356368797e-05,-4.457232302458771e-09,-2.4396109548369696e-08,-3.025703619302197e-08,-1.2923810147932102e-07,-1.2318045282362717e-07,-2.5906493504319343e-08,-1.5479319739697662e-08,-2.8022313932321596e-08,-4.0777000908649433e-07,-1.2098252782193668e-07,0.0,-6.899323548917703e-08,-6.916725072334531e-08,-4.548429284661744e-08,-5.702639406299101e-08,0.0,-6.914792142901296e-08,-4.411716235190722e-08,-4.077365436886947e-08,-2.1814401441187134e-08,-4.21264210957728e-07,-1.6236570592133387e-08,-5.2352426752691736e-08,-2.4502411385152904e-08,-1.781250910009008e-08,-4.738128021179012e-09,-3.1761855800034242e-09,-4.280428791244411e-09,-1.9551852854435977e-08,-3.258545155432187e-09,-1.6235856406996057e-08,-4.3357960700296634e-09,-9.548572068270651e-09,-6.087205305685403e-10,-5.928228695695373e-08,-4.516183824723726e-08,0.0,-1.503186458385076e-08,0.0,0.0,-1.606638942660121e-08,-2.1583904061788796e-08,-1.7296378173256883e-08,0.0,-1.0693582240256002e-08,-2.489625491424968e-09
Aluminium ores and concentrates,BR,280.581818121,-0.0014212690494814389,-0.0024747660670945263,-0.0007807189005156254,-0.0012681923110008896,-0.001028999134414054,-0.0016516442434513603,-0.0031913401166310533,-0.0012146769928265359,-0.002357437558299985,-0.0011770702711087174,-0.0020372253622849544,-0.002041518451757907,-0.0009554957002537734,0.0,-0.00387291100117824,-0.002264206236599736,-0.0007825059168855455,-0.003611710363956395,0.0,-0.0021077239905665473,-0.006921370131486132,-0.0010362314736212213,-0.0024447471279371103,-0.0007420934359762556,-0.001138505308887848,-0.001525761963828373,-0.0005312397031509378,-0.0016556854114772065,-0.0014366310381083583,-0.0008379641174860878,-0.002013407349959653,-0.0010100460747442246,-0.001233398274060352,-0.7901688229682028,-0.00033536045250745717,-0.000844691185490541,-8.416424708007733e-05,-0.006015930676738718,-0.0016903057931539683,0.0,-0.004163917425636371,0.0,0.0,-0.0034140363582378886,-0.0035834206264426997,-0.01606567056999818,0.0,-0.0016350763350983588,-0.000566914148956168
Aluminium ores and concentrates,CA,207.504378799,-9.329754503201911e-05,-0.000697208822743006,-0.0012757534268257292,-3.573062115254415e-05,-4.8497726314399466e-05,-0.00019718601158172984,-0.00022795652650928457,-6.345745567405537e-05,-0.00012960578900913407,-0.0002949145655883429,-0.00020730212257027053,-0.00021077986641024728,-7.335615548076976e-05,0.0,-0.00018074871663102148,-0.0004202299485408486,-4.665808199092509e-05,-0.000118658072626881,0.0,-6.768866416999173e-05,-0.0001849136188438104,-7.928911292914395e-05,-6.50509276163359e-05,-3.745877313400891e-05,-7.307786909614677e-05,-8.07328306609992e-05,-4.3062199306279375e-05,-0.00034181307266285094,-0.0003604188099652933,-9.336004113900312e-05,-2.7246691406103604e-05,-0.017819756408304733,-7.970826622767232e-05,-0.0005267055773301116,-9.016219428819761e-06,-0.0003649404368762544,-6.7957418338298725e-06,-0.00022748619826402057,-5.145789051660596e-05,0.0,-0.0007256662558695501,0.0,0.0,-0.0001426979485454222,-9.836241941107029e-05,-0.0058070491575237405,0.0,-2.476763610936778e-05,-1.4671207602175582e-05
Aluminium ores and concentrates,CH,0.0,0.0,0.0,0.0,0.0,0.0,0.0,0.0,0.0,0.0,0.0,0.0,0.0,0.0,0.0,0.0,0.0,0.0,0.0,0.0,0.0,0.0,0.0,0.0,0.0,0.0,0.0,0.0,0.0,0.0,0.0,0.0,0.0,0.0,0.0,0.0,0.0,0.0,0.0,0.0,0.0,0.0,0.0,0.0,0.0,0.0,0.0,0.0,0.0,0.0
Aluminium ores and concentrates,CN,2603.31150983,-0.047274676193480414,-0.061884085873594154,-0.06615701144816068,-0.03526527741610469,-0.03868205969421337,-0.07411753704609099,-0.06250850465180982,-0.03959767030538918,-0.05982237900296094,-0.07342490266391423,-0.059570799958263684,-0.02872956544738048,-0.033642564767437565,0.0,-0.06607925382167588,-0.037062041100740316,-0.036514866477054195,-0.07351986099030995,0.0,-0.035125914586777725,-0.04068246150583314,-0.03157130178844786,-0.032644111965696034,-0.036911719779800053,-0.03454627156686997,-0.03710166407425768,-0.020241639760858934,-0.06852451629857208,-0.026424852665729647,-0.11562330398267834,-1.132492779096555,-0.04286085064095518,-0.12466599702397345,-0.07800616907139712,-0.008416252832034394,-0.032604372613803875,-0.0032026086678070766,-0.2909649472051269,-0.05397815652417523,0.0,-0.04685014051004115,0.0,0.0,-0.13225147428733308,-0.3961850008000587,-3.8810993795729662,0.0,-0.028370397928098007,-0.05302970598202078
Aluminium ores and concentrates,CY,0.00421751898077,-8.33791490821983e-12,-2.3223892341340842e-11,-1.330486027361966e-11,-1.370597804776171e-06,-1.02942567846873e-11,-1.3787600832476988e-11,-1.60168247873215e-11,-1.5547899032503402e-11,-1.651658720043284e-11,-9.736765431463941e-12,-1.739660262384767e-11,-2.251994558264992e-11,-9.080606113901808e-12,0.0,-7.953143778730041e-10,-1.6310045185754276e-11,-1.7751674309278363e-11,-8.346474694543099e-10,0.0,-1.1573898644751839e-09,-5.313782397186711e-11,-9.074954818620729e-12,-1.4357278779215004e-11,-1.4744157138888615e-11,-7.594670486487982e-12,-6.077417067468105e-12,-4.291139264218834e-12,-4.454782044292775e-11,-7.543321631794561e-12,-1.2304161906684993e-11,-1.3602542667820623e-11,-6.8263181388437614e-12,-1.1917604960573793e-11,-1.0705248418330224e-11,-6.4969334151606775e-12,-1.845879965003016e-12,-1.597952232311975e-12,-2.3563098428663523e-11,-1.4757624085850346e-11,0.0,-3.9443325036604805e-11,0.0,0.0,-2.6353564332670856e-11,-5.498410079708963e-10,-1.3221034995665556e-11,0.0,-2.326913919296321e-11,-1.2843161568705578e-10
Aluminium ores and concentrates,CZ,12.1417238024,-1.4285014576820448e-05,-1.2111698500088393e-05,-9.272109487191923e-06,-1.725760901090459e-06,-0.002156463076704985,-2.7647321279661442e-05,-2.1677764418403718e-05,-1.553264770855794e-05,-6.511819625162075e-06,-4.153253670164005e-06,-9.423838337085726e-06,-1.439714655695069e-05,-1.4989494930948697e-05,0.0,-1.578174931691378e-05,-7.342500764164598e-06,-1.4989726760614125e-05,-1.943347699291064e-05,0.0,-1.1417521308587741e-05,-1.0067093318730155e-05,-3.138316045723967e-05,-9.181024528284103e-06,-9.651517127704329e-06,-5.77899535996568e-06,-1.599893627085188e-05,-4.892564071224629e-05,-7.759345663311957e-06,-6.209494606720015e-07,-1.1391164638789713e-06,-1.3298860519428003e-06,-1.947079562904691e-06,-1.450611590055073e-06,-9.92762662958999e-07,-5.332606401561848e-07,-5.381705663045096e-07,-5.245349681919165e-07,-1.5381435370418208e-06,-8.098102808300912e-06,0.0,-2.761163643069035e-06,0.0,0.0,-3.0548345377219797e-06,-9.23448618974006e-06,-2.2813193966670805e-06,0.0,-1.8331087069743823e-06,-8.553405996937916e-07
Aluminium ores and concentrates,DE,1.19660977212,-1.785258482502874e-05,-3.512243337549824e-05,-3.914249605255612e-05,-6.560346517689696e-07,-1.9438348594635145e-05,-7.309175179592885e-05,-1.0696585220447373e-05,-7.515213889454032e-06,-7.535335231023507e-06,-6.526944475389247e-06,-1.9153616697468528e-05,-6.016124739744618e-06,-1.2589449788773815e-05,0.0,-8.665033400349563e-06,-1.333971464371146e-05,-6.40116449726773e-06,-1.619362841910047e-05,0.0,-2.763699844600996e-06,-1.1490261642882453e-05,-1.9628211244284867e-05,-7.093815052404738e-06,-1.2043537363598234e-05,-7.642680030530016e-06,-2.6719887315366913e-05,-1.108498847924408e-05,-6.552525664540584e-06,-8.546087670580452e-07,-1.334330002393944e-06,-1.0284187710313603e-06,-1.1889083727670602e-06,-1.0986874394744249e-06,-1.5840168678921517e-06,-2.696318814428856e-07,-6.900752614592691e-07,-1.5053952693881635e-07,-2.449269808830589e-06,-1.029563504530556e-05,0.0,-5.111950479099655e-06,0.0,0.0,-1.4558784857457683e-05,-5.995080808911198e-06,-1.8587808226511562e-05,0.0,-5.912126360266659e-07,-2.620198486217283e-07
Aluminium ores and concentrates,DK,4.3419884646,-1.44832748257437e-06,-2.7878451891422424e-06,-2.562202701635747e-06,-3.280352378139743e-07,-4.20701807874242e-06,-3.7718559874155e-06,-0.01292194361990063,-1.0200406702969776e-05,-1.8803403112561775e-06,-2.2856565679301367e-06,-2.292107874741933e-06,-5.788206976122942e-06,-2.590588690229886e-06,0.0,-4.736951266029515e-06,-1.3653087332270157e-06,-8.088088531136668e-06,-5.172357955950673e-06,0.0,-2.7183351156834716e-06,-3.019543098478772e-06,-4.824184956910339e-06,-2.0429593647400926e-06,-1.3766749675591127e-06,-8.499637375388678e-06,-2.9061391942974865e-06,-1.517936582422441e-06,-3.0679309275570025e-06,-3.5757863702007117e-07,-2.2553970316834822e-07,-1.1473094513417396e-06,-4.689890154917372e-07,-2.4339759267778853e-07,-6.232828564426253e-07,-1.660013684876305e-07,-2.6762375576020696e-07,-4.969853333086914e-08,-1.1451846356512895e-06,-3.2845710029274082e-06,0.0,-8.45061242441477e-07,0.0,0.0,-7.456950256306928e-07,-3.3553233805006536e-06,-4.4810883800800735e-07,0.0,-4.944939882076501e-07,-1.881498988718057e-07
Aluminium ores and concentrates,EE,0.0661687596157,-4.968829335435385e-10,-1.1566174530448703e-09,-4.288685962315238e-10,-5.381880845408471e-11,-6.491369637607316e-10,-7.636244727115871e-10,-4.7084321660404824e-09,-5.417632937115197e-06,-5.085897873603731e-10,-4.548543679948388e-09,-7.594089402755174e-10,-1.3044014407308608e-09,-8.292213964842965e-10,0.0,-3.95925116188201e-09,-3.441489839990984e-10,-2.1888364593212547e-08,-2.7092772079374203e-09,0.0,-2.0976802307091007e-09,-7.882237846555963e-10,-2.325097083171884e-09,-4.049462963022847e-10,-3.890498058119463e-10,-1.828585382826755e-09,-5.618259744603456e-10,-8.389199672688956e-10,-6.456719017574723e-10,-4.395665203681226e-11,-5.019318655218384e-11,-7.602249787678193e-11,-4.2944490056407455e-10,-5.860473469535188e-11,-6.607236811620698e-11,-4.9070107288118473e-11,-1.2337250679533353e-10,-4.786049980559947e-11,-1.65028366181457e-10,-8.918098365549203e-10,0.0,-2.4138166099569074e-10,0.0,0.0,-2.3213327616366185e-10,-1.9288687048162527e-09,-1.3250430392495793e-10,0.0,-1.7478435218262901e-10,-7.074542325792788e-11
Aluminium ores and concentrates,ES,7.56486150521,-1.1855580823437094e-06,-2.9413808336035433e-06,-1.27235343775387e-06,-7.662458772519936e-07,-1.689472035070246e-06,-2.3632706583248303e-06,-2.8006459493058836e-06,-1.548482658994154e-06,-0.00020210633292607567,-9.777612501665703e-07,-5.20470984384401e-06,-3.598791975367566e-06,-2.1808429304194283e-06,0.0,-4.325628842876562e-06,-2.4610351905800577e-06,-1.6279193765356635e-06,-5.038284645171304e-06,0.0,-2.249971102435016e-06,-2.458671169271015e-06,-1.6301682450055413e-06,-2.2056750352588583e-05,-1.3013931835722848e-06,-1.1175423463980404e-06,-1.2704456178064708e-06,-7.715548661564497e-07,-2.5577590901777375e-06,-2.6488306352562393e-07,-2.1232609003297248e-07,-4.492187338911724e-07,-4.206565180009823e-07,-2.821487223727908e-07,-8.462501111891469e-07,-1.1915809139847867e-07,-1.909757358145913e-07,-8.062096508031488e-08,-5.435979575295122e-07,-1.981777346403363e-06,0.0,-7.426378466442364e-07,0.0,0.0,-7.827428256523208e-07,-1.5773707000918306e-06,-1.0937573430525452e-06,0.0,-1.2029342096908e-06,-2.596675245121078e-07
Aluminium ores and concentrates,FI,1.96593974192,-1.44873997108825e-07,-3.361313949950543e-07,-1.3200232696995713e-07,-7.782607740857835e-08,-2.0102283678668963e-07,-4.458370239183726e-07,-9.244993580768014e-07,-5.183127766749665e-06,-1.4042984737718647e-07,-4.638074271242762e-05,-1.9286632985749995e-07,-2.780132485176854e-07,-2.3045388425967114e-07,0.0,-4.721630579528581e-07,-1.0300105376962064e-07,-7.187223877722095e-07,-4.378910483749111e-07,0.0,-3.578357800267814e-07,-2.994525801299133e-07,-3.5164117201368965e-07,-1.2088358920850812e-07,-1.6109229826460912e-07,-7.501052373729283e-07,-2.2894763159904714e-07,-9.977691351527407e-08,-2.4576302525573763e-07,-3.596082594391608e-08,-5.58484717013825e-08,-4.7752337493922826e-08,-7.009086446180256e-08,-3.85558392657893e-08,-3.178156903013834e-08,-1.9623923157274586e-08,-1.8779034002919296e-08,-3.932939372664339e-08,-6.21885169478705e-08,-2.667897019191956e-07,0.0,-9.22013405986554e-08,0.0,0.0,-6.476183204785762e-08,-1.052438690621633e-07,-5.608891733839345e-08,0.0,-3.204673425547577e-08,-1.2118680791310208e-08
Aluminium ores and concentrates,FR,34.5354208783,-2.2832076315207582e-05,-0.0001491794171220593,-2.823611805547404e-05,-1.8955180209135968e-05,-2.8573836305076283e-05,-6.276818464603599e-05,-4.945978266147549e-05,-2.360417826153765e-05,-6.995852960517543e-05,-1.793708055039814e-05,-0.0011417772155458835,-7.173960943463976e-05,-3.4831563937906944e-05,0.0,-8.225683416386944e-05,-4.305041113738836e-05,-2.8318720266513223e-05,-0.00018166512737915498,0.0,-5.117962025346933e-05,-6.633307803386603e-05,-3.130743848817547e-05,-5.882773929556569e-05,-3.199365126811232e-05,-2.2777022213619035e-05,-2.0904726952293597e-05,-2.3587977254968493e-05,-6.122508415251315e-05,-4.806549347073909e-06,-3.2825960684799507e-06,-3.991770004396635e-06,-1.1770455076115677e-05,-4.822787579991076e-06,-5.983514518666673e-06,-2.129150701614817e-06,-3.9302653964489805e-06,-2.713749599693597e-06,-1.3213339380703963e-05,-8.396544386802743e-05,0.0,-1.2195087153267245e-05,0.0,0.0,-2.4116378502789706e-05,-2.3079560317090676e-05,-1.0645261009635369e-05,0.0,-3.13481812539173e-05,-9.110032488869479e-06
Aluminium ores and concentrates,GB,0.0,0.0,0.0,0.0,0.0,0.0,0.0,0.0,0.0,0.0,0.0,0.0,0.0,0.0,0.0,0.0,0.0,0.0,0.0,0.0,0.0,0.0,0.0,0.0,0.0,0.0,0.0,0.0,0.0,0.0,0.0,0.0,0.0,0.0,0.0,0.0,0.0,0.0,0.0,0.0,0.0,0.0,0.0,0.0,0.0,0.0,0.0,0.0,0.0,0.0
Aluminium ores and concentrates,GR,58.4331609286,-0.000301971356398036,-0.0007505920208712472,-0.0037380844483421403,-0.0008085053059632158,-0.0003010487591921835,-0.0004541698453279207,-0.00040951091715272104,-0.0005341629809869489,-0.00047660381578563027,-0.00024943756949625975,-0.0006323345239161956,-0.5975029950896084,-0.0005856853518234103,0.0,-0.0008671581506106207,-0.0004799980489678486,-0.00035572628073585476,-0.0014594935635362347,0.0,-0.0015320338396674661,-0.0007864084212626422,-0.00041622013085274164,-0.000430048827743792,-0.001038465190301534,-0.00024677186038615085,-0.0004121049149075136,-0.00022274044646236862,-0.00043155577992461125,-6.908712390648872e-05,-4.6002499368097265e-05,-8.020541292138396e-05,-0.00019892491408917562,-0.0001495878264707734,-8.633584192535702e-05,-8.2234257281169e-05,-7.145688472227638e-05,-0.0003076512890935142,-0.00035987766151065917,-0.0005214695084430433,0.0,-0.00018590806707497403,0.0,0.0,-0.0001993455327756404,-0.0003074722059725472,-0.00012732902658166225,0.0,-0.00016846950738754987,-0.00018003980138124563
Aluminium ores and concentrates,HR,19.4130743772,-6.292410791767598e-06,-3.77845312460426e-06,-6.381325536600559e-06,-2.429577667860897e-07,-2.962673297478873e-06,-3.638536289534714e-06,-8.525827203192492e-06,-4.839759112177969e-06,-2.8389899263391943e-06,-1.939075189000353e-06,-2.509562768039404e-06,-8.42077705821234e-06,-3.064143177912112e-05,0.0,-1.0996624566963765e-05,-4.791727677220611e-06,-3.0657108544004237e-06,-1.2180092503709938e-05,0.0,-1.1902532991025993e-05,-3.912845044838495e-06,-4.877969773340721e-06,-2.0498773455673337e-06,-3.1298090973902284e-06,-1.6276421903057664e-06,-0.00013405288867457055,-5.734568644501078e-06,-1.8985599334510958e-06,-1.9180808177265503e-07,-1.878124763931285e-07,-2.947664909052081e-07,-1.6579644641918702e-06,-2.468072594808197e-07,-3.5645791460443097e-07,-2.633162116709478e-07,-2.8891721241464287e-07,-2.3522233957691943e-07,-7.274931386465556e-07,-5.607941312879943e-06,0.0,-8.775601773392868e-07,0.0,0.0,-8.065925140882415e-07,-2.357310637339045e-06,-5.650237768763587e-07,0.0,-9.585154304745376e-07,-6.863406488503472e-07
Aluminium ores and concentrates,HU,4.80949295081,-7.916243149213085e-06,-3.869813772557267e-06,-2.537677105953063e-06,-1.1287097353064137e-06,-1.5832561170000544e-05,-4.469682959616104e-06,-1.7726715629539127e-05,-2.0370150976138873e-06,-1.7793920693387842e-06,-1.2825951779564238e-06,-3.482341625609253e-06,-8.211528540579674e-06,-0.00015178829634277438,0.0,-7.239279253736618e-06,-4.417422013378514e-06,-2.3377977382505514e-06,-3.865518757522584e-06,0.0,-2.7979638211699983e-06,-3.3929559618707386e-06,-9.16041700359382e-06,-1.2764686966907148e-06,-4.940562649046979e-06,-2.2012837067044137e-06,-1.8037541922326475e-05,-9.940533576927255e-06,-1.3844613980406377e-06,-1.5829112169711366e-07,-4.512931441931847e-07,-1.9463696171900346e-07,-1.7332701520034846e-06,-3.1296336458153787e-07,-3.245103590489389e-07,-7.424973372536155e-08,-3.7338001898429144e-07,-4.940484537267381e-08,-3.737869916654771e-07,-1.5400544199778811e-06,0.0,-8.057365084105294e-07,0.0,0.0,-1.0830644162726452e-06,-1.4481012888543225e-06,-6.177527582342846e-07,0.0,-7.619365357224022e-07,-2.5356858131029035e-07
Aluminium ores and concentrates,ID,390.485203219,-0.0015166418282919255,-0.0045186686603612865,-0.0025902319340259526,-0.001724548935268259,-0.00138514181322098,-0.0021822563690089094,-0.0037108364686956716,-0.003795738609862159,-0.00431321782623677,-0.002300620354873477,-0.0028811924336187753,-0.006896417706200891,-0.0022898904608418696,0.0,-0.005679360695740367,-0.0026701988295233783,-0.0036011243365755966,-0.008286250518949096,0.0,-0.009703703998832944,-0.0043285788889729435,-0.001399450761414723,-0.0017078723616934203,-0.0018988439568563527,-0.0016314358747814735,-0.0011633710687450377,-0.0010567818603810896,-0.0037843639652788354,-0.0012704401741820209,-0.005466820007563615,-0.010544236623584379,-0.0016309720568932322,-0.004781501743752733,-0.0020899508163943923,-0.002074439205752959,-0.000505044327252325,-0.0003742774209462797,-0.009410999896723893,-0.0036760156420729455,0.0,-0.015472388044330859,0.0,0.0,-0.005153119335923356,-0.1679018732910005,-0.004060277442655201,0.0,-0.003032933607104153,-0.002886737640438283
Aluminium ores and concentrates,IE,0.0,0.0,0.0,0.0,0.0,0.0,0.0,0.0,0.0,0.0,0.0,0.0,0.0,0.0,0.0,0.0,0.0,0.0,0.0,0.0,0.0,0.0,0.0,0.0,0.0,0.0,0.0,0.0,0.0,0.0,0.0,0.0,0.0,0.0,0.0,0.0,0.0,0.0,0.0,0.0,0.0,0.0,0.0,0.0,0.0,0.0,0.0,0.0,0.0,0.0
Aluminium ores and concentrates,IN,2242.58684091,-0.00011890436044163293,-0.00022873557257171287,-0.00012399865740342204,-0.00013937681712166208,-0.00010450328514282218,-0.00016784331430777787,-0.00018394282710915377,-0.0002786731088150624,-0.0001664067611600165,-0.0001897377805020382,-0.0001865399749241476,-0.0001471229967280364,-0.00012795644063859848,0.0,-0.00035720418208884776,-0.00014912018791203276,-0.00014608238313253694,-0.00032829929086475876,0.0,-0.0002455581948933314,-0.00016552367061625715,-0.00010164382434354189,-0.00010261643333630306,-0.00011189297027405523,-0.00011788020459482962,-0.00014537147320929598,-6.22466603094555e-05,-0.00025226353078623654,-7.314637788187501e-05,-0.0001527900090250536,-0.00024442227020570335,-0.00012424523049754159,-0.00023262768979443414,-0.00010925708295880146,-0.45872417623898487,-3.433365605462663e-05,-2.7088414771247054e-05,-0.0010543295523982611,-0.0001784030220272071,0.0,-0.0005434449193078406,0.0,0.0,-0.0006279081891771535,-0.0008888188312831886,-0.0005961533366848102,0.0,-0.00028033779394170944,-0.0003252569188688526
Aluminium ores and concentrates,IT,73.5791874402,-3.07233659241936e-05,-4.5956016200016506e-05,-3.45661984624062e-05,-8.889233191758979e-06,-2.55597606419541e-05,-5.229797514572883e-05,-1.789855366320322e-05,-1.9056027588510064e-05,-3.2696936103178805e-05,-1.592845537650406e-05,-4.777624531599848e-05,-8.03834895907588e-05,-3.487618400545715e-05,0.0,-0.00013878144694530201,-0.03776860327290049,-1.9127219245046778e-05,-0.0005121741725715828,0.0,-6.41789187914647e-05,-5.149605854668337e-05,-2.1132087335398957e-05,-2.6454539512135516e-05,-3.089367000683682e-05,-2.040239698626525e-05,-4.89113780797758e-05,-1.783555399637849e-05,-3.045326554517858e-05,-4.258507757647309e-06,-2.432406488251798e-06,-3.4878202775402453e-06,-7.305355456327762e-06,-4.218137471824694e-06,-4.977473077869343e-06,-4.312360816330064e-06,-1.7399083171908658e-06,-3.2178901117198704e-06,-6.2757477422592536e-06,-0.000126456484866428,0.0,-7.480468133963935e-06,0.0,0.0,-9.631789395205825e-06,-1.2998449454913015e-05,-1.0749461704143201e-05,0.0,-5.1318764060670316e-05,-5.324858173477724e-06
Aluminium ores and concentrates,JP,0.0,0.0,0.0,0.0,0.0,0.0,0.0,0.0,0.0,0.0,0.0,0.0,0.0,0.0,0.0,0.0,0.0,0.0,0.0,0.0,0.0,0.0,0.0,0.0,0.0,0.0,0.0,0.0,0.0,0.0,0.0,0.0,0.0,0.0,0.0,0.0,0.0,0.0,0.0,0.0,0.0,0.0,0.0,0.0,0.0,0.0,0.0,0.0,0.0,0.0
Aluminium ores and concentrates,KR,0.0,0.0,0.0,0.0,0.0,0.0,0.0,0.0,0.0,0.0,0.0,0.0,0.0,0.0,0.0,0.0,0.0,0.0,0.0,0.0,0.0,0.0,0.0,0.0,0.0,0.0,0.0,0.0,0.0,0.0,0.0,0.0,0.0,0.0,0.0,0.0,0.0,0.0,0.0,0.0,0.0,0.0,0.0,0.0,0.0,0.0,0.0,0.0,0.0,0.0
Aluminium ores and concentrates,LT,0.0,0.0,0.0,0.0,0.0,0.0,0.0,0.0,0.0,0.0,0.0,0.0,0.0,0.0,0.0,0.0,0.0,0.0,0.0,0.0,0.0,0.0,0.0,0.0,0.0,0.0,0.0,0.0,0.0,0.0,0.0,0.0,0.0,0.0,0.0,0.0,0.0,0.0,0.0,0.0,0.0,0.0,0.0,0.0,0.0,0.0,0.0,0.0,0.0,0.0
Aluminium ores and concentrates,LU,0.0,0.0,0.0,0.0,0.0,0.0,0.0,0.0,0.0,0.0,0.0,0.0,0.0,0.0,0.0,0.0,0.0,0.0,0.0,0.0,0.0,0.0,0.0,0.0,0.0,0.0,0.0,0.0,0.0,0.0,0.0,0.0,0.0,0.0,0.0,0.0,0.0,0.0,0.0,0.0,0.0,0.0,0.0,0.0,0.0,0.0,0.0,0.0,0.0,0.0
Aluminium ores and concentrates,LV,0.620618277566,-9.027798018992786e-09,-2.935573949330936e-08,-1.1964824594357252e-08,-1.2857996722372177e-09,-5.141495301729645e-09,-1.2828272567631213e-08,-7.235136348705337e-08,-1.355448986992662e-06,-5.807734538818154e-09,-1.3620987244737606e-08,-1.1903837351644416e-08,-1.0463568851613618e-07,-3.71743099201925e-08,0.0,-5.805890332112287e-08,-2.9755176103368854e-09,-1.2070265625282155e-06,-7.076248170142099e-08,0.0,-8.482482459134519e-08,-2.298738403272988e-08,-4.5945048049752036e-08,-5.489587095583351e-09,-8.242477243286903e-09,-1.524850473920901e-08,-9.492347754152342e-09,-9.756686903827774e-09,-9.63355142048375e-09,-6.57366367287251e-10,-7.987820179269157e-10,-9.669273607319745e-10,-4.400995972904974e-09,-1.121731845729257e-09,-9.760299644381243e-10,-9.701957377572795e-10,-1.5043206986021084e-09,-9.631253339522934e-10,-1.0303684439916364e-08,-2.269063229397959e-08,0.0,-2.240535356290235e-09,0.0,0.0,-3.0733357482225662e-09,-6.974235458135436e-09,-2.1283812024729996e-09,0.0,-6.329241580532189e-09,-1.5528874752793255e-09
Aluminium ores and concentrates,MT,0.0265288720645,-2.2000574772887573e-11,-4.835574597512315e-10,-1.199747044051146e-10,-2.3282389523090946e-11,-2.5214911156659805e-11,-4.3148254790996186e-11,-3.7159831960871726e-10,-1.929253244435732e-10,-4.619823632506988e-11,-2.1351763274864937e-11,-7.464980326502654e-11,-2.117943142373345e-09,-5.372593835192228e-10,0.0,-2.006730246456474e-09,-3.920125811075221e-11,-1.151790839943832e-10,-9.957012335855081e-10,0.0,-3.6509136925186947e-07,-2.620798948638709e-10,-5.0611462128195195e-11,-3.844494280093e-11,-5.6948151975141045e-11,-3.568186839555239e-11,-7.321995001806408e-11,-4.262995651631486e-11,-3.4723022776875044e-10,-1.1101806721194065e-11,-1.2774444629219625e-11,-1.4753844330799136e-11,-1.5011262888542512e-11,-1.4409125683188407e-11,-2.1246793191382165e-11,-5.1124338752493134e-12,-7.40978053492878e-12,-3.910812221850201e-12,-1.0283580197088439e-10,-2.2629000579200675e-10,0.0,-3.8343026184303636e-11,0.0,0.0,-4.2772153408425714e-11,-1.5359007623298436e-10,-5.1599093711466874e-11,0.0,-1.1488736533518916e-10,-7.601711353756452e-11
Aluminium ores and concentrates,MX,0.114142565282,-3.058314579821285e-07,-7.826838079098458e-07,-5.733822246122056e-07,-5.245522058495537e-08,-1.3579482750841193e-07,-5.08590538452219e-07,-2.5266050938595245e-07,-2.2635345300331425e-07,-7.907357557346313e-07,-1.9125633549616233e-07,-3.6301378600854136e-07,-3.242164228522971e-07,-1.3512239529236633e-07,0.0,-4.7470647612031083e-07,-4.882990243420351e-07,-1.1951733420673313e-07,-4.1287050104877055e-07,0.0,-1.5835417664955896e-07,-2.7621948987744584e-07,-1.8312659849637012e-07,-2.1782195217156675e-07,-1.2726563035543393e-07,-1.5150749904410441e-07,-3.320327449783877e-07,-1.0476827936325341e-07,-3.56057555345783e-07,-1.0937084173700678e-06,-3.362176115255121e-07,-2.3932212569454646e-07,-6.19405973456611e-07,-3.455434639442469e-07,-3.416547581890354e-07,-3.944707987527509e-08,-6.11270880364927e-05,-1.014668243577922e-08,-2.738213500959308e-07,-2.0916932712284898e-07,0.0,-1.261881145178501e-06,0.0,0.0,-3.558857753294224e-07,-5.054069031126869e-07,-2.583698725405964e-06,0.0,-6.598239988043158e-08,-3.3306529592633656e-08
Aluminium ores and concentrates,NL,0.0,0.0,0.0,0.0,0.0,0.0,0.0,0.0,0.0,0.0,0.0,0.0,0.0,0.0,0.0,0.0,0.0,0.0,0.0,0.0,0.0,0.0,0.0,0.0,0.0,0.0,0.0,0.0,0.0,0.0,0.0,0.0,0.0,0.0,0.0,0.0,0.0,0.0,0.0,0.0,0.0,0.0,0.0,0.0,0.0,0.0,0.0,0.0,0.0,0.0
Aluminium ores and concentrates,NO,0.497017636283,-2.0503600688225487e-08,-1.823303225975099e-07,-4.36029399821229e-08,-1.8703777335135086e-08,-5.461417613151395e-08,-4.1638770539253374e-08,-1.4389203357012643e-05,-1.9939405187871417e-07,-4.529391937501871e-08,-1.4811784604540713e-07,-4.4410101368146924e-08,-2.5734791401922147e-07,-2.7053926625490075e-08,0.0,-3.2554152696594326e-07,-5.464721268395047e-07,-1.8071424022899756e-07,-1.0188155816047714e-07,0.0,-6.32727472871128e-08,-1.9037533325618363e-07,-9.952336262619495e-08,-4.577318514725291e-08,-2.9057290462234472e-08,-7.536226683611863e-07,-3.7204449607225215e-08,-1.7993196865870653e-08,-6.107166783839307e-07,-3.331116108688965e-08,-3.3433295728454784e-08,-3.977548539177293e-08,-4.615278645377459e-08,-1.2003458205637916e-08,-2.2548673315976483e-08,-7.740881961008938e-09,-6.372534387723602e-09,-3.6593907229997097e-09,-2.4327034555986793e-08,-8.194484770504148e-08,0.0,-4.741637698243091e-08,0.0,0.0,-2.965164581773069e-08,-5.738689737246638e-07,-3.120022357353315e-08,0.0,-5.4232202886654757e-08,-8.675068595342388e-09
Aluminium ores and concentrates,PL,6.84794213703,-4.210467440838903e-05,-2.0600561200614902e-05,-9.038769575125457e-06,-1.3510975850145619e-06,-0.00012901681348583772,-6.195247124164229e-05,-1.671770979718858e-05,-3.169849255429948e-05,-1.1623923012566606e-05,-5.578546177395889e-05,-4.3128884361155004e-05,-1.3345355469976359e-05,-2.208503710145067e-05,0.0,-1.0453387392012925e-05,-1.535761495100864e-05,-8.654835073911429e-05,-2.2708892196933988e-05,0.0,-3.918678075375028e-06,-1.2839430041303954e-05,-0.0010496267035646598,-3.0355047222603747e-05,-1.7031362954024854e-05,-5.847554785809659e-05,-5.225834590892862e-06,-1.953661268739983e-05,-1.6313078522500444e-05,-6.328056078837893e-07,-4.560812029128902e-07,-1.2306894511568759e-06,-1.3459370976906307e-06,-6.558751867095877e-07,-1.4939563736738787e-06,-9.335824728037398e-07,-2.8514613019369926e-07,-2.9016256521633427e-07,-7.381189049139467e-07,-9.575658891327008e-06,0.0,-2.1820737253712813e-06,0.0,0.0,-1.0738998092614266e-06,-6.0473818853853095e-06,-3.267737441227865e-06,0.0,-6.084395461817834e-07,-3.2021994051601616e-07
Aluminium ores and concentrates,PT,0.00886102172329,-1.4389358067111881e-09,-4.510422255907724e-09,-3.176736164811354e-09,-1.0674118264698382e-09,-2.4478523569812335e-09,-2.9273896297961798e-09,-4.450805696857739e-09,-2.110509774186032e-09,-2.6234476886098853e-08,-1.2358567349444874e-09,-6.010172127079404e-09,-5.427420082639424e-09,-2.612080670130622e-09,0.0,-6.835704229585245e-09,-5.129676556210662e-09,-2.1267780580804145e-09,-6.3418668520213725e-09,0.0,-2.163540407810119e-09,-4.007035670367608e-09,-4.076543696281347e-09,-1.1475959561733858e-05,-2.264220983868583e-09,-1.6397816018420845e-09,-1.2902397065464165e-09,-7.75511327396635e-10,-3.84093233415749e-09,-4.783998027406666e-10,-4.782807429243636e-10,-3.6525371411385582e-09,-8.785531518707894e-10,-6.957297090577549e-10,-1.4407671529274949e-09,-6.415710669417001e-10,-3.05449822608315e-10,-1.1935921320631662e-10,-8.452368059489246e-10,-8.349148305378795e-09,0.0,-1.8082043493972248e-09,0.0,0.0,-2.051382107770458e-09,-1.9066771458343382e-08,-1.721391336472418e-09,0.0,-5.304862842886372e-09,-4.352360307986509e-09
Aluminium ores and concentrates,RO,0.0,0.0,0.0,0.0,0.0,0.0,0.0,0.0,0.0,0.0,0.0,0.0,0.0,0.0,0.0,0.0,0.0,0.0,0.0,0.0,0.0,0.0,0.0,0.0,0.0,0.0,0.0,0.0,0.0,0.0,0.0,0.0,0.0,0.0,0.0,0.0,0.0,0.0,0.0,0.0,0.0,0.0,0.0,0.0,0.0,0.0,0.0,0.0,0.0,0.0
Aluminium ores and concentrates,RU,78.5125085936,-2.594044443733151e-05,-3.788073538180857e-05,-8.233053432464645e-05,-0.0001790019038965113,-5.5659968536775246e-05,-3.42514051149598e-05,-4.252278263452105e-05,-0.00019342547898435218,-2.622984075810324e-05,-7.729853409421328e-05,-3.008343896860891e-05,-8.567359961798622e-05,-6.46729141824841e-05,0.0,-5.766762231908599e-05,-2.6297016297667828e-05,-0.0002340026689140541,-4.993734636095669e-05,0.0,-6.846444346744433e-05,-3.341403250593582e-05,-6.227463805023459e-05,-1.4706262615736023e-05,-3.7844734505044405e-05,-2.0008136492959143e-05,-4.282256079692837e-05,-0.00012334630684780084,-2.1645362002236127e-05,-4.280333776340927e-06,-8.964583054989793e-06,-8.65930194629299e-06,-1.0324959298051788e-05,-1.3275204874809877e-05,-8.560244842694082e-06,-3.7791217527030688e-06,-5.1813669316925185e-06,-3.8073357463461534e-07,-3.943367874796031e-05,-4.30812906911225e-05,0.0,-3.4397540871250703e-05,0.0,0.0,-1.8274635333562983e-05,-9.376868858865584e-05,-1.267685277557119e-05,0.0,-7.832632871863707e-06,-5.402607823270669e-06
Aluminium ores and concentrates,SE,0.0,0.0,0.0,0.0,0.0,0.0,0.0,0.0,0.0,0.0,0.0,0.0,0.0,0.0,0.0,0.0,0.0,0.0,0.0,0.0,0.0,0.0,0.0,0.0,0.0,0.0,0.0,0.0,0.0,0.0,0.0,0.0,0.0,0.0,0.0,0.0,0.0,0.0,0.0,0.0,0.0,0.0,0.0,0.0,0.0,0.0,0.0,0.0,0.0,0.0
Aluminium ores and concentrates,SI,0.0,0.0,0.0,0.0,0.0,0.0,0.0,0.0,0.0,0.0,0.0,0.0,0.0,0.0,0.0,0.0,0.0,0.0,0.0,0.0,0.0,0.0,0.0,0.0,0.0,0.0,0.0,0.0,0.0,0.0,0.0,0.0,0.0,0.0,0.0,0.0,0.0,0.0,0.0,0.0,0.0,0.0,0.0,0.0,0.0,0.0,0.0,0.0,0.0,0.0
Aluminium ores and concentrates,SK,4.95961127103,-1.1433668408135364e-05,-1.0780899057068826e-05,-1.6179048711011098e-05,-2.58201270335628e-07,-1.8505009197834365e-05,-6.82725069852241e-06,-1.520177719639157e-05,-3.8964260574013035e-06,-4.05970851308076e-06,-8.009115083446456e-06,-6.4529535498574725e-06,-9.758443818008945e-06,-1.1075412582917968e-05,0.0,-2.4327693228097344e-06,-2.5969672296334612e-05,-2.5048943724778865e-06,-2.20458224436874e-06,0.0,-2.4275274009824226e-06,-2.642382862999863e-06,-6.968146370904154e-06,-7.96878855323495e-06,-2.890241032935378e-06,-1.9477052842571874e-05,-1.8886054555903335e-05,-0.00041513098559846763,-1.446379900614318e-06,-2.7399726621949856e-07,-3.8540640717898965e-07,-2.01300957563545e-07,-2.986090990284856e-06,-3.767127213875834e-07,-4.031234146279856e-07,-1.0055046570215831e-07,-8.262389118157101e-07,-2.9745930517874155e-08,-3.686590352461644e-07,-1.536414437839633e-06,0.0,-1.365285216635973e-06,0.0,0.0,-3.7162886516773376e-07,-1.1014000955914664e-06,-7.25355486717584e-06,0.0,-3.121840362371645e-07,-9.065500881674791e-08
Aluminium ores and concentrates,TR,16.7608883352,-0.0002926910772760152,-0.0005008228932487933,-0.0013955535568613757,-0.000344937282209114,-0.0003547321639119534,-0.00033218547490175966,-0.0004806987253585139,-0.0005723652861543549,-0.0003916509698570211,-0.0001760509334742925,-0.0005154672182804052,-0.0007122887384320242,-0.0004249531661435274,0.0,-0.00040267198792156883,-0.00029265678527790485,-0.00033252439566944274,-0.0005595032701956246,0.0,-0.00048283079880883446,-0.00028951788235298347,-0.00034929767799084477,-0.0003060021802722127,-0.0004648126390712369,-0.00017576411954873603,-0.00021435962679766988,-0.00022660564812628,-0.0003801067716608621,-5.635886914132925e-05,-6.77478574076446e-05,-9.624888106274925e-05,-0.00013168496004256516,-0.0001390354648480062,-9.863808174660493e-05,-4.317604634627582e-05,-6.371983679191673e-05,-9.323145532905743e-06,-0.00024034497829752432,-0.00029423643450482765,0.0,-0.00019155913831383684,0.0,0.0,-0.0003210066381631755,-0.00036942146963726385,-0.0002571133665127597,0.0,-0.00017773549740506364,-0.00012391683458658467
Aluminium ores and concentrates,TW,26.0103873936,-3.305971593949771e-05,-2.6479935606885208e-05,-3.1039927851658175e-05,-5.037291497714049e-05,-3.221128284687256e-05,-4.952245430236031e-05,-3.164048043770786e-05,-3.582762412826371e-05,-2.9308341959962487e-05,-3.248907609669885e-05,-4.3783177668085374e-05,-2.8210905751020497e-05,-4.529855496957943e-05,0.0,-5.8639446766779996e-05,-2.4279857519645904e-05,-5.063827180051427e-05,-4.596770380746981e-05,0.0,-3.074145142267944e-05,-3.023734601000574e-05,-2.5157669793050474e-05,-2.0217949815250183e-05,-2.543938174355513e-05,-2.5602046593755438e-05,-3.3439727883403056e-05,-1.607024949005051e-05,-3.517019480177616e-05,-1.3188978313388159e-05,-6.902858069037475e-05,-9.765494263013764e-06,-1.9907172319497475e-05,-0.00010384608729057704,-3.9957155439209203e-05,-1.1765677334619317e-05,-6.336655613149888e-06,-1.54589343001821e-05,-0.0002843466597754399,-5.1654061893364136e-05,0.0,-1.7603788505163038,0.0,0.0,-0.00010695381436723014,-0.00013907699182272082,-7.983963818761706e-05,0.0,-1.6293857808367014e-05,-2.2558237021872547e-05
Aluminium ores and concentrates,US,184.282016273,-4.679674314058381e-05,-8.416573839298465e-05,-3.9385946242712376e-05,-2.481940141209691e-05,-0.00022887688955745668,-6.79033603035076e-05,-7.195207977504793e-05,-5.457828262655943e-05,-9.127110061646418e-05,-6.324997513586475e-05,-8.36888631726398e-05,-0.0001006046064341674,-4.8318138511448276e-05,0.0,-0.00020794896355214357,-8.195936059753534e-05,-4.9609153987768594e-05,-0.00010674127153514905,0.0,-4.829363725549754e-05,-9.566544308261445e-05,-4.656552414846859e-05,-7.904369611992274e-05,-3.546509330321934e-05,-4.78971462786633e-05,-6.28585111516051e-05,-1.8907982329104253e-05,-0.0001340412193239051,-0.00944129240407854,-5.118463070817416e-05,-6.026155057553569e-05,-0.0003750400511241198,-5.1546664805929387e-05,-0.00013705629969914369,-1.481396672988745e-05,-0.0001794147812980076,-1.9723894708472536e-05,-8.482576975926473e-05,-0.00019228726447911295,0.0,-0.000248458063201854,0.0,0.0,-0.00012388230212800403,-0.000283798366709842,-0.00027805029431009003,0.0,-4.0975521080467356e-05,-2.8646333398289926e-05
Aluminium ores and concentrates,WA,1599.52781152,-0.01044733110050833,-0.02805447331830728,-0.017303633604480347,-0.016981932335999324,-0.009257013276311869,-0.016318531318831875,-0.02903628568544757,-0.022670217908113743,-0.02352089621051362,-0.021757870685408992,-0.024116903542808724,-0.049792163178092326,-0.013736529893878895,0.0,-0.031382615153275416,-0.020724993584223025,-0.02633256883031482,-0.02886117537080138,0.0,-0.014058029367845459,-0.04240566707284336,-0.009123929037956698,-0.013247463659768546,-0.008724988698501693,-0.01927285455055409,-0.006275510167610148,-0.006728171111142944,-0.03644195622428367,-0.012884851576964075,-0.0499842068348538,-0.029456657356569393,-0.020587308029495068,-0.06977885130522768,-0.020165291285420668,-0.011514608185595824,-0.0038505681676380276,-0.02345076694919221,-0.13518967757152853,-0.045837935279337376,0.0,-0.08852606222609304,0.0,0.0,-0.059658326520584525,-0.07507648784702296,-0.054665634442531086,0.0,-0.005686385385942718,-0.011744922522885086
Aluminium ores and concentrates,WE,117.07475279,-0.019011606477131862,-0.011728035389971277,-0.05804490156342831,-0.0045501608624617515,-0.009706914496685003,-0.00981525906043004,-0.01085103270212024,-0.2068254517632602,-0.007822446979055325,-0.008570436744867191,-0.005425722382612569,-0.11533275297021546,-0.5949947850620741,0.0,-0.00685614976432676,-0.012967432904066382,-0.25158622378456996,-0.0068645500315741665,0.0,-0.0041632191438590515,-0.0057016175923592744,-0.043442126969105155,-0.009704968329902834,-0.03226416942207714,-0.005645005316084501,-0.0236187090718293,-0.019996460792679745,-0.004694133658182999,-0.0011209435393246126,-0.0013279882636670045,-0.006793718235855067,-0.0016609353121603248,-0.0018551605630927838,-0.004664270281550699,-0.000575857703743141,-0.00038740013817101335,-0.00019326129646510048,-0.004041368710481793,-0.0072949073668801875,0.0,-0.005269171578566769,0.0,0.0,-0.018207573226992686,-0.019766674794773842,-0.0030372587283545873,0.0,-0.0013714745456679942,-0.0012600329521968397
Aluminium ores and concentrates,WF,986.894287433,-0.008043679753341125,-0.06139927294608743,-0.040622847864469847,-0.030035363733096756,-0.008602584287988073,-0.010712238291107304,-0.012737200932262507,-0.02021482896636312,-0.05793485110632098,-0.01453423142345053,-0.06737404146748217,-0.22302809960184206,-0.017664088898433756,0.0,-0.019139260181389284,-0.03757242043058171,-0.059682221239994934,-0.026881280198269516,0.0,-0.016970738139908233,-0.01939422784252425,-0.008474050131601627,-0.07605453869171311,-0.013737306714552821,-0.007787644637785668,-0.006257163087842615,-0.0039309132299843105,-0.02626542108195555,-0.004688266194357737,-0.002660300417675053,-0.011632325536070659,-0.01608333800310528,-0.008501830142520869,-0.007368975307282145,-0.0027839487883439384,-0.0021487078493648082,-0.0003427704377604793,-0.008745344695567493,-0.014050924503224425,0.0,-0.01627505951558226,0.0,0.0,-0.11455664686997998,-0.025847340415350993,-0.014603329231914835,0.0,-0.3069484654781617,-0.008924136211036214
Aluminium ores and concentrates,WL,416.43589486,-0.0034439954167627767,-0.005229295850676283,-0.0031485365303256,-0.005998872945836865,-0.002659344489084186,-0.005628530837889231,-0.009720115619074422,-0.007189760567535998,-0.015261164789933725,-0.004437973409538264,-0.006212341634326262,-0.0037967031304070964,-0.0031664628349534615,0.0,-0.008347673999165724,-0.0050792736680222595,-0.004316060414535976,-0.008438361058378797,0.0,-0.005009924079783323,-0.009158635256273775,-0.0047437885901656955,-0.010821161036052263,-0.0025369473164732165,-0.0037260951206902885,-0.003387048111450821,-0.001865233590852581,-0.006178090329524584,-0.009954419826322215,-0.0029798606595740802,-0.006817920367681199,-0.006066049402726307,-0.009872996940837635,-0.18718793147657256,-0.0011153129629237102,-0.008051500004341353,-0.0003247693918476079,-0.005352340253984071,-0.005065669004330943,0.0,-0.009311873396352244,0.0,0.0,-0.005715157508611862,-0.012177006386878072,-1.0758604372750322,0.0,-0.002012504853281374,-0.0015442949981607414
Aluminium ores and concentrates,WM,1022.5175986,-0.00130158947585692,-0.002845685886140588,-0.0038980206893738604,-0.0041311740863746406,-0.0011607690483950229,-0.0013946230088730369,-0.0018474319226601866,-0.003226069787467074,-0.003100855237964699,-0.002180250037398977,-0.002096558002393271,-0.003980078287137058,-0.0013065329459188942,0.0,-0.002617151646693094,-0.0030705687686757486,-0.0020417053625060174,-0.0030562249843068792,0.0,-0.002238616655264675,-0.001717956829868236,-0.0009355028078631872,-0.0021795553211711276,-0.002656415722942375,-0.0009312600422902445,-0.0009260309876059407,-0.0006157767609005848,-0.0030583755307681823,-0.0005314387562749041,-0.0009690194470756288,-0.001009800063345325,-0.00103668424174968,-0.0014516332557777537,-0.0014074585114313047,-0.0005739625382223568,-0.0002292806165050114,-2.921902808040786e-05,-0.001633249086898854,-0.0019116535366744112,0.0,-0.002351016021816364,0.0,0.0,-0.0054386143150183,-0.0018793754496673337,-0.0017297763336568662,0.0,-0.00100902022188208,-0.005835682719793728
Aluminium ores and concentrates,ZA,0.0,0.0,0.0,0.0,0.0,0.0,0.0,0.0,0.0,0.0,0.0,0.0,0.0,0.0,0.0,0.0,0.0,0.0,0.0,0.0,0.0,0.0,0.0,0.0,0.0,0.0,0.0,0.0,0.0,0.0,0.0,0.0,0.0,0.0,0.0,0.0,0.0,0.0,0.0,0.0,0.0,0.0,0.0,0.0,0.0,0.0,0.0,0.0,0.0,0.0
Basic iron and steel and of ferro-alloys and first products thereof,AT,4200.61507379,-29.41559680330093,-0.922007312568792,-0.18519863466362396,-0.010192780715335253,-3.0869380838654963,-1.2405843549884505,-0.20147638103605134,-0.23624893307858835,-0.46175257374614265,-0.09865305781068555,-0.4740449137557424,-0.19332100523164847,-1.7608424251683508,0.0,-0.12783911315578936,-0.4692188004782104,-0.3059801445316017,-0.575172538080029,0.0,-0.046029249169441434,-0.24907434416706642,-0.5687997090751293,-0.10698219698102185,-0.3014903554674718,-1.4136567223208043,-1.9288431690088572,-1.2347578745966121,-0.12452790297842521,-0.011639670317397455,-0.010806547049078238,-0.016200603701155915,-0.01841043356517484,-0.014605169586470956,-0.034203785162025296,-0.003991773916948232,-0.005778242230909401,-0.002757631082876571,-0.026003594457236004,-0.21457608328596686,0.0,-0.0522922035315817,0.0,0.0,-0.04081805912581394,-0.13133471380253098,-0.3721300490929765,0.0,-0.012634907489785435,-0.00781735228884205
Basic iron and steel and of ferro-alloys and first products thereof,AU,13515.7327983,-0.022222156486871862,-0.032883885969301724,-0.01815996912813128,-0.01265616563855186,-0.016556705283342216,-0.03157266831087381,-0.04179834663547574,-0.03893883208808289,-0.029848675394234594,-0.025925562682972074,-0.037987462904686596,-0.025971734062442423,-0.013872209439650285,0.0,-0.09615700915546321,-0.02777073786530697,-0.02525133572911888,-0.054093840257235355,0.0,-0.029220122701851356,-0.029311209522570242,-0.025920585514620058,-0.028114998966373556,-0.010638953578793962,-0.040465900794287156,-0.02811512569937352,-0.007166810680680619,-0.055105355166360274,-0.01150684901813713,-0.032590119194591434,-0.026743367315207944,-0.014706573360018906,-0.045845177857080144,-0.012549156551540047,-0.005391103177745631,-0.007216067861949489,-0.0016182572468184935,-22.990795734771815,-0.027137539534022127,0.0,-0.3004128066906596,0.0,0.0,-0.07367421070722108,-0.13005988885267009,-0.03570254043588945,0.0,-0.00764565132235241,-0.007310586693615051
Basic iron and steel and of ferro-alloys and first products thereof,BE,8548.74860532,-0.18568610034873656,-45.97653937082705,-0.3519699843122847,-0.05682232916660288,-0.31669299171471205,-0.8665035702379866,-0.8493008259970676,-0.19593092603384843,-0.34781591077578106,-0.14977493112485468,-3.704785911139968,-0.45221439312664774,-0.1902150032532957,0.0,-0.9103285396873885,-0.34636671820150783,-0.14357344408249462,-0.4723079432464322,0.0,-0.16107948758457213,-0.6072741649898779,-0.4214539664570707,-0.25199560609806965,-0.10357656211120715,-0.33510769628331427,-0.6590072859938955,-0.12803514455777773,-0.5731367842278015,-0.0343288367820801,-0.05743674572012986,-0.044030600248824665,-0.09750581206224589,-0.13478095469805657,-0.16720580401497664,-0.019215511061439355,-0.049052247089329946,-0.0035984131444205297,-0.13402984453936603,-0.15441326473782016,0.0,-0.40646230857507476,0.0,0.0,-0.1747337941069416,-0.49354942704672694,-0.11937087976156444,0.0,-0.07636272107133453,-0.023003489953746785
Basic iron and steel and of ferro-alloys and first products thereof,BG,61.3541596005,-0.0014809905887127473,-0.0030593266365933234,-0.9610734392470822,-0.00017140413135975277,-0.0008245290688437854,-0.000925680211845482,-0.00214985405546583,-0.007494259641810703,-0.0006645243969395853,-0.002446042499313941,-0.0013574286348194914,-0.006940956518153284,-0.003561397227620526,0.0,-0.013667360821609563,-0.001580361869969555,-0.0020372370784601758,-0.012945755067775625,0.0,-0.011231205748678507,-0.0033584585246315924,-0.0014230428117138468,-0.0012780549224655836,-0.00579716956501479,-0.0012024581644859546,-0.0007283985222721868,-0.0009303808995053008,-0.0008921264328590861,-0.00035172636982909894,-8.942056828077558e-05,-0.00014989623048307208,-0.0027810019880264375,-0.00014592801873107697,-0.00017971358465729346,-0.00025537216310955735,-0.0007042952375294304,-3.473593422842523e-05,-0.004036011980405198,-0.008866826838331501,0.0,-0.00025408198602409264,0.0,0.0,-0.0009058179124345574,-0.0005219644018114583,-0.00017989123653422927,0.0,-0.0007200785451915622,-9.733457902715137e-05
Basic iron and steel and of ferro-alloys and first products thereof,BR,44378.3270276,-0.08168269469115345,-0.08914303785750875,-0.027982157131664877,-0.02247996895250225,-0.03642543347708959,-0.07310705627946966,-0.06702551112120118,-0.034800434654323587,-0.08701147783599422,-0.0349710977567551,-0.1015309232529567,-0.040127644145517824,-0.03185456904974796,0.0,-0.06814372427854398,-0.06179151020113653,-0.024522065855426982,-0.12437469875120627,0.0,-0.04396909438079088,-0.06959635724368954,-0.04302403949814612,-0.07883276569861213,-0.024413998591634792,-0.05062224774506525,-0.09026953542944949,-0.017436068344829837,-0.08790453714271694,-0.054953339117711934,-0.02481734813372551,-0.06987994355121904,-0.033484779330001116,-0.04729103753453689,-44.51616769126877,-0.012756059173089456,-0.036994207628271526,-0.0025615316262446227,-0.37993990823270596,-0.05529267375407806,0.0,-0.4882671990635155,0.0,0.0,-0.1639625729746868,-0.1299258051649932,-1.2039109378612813,0.0,-0.046402406963919625,-0.013895816269945155
Basic iron and steel and of ferro-alloys and first products thereof,CA,24113.7611741,-0.32421786861911506,-0.5112907384029514,-0.339478022172651,-0.03752111501851156,-0.3343542127844802,-0.5004254238342749,-0.3544226136352448,-0.2195792910280173,-0.45791429202225603,-0.17320295206757566,-0.6377303421463901,-0.22319228507927863,-0.1739950504232267,0.0,-0.28554216491422346,-0.29746051823296205,-0.11274234748761891,-0.40451689674454233,0.0,-0.07121792608076932,-0.17325203962267355,-0.18880802020613868,-0.5491288737544289,-0.23739928841374802,-0.39205876615900376,-0.7875020755441455,-0.06658700868114739,-0.9299333975728022,-1.3728868862967438,-0.1780416490750631,-0.09498600766184173,-43.277008357689084,-0.5922668608615711,-1.3060327773525298,-0.03203142890839258,-1.2275242503535422,-0.005014887165418762,-0.5234006558124407,-0.13464683088971988,0.0,-1.328077715480193,0.0,0.0,-0.49860634233444906,-0.32420019642781783,-0.803399788503263,0.0,-0.03403027237720498,-0.023620525867276053
Basic iron and steel and of ferro-alloys and first products thereof,CH,912.41951381,-0.022617326757055602,-0.02336622965395042,-0.007267409234162842,-0.001056995718898553,-0.01473162289958204,-0.05420818812427869,-0.013005957655748426,-0.006684272800874897,-0.008906377155204979,-0.005351681521068773,-0.05418829807400089,-0.006282637363125618,-0.016831287823131945,0.0,-0.018978461855407705,-0.023666401900831066,-0.007169949602569422,-0.033182760735564316,0.0,-0.004809185402777245,-0.011445052756467311,-0.014068100653478896,-0.007931891843957393,-0.005409401010410571,-0.00887669384875985,-0.05830839398666506,-0.008776459554818096,-0.009009376428349447,-0.0011864438273826083,-0.0013760164806015886,-0.0013269322671191804,-0.001333378909691463,-0.0013079008110353058,-0.0019113511492465638,-0.0004435686073924422,-0.0006335248679623188,-0.0007837348255856471,-0.008777236006748417,-6.320304837686739,0.0,-0.005441850186810322,0.0,0.0,-0.004097036732231302,-0.01804594830628104,-0.00256230419182517,0.0,-0.0015043987228003039,-0.001217179469092778
Basic iron and steel and of ferro-alloys and first products thereof,CN,1483520.9035,-3.764135423648998,-5.180747480411297,-4.208742484624015,-1.1033051674696448,-3.0775850669125275,-6.978689210435911,-4.607210095260469,-2.945614818101165,-3.8886031819088327,-4.074297985032542,-5.457501175622381,-2.151110433458299,-3.34065883687189,0.0,-4.782556790577602,-2.9265727849519956,-3.3319676481235843,-5.985846080081066,0.0,-1.8699650673436214,-2.846204732117263,-2.5930839435476813,-2.696991034107343,-2.4151104314281056,-3.7174112402645756,-4.3418473848774894,-1.5529593200306588,-5.112221467190897,-1.8607082541483682,-11.623466329727353,-62.832868197157396,-4.9223270247910795,-12.614589149750351,-17.324459729035613,-0.7873552653601784,-1.3576092651147529,-0.14616302134144915,-66.51019914186354,-4.058592021079006,0.0,-4.99341945827751,0.0,0.0,-24.91911873187505,-42.5326075343543,-84.03353052822524,0.0,-2.838268314155538,-3.0451478454083225
Basic iron and steel and of ferro-alloys and first products thereof,CY,42.3680189302,-1.4749549588050905e-05,-4.867823246511868e-05,-2.372765612029017e-05,-0.3772440869308359,-2.5042412481435796e-05,-2.4295732561792328e-05,-2.780370642246919e-05,-3.0371521981232334e-05,-2.8534701486581704e-05,-1.3711773549147703e-05,-3.9088182349643586e-05,-3.884643433262662e-05,-1.717243908563554e-05,0.0,-0.001334908402210933,-2.268552296409753e-05,-2.3288298288008e-05,-0.0013031548688715656,0.0,-0.0009265875207086432,-0.00010612438890902726,-1.6693161650136098e-05,-1.9804861794858415e-05,-1.5172320233118893e-05,-1.6995243283380016e-05,-2.4234783446138017e-05,-7.954570913612577e-06,-8.887540163087352e-05,-1.2341591075522936e-05,-1.3267445493483935e-05,-8.98955645293662e-06,-1.197191969988287e-05,-2.4062946397435613e-05,-2.1103079828209267e-05,-5.016342774253819e-06,-4.052769740756081e-06,-2.656542939618013e-06,-4.8821548347432937e-05,-2.6087822582246773e-05,0.0,-7.868602290276056e-05,0.0,0.0,-5.459052448855448e-05,-0.00011097137983780936,-2.0125655627865615e-05,0.0,-1.7129132526336047e-05,-6.982528196817391e-05
Basic iron and steel and of ferro-alloys and first products thereof,CZ,4404.32857606,-0.15210987257676165,-0.13679053608535174,-0.1216454675910936,-0.013946314080359559,-25.79209519870323,-0.3262120382257601,-0.15071926971329785,-0.0865188281389229,-0.06095362774028941,-0.043072664035688914,-0.2664265931717504,-0.06273992856648257,-0.22913100473700088,0.0,-0.10128793802853032,-0.11697830014301623,-0.061568862032081825,-0.16392959417505149,0.0,-0.03554364094367694,-0.06847095708467227,-1.0303082528539425,-0.04076852875688973,-0.11130304797250525,-0.11200652089663218,-0.7849277061544775,-0.6229657848787856,-0.0754557272845262,-0.004485229614958966,-0.006613618608540416,-0.007082848416478266,-0.012366666406945642,-0.015369708496905578,-0.014500250532960755,-0.002484578210318344,-0.003853847964404558,-0.001105901746579893,-0.014662415174379332,-0.05631334562334632,0.0,-0.03698674019669125,0.0,0.0,-0.02932747464619379,-0.0572873606662884,-0.025352268965293905,0.0,-0.007778253546623406,-0.0033582047943358784
Basic iron and steel and of ferro-alloys and first products thereof,DE,66859.9415061,-4.396962644134287,-7.2223568320409495,-2.2361504885606367,-0.1249094926046303,-7.219163973138413,-64.87015962226634,-5.0366000514493585,-1.4180662342601305,-2.326282569885188,-1.8549958162273394,-10.648183473013331,-1.09955949899283,-3.27648683745218,0.0,-1.8337991541467051,-3.4768058306872125,-1.3102798050404172,-4.576732877202311,0.0,-0.36306673871135964,-2.3661977125531877,-6.052335670948793,-1.1935112608482095,-1.1505357602748771,-2.988475365953927,-15.56666867375623,-1.8961991820398443,-2.2673648221615004,-0.13746105107060544,-0.18829688475047068,-0.21455084046718448,-0.255814524791777,-0.23423781415886435,-0.5151629362347605,-0.05176665578981696,-0.12453163856094936,-0.02798085348980291,-0.37587553345780944,-1.8820985266768178,0.0,-0.8930531252775095,0.0,0.0,-1.3556514184988104,-1.8952380048370392,-0.5179070504752428,0.0,-0.18668908205621554,-0.06922268799944112
Basic iron and steel and of ferro-alloys and first products thereof,DK,1733.93462927,-0.016904764276903943,-0.038151379259030636,-0.020583468312970747,-0.0014752278339686636,-0.034709320767907566,-0.07284130162140866,-24.0930648758402,-0.06393810401729955,-0.02746530043826157,-0.0530402127226526,-0.05518759957714934,-0.019431659953443172,-0.019478613526584008,0.0,-0.04916554785024192,-0.022836381773314506,-0.034692772328655315,-0.041378289671765246,0.0,-0.009496395524444902,-0.02588264680785289,-0.072878911951248,-0.012890608568793469,-0.009604527574174578,-0.14069927621530975,-0.08449142018758497,-0.012706857938751221,-0.03989372371309047,-0.0016551283639462653,-0.002002409037799904,-0.0035776106957838157,-0.0027437957981228493,-0.004208772788130371,-0.003939648546333118,-0.0007900094714927251,-0.0015729034191648086,-0.00023085445769013122,-0.006596093192272709,-0.01423452086892043,0.0,-0.011361844655864194,0.0,0.0,-0.006518592632885495,-0.015364693657858877,-0.006063357414198931,0.0,-0.002105037602697556,-0.0007983804743953468
Basic iron and steel and of ferro-alloys and first products thereof,EE,429.773184691,-0.0006759295856656796,-0.001089056708076337,-0.0004127678126837435,-5.110224812149386e-05,-0.00031446146386230765,-0.0006452018117316887,-0.005244588603857371,-7.285428863304687,-0.0004381661891713762,-0.002521125123115565,-0.0006101441538841705,-0.001042529880687425,-0.0009361034422430889,0.0,-0.0028035644286649995,-0.00035934888506644565,-0.0055115240119032165,-0.002905297563902964,0.0,-0.002452338277147495,-0.0010531520178259114,-0.0018660453749188553,-0.0003333330196942333,-0.0003802690636824878,-0.003131600031538602,-0.0007509542426947053,-0.001126469419708114,-0.0004200516595168773,-4.366643232188041e-05,-5.268854536098374e-05,-7.248023504227823e-05,-0.0005987928466678651,-5.510408468810584e-05,-0.00011975155246500511,-4.6090778915524034e-05,-0.00011903062642277173,-3.3950630678961216e-05,-0.0002083959193750481,-0.0013545907782424428,0.0,-0.00045313787150452495,0.0,0.0,-0.00016111994972760687,-0.002770871012508515,-0.00019763969464213775,0.0,-0.00015088794977936008,-6.21188679373071e-05
Basic iron and steel and of ferro-alloys and first products thereof,ES,27226.0297078,-0.1345865958139609,-0.32751068500276553,-0.17073017591310763,-0.02877351189703327,-0.19453213128860605,-0.4256886050997856,-0.2551773206780654,-0.1229340190522422,-29.79799720836181,-0.142534693834829,-1.3677443301373053,-0.3108593844279917,-0.14306134781552945,0.0,-0.30618037333762665,-0.32348073911684433,-0.12164507333276225,-0.3221690224379943,0.0,-0.06002397014908004,-0.1661758556089048,-0.1973349165422825,-2.2410673027145522,-0.11002779611575224,-0.19962343111857156,-0.3636765769053364,-0.07425746784891046,-0.4804616714297677,-0.01868420264007449,-0.01748945987536387,-0.03580875891318314,-0.05383153440700638,-0.03770996253675641,-0.07674529511787975,-0.009543262120903225,-0.012165160686955005,-0.0023186873739899417,-0.08243871751048355,-0.13382511724929172,0.0,-0.13380008264111373,0.0,0.0,-0.09317790920790292,-0.16162651441772666,-0.1359579666785508,0.0,-0.08024447983239423,-0.01675444408496409
Basic iron and steel and of ferro-alloys and first products thereof,FI,6209.46744502,-0.03926443135263501,-0.10559395779098953,-0.03176830741330876,-0.01174882595045471,-0.09356063859354916,-0.11803179924864701,-0.42926397553821766,-1.9254779284772217,-0.05650081352480993,-16.112162917481257,-0.09148105622079322,-0.03919595081190935,-0.03473153484307736,0.0,-0.06851865270003224,-0.038855070256943,-0.13380068361616126,-0.08421337034571845,0.0,-0.03884896240001134,-0.04228785048439783,-0.12350656965573348,-0.02484835288401588,-0.026417758720774294,-0.3042964280850503,-0.12704132353589798,-0.02203407805185062,-0.09303807331241208,-0.003950946597824266,-0.0043273404091232585,-0.0057354823950875366,-0.010259949275401402,-0.006598012171953802,-0.010240850059944443,-0.0022449818187904235,-0.0022235354923091834,-0.0025932015975063958,-0.010103678055854494,-0.031843140737059766,0.0,-0.02080109892197765,0.0,0.0,-0.012199206160573179,-0.030745553591181304,-0.016016730212874475,0.0,-0.005175901511906488,-0.001694608419275512
Basic iron and steel and of ferro-alloys and first products thereof,FR,28044.8026459,-0.29471117612375936,-1.523875919290318,-0.2671188910854986,-0.06218688835678555,-0.3235815895901195,-0.7751574495709471,-0.4912995478158077,-0.1849419742439962,-0.9853698097995005,-0.15901764493097015,-112.83715629616886,-0.3458669324825948,-0.2445591228394838,0.0,-0.6930581666380613,-0.5280462619924189,-0.197139853747314,-1.7836732034197362,0.0,-0.1888878681266066,-0.4244826356705576,-0.4081507092366174,-0.6820600513058931,-0.2617767486206549,-0.28313215948803067,-0.8230225842214947,-0.20106838214749004,-0.6361192862041996,-0.04559299809882933,-0.03780906171273141,-0.0540476386638179,-0.2053694753319011,-0.04035322377367359,-0.1507359790577118,-0.01331906627222498,-0.05183126499300854,-0.0068894864478602534,-0.26031792810128485,-0.4169857615096469,0.0,-0.16748443951860195,0.0,0.0,-0.18500744774154324,-0.29808644093283476,-0.1036168779852521,0.0,-0.15887414046492981,-0.02268241540468741
Basic iron and steel and of ferro-alloys and first products thereof,GB,10459.9634056,-0.9197635389799584,-0.7835970037294261,-0.19498183701994287,-0.04016308910029556,-0.4542398567089724,-0.5599555634729962,-0.6057562812472236,-0.18584253241215265,-1.1189956061856012,-0.5002796718072757,-1.221676532386368,-0.1603776203436454,-0.14983171799171133,0.0,-3.2949300429246047,-0.3284262134399096,-0.13448524806754197,-0.7952868183233052,0.0,-0.053999404781513174,-1.6421756344613267,-0.40495614064119934,-1.1012058368194664,-0.11043873529834244,-2.2872489540477234,-0.43639231609685014,-0.1171178057104747,-63.005893544354,-0.044264887006407475,-0.052964145814565725,-0.03424211856327099,-0.09852540975543331,-0.0758722610125619,-0.1957172073913304,-0.011033835713205539,-0.06076620742279826,-0.004625994392694856,-0.13806975374095687,-0.13813451682154096,0.0,-0.2904196623715681,0.0,0.0,-0.7802349832300167,-0.13281146935024302,-0.20122277885092496,0.0,-0.025661718199088992,-0.012598503577816205
Basic iron and steel and of ferro-alloys and first products thereof,GR,2903.38451829,-0.05960767129598191,-0.079688583020363,-1.7022841676783547,-0.10126926502404049,-0.04586577145687152,-0.11493648788107896,-0.04440111097940916,-0.09857039790709628,-0.07721140363557265,-0.05830943592985727,-0.34597278954352373,-15.65226233492681,-0.075938779300453,0.0,-0.06994468950856185,-0.07965272146719238,-0.04184719067178332,-0.10099003934609968,0.0,-0.05026417504315777,-0.046739803462878066,-0.061785426956928506,-0.06943918473219182,-0.359439656948843,-0.05170590572797353,-0.11519721932823924,-0.029483858848921757,-0.07514501991960874,-0.007197854721960969,-0.006599328792210994,-0.012878382374302133,-0.013188092425153598,-0.017378738529248414,-0.010398968683623637,-0.004621199235290647,-0.00451122667936337,-0.0027921217472914686,-0.02690150258893288,-0.06077294442282617,0.0,-0.06820056849875496,0.0,0.0,-0.021132948224424665,-0.05960922699273886,-0.017283012621075382,0.0,-0.01637005441034133,-0.012239728064938534
Basic iron and steel and of ferro-alloys and first products thereof,HR,518.197009254,-0.004784925840945061,-0.005838783634197318,-0.004057438223231615,-0.00016255651806858638,-0.002778949170228658,-0.002879817284780339,-0.026912616612758074,-0.0029729564244150857,-0.005060348593372371,-0.0016616751476889366,-0.0022463755021360143,-0.01213311009667666,-0.02645399557516201,0.0,-0.017820908807809455,-0.011299814851326655,-0.002378009855580159,-0.010301329347690642,0.0,-0.007883725590215346,-0.008341787278131726,-0.005164947541782994,-0.0022794260949386036,-0.0031685208533824075,-0.001917850859217908,-0.09100489777991695,-0.003391534608369131,-0.0017644852361495514,-0.00013447711513767284,-0.00012199613884227687,-0.00022261747684725394,-0.0005542942664913896,-0.0001569940601504033,-0.0002486873767872653,-0.00014016132285608093,-8.780027907353551e-05,-0.00010384123368089711,-0.0006125501571194016,-0.0036267819705331486,0.0,-0.0009182131095974654,0.0,0.0,-0.0020751192844590846,-0.0023703508804787743,-0.0009686283910045916,0.0,-0.0007400943324330608,-0.000294137864056788
Basic iron and steel and of ferro-alloys and first products thereof,HU,2588.01504897,-0.12601882516102952,-0.11585382782890843,-0.07943639437700824,-0.025505230675315606,-0.47920541890640533,-0.1426473149688472,-0.5087269755835687,-0.05491855488937262,-0.054679176277220895,-0.03792142963500163,-0.10800827863396237,-0.2436499688362473,-4.892491067593658,0.0,-0.2066383356652404,-0.13503310201518307,-0.06437958126048966,-0.10247791649620722,0.0,-0.07352584167647323,-0.10332542883404595,-0.2816594591026759,-0.03811187515063434,-0.13536348322502595,-0.0668129038177464,-0.5998322801075183,-0.26724713718034027,-0.041581630076103555,-0.004603905299396312,-0.013129160597009372,-0.005780230266378586,-0.048806522113885364,-0.008717578804952142,-0.009809309127804986,-0.0022048078106574076,-0.011138028315618352,-0.001520386379756502,-0.010254709572470294,-0.042157320561867516,0.0,-0.01864678863708261,0.0,0.0,-0.03085446677790962,-0.04319896373112859,-0.01915837509996015,0.0,-0.021396935386775652,-0.007792525374989872
Basic iron and steel and of ferro-alloys and first products thereof,ID,10010.8315714,-0.05450457870178402,-0.15498257542172064,-0.0730598583268345,-0.08103786426392276,-0.059155445908107444,-0.0859391198279349,-0.11973557790033432,-0.1274777607896201,-0.16017251168361257,-0.07126924481189804,-0.13441928476835188,-0.14916935222403774,-0.07842446627258218,0.0,-0.18327294704465608,-0.07780273695795488,-0.17430722512355792,-0.17504149594504254,0.0,-0.21890316736500248,-0.12664569692195138,-0.06925513847122347,-0.05449673735379535,-0.048874283811826284,-0.08160366159371209,-0.11437391834832476,-0.03327796320336397,-0.25484608884877374,-0.03888131500729128,-0.23389471498716513,-0.1187113738255184,-0.062334319981264576,-0.32215140213100807,-0.09313250907091897,-0.03335065554593179,-0.030000928632096347,-0.005786018777881161,-0.9341338572521508,-0.09680092949857697,0.0,-1.4993502075943799,0.0,0.0,-0.44409881813742147,-1.6328681357803903,-0.1905379162955859,0.0,-0.0960049084185586,-0.09901197039540273
Basic iron and steel and of ferro-alloys and first products thereof,IE,409.319220675,-0.0015421711937060132,-0.01899832218315514,-0.0012836673285180674,-0.0027936838178268574,-0.0018665410814831863,-0.0036602534488873206,-0.0050208947684777395,-0.001739419455962183,-0.003934318520628285,-0.0013917574088171878,-0.0040105859349689734,-0.0023223176697289155,-0.0015454405449358386,0.0,-20.84453396971955,-0.002552954738780807,-0.002243466932909461,-1.3922134799271713,0.0,-0.0024442117224506613,-0.008535973365124301,-0.002648327574839631,-0.0048501615176552906,-0.0007689000332152627,-0.0020791735129667235,-0.0013872594265663795,-0.0009384631536815686,-0.12872917538482398,-0.0009582613803754091,-0.0009521749810524201,-0.0005344410437802562,-0.001350409180759526,-0.000746708221984918,-0.000577770305270997,-0.000123284495520016,-0.00026210578612987306,-0.00010424045377874255,-0.0005898653248119062,-0.002111081618304143,0.0,-0.0010068600661516818,0.0,0.0,-0.0015697692600242347,-0.0023605274240976926,-0.001040530689843987,0.0,-0.00046988950357437233,-0.000287478900186375
Basic iron and steel and of ferro-alloys and first products thereof,IN,109916.482339,-0.4653012119714755,-1.238295644764405,-0.6253634875206148,-0.21773334262312355,-0.1795352398623862,-0.6219576933750303,-0.797890148910953,-0.6675089660753639,-0.5189101707803855,-0.3563078955834191,-0.6560599696299488,-0.42774221155578246,-0.25058454336514613,0.0,-0.5414482452930082,-0.9911457488970521,-0.4367274503481587,-0.5625085144085781,0.0,-0.34122926244474544,-0.903786433107459,-0.2881597852749583,-0.2628869868830271,-0.219689085382413,-0.28058352546799326,-0.5183351483545009,-0.16248029640301437,-0.9328676638181497,-0.40085637636541993,-0.9385074874926409,-0.6230526973452304,-0.5509832101057318,-0.9522163866877178,-0.6529897195509108,-7.990822132181798,-0.19838410354047883,-0.015373246969594082,-18.86699260933477,-1.7430354242325254,0.0,-2.685886799119289,0.0,0.0,-12.580157578911454,-2.34995938569993,-6.178221437066134,0.0,-0.8481456361647136,-0.5352251789690748
Basic iron and steel and of ferro-alloys and first products thereof,IT,38630.0756138,-0.9105873600185094,-1.1561099877026515,-1.189501580788049,-0.04620310561814405,-1.1566881844090637,-1.8126235033918294,-0.5223969573235577,-0.34937972501316916,-1.1235058722409306,-0.35849361475155883,-3.6381467797830975,-1.3958153649114096,-1.4728505952713737,0.0,-0.4182665717590639,-18.33130096305474,-0.2459096984878037,-0.8790506822168508,0.0,-0.1660832494592927,-0.5056660512371846,-1.0883904755848428,-0.33059204876940296,-0.5460327459643455,-0.732514692851205,-8.85998185914338,-0.5834179585760586,-0.784288695155518,-0.05122636218400078,-0.0628573965551959,-0.06365208435506788,-0.07976228360010279,-0.218714438280884,-0.2222749849711915,-0.029834875634464315,-0.03374903861327787,-0.006123835198712796,-0.23398626539444742,-2.077029495881325,0.0,-0.5972068922363157,0.0,0.0,-0.47411664493167216,-0.2589592184252499,-0.3241655493782573,0.0,-0.11639699948673331,-0.036240381327835164
Basic iron and steel and of ferro-alloys and first products thereof,JP,212405.12581,-0.10600466810561539,-0.15334743625023725,-0.0631962974870143,-0.0525669558732879,-0.21386680154910692,-0.12271427845933536,-0.21300709714666605,-0.28982824516661787,-0.11199779565996515,-0.16592461596432234,-0.16415928280046987,-0.09971953716390536,-0.0667328422300122,0.0,-0.35461195386396166,-0.10506274597951273,-0.10096381501159571,-0.18352326777518102,0.0,-0.0942074676930305,-0.11100467767963428,-0.08011030339434426,-0.05110597451217535,-0.042414455334785314,-0.19121439556273256,-0.0878334933918893,-0.044627140751614086,-0.20828321516734474,-0.1046507407492566,-24.574914451420423,-0.1260191604861377,-0.2352845537530872,-1.478266432445464,-0.29056673725312177,-0.01708992699505552,-0.05460745591870336,-0.0073994556139056105,-5.487913386475278,-0.11482455941432841,0.0,-10.257810560141074,0.0,0.0,-1.6046878682835546,-0.7161849170560826,-0.47973704647708615,0.0,-0.025894119511481704,-0.060887437848393025
Basic iron and steel and of ferro-alloys and first products thereof,KR,179575.348985,-0.1278677341054267,-0.2100951471980081,-0.09936522044465454,-0.053056258272604996,-0.09990976165963734,-0.20473794696019823,-0.21408854337406846,-0.12848071757407362,-0.18459751131921745,-0.14354358767730538,-0.5359735976230218,-0.11435339309307117,-0.1337218460836704,0.0,-0.1907822528390062,-0.13226725824171942,-0.13263231023834704,-0.22166259171360092,0.0,-0.11953363302277692,-0.11710988196574888,-0.09302341121002247,-0.08683670926422223,-0.0645366906896428,-0.2887795216061224,-0.5263076607238323,-0.04087244004059967,-0.3544433075617449,-0.11462911880655789,-1.062594614413303,-0.2908508762789168,-0.20036036915020988,-70.8526469138813,-0.41279920245670854,-0.03351583650924995,-0.1486160956596821,-0.0074931974226160455,-2.05515136270708,-0.11375148755174153,0.0,-4.253441690392813,0.0,0.0,-0.49534738945200435,-0.7382534565169924,-0.7457509756438782,0.0,-0.043649582579586114,-0.0975132119933264
Basic iron and steel and of ferro-alloys and first products thereof,LT,45.0551342084,-0.00020946688979944173,-0.0005266708316436754,-0.00022813696931054872,-2.0214708156464434e-05,-0.001311147303458307,-0.0010556971731221173,-0.0012793868964625303,-0.006338011827751669,-0.0001601033286501907,-0.0005268936487484246,-0.00024439479085242163,-0.000840647608001743,-0.00041189942942807813,0.0,-0.0026227471125938795,-0.0001910311012458734,-12.115342778699542,-0.0028172135589910265,0.0,-0.001698001752863578,-0.0006297367777147047,-0.0014524581978435113,-0.00023431848479322503,-0.00020097108450872682,-0.00047048617849455306,-0.0006993209150036232,-0.0007674165940428706,-0.0001846492567296682,-2.1516267565359875e-05,-1.479180527542943e-05,-3.393572799177064e-05,-0.0002198814591550609,-1.985759805434899e-05,-2.6166451099234918e-05,-1.2660671837761289e-05,-1.3843572918468407e-05,-7.4257271961905586e-06,-8.874318577653835e-05,-0.0013837386652688385,0.0,-9.218273117816479e-05,0.0,0.0,-6.221288764160093e-05,-0.0002882255049269349,-4.832244311607021e-05,0.0,-9.384665601276246e-05,-1.829142912844467e-05
Basic iron and steel and of ferro-alloys and first products thereof,LU,3302.87462406,-0.11077410538540007,-0.12345091318944888,-0.23733585521433753,-0.00665834908438587,-0.14446384401707635,-0.4576140003633863,-0.2732581688501913,-0.1620568212225208,-0.1786012472268056,-0.1737279862348858,-1.1534512852037748,-0.13284129908424563,-0.08770259581628723,0.0,-0.31778819545871406,-0.1353408129603492,-0.07330054957988931,-33.98388489218059,0.0,-0.11630090386893877,-0.43990657259325006,-0.16956601668741478,-0.140651723932334,-0.04981669754363934,-0.17160404894939835,-0.326696774370194,-0.08355310336040761,-0.1919824363066388,-0.018555504999164522,-0.013772591634731417,-0.012654865924933537,-0.0403484148459606,-0.01666757852246047,-0.05153140255833189,-0.009544729110387151,-0.015528965316739777,-0.004092540988108832,-0.055717735796356686,-0.40377510228326957,0.0,-0.0631145699459658,0.0,0.0,-0.060963882140177124,-0.4706884714921393,-0.044409282202921535,0.0,-0.03707345716288081,-0.01850884856906818
Basic iron and steel and of ferro-alloys and first products thereof,LV,579.078911833,-0.0012613073797282453,-0.004268349915025836,-0.001388840592743345,-0.00015863448544398208,-0.0005715492743951864,-0.001315929267716086,-0.0065768395207748374,-0.12568341430952124,-0.0006343751108441801,-0.0015532288116208773,-0.0014769141634437969,-0.0034238307739219297,-0.002761057741729551,0.0,-0.01046592402113885,-0.00038918325240769666,-0.058083997141186006,-0.011214828405437744,0.0,-0.013427556638395437,-0.003516056336603786,-0.0056431290947712405,-0.0007776967312738153,-0.0010007393545031517,-0.0018799656269361642,-0.0009076819498944713,-0.0014379522103576206,-0.0012928299274556393,-0.00010817236172608216,-0.00014877925114009554,-0.00018150066094528507,-0.0007016580480766253,-0.00016839905631855454,-0.00013792893977133088,-0.00015234061940516482,-0.00018784025955106875,-0.00011378285683045327,-0.0013913588353010923,-0.0039029275107140583,0.0,-0.000312076985938085,0.0,0.0,-0.00037829104119946593,-0.0011934751250051606,-0.00030688332520938734,0.0,-0.0010070479616700282,-0.00020861825184470122
Basic iron and steel and of ferro-alloys and first products thereof,MT,2.73494946959,-6.2483813935014544e-06,-0.00013866929352046977,-3.397257304718015e-05,-3.957653838955683e-06,-7.233033638613791e-06,-1.0820722208731856e-05,-0.0007522740487950235,-0.00010015673926632426,-9.120145579200413e-06,-5.513880659400025e-06,-2.164554870453371e-05,-0.0002047485494911323,-0.0003607025884642722,0.0,-0.00044635673361518544,-8.906682203537882e-06,-4.498036121122689e-05,-0.0005878281052380441,0.0,-0.03905673056413868,-0.0001677880501805931,-1.9414875610494048e-05,-8.724927619054328e-06,-1.4182490549458832e-05,-1.5910038190969174e-05,-1.0078926304466325e-05,-1.2783919688103235e-05,-2.7882073252204726e-05,-2.0384892407506533e-06,-2.3816176535642673e-06,-2.376592346917015e-06,-2.555705580039735e-06,-3.2510231861184634e-06,-2.6391694023340108e-06,-1.226133056470186e-06,-1.8989146099265027e-06,-7.739210307336174e-07,-4.3778735866945774e-05,-0.00012160563348005651,0.0,-7.758067116926169e-06,0.0,0.0,-1.1702472524092448e-05,-2.0726813927978175e-05,-9.107499272043855e-06,0.0,-4.638257659167017e-05,-9.734932854115801e-06
Basic iron and steel and of ferro-alloys and first products thereof,MX,20667.9002643,-0.08185269352292081,-0.11421289435244306,-0.06510175783002403,-0.024552333826629524,-0.05646536971827808,-0.13916560854573756,-0.0869853439272052,-0.09356864288810748,-0.18667493652073405,-0.04678744885460661,-0.14574673237597158,-0.11207475675224716,-0.05345694656759637,0.0,-0.14989308333089701,-0.06581360717082091,-0.04704716434138249,-0.17775598381997781,0.0,-0.07082692500614352,-0.07499490451566451,-0.07397688203409959,-0.08291262074808085,-0.05134605022092011,-0.05806922299811002,-0.12844626419355987,-0.03784600158722351,-0.08247908423424045,-0.31300141621555555,-0.07134380447803731,-0.08838930516457155,-0.1628761624118995,-0.16039373541009325,-0.14281133840540136,-0.016383232470467045,-58.9116753977205,-0.0027338590811544724,-0.07189067568278656,-0.08315376717513047,0.0,-0.20070162721427404,0.0,0.0,-0.10358716069404462,-0.18492424751034284,-0.15048708879065684,0.0,-0.023182744767179325,-0.011956462721014634
Basic iron and steel and of ferro-alloys and first products thereof,NL,1078.67048169,-0.018375966212514395,-0.12633231811772183,-0.02064728229569866,-0.0023519941048757253,-0.021580618250923413,-0.0634430306570844,-0.0642029484465577,-0.04161210038318841,-0.024244742219676083,-0.07575384819894565,-0.06413281191895685,-0.03742939381943395,-0.024168656496210267,0.0,-0.0735876598198463,-0.017806677639906895,-0.016315231630091846,-0.11534387872814314,0.0,-0.03132812070962118,-4.155208322771734,-0.03222266532364177,-0.02241796421800674,-0.015484332403468769,-0.08750067790271948,-0.03927375554972367,-0.010127125152164997,-0.0661924623792012,-0.005486820198312786,-0.0026125320861060423,-0.006933211992390618,-0.036010841009665964,-0.0034073735661072583,-0.01073243360926628,-0.0022716307070811104,-0.002808417642814238,-0.0008641975903143363,-0.02253907999702513,-0.06256114097985183,0.0,-0.01822785109828614,0.0,0.0,-0.026916290442220988,-0.1040902435449458,-0.009329514382922446,0.0,-0.020147804867072915,-0.01060485686603387
Basic iron and steel and of ferro-alloys and first products thereof,NO,2058.7192817,-0.028694114133890905,-0.044301255280442785,-0.017292795937960504,-0.0019705838572831647,-0.12105409879955466,-0.07425255865449885,-5.872497813718617,-0.18327409600153877,-0.04415623484639957,-0.15518186804786738,-0.08847278328345931,-0.02123404413183071,-0.019179644379803785,0.0,-0.07235518205190164,-0.02578574898853412,-0.11762425575145145,-0.04963249066861865,0.0,-0.007285203752679447,-0.05139951916738406,-0.07337113192528127,-0.05547229745802726,-0.016820078409149456,-0.5092827532793771,-0.08469554355554244,-0.013976782486971125,-0.1955857275438247,-0.0036136440944891045,-0.014346172400441342,-0.0037317667378102496,-0.029918402855618694,-0.010507603145438396,-0.0272149964495031,-0.0010431143378138137,-0.0075532543268896565,-0.00043801371739060987,-0.02721652777846973,-0.01166035349460507,0.0,-0.03966553610602098,0.0,0.0,-0.01911092726282785,-0.018285369507355927,-0.012909962392710198,0.0,-0.0025577745798893584,-0.0009599146070625692
Basic iron and steel and of ferro-alloys and first products thereof,PL,16473.2654391,-0.14613175499723538,-0.21779499561207283,-0.20128338373905685,-0.01574653411247172,-0.6878611539102308,-0.43372357903416553,-0.39195570859593554,-0.19882108208538574,-0.12239623512206067,-0.09515835315352392,-0.3865875110518347,-0.12864591128842187,-0.25824293121692793,0.0,-0.1267043052815102,-0.16322295590026742,-0.22055248650162843,-0.20215487122061251,0.0,-0.030272428765613018,-0.10191738159293155,-21.21253032848198,-0.06140684629809624,-0.10131901755703533,-0.21548370689145824,-0.778684051190248,-0.2928952169735091,-0.09477148859451577,-0.005642259098116202,-0.009047792030569532,-0.010049598961508774,-0.012900793836388983,-0.02466614869039095,-0.030644424926082364,-0.003430885236413889,-0.011347281260606632,-0.0014650785989338397,-0.023650840915276788,-0.05820655681573244,0.0,-0.05731367002766256,0.0,0.0,-0.040813882562063024,-0.05270910133667259,-0.04417954105511206,0.0,-0.009421154642331071,-0.0037124014927605474
Basic iron and steel and of ferro-alloys and first products thereof,PT,1666.83061757,-0.014165846153549573,-0.058902406948289694,-0.022407642498641998,-0.003001147004995932,-0.02262297414884236,-0.04577557848896711,-0.07377245297018685,-0.021870073725700524,-0.3671220504791606,-0.01922010028599762,-0.14028518103929427,-0.15385293623081175,-0.012974358881877998,0.0,-0.36265627449841614,-0.08893182379692334,-0.009822948435530979,-0.0639156981489548,0.0,-0.011390840763060073,-0.020648721608931137,-0.02786119144671854,-20.76165474416819,-0.009513809406930106,-0.038004238568039854,-0.042611259362303006,-0.0066002615873979,-0.12211958828676743,-0.0016827336230544596,-0.0017140537659941118,-0.0021542089170677662,-0.003432390339441628,-0.008134819527491781,-0.043486233573642966,-0.0012440933546344051,-0.0017619688497927857,-0.00034504533944069754,-0.0062746833626206614,-0.01159768183547801,0.0,-0.01776041065119737,0.0,0.0,-0.022274947906079753,-0.009455329239075971,-0.017039238251060133,0.0,-0.004820215022815679,-0.0014463579572127
Basic iron and steel and of ferro-alloys and first products thereof,RO,4346.21160071,-0.04135693414854091,-0.0451463899728127,-0.9898123081920889,-0.005688272336090623,-0.07847837946885845,-0.049713541966862194,-0.031234691254774447,-0.038392273484558086,-0.030998018186434183,-0.0125952214420829,-0.05990745661574158,-0.14792561471680823,-0.17974695877920302,0.0,-0.028926551061249573,-0.034657296488355104,-0.029367097487117185,-0.0515486233429071,0.0,-0.0340139760297176,-0.02076476099769012,-0.18058118213053945,-0.020109412289906477,-5.89866676469765,-0.014268752747807315,-0.07200615372022501,-0.060431504769219976,-0.01987220080689239,-0.0019666661862277226,-0.002715647933156789,-0.006755685965548331,-0.004365354983390085,-0.005691199765277961,-0.004719309966681595,-0.00207910182547561,-0.002317848408157398,-0.00047250962840603963,-0.005498768819910819,-0.02784002218721798,0.0,-0.010945802615927154,0.0,0.0,-0.007344471425430833,-0.04151561775527308,-0.005928736421169785,0.0,-0.0038393017278531786,-0.0027793502453647484
Basic iron and steel and of ferro-alloys and first products thereof,RU,81804.9236408,-0.054762361700067506,-0.08143170048696347,-0.0987510409225051,-0.08014153771096803,-0.09360856004729011,-0.10034004702680065,-0.06137421196933709,-0.4376617968596975,-0.06681913109436557,-0.09408196207088863,-0.10859612600523953,-0.08442353879563701,-0.1665555740134859,0.0,-0.1950264519396621,-0.049284307713105845,-0.5080968742510431,-0.08539332145857836,0.0,-0.051832319130769466,-0.04316471095515004,-0.15697225378049592,-0.025162072987686048,-0.04641217194081305,-0.04903079908658598,-0.44367792990224403,-0.08407062966712651,-0.06383086040665521,-0.00938269164348358,-0.04321849948739373,-0.027405836777983996,-0.014456376005568834,-0.08464133279990288,-0.04119974261811527,-0.0067234911270623605,-0.01471981340861105,-0.0011025225299529542,-0.21596868949521777,-0.04296590857942264,0.0,-0.2766807142485909,0.0,0.0,-0.1220239767156634,-0.9473594400403844,-0.05319669767142103,0.0,-0.010394250381370117,-0.007909260958050687
Basic iron and steel and of ferro-alloys and first products thereof,SE,7130.11372836,-0.2172249702288554,-0.47449949235327443,-0.10491978289951569,-0.031683166755074814,-0.3459731224915452,-0.6264398803532423,-3.1728553220768814,-1.1508942155078283,-0.24365549956342916,-1.2281154869514648,-0.8085649008832365,-0.21300304505660725,-0.16328640190293112,0.0,-0.36949503159911046,-0.17225181694178046,-0.3606972760776181,-0.4480019698394594,0.0,-0.14015400573626008,-0.20949320496489682,-0.4563073629536849,-0.13323053458531167,-0.09690859533751506,-49.27339930982715,-0.5843117799439353,-0.10216978558051999,-1.076161716424321,-0.015132078862175768,-0.02311619991702463,-0.01530500843249245,-0.03993449951751194,-0.04029900087918942,-0.034151763351485794,-0.006383395577878748,-0.011351602698980251,-0.005256130251776446,-0.057394650753901905,-0.09896304411739852,0.0,-0.08696156016787705,0.0,0.0,-0.14725045542429666,-0.08812597868321725,-0.05288685109727472,0.0,-0.016740460253317106,-0.006479469226063292
Basic iron and steel and of ferro-alloys and first products thereof,SI,1120.21290342,-0.051427255209200905,-0.030337530429738704,-0.02978169779906066,-0.0010515897695183294,-0.03963395139794104,-0.050582388775104584,-0.03592414971877591,-0.01675894722995501,-0.01663970374216942,-0.010762647201771955,-0.05380368949831247,-0.5788717381104108,-12.432463263713078,0.0,-0.04371087049864137,-0.05848651041966466,-0.015127129643272862,-0.04412448069708848,0.0,-0.02747540607795413,-0.017448088326023396,-0.04855807864419247,-0.011153474821051288,-0.019525278454500913,-0.017063209541272904,-117.4386480281408,-0.033994534750683744,-0.01287460609059484,-0.002046572661815591,-0.0011539908282731637,-0.002142796194415182,-0.004578483426119346,-0.0016433189590244176,-0.002732287498590539,-0.0011479131907710673,-0.0014421777665057712,-0.0013217640661517163,-0.004892388391252758,-0.022016517538632135,0.0,-0.01237335096541565,0.0,0.0,-0.009708806616914006,-0.009473867476987937,-0.00526166440969445,0.0,-0.0033683331464696444,-0.0016558190933064782
Basic iron and steel and of ferro-alloys and first products thereof,SK,1139.56763628,-0.013687930191845474,-0.04670029071159858,-0.009565492095849242,-0.005910484791108164,-0.1422193049162962,-0.015558591210417855,-0.2957452139199939,-0.015692357684160833,-0.009464887105353998,-0.014792123572520457,-0.018164576459431786,-0.1323818334129413,-0.04259041036688457,0.0,-0.1367639896435467,-0.07876836248630252,-0.012164874592607119,-0.04787549507680566,0.0,-0.052926934620311956,-0.05798465725698159,-0.050655961801842994,-0.01794279746614663,-0.011946216568839683,-0.026538572919731232,-0.04974133231485179,-2.377584708037769,-0.012296427285395404,-0.0009531151791727818,-0.006001899294423086,-0.0012329305260367904,-0.002854077235459574,-0.002031256878002775,-0.002100327160315212,-0.0003498265311692983,-0.0004798640883524058,-0.0002372501713220159,-0.0031701077969655015,-0.011506762000178646,0.0,-0.006036096237547369,0.0,0.0,-0.017779553764128625,-0.00921919803367934,-0.009059230180764068,0.0,-0.011699387064840997,-0.0007273337687324162
Basic iron and steel and of ferro-alloys and first products thereof,TR,20999.2646868,-0.27759316919672733,-0.8685310098052383,-5.441299713187603,-0.10143056265703025,-0.2408037480595009,-0.5442542924052872,-1.761736807488142,-4.409387517904367,-0.7796326280080661,-0.19173350716241663,-1.5464049506885114,-0.3470460660914949,-0.37502079678182226,0.0,-0.2556463766198058,-0.33494078113676956,-0.5668120583548374,-0.7130987840708739,0.0,-0.06765814991048211,-0.2687136878047698,-0.34965711257232435,-0.18787020674653435,-0.4977998465184708,-0.4710292393470072,-0.9496959442559553,-0.10884329980890331,-2.217016539960542,-0.11339714341468168,-0.08487146136180744,-0.05440456408388576,-0.15335468426606164,-0.3402834601308472,-0.543024193608395,-0.030324684162530202,-0.07136826749780364,-0.0026893572504569463,-0.2149221248941405,-0.1351140712314547,0.0,-0.520114714819675,0.0,0.0,-0.48356717690823536,-0.25573083519237916,-0.20146211288061205,0.0,-0.04760664902350891,-0.03240587862646395
Basic iron and steel and of ferro-alloys and first products thereof,TW,71744.7571404,-0.010220837101851187,-0.014890206835546241,-0.013080085883788534,-0.009563922876367668,-0.0065913945462967175,-0.014510622506348764,-0.014246028343196817,-0.010967672877609821,-0.010864553033872933,-0.014487092522694976,-0.011568880527592067,-0.00866033382865112,-0.009371661722476981,0.0,-0.01867689473377224,-0.017274069768326076,-0.009150430582047068,-0.012272627507867485,0.0,-0.010698349758027574,-0.01117787973735349,-0.006872286364253401,-0.006690552725565573,-0.005675047819492145,-0.0072922183199850945,-0.009116880835959,-0.003560806811877885,-0.014619456287984651,-0.005527734265394129,-0.0314966338354363,-0.004081981283273704,-0.01444081969995866,-0.02681486368939676,-0.05379487081873677,-0.002356170791420356,-0.003264846172457947,-0.0010201254242880962,-0.29029662196722933,-0.03838855385097403,0.0,-23.651184736941318,0.0,0.0,-0.3994313737135639,-0.16969131611530924,-0.03038233715012125,0.0,-0.008509556075835438,-0.008520585184681873
Basic iron and steel and of ferro-alloys and first products thereof,US,130138.432411,-1.3201982720076597,-1.4378738769530723,-0.9928426986806919,-0.10994309003011235,-1.2091372408578487,-2.1273798344775106,-1.0512354347290034,-0.7482533731605798,-1.5324008921981283,-0.610692669726967,-3.0184544632590313,-2.1463641379899796,-1.0133482496279191,0.0,-1.336678769971782,-1.1096987678932542,-0.46727232331916996,-1.2407038659844636,0.0,-0.246037018947078,-0.7257333695143263,-0.7088679955726471,-1.4072233109398016,-0.7777150865223974,-1.8408543389810248,-5.3125838415891575,-0.32271579101095993,-2.944554357108719,-35.8484323542364,-1.3052091213400265,-0.3924034273580961,-8.809566969784367,-2.173957166891351,-6.457946384191191,-0.12275184887240555,-7.833632041308335,-0.03874259436032095,-1.927772651665242,-0.7569310302590607,0.0,-3.2852869308500856,0.0,0.0,-3.6075880089597665,-1.4017408324361944,-2.495338614804729,0.0,-0.14957437464253362,-0.1188493392814142
Basic iron and steel and of ferro-alloys and first products thereof,WA,94034.7640963,-0.47357462420004376,-1.1049900056765825,-0.7548549633932207,-0.17209699611435036,-0.5528006217174266,-0.81956418843854,-0.7912088201763239,-0.812846249430279,-1.4198198752538085,-0.48841519309066816,-1.3553644919145285,-0.43725181941214036,-0.43915878985550716,0.0,-0.9099855779147914,-0.676271590934777,-2.961458378856261,-0.9060997449122222,0.0,-0.21884568679719169,-0.5770098665923893,-0.5373765699472425,-0.3619213091478916,-0.2805411435855981,-0.8226573022344151,-1.2519519687627971,-0.17173836522984437,-3.0625880232807474,-0.40851077644640893,-3.3986854910628983,-0.8626139510477778,-0.5061994447268218,-4.641543308216829,-1.0628290744173876,-0.2150389660055569,-0.2758824236875553,-0.0331168974797639,-5.605478295471381,-0.7276494279853037,0.0,-15.780754068043871,0.0,0.0,-7.7463972655569435,-7.323842597789676,-2.4167730585450387,0.0,-0.1816437631070541,-0.2619286497031177
Basic iron and steel and of ferro-alloys and first products thereof,WE,11113.7732743,-0.16261996148224744,-0.1394348819459294,-0.5069351402887806,-0.039629717030440374,-0.4490355885515606,-0.14935925241206943,-0.20370054411489408,-0.3256534112187034,-0.10681769075251304,-0.08652473834126106,-0.1473826367212235,-0.8274097044505637,-3.467236192760587,0.0,-0.09208459683889825,-0.1668099263999751,-0.8840512985720981,-0.13428254858605101,0.0,-0.0459077181297602,-0.07105290290162167,-0.5719500731377429,-0.06942736290081505,-0.32997586150849845,-0.10280670920580239,-2.225460664150287,-0.20113805406181423,-0.08188381017307055,-0.012766783629572464,-0.013195646918848693,-0.020403365169609458,-0.019525615486931294,-0.0300174842733501,-0.03542353000232707,-0.005172194563282409,-0.007071316090803793,-0.004444368538733339,-0.08387001627966562,-0.06906003772668733,0.0,-0.1809033107409806,0.0,0.0,-0.17973931233773238,-0.09284580559147786,-0.03655732720142784,0.0,-0.011721268195064333,-0.0072792305282449385
Basic iron and steel and of ferro-alloys and first products thereof,WF,20416.4956618,-0.04558618042472674,-0.24271271550135337,-0.20893489003208388,-0.036437334135079956,-0.06272807138452642,-0.10245233912711986,-0.13961375358931383,-0.1585198912921732,-0.6047354217833205,-0.043895688042543055,-0.6424288885580421,-0.2893802054682669,-0.10114603287041862,0.0,-0.14009142011149017,-0.1685135408668762,-0.08523532560851808,-0.1728667225081945,0.0,-0.060119325971366926,-0.15056157807427514,-0.06410010023777381,-1.0736444580584599,-0.06461737394464001,-0.06975057447384717,-0.1753764170898749,-0.02594010976952012,-0.2691079246135394,-0.021236660334374713,-0.04591727585714949,-0.05253748376519279,-0.029318135618976924,-0.06423895223670838,-0.06740021289929475,-0.015271097893788336,-0.017379731507757123,-0.0013460080828846307,-0.25445801326946715,-0.05167806397911745,0.0,-0.884376508155412,0.0,0.0,-2.222002597948206,-0.09439156349374113,-0.09430999388802473,0.0,-1.3976930572839013,-0.027566774428717803
Basic iron and steel and of ferro-alloys and first products thereof,WL,21000.6177451,-0.06509920167673298,-0.16067845305826414,-0.11622460028918147,-0.06365281338490865,-0.06749620170345418,-0.1268251306575437,-0.1839443366711884,-0.13734053286579587,-0.31590825497138975,-0.0639646575662996,-0.22520039618757823,-0.0603894591811618,-0.05741836495555062,0.0,-0.2049466658005025,-0.0826214879865693,-0.05558729422703483,-0.19672018272557898,0.0,-0.07465231340571055,-0.08397280873783791,-0.060079955405908166,-0.15804588616404328,-0.04813588773412417,-0.08928670482421881,-0.11964235181869408,-0.03183884699353592,-0.13875715870510236,-0.10214725954436041,-0.08606865251014478,-0.07874149275557847,-0.08835631191662062,-0.17921551598599147,-1.8287364126398422,-0.015291813382035249,-0.5867465930444908,-0.0073068112796809736,-0.21249581771061363,-0.07517780648654991,0.0,-1.1396273533384584,0.0,0.0,-0.22020127119541397,-0.11711241938265997,-23.913940979026147,0.0,-0.019317440117633207,-0.013114464931302092
Basic iron and steel and of ferro-alloys and first products thereof,WM,46754.4837228,-0.34988619413763855,-0.9043188583264574,-0.8367976567621112,-0.17383099747680542,-0.8122600915339736,-0.48737834783843487,-0.4796722463540618,-0.8272796365969696,-0.8044201361735344,-0.21043132481865504,-1.230757029096121,-1.0002838572103527,-0.48612011583764936,0.0,-0.5500444806081942,-0.6374442408267466,-0.4029314120690474,-0.6527283561333307,0.0,-0.12574938774289615,-0.33371577002380437,-0.35504120675389267,-0.29447564269618043,-0.31495717034858123,-0.5054574428603197,-1.2648755131742684,-0.1421095525727807,-1.6022928614580432,-0.14393770466469996,-0.3013944161353481,-0.17031156557254917,-0.25868069269334076,-0.8515530824219947,-1.0507116679558783,-0.09541747729865656,-0.13446641787502392,-0.005301569666197379,-2.013059410496291,-0.37079359835792186,0.0,-3.386168097266794,0.0,0.0,-2.2282400863722716,-0.35147789244049565,-0.6966841170349264,0.0,-0.08422986695642375,-1.0587825844620686
Basic iron and steel and of ferro-alloys and first products thereof,ZA,11191.4456125,-0.006798954849322395,-0.0235185606943528,-0.020517140492429333,-0.001988872567799774,-0.00857724913748609,-0.016642728594892353,-0.015113226758061668,-0.008268432004239738,-0.01251262856392928,-0.01039715292992777,-0.023236978776236525,-0.01804525488349045,-0.00642919686211316,0.0,-0.02467495076506769,-0.14140913583899334,-0.007065734054474079,-0.02448438234649528,0.0,-0.01803519393842103,-0.009393907904133457,-0.01224812711883129,-0.011826644166002072,-0.013036459241120183,-0.014555267517760382,-0.011427852512892784,-0.0035768199711256957,-0.014508582964904988,-0.0018594665041967418,-0.0030949897427683766,-0.006423374351697706,-0.0030141550791458285,-0.0037003315696543674,-0.0060717469114297175,-0.002558374381509523,-0.0010923176802906363,-0.0005201396694433526,-0.06182008128658895,-0.0070432227746068,0.0,-0.05249874610500644,0.0,0.0,-40.841386528472626,-0.022367117022216335,-0.007491095554317409,0.0,-0.4136577243435641,-0.008054794399222152
Copper ores and concentrates,AT,0.908417974756,-6.132475727765267e-05,-1.2423190146902439e-07,-7.806552996017008e-08,-2.1825044055760235e-08,-3.194948961153464e-07,-2.7958714290499434e-07,-8.368301591812754e-08,-7.550585550064443e-08,-5.156842552366257e-08,-4.4388674303057916e-08,-7.15146755811642e-08,-1.5181120270082786e-07,-3.6336489533354835e-07,0.0,-1.23512558105272e-07,-1.0114933893200248e-07,-1.0382488502736724e-07,-5.939774436447365e-07,0.0,-1.4753451805871132e-07,-1.2599409583121996e-07,-1.2683005998381334e-07,-6.009444836961403e-08,-1.6014652028942464e-07,-4.92049289246881e-08,-2.3439217392543812e-07,-3.7826987698111507e-07,-6.195996265201247e-08,-8.38410074551538e-09,-5.978747270145868e-09,-8.41243662516103e-09,-1.8253902849671764e-08,-8.886799241570633e-09,-9.89433759044774e-09,-4.9968817039058306e-09,-6.527078676111113e-09,-1.2824119025431922e-08,-2.0213191920374226e-08,-1.7123030954625508e-07,0.0,-1.5384962488745362e-08,0.0,0.0,-1.8330377653728432e-08,-4.600824689458682e-08,-1.252759660451342e-08,0.0,-1.720882956075786e-08,-6.154307291818391e-09
Copper ores and concentrates,AU,14433.4037025,-0.00262648176680684,-0.0038151619480587882,-0.001827564648039119,-0.000945382249668276,-0.0017643661003488582,-0.003063756530988746,-0.004398346292307361,-0.003536752694698907,-0.0030130713006235837,-0.002760611901012718,-0.0034987325991646607,-0.004697473615263779,-0.0018298264779960068,0.0,-0.00886660752631753,-0.0025065236152997197,-0.002905971045829847,-0.006133491469712877,0.0,-0.005500621500244946,-0.004719510702260056,-0.002031732598919517,-0.0025695106396569907,-0.0014890395778839212,-0.0025971241496529464,-0.002520560210005289,-0.0009611270990172266,-0.005662792192361092,-0.0020887030249722802,-0.0031460299075931324,-0.0038245248263240545,-0.001549014712683459,-0.0032996613514054414,-0.0011783694621282088,-0.0007166964423749408,-0.0006097282689339404,-0.00038254634575875273,-8.298076549920966,-0.003218834248642657,0.0,-0.00831820958882219,0.0,0.0,-0.00620266863354763,-0.021281772045127007,-0.003576265072805966,0.0,-0.001129511301797433,-0.0011789057042035412
Copper ores and concentrates,BE,12.2515032394,-2.0312054932610037e-05,-0.004902159659361534,-2.1503459459686156e-05,-4.348869195982365e-06,-2.7797661952810388e-05,-4.076569537960962e-05,-2.688431502808185e-05,-2.636539902015695e-05,-1.9390761496985568e-05,-2.410112499683075e-05,-8.204782875258627e-05,-6.415417729000106e-05,-1.5997796506834324e-05,0.0,-7.929829141754594e-05,-1.4560717496786388e-05,-2.1812196474327032e-05,-4.682344607280462e-05,0.0,-1.6242315061080928e-05,-7.729793892991109e-05,-3.6926905391764055e-05,-3.8882851497488355e-05,-2.249782179083694e-05,-2.0398965190781618e-05,-1.3505017525572102e-05,-1.5884897207771605e-05,-2.690047590181427e-05,-9.870163575192725e-06,-5.587808688450164e-06,-1.765451985774256e-05,-7.85114952676999e-06,-4.8274517932241595e-06,-6.703619242218413e-06,-3.988885784243215e-06,-4.0297824909402e-06,-8.397521909522545e-07,-9.149498384816132e-06,-3.407498445874909e-05,0.0,-2.1849617302446573e-05,0.0,0.0,-2.085212716231048e-05,-0.0003361391208618103,-8.900995295385249e-06,0.0,-2.2385544684308694e-05,-1.1533558376016151e-05
Copper ores and concentrates,BG,837.6323159,-0.0002524614848216112,-0.00038962948812775377,-0.9326525053714703,-2.5865058282365717e-05,-0.00023953249300865198,-0.0002626426792906214,-0.00043537611402089864,-0.00046260892933776065,-0.00019220882736560715,-0.00012526576932492131,-0.00022487071540535985,-0.005609076472626337,-0.0005872379974185786,0.0,-0.000824621119145129,-0.0002715040033695699,-0.0004097142491395697,-0.0008372997039103621,0.0,-0.0010035874498299767,-0.0002810642191127042,-0.0003456512108203198,-0.0001719527411592594,-0.0019277572470965218,-0.00011595527086832439,-0.0003564142594120196,-0.00026483539356825974,-0.00023029515845940547,-2.6204959409980757e-05,-1.88706057629761e-05,-4.0843247895910954e-05,-9.287493595230204e-05,-2.545614126687227e-05,-3.400644193427127e-05,-3.782720992158246e-05,-4.0385318452402605e-05,-1.351580012111637e-05,-0.00019408290142410104,-0.00030572424930670896,0.0,-8.389285307480017e-05,0.0,0.0,-0.00010044393886138039,-0.0002374529390613536,-5.3618369911029576e-05,0.0,-0.00011999690449306186,-4.746232201069146e-05
Copper ores and concentrates,BR,1742.77781138,-0.0029105688282985986,-0.005134277074573473,-0.0016665223048199214,-0.0020368839404942213,-0.0019423760479721276,-0.003514083250337995,-0.004397312892558803,-0.0024278552058959275,-0.004810162527542304,-0.00228042191911474,-0.004303494525560373,-0.0028424234611925526,-0.001938361957899468,0.0,-0.005567785781126216,-0.003277679456631756,-0.0016146150153579382,-0.006922919734984151,0.0,-0.0037846285417569535,-0.007879881026084104,-0.0019481788775136811,-0.005051247439254166,-0.0015595502979793658,-0.0022350332726121737,-0.003117056897134831,-0.0010651830806027174,-0.003413789860938397,-0.0028786297063391475,-0.0015744617517259249,-0.004021154572330447,-0.0021637474238681105,-0.0027045498921321304,-1.4157266824163113,-0.0006865292022746917,-0.0017587351550656589,-0.00019325987819475453,-0.009643183619280526,-0.0032648563630229242,0.0,-0.0080130909506619,0.0,0.0,-0.0066851808204004505,-0.007722461938731653,-0.03791509343551484,0.0,-0.002887018150389696,-0.0011498434397511435
Copper ores and concentrates,CA,7257.07261786,-0.0014332895665399748,-0.0022858742805955397,-0.0011912653490520557,-0.0005025713072957564,-0.0011403936055920214,-0.0018099897076772863,-0.0020137334832603386,-0.0014351362158864075,-0.001974799178945932,-0.001019944385381116,-0.0021233979322134084,-0.003084378609150177,-0.0008989391027536932,0.0,-0.003320803900869328,-0.0015977891418471955,-0.0009263946191461815,-0.002829109875670041,0.0,-0.001253188277724992,-0.0018453395485449413,-0.0010111159202145447,-0.0017758573128265765,-0.0009550371893385131,-0.0013697669784624117,-0.0019434530379104991,-0.0005791927466791517,-0.0034781307172154804,-0.005403329840758027,-0.0009311051838850017,-0.0010801181886611446,-1.4537681016560093,-0.0015321228717861848,-0.0031985769871862198,-0.00030520131445069856,-0.003345027288977215,-0.00012202260018811215,-0.001820818381558076,-0.0016551052387402208,0.0,-0.004316551458072709,0.0,0.0,-0.0018482994866635411,-0.00431170259557198,-0.002823505428923787,0.0,-0.0004875536089557902,-0.000276268651351693
Copper ores and concentrates,CH,0.0,0.0,0.0,0.0,0.0,0.0,0.0,0.0,0.0,0.0,0.0,0.0,0.0,0.0,0.0,0.0,0.0,0.0,0.0,0.0,0.0,0.0,0.0,0.0,0.0,0.0,0.0,0.0,0.0,0.0,0.0,0.0,0.0,0.0,0.0,0.0,0.0,0.0,0.0,0.0,0.0,0.0,0.0,0.0,0.0,0.0,0.0,0.0,0.0,0.0
Copper ores and concentrates,CN,43919.9627638,-0.07625170157897615,-0.10069439009540468,-0.14212824633079202,-0.028731871752321527,-0.0689002407584827,-0.1262418605166814,-0.09652095051973503,-0.06393092756462693,-0.12946850911464322,-0.1183910168315548,-0.0961007940158468,-0.046925980880023914,-0.05610759826274417,0.0,-0.0920110344238066,-0.06083995613348486,-0.06945056982648416,-0.11534788355440823,0.0,-0.04497101572121711,-0.06417522961047208,-0.05338612020081695,-0.05878436126929051,-0.06512631976331412,-0.05705515949805585,-0.0631658554960697,-0.03262083950480419,-0.10547914931984954,-0.04440333954971266,-0.1911424040623344,-1.4463792926110446,-0.09582286467350279,-0.20783924814212523,-0.1567951635421691,-0.014032226161373448,-0.09170743891771681,-0.0048411457306860636,-0.5934624638132439,-0.07766668541256953,0.0,-0.08118509070870407,0.0,0.0,-0.2716701545067037,-0.6044138457799314,-13.16446575066609,0.0,-0.048615362474001715,-0.07682666385357997
Copper ores and concentrates,CY,0.734090307949,-1.0683078784297279e-08,-5.70938545517286e-08,-1.68742532256499e-08,-0.0011217359086587277,-1.324921727927076e-08,-2.2494431214849892e-08,-1.8794401625236862e-08,-2.3540366882414035e-08,-2.043232255688093e-08,-1.485069206166839e-08,-2.5715518642606603e-08,-3.073257526239942e-08,-1.3260638222438221e-08,0.0,-1.3816860311615538e-06,-1.7674928660164662e-08,-1.953703813979251e-08,-2.2171074272609864e-06,0.0,-1.3650096372672973e-06,-6.355336748981646e-08,-1.2269428344481784e-08,-1.8177337824972248e-08,-1.582886175162835e-08,-1.0801993383630456e-08,-7.107995910189293e-09,-5.769917867146467e-09,-5.285158713262305e-08,-7.866770164178578e-09,-9.494517662050916e-09,-9.564089957355724e-09,-9.639669830935264e-09,-1.2317901998106542e-08,-8.032172109710643e-09,-5.580104265094054e-09,-2.7169089570905657e-09,-2.5059274530190552e-09,-2.5272530320969913e-08,-3.833229118955186e-08,0.0,-2.2755854767262586e-08,0.0,0.0,-2.5202523431797605e-08,-1.0839453508372422e-07,-1.1894865037676684e-08,0.0,-3.439828285071239e-08,-1.3205094645708117e-07
Copper ores and concentrates,CZ,2.39175106534,-1.418005968122192e-06,-9.900592991829404e-07,-6.652169991934676e-07,-1.3459726591861796e-07,-0.0006885350819387128,-1.6060584427601212e-06,-7.653304110021003e-07,-9.781950693278916e-07,-4.422331486887483e-07,-3.34976225673562e-07,-7.264971553310804e-07,-6.222039186056903e-07,-1.2711951770296965e-06,0.0,-1.2026623091344e-06,-4.4168603112299494e-07,-8.037009948153784e-07,-1.8609545271202788e-06,0.0,-1.2487157623469108e-06,-8.196654223424783e-07,-2.3717137099245557e-06,-5.978816802174416e-07,-8.07220265921878e-07,-4.468740681630753e-07,-1.0082950987413401e-06,-5.222785476963231e-06,-4.942867341961528e-07,-5.867960991262451e-08,-6.466539591732431e-08,-1.0709492194266952e-07,-1.579023324815547e-07,-9.684731753856555e-08,-7.530486735512467e-08,-6.601835503152189e-08,-4.124317506811798e-08,-7.94941607275061e-08,-1.3749074539109255e-07,-6.848270430287122e-07,0.0,-2.3818743758788063e-07,0.0,0.0,-3.3255194781325874e-07,-9.373308040189382e-07,-1.1926497006956517e-07,0.0,-1.398307434506728e-07,-1.3246171084120615e-07
Copper ores and concentrates,DE,1.10565168318,-1.1251553622105044e-05,-2.7994397446660367e-05,-3.554516315067209e-05,-4.2272944979498424e-07,-1.2991980010451923e-05,-6.024394256062702e-05,-6.799535909579995e-06,-5.473266727360022e-06,-4.120762760011138e-06,-2.7406629502440195e-06,-1.1115511865334467e-05,-3.799602629117243e-06,-8.044952552005023e-06,0.0,-5.763756598220514e-06,-1.2178727813467427e-05,-4.014467714463367e-06,-1.1484777985168005e-05,0.0,-1.866680632733052e-06,-7.550222061465653e-06,-1.1984811290208092e-05,-4.415442962046391e-06,-7.223844152959451e-06,-3.918048505638424e-06,-1.6889777792497987e-05,-9.188818484742299e-06,-3.637969121317678e-06,-6.297084871440348e-07,-6.324555982931826e-07,-7.040842642918159e-07,-2.5880757949450646e-06,-7.113404555848304e-07,-8.15738340314297e-07,-1.8013060679190644e-07,-1.682742422852055e-06,-1.0393539143474203e-07,-6.694011685329679e-06,-8.357882512558716e-06,0.0,-2.1810713051821504e-06,0.0,0.0,-0.0001283790707709741,-4.3822863353361345e-06,-2.4675383386117992e-06,0.0,-4.3679075211305546e-07,-1.8488626270419622e-07
Copper ores and concentrates,DK,1.35293597845,-2.670299706878484e-07,-4.2417976695942334e-07,-7.036125040486494e-07,-1.329912796803365e-07,-6.803182118431479e-07,-7.842875853920655e-07,-0.0007340349354311555,-9.600831974066053e-07,-4.208027726619021e-07,-4.154061780838157e-07,-3.8266571667413907e-07,-1.3916594184076769e-06,-8.765207387760953e-07,0.0,-1.3466775219831107e-06,-2.5920316919271117e-07,-3.1086802838911533e-06,-5.472306226662042e-07,0.0,-2.798907140579647e-06,-7.796228630259801e-07,-8.067443910169784e-07,-2.230944405576319e-07,-1.8960682008422408e-07,-3.1263715647566685e-06,-1.7754528463963861e-07,-2.0010343014642775e-07,-4.54718783240684e-07,-1.0567124941484054e-07,-4.8852767348610395e-08,-1.7407149928788104e-07,-2.2032300634603596e-07,-5.59764520542315e-08,-1.2294967609463954e-07,-4.9232383517901785e-08,-1.2820734867084056e-07,-1.1426506250223365e-08,-6.089357519737623e-07,-6.290762296313809e-07,0.0,-1.1538608929894602e-07,0.0,0.0,-3.309571204071241e-07,-7.074418265765397e-07,-8.548467332220676e-08,0.0,-2.6849997539959644e-07,-1.2091060750897322e-07
Copper ores and concentrates,EE,0.0320509432062,-2.1305663015589513e-10,-4.959418009546944e-10,-1.838930092469582e-10,-2.307677159780766e-11,-2.783410833255601e-10,-3.274317668756217e-10,-2.0189115441339797e-09,-2.3230071694587743e-06,-2.1807636952620263e-10,-1.950353540331008e-09,-3.2562420401823657e-10,-5.593095608067612e-10,-3.5555883380452026e-10,0.0,-1.6976729397317464e-09,-1.4756639411926612e-10,-9.38543243293914e-09,-1.161701143496288e-09,0.0,-8.994566947837432e-10,-3.379796165865535e-10,-9.96969941779044e-10,-1.7363545306133072e-10,-1.6681925458370695e-10,-7.840724913592912e-10,-2.4090332102759714e-10,-3.5971744878040417e-10,-2.7685531196201007e-10,-1.8848013332053528e-11,-2.1522154337903888e-11,-3.2597411020239036e-11,-1.841401206906173e-10,-2.5128911545274193e-11,-2.8330930983817686e-11,-2.1040593255309838e-11,-5.290044953696485e-11,-2.0521930051888972e-11,-7.076191433665613e-11,-3.823959039229542e-10,0.0,-1.0350116657542274e-10,0.0,0.0,-9.953558520066157e-11,-8.270726131214696e-10,-5.68160396938455e-11,0.0,-7.49451481749254e-11,-3.0334673342057694e-11
Copper ores and concentrates,ES,496.353395253,-0.003265001618280344,-0.007772291481760867,-0.004774407328040777,-0.0012439417564524473,-0.004085875852199321,-0.006091693755805322,-0.00784303230163502,-0.003331718314678686,-1.9144555743938503,-0.002030159207625592,-0.021253086674138614,-0.005173693428988825,-0.004342973727117156,0.0,-0.008799926449673695,-0.008411519810363841,-0.0033113860704720327,-0.008554719687802087,0.0,-0.0038375327650127214,-0.005496281715011715,-0.004274754700784479,-0.05264530688236096,-0.003380371080502747,-0.002661498940417484,-0.007654457148213622,-0.002791920880984679,-0.006680810974620208,-0.0006043645622588619,-0.0005541403907422951,-0.0012810946312966209,-0.0012634063772160615,-0.0007932141303945948,-0.0013575569130000074,-0.0002952210372919257,-0.000451607094642853,-0.0002850952997475989,-0.001575556670182265,-0.0045704686224535525,0.0,-0.0032250390270337367,0.0,0.0,-0.00281873549682045,-0.004673548759944018,-0.004531717978308716,0.0,-0.0036090709009193897,-0.0007113665714217081
Copper ores and concentrates,FI,538.94670155,-0.00010900639889318001,-0.00038440514379774356,-0.00010495108541472033,-5.940317591906317e-05,-0.00015893652922416504,-0.00020214253816390834,-0.0014999679430833033,-0.004048717043974781,-0.00017885002475298168,-0.13238515750234753,-0.00017539461073913076,-0.00030118189701965444,-0.0001536498000441333,0.0,-0.0003196297127432442,-0.00010665579966953506,-0.0006355284241647075,-0.00038424804233153076,0.0,-0.0002214352126055311,-0.00019217878425612628,-0.00026433211704839327,-9.306448733648181e-05,-0.00011720417040561881,-0.00045964359626649395,-8.985630412957602e-05,-0.00023911432513502054,-0.00022467139580120522,-3.007886524511825e-05,-3.0832210723905724e-05,-5.499887542336152e-05,-0.00019725570259093876,-2.5307106030217338e-05,-4.929676065171853e-05,-1.4512839274876933e-05,-5.2248263684407186e-05,-1.846014410852343e-05,-3.9467263252540515e-05,-0.00020148767938837342,0.0,-8.147744816104242e-05,0.0,0.0,-4.40111471516218e-05,-0.00025892940797749903,-4.797929191415898e-05,0.0,-5.13852186215389e-05,-1.341547018084403e-05
Copper ores and concentrates,FR,0.0,0.0,0.0,0.0,0.0,0.0,0.0,0.0,0.0,0.0,0.0,0.0,0.0,0.0,0.0,0.0,0.0,0.0,0.0,0.0,0.0,0.0,0.0,0.0,0.0,0.0,0.0,0.0,0.0,0.0,0.0,0.0,0.0,0.0,0.0,0.0,0.0,0.0,0.0,0.0,0.0,0.0,0.0,0.0,0.0,0.0,0.0,0.0,0.0,0.0
Copper ores and concentrates,GB,2.32508699842,-6.472260879514334e-07,-1.9662531893885527e-06,-4.029965256408141e-07,-4.885496328094693e-07,-1.0003522895298164e-06,-7.569838568047556e-07,-1.4015532624454058e-06,-1.2763673558397517e-06,-1.5657222848301836e-06,-5.65308924240307e-07,-1.7697799045521388e-06,-9.94341360116987e-07,-1.0856188811773918e-06,0.0,-4.871804972161904e-06,-5.842854845089759e-07,-1.7279166428571351e-06,-2.544306926437062e-06,0.0,-1.053063730787305e-06,-8.184560549450685e-06,-8.805403531625832e-07,-1.5855456947583813e-06,-5.728832541221956e-07,-7.290666712911531e-07,-2.7733016269291293e-07,-5.237415338193229e-07,-2.3996231299338303e-05,-1.5797023905962694e-07,-1.1935491258484263e-07,-1.4024733608481055e-07,-1.9735733621054956e-07,-1.0176333999914258e-07,-9.056846333210703e-08,-6.644621934570048e-08,-6.052377465897789e-08,-1.0471097968050723e-07,-2.1827651076641551e-07,-9.49057098678771e-07,0.0,-5.060137197036135e-07,0.0,0.0,-4.878028230292582e-07,-3.825749311368021e-07,-1.6946188092778123e-07,0.0,-1.8723898988277778e-07,-8.288601327877728e-08
Copper ores and concentrates,GR,0.0,0.0,0.0,0.0,0.0,0.0,0.0,0.0,0.0,0.0,0.0,0.0,0.0,0.0,0.0,0.0,0.0,0.0,0.0,0.0,0.0,0.0,0.0,0.0,0.0,0.0,0.0,0.0,0.0,0.0,0.0,0.0,0.0,0.0,0.0,0.0,0.0,0.0,0.0,0.0,0.0,0.0,0.0,0.0,0.0,0.0,0.0,0.0,0.0,0.0
Copper ores and concentrates,HR,6.10922507767,-6.267283856789155e-06,-1.9121783000154297e-06,-3.1973952428174287e-06,-2.4432434446317513e-07,-2.359900859616914e-06,-1.929110663888547e-06,-2.9457646016620033e-06,-4.662775622908957e-06,-1.3944926295679017e-06,-2.0145414113897973e-06,-1.2426601524712091e-06,-6.588978140238776e-06,-3.2705323038191845e-05,0.0,-1.2500967277868571e-05,-4.367326043527108e-06,-2.775188754608433e-06,-1.405463139578241e-05,0.0,-9.178113033754068e-06,-2.5856836916459832e-06,-2.8492608449708914e-06,-1.5925348700657159e-06,-2.1106984428301626e-06,-1.1601442581728995e-06,-4.747877633778117e-05,-3.2406279998365094e-06,-9.872886894512418e-07,-1.2129069704418183e-07,-9.360389100987566e-08,-2.0699275425864465e-07,-1.4290452565964442e-06,-1.2266199377530362e-07,-2.0695463954221576e-07,-1.4585614866251255e-07,-1.0475848833989738e-07,-1.0606497347461587e-07,-4.3239930018064966e-07,-6.246637779264674e-06,0.0,-4.6803924183438765e-07,0.0,0.0,-5.006573039569419e-07,-1.6133145733490408e-06,-4.199866231156615e-07,0.0,-8.540272388359812e-07,-3.0246301841141577e-07
Copper ores and concentrates,HU,0.0924900980802,-4.448206740393932e-10,-6.980468793333945e-11,-1.5666722419247977e-10,-2.624323189401962e-11,-2.4845017224704165e-10,-1.1012439555755419e-10,-6.696823325903415e-11,-8.136329888579746e-11,-4.1334784644169154e-11,-3.7604289634382156e-11,-6.586466044195015e-11,-9.39210896910272e-11,-3.4002689749894124e-08,0.0,-1.2025023610438575e-10,-6.370575672047713e-11,-1.0100161352620688e-10,-1.358513272792784e-10,0.0,-1.1020239467325262e-10,-8.42466817881846e-11,-2.0182521194640484e-10,-4.098332894905433e-11,-2.8711601457643226e-10,-4.681395522735277e-11,-1.8200960298195201e-10,-2.0086645712723267e-10,-3.7276940260003414e-11,-7.735240303611625e-12,-1.0529438710022492e-11,-2.380831319079999e-11,-1.5881058889459698e-11,-1.888461954939252e-11,-8.054088721409748e-12,-7.598531845494225e-12,-4.195185759900699e-12,-8.746639683377383e-12,-1.638894759918468e-11,-5.949228849830316e-11,0.0,-2.758663236957288e-11,0.0,0.0,-1.70357500733766e-11,-2.521582526090239e-10,-2.026940195612647e-11,0.0,-1.5204772693048114e-11,-5.47934266301341e-11
Copper ores and concentrates,ID,3606.95862624,-0.00045014724692339853,-0.001229002343617806,-0.0006957360758151283,-0.00048323162144270934,-0.00038623397419057965,-0.0006357307994790876,-0.0010595409807395016,-0.0010405956490276897,-0.0011643946213737754,-0.0007282002341419693,-0.0008083099382079441,-0.0015442950740108025,-0.0006071514139499078,0.0,-0.001659847511585218,-0.0006824831693343958,-0.0008877958534624373,-0.002515533816180856,0.0,-0.002712189472241846,-0.0012630397712074903,-0.00038528993850172423,-0.00045644878436536994,-0.00044277963777843106,-0.0005000815873821693,-0.0003713112061710418,-0.0002921976752872737,-0.0010191108872009997,-0.0003257621777854347,-0.0015842294313563347,-0.001887504505803809,-0.0004375395426519745,-0.0012758655641320685,-0.00046743232337165724,-0.0003940911182348743,-0.00012709999040637368,-0.00010194428872604925,-0.002404882491262265,-0.0009739928553791157,0.0,-0.003572369147671659,0.0,0.0,-0.001390414726618523,-0.024428196431896598,-0.0010076648696179234,0.0,-0.0005111865881060191,-0.0005652449841736428
Copper ores and concentrates,IE,0.0,0.0,0.0,0.0,0.0,0.0,0.0,0.0,0.0,0.0,0.0,0.0,0.0,0.0,0.0,0.0,0.0,0.0,0.0,0.0,0.0,0.0,0.0,0.0,0.0,0.0,0.0,0.0,0.0,0.0,0.0,0.0,0.0,0.0,0.0,0.0,0.0,0.0,0.0,0.0,0.0,0.0,0.0,0.0,0.0,0.0,0.0,0.0,0.0,0.0
Copper ores and concentrates,IN,424.233300452,-0.00017957578532470272,-0.0005656516088834675,-0.00017087175263506423,-0.0011509494573893565,-0.0001985496056379837,-0.0003002807014739637,-0.0006592874924917358,-0.0007112002028642783,-0.0003483809226673138,-0.0006476592230452896,-0.000297533194230022,-0.0005531265373979193,-0.0003359128740257792,0.0,-0.0019860738987915448,-0.00030110206539629204,-0.00044816299498328104,-0.0010691587698249032,0.0,-0.0010977917645554748,-0.0004395100661201923,-0.00014375605247097175,-0.0002388741107862168,-0.0001949839808425278,-0.00018637652855799021,-0.00010147669164761929,-0.00019959916614374247,-0.0006379366658377885,-8.32888446994446e-05,-0.00020244109672187563,-0.00018945357232832074,-0.00024500721076688934,-0.0003343409174517849,-0.00010120250648877262,-0.019401590992824777,-4.4874827159684e-05,-8.738623391217097e-05,-0.0003037444758047285,-0.00047342888898429955,0.0,-0.0003394525230381697,0.0,0.0,-0.0003137974069829637,-0.0007052042418078506,-0.0002878517519345954,0.0,-0.0002316408695353967,-0.00020119674038796229
Copper ores and concentrates,IT,0.193304022222,-1.4255690187792099e-09,-2.1820980991230826e-09,-2.295098268334109e-09,-6.920649607085378e-11,-1.689934394832149e-09,-2.7071846970972342e-09,-7.882582642569255e-10,-5.1058473513218e-10,-1.75878337576109e-09,-5.469781176644996e-10,-5.420381097862967e-09,-2.1124367668540784e-09,-2.1524338127812964e-09,0.0,-6.08166978749189e-10,-3.4720512078240996e-08,-3.6108312689064606e-10,-1.2629171638370766e-09,0.0,-2.345177819503982e-10,-7.737222837271411e-10,-1.6054599738685548e-09,-4.775709632377911e-10,-7.673460137322e-10,-1.1099042972912635e-09,-1.2985658721043597e-08,-8.728806412916125e-10,-1.1705660273613382e-09,-7.854318006319942e-11,-9.480419566427526e-11,-9.050785903018818e-11,-1.2261161480106194e-10,-3.2145309845471005e-10,-3.3167633910762506e-10,-4.281294635307762e-11,-5.690640183693954e-11,-8.848783416664133e-12,-3.446904748262136e-10,-3.041227635889356e-09,0.0,-8.881446337541748e-10,0.0,0.0,-7.365036535968164e-10,-3.732879756265876e-10,-7.288710812748531e-10,0.0,-1.6927579295224082e-10,-5.17819391003706e-11
Copper ores and concentrates,JP,0.0,0.0,0.0,0.0,0.0,0.0,0.0,0.0,0.0,0.0,0.0,0.0,0.0,0.0,0.0,0.0,0.0,0.0,0.0,0.0,0.0,0.0,0.0,0.0,0.0,0.0,0.0,0.0,0.0,0.0,0.0,0.0,0.0,0.0,0.0,0.0,0.0,0.0,0.0,0.0,0.0,0.0,0.0,0.0,0.0,0.0,0.0,0.0,0.0,0.0
Copper ores and concentrates,KR,0.155091561763,-2.1507081676344528e-06,-7.121468125524008e-06,-2.0615711793893375e-06,-5.638137521170862e-06,-2.8006972396055764e-06,-4.916908553843329e-06,-1.1713842535242694e-05,-7.523854606293653e-06,-8.206862820771711e-06,-2.6456769485843936e-06,-3.7181267102152884e-06,-2.1470898647786277e-05,-2.469556497460926e-06,0.0,-1.3394149331158415e-05,-9.578837941534158e-06,-3.859681038523674e-05,-4.167682924216458e-06,0.0,-1.3756336612396304e-05,-6.337411346654832e-06,-2.965830792754117e-06,-3.5270889720015995e-06,-1.371644495056333e-06,-4.223187074422642e-06,-1.081434789328299e-06,-7.952804193238748e-07,-5.571303615349259e-06,-1.877634658312795e-06,-3.1047815437514736e-06,-1.9462367247877766e-05,-3.2301113083644848e-06,-0.00032510479446658973,-5.087668930314099e-06,-6.261161793842647e-07,-1.0029353779110319e-06,-1.0244601324847019e-07,-1.4328914550632622e-05,-2.7339800927860654e-06,0.0,-1.514136630880204e-05,0.0,0.0,-2.3207129071727617e-06,-1.1520722360153432e-05,-5.095198567344673e-06,0.0,-1.4586829340986936e-06,-2.3139877221752443e-06
Copper ores and concentrates,LT,0.00887414507619,-2.4326644304633935e-10,-4.127597743500556e-10,-2.388968258853367e-10,-2.2867281624679685e-11,-3.345250030488564e-10,-4.5592908274438e-10,-1.3387919387752893e-09,-1.6132994915914528e-08,-1.9887634507083333e-10,-4.5892882314664277e-10,-3.320591561111825e-10,-5.584143197040713e-10,-6.491640884539755e-10,0.0,-7.619446898426271e-10,-1.5942561996576898e-10,-2.5560525828368776e-06,-8.155598335286783e-10,0.0,-5.966987484630307e-10,-2.72522678347378e-10,-3.468122839910719e-09,-1.926642218228534e-10,-2.046032694590278e-10,-6.116474632280524e-10,-2.92649619681535e-10,-2.415423342558012e-10,-2.7889146718073003e-10,-1.6877207339071325e-11,-1.6625209084897597e-11,-3.173760151672734e-11,-6.233543071348173e-11,-2.028266012362114e-11,-2.920191908800139e-11,-1.0204767791696797e-11,-1.3443307310154355e-11,-6.029694637476459e-12,-4.655129920154676e-11,-2.8929631709085404e-10,0.0,-7.685480106944158e-11,0.0,0.0,-1.303688234315374e-10,-2.57566413005908e-10,-3.688122504604423e-11,0.0,-5.273508913028996e-11,-2.0540710387571583e-11
Copper ores and concentrates,LU,0.0,0.0,0.0,0.0,0.0,0.0,0.0,0.0,0.0,0.0,0.0,0.0,0.0,0.0,0.0,0.0,0.0,0.0,0.0,0.0,0.0,0.0,0.0,0.0,0.0,0.0,0.0,0.0,0.0,0.0,0.0,0.0,0.0,0.0,0.0,0.0,0.0,0.0,0.0,0.0,0.0,0.0,0.0,0.0,0.0,0.0,0.0,0.0,0.0,0.0
Copper ores and concentrates,LV,0.78241641194,-1.1181718043405444e-08,-3.635965284992795e-08,-1.4819482532888102e-08,-1.5925754392170475e-09,-6.368191962700677e-09,-1.5888938424788615e-08,-8.961349654324949e-08,-1.678842211897681e-06,-7.1933875732919136e-09,-1.687078493814925e-08,-1.4743944494617346e-08,-1.2960045891628826e-07,-4.604363667765527e-08,0.0,-7.191103361864506e-08,-3.6854390054626174e-09,-1.4950080478868606e-06,-8.764552737802595e-08,0.0,-1.0506296991429144e-07,-2.8471887194275297e-08,-5.6906963547724154e-08,-6.799334117621131e-09,-1.0209029524112308e-08,-1.8886607810526614e-08,-1.1757103552115908e-08,-1.2084510726410762e-08,-1.1931996652325964e-08,-8.142057847062838e-10,-9.893614460371237e-10,-1.1976241707460663e-09,-5.451018728559949e-09,-1.38936307534419e-09,-1.208898542180716e-09,-1.2016723417706617e-09,-1.8632328573633816e-09,-1.1929150277906556e-09,-1.2762015053170449e-08,-2.81043341913599e-08,0.0,-2.775099151291665e-09,0.0,0.0,-3.806595331114609e-09,-8.638201064880857e-09,-2.6361864149894634e-09,0.0,-7.839319691603421e-09,-1.9233870612943247e-09
Copper ores and concentrates,MT,0.00165359784224,-1.3713642193218184e-12,-3.0141639726364384e-11,-7.478396297907855e-12,-1.4512637179767983e-12,-1.5717237980741798e-12,-2.689564857326435e-12,-2.3162878465269886e-11,-1.2025635222526555e-11,-2.8796796863283794e-12,-1.3309216955094222e-12,-4.653154303608582e-12,-1.320179802515937e-10,-3.3489047587382896e-11,0.0,-1.250857347128031e-10,-2.443536282831013e-12,-7.1794703681346094e-12,-6.206515328740302e-11,0.0,-2.2757280029144445e-08,-1.6336254583987636e-11,-3.1547697426961e-12,-2.3963925775807004e-12,-3.5497553502684437e-12,-2.224161777314451e-12,-4.564027106976701e-12,-2.6572576895788973e-12,-2.164393955276638e-11,-6.920101250866377e-13,-7.962708460946666e-13,-9.196529829189055e-13,-9.356986387991039e-13,-8.981655979251605e-13,-1.3243786686073405e-12,-3.186738918366048e-13,-4.618746554965816e-13,-2.4377308349317866e-13,-6.410075228466998e-12,-1.4105359542392194e-11,0.0,-2.3900400203671676e-12,0.0,0.0,-2.666121289631038e-12,-9.573746925424899e-12,-3.2163318631882177e-12,0.0,-7.161286638723064e-12,-4.738383005549327e-12
Copper ores and concentrates,MX,6855.74572401,-0.0033044849156550625,-0.004947930816329755,-0.002696829406613344,-0.001081982272223332,-0.0023712807338216704,-0.00514145707639643,-0.0037555397075162557,-0.004161856345611465,-0.0066444020465426905,-0.0020388760835312447,-0.00492731305946475,-0.006379350733718236,-0.002154437080065814,0.0,-0.006699254545958154,-0.0026737459215225756,-0.0019288131500631149,-0.008039327107626119,0.0,-0.003535941449357214,-0.005029818963905459,-0.002998075290959396,-0.003677527907634867,-0.0024354983748814283,-0.0024861292047941947,-0.004707792177464496,-0.001642304492600682,-0.0031234566420289146,-0.012086480301069465,-0.0021318552657365645,-0.003773080677764005,-0.005624330235990749,-0.0036735188271974166,-0.004864451263348571,-0.0007029831956174536,-2.0483877722872617,-0.00024339850029496163,-0.0025122586187203816,-0.003603240006795243,0.0,-0.007272184892836891,0.0,0.0,-0.0034704040190198,-0.007922003288138546,-0.00580427125280342,0.0,-0.0012142677366970603,-0.0005819212207691655
Copper ores and concentrates,NL,0.0,0.0,0.0,0.0,0.0,0.0,0.0,0.0,0.0,0.0,0.0,0.0,0.0,0.0,0.0,0.0,0.0,0.0,0.0,0.0,0.0,0.0,0.0,0.0,0.0,0.0,0.0,0.0,0.0,0.0,0.0,0.0,0.0,0.0,0.0,0.0,0.0,0.0,0.0,0.0,0.0,0.0,0.0,0.0,0.0,0.0,0.0,0.0,0.0,0.0
Copper ores and concentrates,NO,1.87139876818,-9.55018864385413e-07,-1.962354358757934e-06,-1.3536186260810402e-06,-3.924975839160727e-07,-1.3812372869061687e-06,-5.540119270948208e-06,-0.00034521162562683907,-9.666491139686282e-06,-0.00010575928206210286,-4.295832532018126e-06,-1.369783622280266e-06,-2.6020808213102815e-06,-1.1881360806707462e-06,0.0,-3.1787189972351663e-06,-3.1762036792734016e-06,-1.3300795491830382e-05,-1.998441517325967e-06,0.0,-1.04307043689673e-06,-3.070133920239622e-06,-3.905965738868663e-06,-3.2493815164334476e-06,-7.604880843038886e-07,-5.3032370625461185e-05,-8.566925749429728e-07,-3.9249079232516785e-07,-9.904234903309022e-06,-7.357017690307392e-07,-3.465578121004187e-07,-1.837868470578013e-06,-5.395695480104338e-07,-3.6757685162741755e-07,-9.116242575384392e-07,-2.9806738953227326e-06,-1.4693445569656942e-07,-7.257813371401613e-08,-6.933217501675476e-07,-2.8678170187225454e-06,0.0,-1.4755725019671763e-06,0.0,0.0,-8.244665610687228e-07,-2.1896103646122994e-05,-7.449614009398099e-07,0.0,-2.053661633671552e-06,-3.3743421105460657e-07
Copper ores and concentrates,PL,3651.30003326,-0.0013652747803942268,-0.0017583829287360936,-0.0026365760106064114,-0.0004122681650446592,-0.004403265578700451,-0.0029113878029688725,-0.0025004876658935578,-0.0029285239247060025,-0.0011378826056134082,-0.0008743423881470404,-0.001969365362422626,-0.0011878056468837617,-0.0019683530608872683,0.0,-0.00116848616725858,-0.001456869282689569,-0.004483766396062453,-0.0017947112632249827,0.0,-0.0005205052445294018,-0.001097727972652388,-0.5402227463563225,-0.0007124423003748026,-0.0011686865937867081,-0.0015706263017645588,-0.003414144148260889,-0.0024079388815219983,-0.0008578498645627902,-7.906993027729251e-05,-0.0001434372187417994,-0.0002570681944842479,-0.00014525948177186295,-0.00024016870568338756,-0.00019280707140734938,-6.0016297336585674e-05,-6.920483766867585e-05,-2.7853644452167225e-05,-0.0002994569935469314,-0.0008252436119307543,0.0,-0.0006162681826560677,0.0,0.0,-0.00032975372089583994,-0.0014186227053212903,-0.0006164144982993622,0.0,-0.00012809405338338992,-8.667646278929649e-05
Copper ores and concentrates,PT,50.9235379938,-4.272318499069078e-06,-1.2027555440265815e-05,-6.0044513979496515e-06,-8.389919660640754e-07,-5.001111045220335e-06,-9.894200792889113e-06,-7.46786653932018e-06,-5.600058017094954e-06,-8.72451418827981e-05,-3.4671710260565002e-06,-2.254972213941271e-05,-6.909514281881537e-06,-4.411435582068295e-06,0.0,-1.6860218991995813e-05,-8.767922443807693e-06,-3.8041526463846037e-06,-1.6677256216578464e-05,0.0,-3.452107174470696e-06,-6.175075876219453e-06,-6.890166964781118e-06,-0.001989631049848631,-3.7006731868361303e-06,-6.233723425877721e-06,-7.3784901475683054e-06,-3.2942393859395164e-06,-9.407346435257009e-06,-4.1473259312797455e-07,-5.048199280114566e-07,-7.564941410633437e-07,-9.580098271287473e-07,-8.509742771423063e-07,-2.4408719785697626e-06,-3.0010905852305235e-07,-3.4571351656244045e-07,-9.96271731655319e-08,-1.0338816675712001e-06,-4.157602454974714e-06,0.0,-2.2929402285092615e-06,0.0,0.0,-2.7701903272569787e-06,-3.1377142055565995e-06,-4.658845660161364e-06,0.0,-1.6821767279900563e-06,-5.592800328266398e-07
Copper ores and concentrates,RO,761.432452709,-0.003968303445293233,-0.00465665010993962,-0.015336126795844939,-0.0008011074778830368,-0.0037562541947911117,-0.0036422372609155322,-0.003628693695607985,-0.003989727666384374,-0.0026692002215663565,-0.0011157455312708732,-0.0041651320074880555,-0.013798100638179437,-0.00849028960603288,0.0,-0.00588878238480802,-0.0035011450469015727,-0.0028226886042867125,-0.005972535917078897,0.0,-0.005804558149163835,-0.003959192896145238,-0.0054167814376266275,-0.0023810586865875287,-11.026858149691838,-0.0013001846563707475,-0.005317518658652562,-0.004558414510502669,-0.0021882594155416863,-0.00021125705520476008,-0.00024018348379871188,-0.0003096240571057104,-0.0006977317596067099,-0.00038202876897146725,-0.0005186906838663256,-0.00023471427454765286,-0.0001808188615730099,-0.0002319483364950499,-0.0005220177357839823,-0.0023175649882660634,0.0,-0.0016387177194331578,0.0,0.0,-0.0007233171152586947,-0.0013678402492011766,-0.0006026584668986205,0.0,-0.0006862779551675313,-0.0002305346875139416
Copper ores and concentrates,RU,2531.72288086,-0.00030024771866592355,-0.0004669511408366274,-0.0007481205222236595,-0.001324641950296437,-0.0006379907877937577,-0.00042300605793989986,-0.0004270498117999083,-0.002246528781098697,-0.00030839639575062,-0.0007559259435730802,-0.00035231233544185064,-0.0008196449310917584,-0.0007878769139757746,0.0,-0.000641428076293644,-0.0002609134633392754,-0.002789741436872901,-0.0005271601629516813,0.0,-0.0006293398783681272,-0.00036729868379381373,-0.0007588271375725332,-0.0001803868778369365,-0.0004603800093965817,-0.0002366312636957057,-0.0006540572540332306,-0.0010071641122922168,-0.00025120447247733416,-4.547117056944148e-05,-0.00010036586432951312,-0.00010239645150621992,-0.00010528470863693821,-0.00017090585420910526,-9.79682869219816e-05,-4.472166627379195e-05,-4.9774061587510606e-05,-4.306147360502508e-06,-0.00041716785554537594,-0.0003774393996433215,0.0,-0.0004712366410898471,0.0,0.0,-0.0002015210009407495,-0.0021393305857006404,-0.0002136811307880481,0.0,-7.938901254884778e-05,-5.202053237890701e-05
Copper ores and concentrates,SE,1916.75123864,-0.00020289196056545532,-0.0003980641780799121,-0.00017621125749536768,-6.750540525861733e-05,-0.00030479979390435726,-0.00036902163938932727,-0.004613609040680649,-0.0014743583702525852,-0.00019716497604400224,-0.0013704982708038303,-0.0003310796273043393,-0.0005095145674383842,-0.00024320569996026973,0.0,-0.0005908135086092914,-0.00014104207132393083,-0.00123386468520711,-0.0003602493224851565,0.0,-0.0002580348860225955,-0.000275584985961457,-0.0005371406646872872,-0.0001742245501760511,-0.00012480509069429647,-0.16755971484284307,-0.00024550702568980863,-0.00015131295628661323,-0.0004294007361231277,-3.3414993461591084e-05,-2.957277880792339e-05,-4.721448164714516e-05,-8.691990557104254e-05,-4.430186363424731e-05,-0.0002444322472253694,-1.3576391050240414e-05,-1.4129099677498758e-05,-8.10622602368552e-06,-7.829355476423709e-05,-0.00018258111051029476,0.0,-9.01792327795897e-05,0.0,0.0,-0.0001563024772661085,-0.00031535644513437883,-0.0005979988615558175,0.0,-4.584557230001401e-05,-1.6298148522223232e-05
Copper ores and concentrates,SI,1.9321340763,-1.377817575284434e-06,-1.6383860980157383e-07,-2.529482227327366e-07,-6.6257940590838805e-09,-1.617526466028792e-07,-2.898420970236967e-07,-2.7363086630313574e-07,-3.1409209836998115e-07,-2.0012799989360393e-07,-1.0349838698138177e-07,-1.7246681752415487e-07,-1.7532552351331885e-06,-3.583771419852861e-05,0.0,-5.189425886302687e-07,-1.9849444231826643e-07,-1.3158973217146203e-07,-5.105398016808801e-07,0.0,-3.5029072890486125e-07,-1.3036083042259054e-07,-1.2134259277552453e-07,-3.2202457552605806e-07,-1.5600802046687646e-07,-1.738623745795648e-07,-8.435833638224604e-05,-3.1739470679672627e-07,-6.749586988205969e-08,-7.524092729945452e-09,-5.761666966717041e-09,-1.8298072966870645e-08,-6.92809158429451e-08,-6.0683431073280116e-09,-1.4097831047755478e-08,-8.599242882749853e-09,-7.011844037952016e-09,-8.319577828515246e-09,-3.239136033981767e-08,-3.05077388726318e-07,0.0,-6.81957822836729e-08,0.0,0.0,-2.6155389711515246e-08,-7.862401808309911e-08,-5.3579377680479784e-08,0.0,-3.014963971242138e-08,-1.7185215690513233e-08
Copper ores and concentrates,SK,1.96989014451,-1.1051738886019871e-07,-8.636425703481247e-08,-1.7784068696305728e-07,-2.3866577079955833e-08,-1.6751854164939323e-06,-9.959885637795047e-08,-1.4125605402102615e-07,-8.483175387374563e-08,-6.915842111329334e-08,-3.58060655661186e-08,-6.589923781530837e-08,-8.672593933468917e-08,-3.5198868764119226e-07,0.0,-1.3497301839416415e-07,-7.35520634588932e-08,-6.851191839536335e-08,-1.4610796414519394e-07,0.0,-1.3246213955017383e-07,-6.91427287217059e-08,-1.752599803274979e-07,-5.5796496013089264e-08,-1.246148016934458e-07,-4.362757964595543e-08,-1.603560564456542e-07,-0.00024282003249596396,-3.4334825655873384e-08,-4.721004585531804e-09,-7.724998946113798e-09,-7.633464759412819e-09,-1.90209226443256e-08,-1.3692915555351e-08,-6.806337417048899e-09,-3.4465764573207176e-09,-3.8993454645713944e-09,-3.1188066445692483e-09,-1.2215142738346472e-08,-6.085189571612812e-08,0.0,-1.784571944744172e-08,0.0,0.0,-1.660158380639838e-08,-5.506088294973383e-08,-1.6012621529638082e-08,0.0,-1.5276714579096352e-08,-5.636369050726019e-09
Copper ores and concentrates,TR,364.210643924,-0.0004294099821427738,-0.0007406216344274248,-0.002667286209778358,-0.0004936347258283053,-0.0005133204126458683,-0.0005523788615164203,-0.0008221037114128635,-0.0013494260404632204,-0.0007005409011630432,-0.00037142191535452295,-0.0008841066493218364,-0.0019341667097235336,-0.0006148582001733768,0.0,-0.0006254389564106118,-0.0005488438573155657,-0.0004818098205179005,-0.0009617850178284298,0.0,-0.0005641377028393224,-0.0004132882431784094,-0.0005292611644810474,-0.0006366724437460345,-0.0010104481400512808,-0.00036709007009955576,-0.0006336133894387105,-0.0003202770122305555,-0.0008223134013123211,-9.870598915155423e-05,-0.00010826388986954572,-0.00018842732952183947,-0.00019355811040696388,-0.0002838095267708017,-0.00021411405506688798,-6.12074512569998e-05,-8.185495903081585e-05,-1.1454588307340381e-05,-0.00031612216716698534,-0.00045289515652277004,0.0,-0.000548302846786213,0.0,0.0,-0.0006577032063951563,-0.0007229844813014639,-0.00037325975663687796,0.0,-0.0004237119683198398,-0.0007544654844552757
Copper ores and concentrates,TW,323.219203569,-4.095205153464086e-05,-2.9428060141588873e-05,-3.721579598252786e-05,-4.6687298980635966e-05,-3.8070670051581426e-05,-6.09498391730207e-05,-3.5911846928830326e-05,-3.977717794004612e-05,-3.314881518970066e-05,-3.6758888284791374e-05,-5.2292584983334864e-05,-2.8424449020327275e-05,-3.5982632224874065e-05,0.0,-5.868153422936718e-05,-2.8977566638282943e-05,-3.7468776443170996e-05,-4.830275053578055e-05,0.0,-3.173247231192593e-05,-3.321360685057787e-05,-3.022777011461449e-05,-2.3198394804370224e-05,-3.062369780655556e-05,-3.099852830743705e-05,-4.354429278394439e-05,-1.970286627754656e-05,-3.818388237974038e-05,-1.5307137368692712e-05,-8.329111575135246e-05,-9.12220259779366e-06,-2.160263474248369e-05,-0.00011278600451591958,-4.310947657130455e-05,-6.684579069738758e-06,-7.5111116908364525e-06,-4.484010382028444e-06,-0.0002690698452015961,-6.048567531664739e-05,0.0,-2.26518422779761,0.0,0.0,-0.00012237949793299357,-0.0001407215923284918,-8.654208519748786e-05,0.0,-1.5297030580562746e-05,-1.9519516121287968e-05
Copper ores and concentrates,US,5658.31967461,-0.009034040416000552,-0.015305846571074136,-0.006617407493522537,-0.0042241299710771936,-0.022993171600901502,-0.012662894779825124,-0.011392789719928593,-0.009726842289933108,-0.020827452644972155,-0.013337120511792257,-0.014226816618945195,-0.01653651277346689,-0.009298997273857903,0.0,-0.03285754133602525,-0.008930242202066117,-0.007177932035636402,-0.017792752925023473,0.0,-0.008885175693386663,-0.01619774430574029,-0.007613427717304145,-0.014182500205125063,-0.007154200963654927,-0.010427235360133723,-0.013141488639113528,-0.0036940805871354594,-0.01936341930108042,-2.1882048077956067,-0.008637910967712152,-0.008733843202050234,-0.07300615396011825,-0.009531413169126467,-0.03172831334216969,-0.005171631144224335,-0.033101849951248125,-0.007032714164274549,-0.023917730020658282,-0.025163454743765377,0.0,-0.0647801959202174,0.0,0.0,-0.0333764271899036,-0.03179656190980015,-0.07917076574569772,0.0,-0.0063269475867034275,-0.004307771767987943
Copper ores and concentrates,WA,10611.4575763,-0.009998091591978262,-0.03478567614886241,-0.026418055290246427,-0.0072692709974038604,-0.008999948192204921,-0.016507965723072254,-0.018789395850759037,-0.021373437117466983,-0.020339539504307887,-0.012625472911668604,-0.023180319926361586,-0.020130829352765132,-0.010348310154830495,0.0,-0.02125233592264382,-0.02259746135892226,-0.03868621284972207,-0.02533376402122463,0.0,-0.00885035415443561,-0.018969466814451146,-0.010086131155240274,-0.008881681538994924,-0.008539930226124232,-0.012865334903747194,-0.013704503968464652,-0.0050354245734596835,-0.036896605250540435,-0.011027025925975802,-0.0858677224434584,-0.027367397110063283,-0.01522434026170839,-0.080570127274631,-0.021869399982593872,-0.006850805488781846,-0.006428825237655156,-0.0045110268031571255,-0.16379005419884773,-0.03992772244942746,0.0,-0.16193320211808332,0.0,0.0,-0.4111804673429955,-0.06387048803333761,-0.08485799730983991,0.0,-0.006265720033762153,-0.018721090874185987
Copper ores and concentrates,WE,1190.02995336,-0.0004358401671375042,-0.00038890316852888243,-0.0020948452513863624,-0.0005096825883021218,-0.000590034526749022,-0.0003069243164662538,-0.000511810391865421,-0.0010671284159370687,-0.0003697065882779276,-0.00027010504644369555,-0.00025329820210728723,-0.0031418294132996806,-0.03989037424262595,0.0,-0.0003966119756785725,-0.00038161466296062076,-0.002377224089418926,-0.00047118593481818027,0.0,-0.0002952383476566781,-0.0002829650870727462,-0.0009474713398924899,-0.0003010272667820361,-0.0010436083215992688,-0.00025767484562195305,-0.0009291411047971548,-0.00042467084413215495,-0.00022079010952621024,-3.1462969862348294e-05,-3.7544076373823124e-05,-6.228683260029437e-05,-0.00012754614510708984,-7.49582975380918e-05,-7.950855096184689e-05,-1.9769084800170744e-05,-2.3305874251324625e-05,-1.6640779801285468e-05,-0.00011899070565666996,-0.0003362865864146178,0.0,-0.0001480872663142556,0.0,0.0,-0.0002971010942698597,-0.000217979841266764,-8.633456335885756e-05,0.0,-5.0296490533908266e-05,-3.583217052171774e-05
Copper ores and concentrates,WF,5535.67577041,-0.0017509358959448904,-0.014782305232999211,-0.006212529474355014,-0.003368012088020727,-0.0016716829223322543,-0.0023030117913602505,-0.0036871826127935752,-0.006709075734627476,-0.011837421449544397,-0.0027937734664314796,-0.010948158782577315,-0.008559061663767947,-0.002527126385131832,0.0,-0.0039142497160314,-0.00478263246125656,-0.004762345472568065,-0.006009719266819666,0.0,-0.0041060042734713765,-0.006005495584281561,-0.001750129259926939,-0.019422099106972842,-0.002768447276325014,-0.00200618336885991,-0.002267141982974186,-0.0009169035450686884,-0.008190027564643454,-0.00092653012072665,-0.0007961265892395796,-0.0026186014982952344,-0.0012336382666718274,-0.0026333904325495506,-0.0019055036642009913,-0.0008944475513794534,-0.0003156332122678609,-0.00012448314867576364,-0.0033960196632694824,-0.0024044620982237148,0.0,-0.00663288131725327,0.0,0.0,-0.04409319093567592,-0.005806946462977895,-0.002251567310484353,0.0,-0.14996592528755523,-0.002622591526723421
Copper ores and concentrates,WL,14977.7942053,-0.010421479746871045,-0.02002448381650725,-0.014478716834545534,-0.014432321348986907,-0.009357731142098398,-0.017139056039190814,-0.024254706137311486,-0.0282448146117782,-0.044039049785378405,-0.012782574947894554,-0.022408309643364054,-0.012801878874364295,-0.01051106466910249,0.0,-0.0318410447862563,-0.01610861918686442,-0.012542922013739794,-0.03583860652775932,0.0,-0.022400291996138123,-0.019974749249896877,-0.01089204311997595,-0.02388063529806632,-0.009133600061582342,-0.012834047551188206,-0.012744105356856173,-0.005805907735583061,-0.019939421758421953,-0.02073587432374016,-0.008854257424038942,-0.011320412115333503,-0.019383219206471018,-0.01920510958419412,-0.15866285134218852,-0.0029329997958086507,-0.03724109615110767,-0.0021370355433060076,-0.018526500382351787,-0.01387864048844664,0.0,-0.061549943377412604,0.0,0.0,-0.022780339382105087,-0.019045762580541182,-430.4530612698489,0.0,-0.005171964659837086,-0.004562203907704117
Copper ores and concentrates,WM,11098.0766539,-0.009259546122444944,-0.03811616318988757,-0.03384851224380288,-0.01805518900608567,-0.013822280202472847,-0.012323280533003625,-0.014951812617878153,-0.03845392786079471,-0.022167868265976182,-0.008734167251723955,-0.02185410605598856,-0.029899194388022094,-0.010710817176173294,0.0,-0.019077047032756263,-0.025245917926187206,-0.013041308910224368,-0.024450280783304253,0.0,-0.01010676004468061,-0.012319309156175877,-0.008521496401202231,-0.01107510116743183,-0.01555360945633501,-0.008230442384454858,-0.016147808219695827,-0.00620737194644287,-0.03001806291565138,-0.004459594664592118,-0.007537550146952465,-0.006704168035513916,-0.005966037962016002,-0.015027491674677512,-0.011636432340212513,-0.005099281868371789,-0.0028772031249411144,-0.00024849331480376256,-0.025508577712723683,-0.022733277096948584,0.0,-0.03689288045217955,0.0,0.0,-0.19647762259824994,-0.013739465433088092,-0.030009269861314348,0.0,-0.005904111506195829,-0.05987217269120365
Copper ores and concentrates,ZA,652.485136932,-0.0001407750787755971,-0.0003224785493079572,-0.00023646226444133035,-3.1155325564196494e-05,-0.00015463840279642042,-0.0002537314421761255,-0.00028171740501842403,-0.0001957261562685598,-0.00021277824371077997,-0.0001528364607821836,-0.0002614726119954692,-0.0003851723761119054,-0.0001235861778759667,0.0,-0.00045856321305137254,-0.0016916500485943977,-0.0001549581391316476,-0.00046750018512027987,0.0,-0.0003473952115600511,-0.00017975468697053912,-0.00022047287054306376,-0.00022712637246487648,-0.0002232154572780156,-0.00016495034843857416,-0.00016602538303428955,-9.212342682951131e-05,-0.0002140964826729002,-4.854456898349161e-05,-5.91884132763539e-05,-0.00020486079542340354,-7.033000032606033e-05,-6.516689679702357e-05,-0.00010738419756501338,-7.131528331122842e-05,-2.6873959097872307e-05,-1.2434349229483305e-05,-0.0006065775766193111,-0.00017344884891634988,0.0,-0.0005755934956302666,0.0,0.0,-0.12810597599003287,-0.0007902542619174258,-0.00013572161353005523,0.0,-0.005921284119877356,-0.00012449248807269256
Copper products,AT,3228.43145195,-5.114283257667226,-0.308838516924108,-0.25410831665581673,-0.002199873943452394,-0.05746605432699085,-0.16778234353325974,-0.04035209861256287,-0.018317225896099437,-0.031738129361314725,-0.02938364593335906,-0.07707536806927588,-0.03404257004592371,-0.06339663705825604,0.0,-0.02646919177205465,-0.288328769748911,-0.014386759718115677,-0.05834259781915309,0.0,-0.010748105899393647,-0.048279770661877414,-0.04927172459299631,-0.017609287993913716,-0.051618070233722446,-0.04859478585769854,-0.20100750678272722,-0.5202853164187714,-0.025063953772828933,-0.002904697376107523,-0.004125759071105031,-0.0021083635622759717,-0.00909770537337353,-0.0026787573231667966,-0.005679827308834792,-0.0006770900195171539,-0.0032165449703852158,-0.000394528398880041,-0.010359297922410747,-0.023194822020900573,0.0,-0.020096935786153545,0.0,0.0,-0.0041224785572527385,-0.014476086992169804,-0.12909555727630945,0.0,-0.00217077933145599,-0.0010332836716923789
Copper products,AU,4855.65557667,-0.005612152191269721,-0.008565823642488046,-0.0038975778197936984,-0.004141779097205751,-0.0038195300571705116,-0.0066088687839962485,-0.01095356871642352,-0.008571055024960656,-0.006507043620529772,-0.006493722442494228,-0.007449170978991313,-0.009877939190562849,-0.004001211082191402,0.0,-0.0328290008411131,-0.005810229401124885,-0.006312399459362787,-0.01584750281031419,0.0,-0.012718496410997832,-0.010804768052142848,-0.004317543932740543,-0.00569524939961506,-0.0031644598138546305,-0.00577602454048334,-0.00517977805884291,-0.0020770041402658345,-0.015371595605295541,-0.0043465317594775146,-0.00737739644180739,-0.007921554372120056,-0.0044017685142608886,-0.007466103751740784,-0.0025897328502054767,-0.0015361452920095544,-0.0013390326887769367,-0.0007724039758979764,-18.877583646855708,-0.008211927757772469,0.0,-0.0198145883213108,0.0,0.0,-0.01740119775302929,-0.04417943437193477,-0.007640364565168834,0.0,-0.0028521528567158503,-0.0029088063991584874
Copper products,BE,11391.2724989,-0.20363340040772868,-62.99055043538346,-6.694586521375259,-0.012699923347740361,-0.09247822879901714,-0.4158050309912169,-0.1573754962258297,-0.07602414528289488,-0.5264412507538587,-0.09424517240463307,-0.9964373908839748,-0.23451811635258374,-0.0765658427581695,0.0,-0.21215447818938912,-0.6358365231060042,-0.07336020449802545,-0.18843932720412307,0.0,-0.04785749187769853,-0.44771867996348613,-0.135339979429141,-0.08155083004869516,-0.11029573546064,-0.12095298319214469,-0.15652284428860508,-0.14810301276976173,-0.2173057402906081,-0.026916228754200917,-0.026145993845713415,-0.017367208537846866,-0.0468736870248871,-0.02117102537098159,-0.08230054786396203,-0.008109739070277934,-0.05320760617035538,-0.0022678402785308947,-0.053837967385964296,-0.0782618554989424,0.0,-0.09954496288783998,0.0,0.0,-0.04440734310234661,-0.2523440318741287,-0.9008246422673131,0.0,-0.027885547532660055,-0.011039303745673142
Copper products,BG,4727.07895745,-0.11919247782471154,-0.22086451570871188,-154.10182955787457,-0.013030934027602043,-0.08145393898074044,-0.11329442373560593,-0.06644393570327921,-0.10904831369342523,-0.09997694587294852,-0.04359344580612165,-0.09841744203631546,-1.5284893140632507,-0.40185380404112836,0.0,-0.21702437967307114,-0.2558879297876014,-0.11252406411239767,-0.15541802588143802,0.0,-0.20845195996478452,-0.06904315683072838,-0.11988864277636196,-0.047936281502020374,-0.9109505531964504,-0.03691279786016831,-0.24422852225256245,-0.09254036490645634,-0.055234228215046866,-0.006903091080993271,-0.00890701483822817,-0.010641504917343727,-0.06170603939454886,-0.010863389871928376,-0.09962402603807256,-0.006636231720163858,-0.007464450027054406,-0.0019718155632748465,-0.08776497179798669,-0.06979234944430693,0.0,-0.043949412739128724,0.0,0.0,-0.03365994527557182,-0.044107280430416944,-0.0946011972120707,0.0,-0.01991334746998965,-0.006516739301834189
Copper products,BR,2276.50298167,-0.018376950628685933,-0.03936953979524205,-0.02101119027170094,-0.006260801970730794,-0.007758841310599201,-0.02235037702417414,-0.022546884092092254,-0.01022880995419759,-0.03185444320496063,-0.011424129556352495,-0.02128782082278345,-0.013533717569534176,-0.007087169633323138,0.0,-0.01983963442008753,-0.03333839393830542,-0.007723556323668135,-0.026058593845025173,0.0,-0.015598097625503567,-0.027758602988636135,-0.008019024492864192,-0.019692178631387572,-0.005589622566653613,-0.01121531132225086,-0.013818162331962239,-0.0050747659251565765,-0.02196891772087608,-0.01058858217847038,-0.008804144981215695,-0.009631308938528347,-0.010318426354325675,-0.014497073079990692,-8.621472306082186,-0.0021208661079390955,-0.013011808748571664,-0.0020882273240658655,-0.01965654377411059,-0.010782193840772777,0.0,-0.0788255480986235,0.0,0.0,-0.019119777276178536,-0.01761886655842101,-13.570378322145102,0.0,-0.007600205038114038,-0.0027048932055415776
Copper products,CA,4530.97171535,-0.02879285647607285,-0.2453673599113168,-0.489803131826815,-0.005570972226430995,-0.013352178511117588,-0.064564679306223,-0.023227232614835464,-0.01885877608991631,-0.04376578965742854,-0.08752819353743242,-0.07038295916143494,-0.05065886269384493,-0.02513370162171684,0.0,-0.0333785338737278,-0.13929345004693156,-0.014288006218792981,-0.0334869051573441,0.0,-0.012075027422374748,-0.05681024059508451,-0.02328433707175618,-0.017115757597099296,-0.011170216139831093,-0.019530878474573413,-0.0260059447312927,-0.014519267408086246,-0.058706801452379345,-0.12035732812950609,-0.030638255096625263,-0.007953905909973675,-3.9828536811707376,-0.027620649339611402,-0.1924269522821385,-0.0028620870683082025,-0.13071879357831875,-0.002456107929631813,-0.055914107300633835,-0.014674074833760473,0.0,-0.16514321723924982,0.0,0.0,-0.035258862383760615,-0.029485073231914224,-2.226722137035955,0.0,-0.004821813090301084,-0.004881889769758003
Copper products,CH,247.834695364,-0.006421722866911863,-0.034348781774283826,-0.024814105408370663,-0.0002306436007175863,-0.002058735073644266,-0.01211157100275044,-0.002185943992741585,-0.001433252061555673,-0.006324769084488104,-0.001941755236638376,-0.013888306990964173,-0.0023148308454180727,-0.0018867485969090798,0.0,-0.0027345251156072254,-0.024354173142280427,-0.0015864565954879057,-0.005181051741431735,0.0,-0.0008750287195250587,-0.0029527572155605467,-0.003001976597191511,-0.0012882023866913768,-0.0009659578903651234,-0.002054177922183327,-0.0033690720893593427,-0.0015239812984981394,-0.0018935831129588815,-0.0002580617585797523,-0.0003728818474395454,-0.00018121752892056415,-0.0005015521285718055,-0.00020872259352027877,-0.0006146748460956362,-6.58285735117202e-05,-0.00028891054606786846,-8.171411947004158e-05,-0.0004930484820081249,-0.48606373312947104,0.0,-0.0014162900799124958,0.0,0.0,-0.0005926144530076511,-0.002013033855881883,-0.012589821156668773,0.0,-0.0015792794349449347,-0.00018130793727031116
Copper products,CN,185942.772847,-9.52960841389798,-88.36808505863172,-246.94583236792806,-3.0105720258579214,-6.665076775088389,-19.17151979806811,-11.241868024781915,-11.562227711967221,-50.44305637244948,-10.845255837036717,-16.31871372901663,-13.017574783489268,-5.86909168493108,0.0,-13.73381780802975,-45.31803676841652,-14.983706731897591,-14.617283121745626,0.0,-5.062761679938252,-15.489332830509758,-27.13779967576982,-7.8473428706710076,-12.237066666326148,-6.982894098535157,-8.007884526910141,-4.0233563152354295,-23.359509600927172,-6.495360653287883,-77.49686698955273,-44.78388444087605,-21.329517767216455,-49.74430420987672,-27.968875666317228,-2.100865945134066,-36.38983741431846,-1.029713330152435,-128.4141500132063,-5.850760427439049,0.0,-22.617534328798254,0.0,0.0,-24.393988865957763,-25.91991994189715,-5147.174435374018,0.0,-5.472893175788436,-4.448029230290789
Copper products,CY,38.8073115811,-3.661021025328127e-05,-0.0001341709708328343,-3.3267379017257505e-05,-0.4315681229822682,-5.216938228326007e-05,-6.164306358914364e-05,-8.000616155310739e-05,-6.497495341558619e-05,-5.296612394332753e-05,-4.0220985332105666e-05,-7.535056466992757e-05,-8.502353653137547e-05,-3.482352583226276e-05,0.0,-0.006003297061682649,-4.0256689656063223e-05,-4.584122895691133e-05,-0.005076949649990596,0.0,-0.003600608272875082,-0.00046138522202796364,-4.2593370717774014e-05,-6.0366935388093924e-05,-2.755871293596502e-05,-3.6703562838223054e-05,-1.7018317228604207e-05,-2.2433022246330405e-05,-0.0002665675380599533,-4.216801282902369e-05,-1.375290577182063e-05,-1.4693198400801764e-05,-2.8704958739010777e-05,-1.8056836352686916e-05,-1.6941088796633575e-05,-7.194829774659062e-06,-6.325184992690502e-06,-1.0343382627998195e-05,-3.124297940383731e-05,-7.492654923616265e-05,0.0,-3.6052659593447054e-05,0.0,0.0,-3.212033639310282e-05,-0.00013366218177384003,-1.896546089824577e-05,0.0,-3.83074659090286e-05,-4.64150490848132e-05
Copper products,CZ,767.688428168,-0.058845358665644096,-0.15221626796706111,-0.2165813395963991,-0.001502067076602756,-2.0838265321261025,-0.10446912012429581,-0.022773688137746873,-0.03142184698049022,-0.022490526929433752,-0.018899526683470835,-0.05266475894066439,-0.035714755928774086,-0.02746688719546961,0.0,-0.015057936149593028,-0.16878747544360967,-0.011596854965217623,-0.021202420706695955,0.0,-0.004710625626144964,-0.022483506130154488,-0.08240921670646406,-0.007790608482245969,-0.01900609379658475,-0.02071819204427392,-0.08257513014375699,-0.11158275861114889,-0.01453953746000307,-0.0013124746804864542,-0.00243490052233543,-0.0011434942311743736,-0.003718767918785103,-0.0018357771311443174,-0.004086548803904912,-0.00036026683786128093,-0.003958818851191197,-0.00018808462156701719,-0.0032985846116824194,-0.0076353629967351915,0.0,-0.014028813205556075,0.0,0.0,-0.0031254385937762343,-0.008729315390341844,-0.09288107507011903,0.0,-0.0010274879388918652,-0.0005186403396388516
Copper products,DE,15626.8650221,-1.8150727012338435,-11.916307976210314,-14.841675584203097,-0.053861033898304655,-0.6006770432784481,-10.651250691267895,-0.9496787202368141,-0.4599165832637072,-0.89964951708526,-1.4079006271396892,-1.6243794433108847,-0.7397027883443219,-0.3215376386091616,0.0,-0.5008652088941108,-3.7193869845320897,-0.3832285437036348,-0.8215274016459502,0.0,-0.10562443241840869,-1.4956205665699323,-1.1090494771717254,-0.24203977631808513,-0.30713088099542,-1.1822524056405692,-0.7409892968086879,-0.48643879609734203,-0.6358727820049548,-0.08546439098592809,-0.10481176512941418,-0.03681616281080223,-0.21455098031841718,-0.05448429542354969,-0.29603803683759766,-0.010721002507330076,-0.10633544604491059,-0.0053427163344237,-0.1719697449773196,-0.3167518436590669,0.0,-0.33052744005132956,0.0,0.0,-0.08399467610668417,-0.30908120394421795,-9.69253931518398,0.0,-0.030351524941503814,-0.01395937634858966
Copper products,DK,223.17828621,-0.00934416855823162,-0.03274494604542764,-0.04625191215009701,-0.000280611988285539,-0.00290678066139871,-0.022065013383787243,-2.2815120615979714,-0.005564782658853614,-0.007191135300962252,-0.010885498727837704,-0.018009051602993438,-0.006209964887762171,-0.0022246758227287017,0.0,-0.004846782976872776,-0.035786400093658674,-0.003577639498121352,-0.004066757399432567,0.0,-0.001600587278314565,-0.011388091756832872,-0.006446373401676482,-0.001855249082190873,-0.0017284862883773938,-0.04211608056276732,-0.0066138853053134,-0.004299748207709567,-0.0071503608419613,-0.0004154687725833907,-0.0006026772165934485,-0.00035873853512916417,-0.0014366492081240643,-0.0003448505730682731,-0.001237657635302386,-9.08377140007063e-05,-0.0004596508904691593,-3.6709514869729964e-05,-0.001379626567160343,-0.0018094027797042772,0.0,-0.0046284335755500915,0.0,0.0,-0.000591744220868044,-0.0015685113723375192,-0.027002287705041712,0.0,-0.0002734188436733713,-0.00010066788475398277
Copper products,EE,48.3941146963,-0.01047793495310136,-0.006661224254892343,-0.005407071312713234,-8.28928174592385e-05,-0.0005167638824614517,-0.0032090040696919142,-0.003450670644263918,-3.366033731696861,-0.0009879067221575445,-0.010685517208388649,-0.0011530867678903607,-0.0010503299043959058,-0.0025287167841501618,0.0,-0.002175858245010518,-0.004908862624611438,-0.002524092511177875,-0.002354492545491362,0.0,-0.0016740050586454916,-0.0015663650448905842,-0.000990148448139264,-0.0003401731939206393,-0.0005190125284959484,-0.010413281464056507,-0.0016424948481575427,-0.0017394639240965052,-0.0007153265498348607,-7.546445966386957e-05,-9.559037211634869e-05,-6.889798843556541e-05,-0.0007243682661791798,-7.370510717783711e-05,-0.00039184472126722257,-3.229699845574748e-05,-7.165010616374799e-05,-2.1480010486631685e-05,-0.00028601277121152415,-0.001101960527605507,0.0,-0.0014228482617320252,0.0,0.0,-0.00014501565350342907,-0.0016142415952188312,-0.004945212934641409,0.0,-9.707637028067326e-05,-4.380061883048469e-05
Copper products,ES,4045.71450775,-0.08449755121688797,-0.5620288768394156,-0.419412666721844,-0.009365025838096622,-0.04970265903031683,-0.14607050580450684,-0.055418184356629645,-0.032714004366182554,-18.449626191620464,-0.06430686809196408,-0.4200397353429165,-0.2095850643433833,-0.039410773865177266,0.0,-0.06719904515793691,-0.7646221386219482,-0.04616441356264598,-0.09406936111012941,0.0,-0.0182932409240777,-0.10668982314253356,-0.8727444875540913,-0.5300410051345654,-0.036831666092619425,-0.0632110178104562,-0.08739285780114023,-0.04454881421781953,-0.10670166743040613,-0.015963905220818888,-0.008981439151407148,-0.011084572508755892,-0.05691014842872777,-0.010511162307644659,-0.1596562591650679,-0.002556828792723975,-0.01245942171400506,-0.000948787352745772,-0.02329164683468048,-0.03846428796992653,0.0,-0.06963898517980241,0.0,0.0,-0.019668109966067774,-0.04519228710458734,-9.063312317397996,0.0,-0.026232464431476293,-0.004907403047545219
Copper products,FI,1773.98133895,-0.020461236316073862,-0.3512174103731,-0.10393593766752801,-0.002973448814622476,-0.009054008890801725,-0.05253449364895467,-0.058431762006834476,-0.1523260641633349,-0.021301131664817247,-3.083434098532565,-0.02556773999052413,-0.01299332789476745,-0.006584688375381855,0.0,-0.021355518682667926,-0.0566271384360602,-0.02826351983840378,-0.026689041171698208,0.0,-0.01326962271774362,-0.027949415862526136,-0.01949205384274811,-0.00821594570733682,-0.00584255260999264,-0.1489600841804153,-0.011459009349757769,-0.011507987007668452,-0.01671898982150133,-0.00236340106641246,-0.0024301070188374224,-0.002064649064504487,-0.10317888151603397,-0.0018430721010795075,-0.019315967475517212,-0.0007712908525235303,-0.0018120478076743452,-0.0010087242070548922,-0.004126343177063829,-0.009437593176914302,0.0,-0.019334123189133592,0.0,0.0,-0.0028653492143105763,-0.010821675205957402,-0.45628230110651374,0.0,-0.0019384727089746462,-0.0007284027560081301
Copper products,FR,6717.29554397,-0.6912368735975567,-1.875926753047923,-1.2039320829062856,-0.014324983149138253,-0.07228663619333317,-0.3951270779514208,-0.10897304028896547,-0.05051145306648935,-0.4453834580070073,-0.10986123800525675,-15.505095734642392,-0.3488862911050815,-0.06784586973751656,0.0,-0.13225428718690938,-1.5890756991623727,-0.05586763345952662,-0.30031000275492964,0.0,-0.05387620113425195,-0.22026860763150724,-0.24205606668367433,-0.12833346271512727,-0.07739922261683672,-0.09043308801777528,-0.14709547241280538,-0.12616496531004062,-0.11723892147137314,-0.012121970702368104,-0.019141747234933705,-0.011847099001946262,-0.023203712071676118,-0.01745703673298492,-0.03045577724009045,-0.0030443541904990523,-0.01684619291959567,-0.002628684837343747,-0.025466911967410993,-0.0884556632885975,0.0,-0.10125053718324126,0.0,0.0,-0.021186882834358114,-0.06219799844064797,-1.274433109818246,0.0,-0.026383538051425705,-0.005140271804917467
Copper products,GB,3265.40889665,-0.42094526754408795,-3.7544452581498367,-2.2094736344596546,-0.023769252456757678,-0.09313975785159759,-0.5370251351949195,-0.19180645410157415,-0.12126006569556289,-0.46021808100718814,-0.20583384194801985,-0.7049416166843406,-0.7767877406996543,-0.09832618012321677,0.0,-1.4863090289511864,-1.5133052403439837,-0.13015280272653543,-0.3770836040927672,0.0,-0.03738788843510484,-0.6261376283483517,-0.18392134912864255,-0.1007668980283172,-0.08856113559406342,-0.20455823511343624,-0.19629243680138095,-0.18247441662644698,-11.207303840359717,-0.09087515271252757,-0.16296344299622786,-0.012689199246606213,-0.17425116747170102,-0.06689563805713931,-0.04592995663739353,-0.005157974986507928,-0.05099550678239272,-0.0025518696489506727,-0.10720945680122669,-0.07533086876175708,0.0,-0.3403133830575058,0.0,0.0,-0.06779892031984956,-0.06119771526210679,-1.3498097338457071,0.0,-0.013589855484308204,-0.005692629071937531
Copper products,GR,918.000798443,-0.01608715136263231,-0.04531251823192858,-0.7483084976272113,-0.009739438085761453,-0.005412236371028129,-0.016342099055475755,-0.006234002679467088,-0.011564122381588104,-0.10116075177588472,-0.008863504150431191,-0.05653780506796191,-4.643938565256165,-0.020865223315552885,0.0,-0.010097304337585877,-0.11031371577299444,-0.009141840920975329,-0.013722578474308085,0.0,-0.007050942669666595,-0.01130509772165393,-0.013475948018170463,-0.012194433152229017,-0.051937300075636114,-0.011952647375047112,-0.017896401840402622,-0.005698653563333816,-0.016531267028592086,-0.0020198504526188835,-0.0013066621415033512,-0.0013624809394691898,-0.0032065977155933257,-0.001928037887190741,-0.0034306667816019916,-0.000622015851150779,-0.0027483567609843207,-0.0008437799270940191,-0.004172260555652557,-0.006555269001128036,0.0,-0.012005668689550119,0.0,0.0,-0.0027459957004567904,-0.005623547038527682,-0.09199061482237621,0.0,-0.003089733526115753,-0.0013033878669168008
Copper products,HR,121.863831017,-0.0014465445537936573,-0.0024767203573649336,-0.005436406208954031,-5.287404846180814e-05,-0.00048668123918590316,-0.0011203523990582947,-0.002181621686011854,-0.0006162912539196384,-0.0004236247171243217,-0.00034485629085140995,-0.000612871234030781,-0.0021113721166750705,-0.00470556171793574,0.0,-0.0014092702007578234,-0.005463147400161877,-0.0006861989208654337,-0.001136093257091953,0.0,-0.0007267647775906824,-0.0007722329249083602,-0.0008301002905372614,-0.00032883690816643533,-0.0005531521035278872,-0.0005598777149247426,-0.01382296501616439,-0.000703569672145145,-0.0002848604803426643,-2.764477298800554e-05,-3.000304584536001e-05,-4.0955580393495596e-05,-9.961167974837959e-05,-3.199950993204277e-05,-6.91545573411247e-05,-1.827360893704603e-05,-3.0468292783693242e-05,-1.1589618752397293e-05,-9.401344871483358e-05,-0.0004658551221078651,0.0,-0.00025006286291409424,0.0,0.0,-0.00014273192284142855,-0.0003031331551058986,-0.0009438361010270058,0.0,-8.489363833182768e-05,-3.756113899695924e-05
Copper products,HU,31.9374256487,-0.0022590286563519612,-0.0028302909746139083,-0.0038857940439005327,-6.241787179732782e-05,-0.0007623634431662536,-0.001842791415115261,-0.0005304637547480668,-0.00028537679236611787,-0.000624473303519542,-0.00030989703995887606,-0.0010044742484381758,-0.0008852501124801716,-0.022408287234527365,0.0,-0.0004753941886715648,-0.0038475206667146216,-0.0007451121067668627,-0.0005224048726299416,0.0,-0.00022606081279043106,-0.0009211151278089552,-0.001996478820229667,-0.0002358613334716731,-0.0012835455662002179,-0.00037563005129009766,-0.0015629147115113027,-0.0014228936751731736,-0.00038327950308661245,-3.646726629747849e-05,-8.258994258321805e-05,-3.3228957169458325e-05,-8.681352841616291e-05,-0.00013518683331358914,-7.135637331067392e-05,-1.5572103192977776e-05,-2.9476326044408608e-05,-8.690112977105584e-06,-7.911548028605843e-05,-0.00019082409831218148,0.0,-0.0003939750767279463,0.0,0.0,-6.589208234334281e-05,-0.00023965653788844563,-0.001669507144403315,0.0,-4.2175423429162205e-05,-4.047821232521404e-05
Copper products,ID,4720.20625618,-0.008163335563130196,-0.03613147745489714,-0.046507929596362886,-0.008704108656562954,-0.0071304790109764935,-0.01070460039470796,-0.04832290149371399,-0.033859090386496926,-0.020274178273306208,-0.014693024529357814,-0.01254803516186642,-0.021549663706839993,-0.0082632136184474,0.0,-0.03431713339917041,-0.022904882887163795,-0.011982179886069167,-0.03020431299915054,0.0,-0.03344760040549693,-0.021009732255843443,-0.007647219154609471,-0.006674372410944261,-0.0069511025311871245,-0.008243783777969964,-0.004817716819939544,-0.011001692930883093,-0.01840990456079413,-0.00439127912895984,-0.11730831128527565,-0.015081919910124312,-0.016528193111813073,-0.03035480766886888,-0.006688749393362688,-0.004104139684132377,-0.007157911709093256,-0.0010719306686250297,-0.07132328077945808,-0.012455629405352614,0.0,-0.24100451995139102,0.0,0.0,-0.019251025217268916,-0.18477873173160209,-0.47236057327341874,0.0,-0.0064598476536328825,-0.0076541506487002075
Copper products,IE,44.2601179075,-0.0002672480895027239,-0.0024331829313842535,-0.0005718083378904585,-0.00037564365061159086,-0.00035047458590162873,-0.0005709923228702337,-0.0008963591823836837,-0.0003390053527103919,-0.000565127003182541,-0.0020400246835319616,-0.0006087116098876503,-0.0003677795462619054,-0.00020344295296203312,0.0,-2.0418730814818438,-0.000518530674457901,-0.00027052511441637663,-0.13709386682152763,0.0,-0.00043334413897872827,-0.0014810475158743162,-0.000610850476208562,-0.00047969145162750376,-0.0005841686914609689,-0.00039271341498982987,-0.00015204455011683966,-0.00015033415718484228,-0.014382849127701734,-0.00013798784457301908,-0.00017442166304064936,-5.608396309874295e-05,-0.0002010922450009198,-9.366267944034092e-05,-7.307844602114559e-05,-1.649538424022101e-05,-3.2673904234698745e-05,-1.7700082499113962e-05,-7.961307366966742e-05,-0.0002590549408833056,0.0,-0.00018455751145027893,0.0,0.0,-0.0001438338946236849,-0.00023052352576034306,-0.00031966670820374394,0.0,-8.229340392807299e-05,-2.5880960374626266e-05
Copper products,IN,14297.811393,-0.049029277360071906,-0.1798396436390057,-0.1086816167914311,-0.023891181708527758,-0.02293965610992815,-0.06401053502602495,-0.08099547252739771,-0.05917562204701318,-0.068006901787784,-0.04075716182931693,-0.06561505288330521,-0.04274672076475505,-0.025581342026316508,0.0,-0.05540322343390654,-0.10092244342115601,-0.03859454577402135,-0.06224696000077362,0.0,-0.03605928918785957,-0.06387094590679282,-0.03475686096188331,-0.027364784714569896,-0.02498130826250188,-0.03510887849059322,-0.04668162584838869,-0.017135386725635915,-0.0843753128791375,-0.027716758442521312,-0.145247073390474,-0.07691681565484727,-0.21165907362121272,-0.08282695553868334,-0.14532818096037856,-1.2706368444689082,-0.027580638151675215,-0.002231966577534619,-1.667828194546178,-0.07548407784999275,0.0,-0.2189571363598687,0.0,0.0,-0.4591404575080508,-0.31437704518892334,-15.420965453468433,0.0,-0.08731137504271966,-0.04726354392290909
Copper products,IT,7000.74813796,-0.996348260381133,-3.5256413116851584,-4.241903118280355,-0.019493881331683196,-0.14646758062247967,-0.6437606108643109,-0.14268050318563527,-0.09158931199557974,-1.0156134906277523,-0.20683549242263524,-1.0416564883834305,-0.7158398739408068,-0.3347347196168538,0.0,-0.13337268869437047,-44.73730930407905,-0.12909477399002423,-0.2630965901323486,0.0,-0.04504936527035658,-0.40616035947825946,-0.30984533778618567,-0.10968463983790039,-0.15503472218486392,-0.3597065304480764,-1.5928299316730752,-0.34662900230259686,-0.27934817006054646,-0.03687299668631486,-0.03258646648727181,-0.011966219273327682,-0.06346149818877743,-0.028831906321041212,-0.06219949990349233,-0.004233036226329095,-0.052008280500790476,-0.002637601468754891,-0.056503696136486925,-0.17930120005436354,0.0,-0.1739961068257644,0.0,0.0,-0.03453620886801992,-0.06110039774884851,-1.8111913762277303,0.0,-0.02322118117471339,-0.006670404141046611
Copper products,JP,13472.2633897,-0.13087572923070112,-0.5580339561723618,-0.2457599225326448,-0.04186244322774179,-0.4559605451223022,-0.13448893719963978,-0.23886985682190434,-0.13482581104453015,-0.2334074572835298,-0.44537673249689247,-0.11321357113016871,-0.13246616819096607,-0.035786437042143064,0.0,-0.17850897958336717,-0.21472977085540293,-0.06579423982019691,-0.11830918051321401,0.0,-0.07796811717736,-0.191432542727429,-0.0897577693926067,-0.04859995662094455,-0.0328980132737397,-0.08970515609390049,-0.05761785284945557,-0.051856222338203695,-0.2205736011706246,-0.08918683160770216,-52.71728371415411,-0.036363605413921134,-1.6833143141383964,-0.33692252603570366,-0.11582895275659634,-0.010980263790428152,-0.1559649994343417,-0.004480479993362741,-6.214371018885824,-0.057665862688946,0.0,-1.2130209810587755,0.0,0.0,-0.18167945997382867,-0.14132914082365364,-110.75942731657078,0.0,-0.024078907030563694,-0.030535673532989034
Copper products,KR,20640.3301708,-0.20329838901660713,-1.0111164370543788,-1.177988537505368,-0.06580959433233623,-0.051382560423609044,-0.2183711916509421,-0.1260277988137234,-0.09488750096847043,-0.7788028558398511,-0.15455887179475378,-0.18156265785594622,-0.15692915508133634,-0.046470781815052487,0.0,-0.14030603884612902,-0.3940649136129471,-0.09240373427285253,-0.1633636153104224,0.0,-0.07626870068044393,-0.15734203616430031,-0.19740650040475904,-0.07681045415561193,-0.06258595639484406,-0.07799729925119622,-0.08635532125688823,-0.03552694669906543,-0.24801921382794803,-0.11828360571419695,-1.2376841790519,-0.06006790438478497,-1.1800839021909078,-37.66109434022863,-0.39389893111734653,-0.032914346330399545,-0.21569048160728538,-0.011536588694295313,-2.4850176376070974,-0.05659181732956103,0.0,-2.5196264330547673,0.0,0.0,-0.13079264341909297,-0.16730403475728853,-52.01516806720881,0.0,-0.04098162972112506,-0.03823046486449393
Copper products,LT,41.0363580061,-0.002208396440121424,-0.005927919685698784,-0.002838129506925844,-0.00011848075695283336,-0.002562135824068688,-0.004271585750365782,-0.008559893163793067,-0.09037004190425207,-0.0017335353376484173,-0.0028969519686050786,-0.0029032155069803438,-0.0023419042885804006,-0.0037967797635496906,0.0,-0.00776692706930742,-0.0013879717294764363,-5.575267324954836,-0.01881606015384879,0.0,-0.0023425343880633708,-0.003910172265578582,-0.01900759867755846,-0.0015316724790805992,-0.0023207473848169636,-0.0053848895012565245,-0.012909538029490521,-0.014049933977288565,-0.0013899069236340783,-9.56774921964662e-05,-0.00011433841524591509,-0.00014228116086826854,-0.00042844594466381495,-0.00017225264488042837,-0.00024146908146634207,-6.078968179889537e-05,-7.509329427088658e-05,-3.591806230191855e-05,-0.0005066734607868133,-0.0022387950489527217,0.0,-0.0009885667304031026,0.0,0.0,-0.0005183851327627861,-0.0008027070352033363,-0.00043285209902327906,0.0,-0.0002141868766007457,-6.477186790647623e-05
Copper products,LU,574.461665269,-0.03403379960882446,-0.0899820397800288,-0.9088724150242351,-0.0013354570582597104,-0.024404508282842595,-0.08923487898101566,-0.037271500651124244,-0.022642626053124434,-0.0708640670890609,-0.03465299491378132,-0.23597169067544085,-0.039699530709347564,-0.01490719961522789,0.0,-0.036216456372841536,-0.08459914754376208,-0.011905654894013202,-4.081312418477317,0.0,-0.014082071328026868,-0.08542637273501644,-0.02906246883654222,-0.02372295459703707,-0.017644996120300606,-0.03367453059165731,-0.04097285100525285,-0.02509052674461084,-0.04578615709705957,-0.004016365879494497,-0.002832428655951018,-0.001845442003105208,-0.007365882470670226,-0.0026940382081935103,-0.012387116661644514,-0.001538802983233988,-0.007727782061934628,-0.0007277096604306557,-0.009369656499493912,-0.015200852955401018,0.0,-0.011253193543284336,0.0,0.0,-0.008182881525601511,-0.04659672005736277,-0.09456407734846187,0.0,-0.004734216566712977,-0.0020658697723266294
Copper products,LV,111.148011083,-0.001047989585138251,-0.0040219931265532815,-0.0011062933480668422,-0.00013278688292459604,-0.0004051057289681141,-0.0008664899033286695,-0.004080645056655394,-0.05813038180497514,-0.0004927067345939907,-0.000968187861609345,-0.0013007440875800593,-0.0019790841656146057,-0.002071375267915086,0.0,-0.009376907374131417,-0.0002864845626570108,-0.027464562624952744,-0.009594086456503784,0.0,-0.010745349881793376,-0.002985931103649836,-0.0029283724072975774,-0.0005755816431974133,-0.0007908942365064652,-0.0013391432704307296,-0.0006750521274674282,-0.0012455168015162524,-0.0010324882230223244,-9.226656149499404e-05,-0.00010101747220065318,-0.00011366603807913526,-0.0006380228306714076,-0.00014134776722750527,-9.868717028152328e-05,-0.00010371490850032547,-0.00012847728806193587,-8.239084930037844e-05,-0.000994948434994887,-0.0031581414594888673,0.0,-0.0002429680312692317,0.0,0.0,-0.00031230907610797586,-0.0007181165018492158,-0.00023355917603798128,0.0,-0.0009184263715218713,-0.00017056545623114056
Copper products,MT,8.38478951161,-5.247892499244956e-06,-8.39405013912164e-05,-1.304023912010989e-05,-2.7840527312570647e-06,-5.604417067094675e-06,-7.87275855778335e-06,-0.0001423278717302104,-9.685540990223721e-05,-6.243418086636018e-06,-3.3549227354894714e-06,-3.0088093599136373e-05,-7.760384841682243e-05,-2.994899404749711e-05,0.0,-0.00039448274780821507,-4.8601504139095746e-06,-3.0439456123433492e-05,-0.0003968727773216375,0.0,-0.049528096526690255,-6.656052770955426e-05,-9.390728806138572e-06,-6.127756399386911e-06,-1.5737020715201915e-05,-1.026871161982185e-05,-5.076923502314853e-06,-2.526501228989357e-05,-2.2057140803551675e-05,-2.5412068857753657e-06,-1.2768576806689197e-06,-1.505662538892106e-06,-2.4216919976256127e-06,-1.7241350255823987e-06,-1.7822230971017732e-06,-7.639178295337742e-07,-1.4812817352101449e-06,-8.09427913684256e-07,-2.1830707940700083e-05,-0.00012196954544651047,0.0,-3.3502683962904405e-06,0.0,0.0,-5.383848513716564e-06,-9.669795248592816e-06,-4.141451699498061e-06,0.0,-1.827444185823754e-05,-4.382897244636566e-06
Copper products,MX,7762.6162524,-0.056148598755406336,-0.21085996438535412,-0.16312714802537182,-0.009127205343089303,-0.023787575742342696,-0.10644159525489605,-0.039997882101731726,-0.03513298384246717,-0.12595562471348243,-0.03878824282484306,-0.07418048365337102,-0.06361322542434361,-0.02466780112238009,0.0,-0.07694590642916452,-0.12154329572392805,-0.02377183282297155,-0.06882882673642025,0.0,-0.027786492915044106,-0.05149346790735199,-0.03435619521951605,-0.035591958239747465,-0.021452207264678985,-0.02988604139947971,-0.07021569286528971,-0.01947628950065017,-0.06672162241277874,-0.20592934211842095,-0.04881634146915309,-0.03232217902146732,-0.1178395323769728,-0.07358742973347385,-0.06130286561236825,-0.006111934534736364,-10.000122270669786,-0.0019000409765117634,-0.040764064614234076,-0.03305013913362071,0.0,-0.2260137907678894,0.0,0.0,-0.05063246794910929,-0.06997366875132448,-0.7894831095062098,0.0,-0.009451990003229301,-0.004957540877822999
Copper products,NL,2370.96676435,-0.08784401240641175,-1.4813756219561383,-0.45817612660361795,-0.004325122685677604,-0.032979801452432,-0.22740237832221816,-0.12131245931628344,-0.04588326670907055,-0.10930897961294309,-0.08226966153611738,-0.21152849740304452,-0.06670867475142353,-0.032302946034132675,0.0,-0.09648514556445588,-0.22030696933543525,-0.029536503219429404,-0.10613089285439457,0.0,-0.015617391123195604,-8.415725413216101,-0.04481891525694179,-0.024815777203335887,-0.02762916281893566,-0.14487121401454503,-0.10048092838117424,-0.026159726510059805,-0.08511996922728597,-0.00712299307265353,-0.009047431884792921,-0.005714662456281563,-0.042430417997790675,-0.006722230568795141,-0.021762699944311837,-0.0018468170378190618,-0.018074511881857446,-0.00156635977897111,-0.12936083983676805,-0.02693637214908735,0.0,-0.18099693633595096,0.0,0.0,-0.014434030897237464,-0.05168880986355257,-0.3124579065731326,0.0,-0.00948341901959002,-0.0031185066403244836
Copper products,NO,640.271879395,-0.020666043715867763,-0.08833871167285244,-0.11300979074919058,-0.0007938212842927125,-0.006158726782847134,-0.05449575089790789,-0.7091338353129415,-0.025165948003377955,-0.012249446818655477,-0.05291890691626669,-0.05717769860675466,-0.010280930874599548,-0.004187187035050793,0.0,-0.010763565749695734,-0.05649151969779575,-0.015675303610644082,-0.01067272014150864,0.0,-0.0027917393338402897,-0.030219521341980495,-0.01428033499012971,-0.004054010678829309,-0.0044415058274539735,-0.22533495719490493,-0.009877405969365113,-0.007210473047881794,-0.026769291766106314,-0.0030312860349749173,-0.001987949149815911,-0.0007375616190490831,-0.0753138411638306,-0.001475645899471406,-0.00806192426845948,-0.00024213245928184782,-0.002905847259254847,-0.00017351078082483736,-0.012036838776533191,-0.004414987681782591,0.0,-0.012410094605418887,0.0,0.0,-0.0022412221008141376,-0.003940474635539403,-0.09812068438036754,0.0,-0.0006672604904342815,-0.0002732539245670071
Copper products,PL,1606.47273409,-0.10669679121323132,-0.3967519781546344,-0.6848077340731564,-0.012482565411756618,-0.1750318672695575,-0.2713706671556685,-0.13621560081480436,-0.29778389948317247,-0.1264420635219779,-0.06040570275152592,-0.1283855762105207,-0.07925887259030658,-0.08691802536756012,0.0,-0.05009600787428444,-0.29294710220911785,-0.14686472393184055,-0.0796911636960339,0.0,-0.01902759470402756,-0.08174758257469843,-14.881036190112747,-0.02957880196538236,-0.1023664739159728,-0.14455898180387064,-0.24631938738417583,-0.14912619362287857,-0.04538454202505587,-0.004416848707484823,-0.007055094354917442,-0.008733176473764094,-0.010565613331285724,-0.010796058195597254,-0.014496376445839601,-0.0019883087766569313,-0.005059749188307734,-0.0008624552331262127,-0.014261829551404821,-0.032130737367636636,0.0,-0.05035205087874823,0.0,0.0,-0.012091351856281709,-0.05103633848373627,-0.2585686411210867,0.0,-0.004889980911045265,-0.002867505376911793
Copper products,PT,314.62833477,-0.020345974543812,-0.12735623672219024,-0.07645103251652677,-0.0009347438606610431,-0.003892884159585691,-0.026673832108288942,-0.006415053778370304,-0.003031610049785441,-0.33444708125811645,-0.00587309310582845,-0.05557122556021611,-0.024299727862655798,-0.0032072673694944227,0.0,-0.006986447924011472,-0.11958918067799142,-0.002870081410943185,-0.010407303643026626,0.0,-0.002764306442695939,-0.01138791872454188,-0.019688726480411735,-1.4786940575879883,-0.0027754062162504414,-0.005637818215740669,-0.007865366864962668,-0.0043582346136008645,-0.006394326994732344,-0.0007051120464650472,-0.0007605116367256861,-0.0005024153452036078,-0.0020764220471753835,-0.000631529304180108,-0.00411798811101314,-0.0001671609008273254,-0.000854597848630187,-9.285075017868288e-05,-0.0013681000246176553,-0.003129694329600947,0.0,-0.0056960770564203405,0.0,0.0,-0.0011449383972872936,-0.002675009923148209,-0.18609661699893015,0.0,-0.0011501818112637629,-0.00029026421956241256
Copper products,RO,1890.2920371,-0.010449696938689036,-0.1562616568031315,-0.06765844563865143,-0.001406522405320424,-0.006929056616871109,-0.013240722356972112,-0.006689843213535563,-0.009726792601547797,-0.01401426508646992,-0.00352372823297582,-0.013611762072209634,-0.04916066192085051,-0.014652562834594084,0.0,-0.007833007252503528,-0.06530808764882017,-0.005876084397743328,-0.012783092732975286,0.0,-0.019367962315421542,-0.007812637652266226,-0.00886430963557227,-0.004719577891604254,-3.717099636775947,-0.0036858970819322154,-0.009327925334919272,-0.009407015664576183,-0.005419093294802101,-0.0005271101238409527,-0.0012282400882456007,-0.001144992698709999,-0.0012391458644542574,-0.00217756060325789,-0.001952582371764918,-0.0007904200211373769,-0.0008483250879493082,-0.00016878227632958904,-0.001515453120548585,-0.009477479737325493,0.0,-0.0029117652117887213,0.0,0.0,-0.0014257778251729322,-0.004419535303900834,-0.012761545301384444,0.0,-0.0009333136784672862,-0.000609233056769284
Copper products,RU,10959.7511128,-0.00854520710534576,-0.01451049917167731,-0.020362307037537497,-0.02839571752948651,-0.014386204538374917,-0.012195649099181053,-0.01208354903318513,-0.08259155314438035,-0.013227713082472092,-0.020541610012352617,-0.00984589182071689,-0.021491575750446242,-0.01865075482474475,0.0,-0.023902849396749658,-0.014118107085738539,-0.08002929311712642,-0.015170556437543161,0.0,-0.030174003946609795,-0.009812734959509158,-0.01988557669355102,-0.005115701082809019,-0.01047322355900698,-0.006078631576693969,-0.01577208378335167,-0.021611450886242747,-0.007997542013226167,-0.001535115249053768,-0.004260246009476894,-0.0033071568707246047,-0.003699306978372952,-0.006170402027249113,-0.004183943893258662,-0.0013518629499830721,-0.00215393139783065,-0.00013331515597893895,-0.01051721085811306,-0.011700497859317545,0.0,-0.013838763336045648,0.0,0.0,-0.005379452436289457,-0.044638880659341185,-0.01806679083365389,0.0,-0.0030157895812573227,-0.0012048800316410517
Copper products,SE,6033.99082444,-0.04532402274939556,-0.15175883860810352,-0.12028701149644114,-0.002741836088439517,-0.014196115313617984,-0.0717802063037292,-0.3348871648022402,-0.10834712052661385,-0.02644202404179136,-0.21650273587196603,-0.06343356958114817,-0.03967329468913142,-0.010982553612902514,0.0,-0.042120682183601356,-0.15090580100301118,-0.03449674327241036,-0.02601118120183183,0.0,-0.013811858977436255,-0.09519984433134554,-0.033028188114997706,-0.012231179077955531,-0.016398314005141957,-3.3411461325241865,-0.022063971602294705,-0.017772108205341915,-0.04936048206777798,-0.0057188947068419265,-0.0044605567722519925,-0.001971971837339608,-0.01843426688618276,-0.0025847671650728256,-0.03364334543586014,-0.0006806778852122443,-0.0029124704156734825,-0.0004805392275566504,-0.021964758969286693,-0.011259538950660158,0.0,-0.01680786048595616,0.0,0.0,-0.004718781431316018,-0.011833581732499215,-0.17032685470171466,0.0,-0.0017940146402004717,-0.0007164199433482476
Copper products,SI,233.173091421,-0.007532932280908036,-0.010654229220955335,-0.012821638608043771,-0.00011012573939260696,-0.0013813225873601086,-0.00487809549926466,-0.0016845025768422736,-0.0012144303510915728,-0.0023082667317123767,-0.001370267429048565,-0.0023692087269139507,-0.012453689552062282,-0.21759581418041885,0.0,-0.0019641202827093023,-0.03234930088470456,-0.0012903427546173065,-0.0024423503074293765,0.0,-0.0013137727198619616,-0.001984579349810681,-0.001954908053087803,-0.0008682657414876869,-0.0011908082823090466,-0.001185027466097512,-1.93597702901086,-0.004317738257663285,-0.0009706511551020297,-0.00015316843253198657,-0.00014914701093470215,-0.00013112500712881466,-0.0010669061558506582,-0.00011877356180295849,-0.00026121168726119285,-5.455477907833132e-05,-0.0017748307885612955,-6.027340859219034e-05,-0.0005652424551308914,-0.00109443550859154,0.0,-0.0033286766525552486,0.0,0.0,-0.0003052303554796037,-0.0005686676976741835,-0.005057083831127673,0.0,-0.00016277858216274185,-8.396941092027679e-05
Copper products,SK,2016.62965054,-0.027754613800735014,-0.0262550621100549,-0.03294447353877894,-0.0006389164069051928,-0.044872040667536785,-0.016518466137476182,-0.036904925198880265,-0.008941939889939158,-0.00988391807308413,-0.01920343361554784,-0.01567540102171178,-0.023750097449709847,-0.02686153569269343,0.0,-0.005629755918099075,-0.06321366999837838,-0.006071638255554343,-0.005368536533383707,0.0,-0.006008138387745163,-0.006174541626061458,-0.016245366133181595,-0.01943307054439737,-0.006997144923093837,-0.047369076566704894,-0.044688938745954865,-1.081933207089424,-0.003402975174733241,-0.0006657235454053856,-0.0009223412423430683,-0.0004905076174048127,-0.0072808940436525525,-0.0009265999022154721,-0.000980324953690377,-0.00024357032307713693,-0.0020109029871274416,-7.706954644818607e-05,-0.0008616635845255972,-0.003764838892735073,0.0,-0.0031894906900062094,0.0,0.0,-0.0009158560709950786,-0.0026549604531351835,-0.01764114472498263,0.0,-0.0007650345842757072,-0.00022075239568929402
Copper products,TR,1627.89721251,-0.044105340800609995,-0.23224409725084058,-3.8284054671360708,-0.010749038434062374,-0.021328520619950976,-0.053389440286335306,-0.01994557429450623,-0.029229799594710837,-0.2125055759204242,-0.014472945836136189,-0.13048612841250914,-0.1850635029741834,-0.05899717845699574,0.0,-0.020134920122697096,-0.20856314170936135,-0.026506986429740104,-0.030260779996935844,0.0,-0.013527771284565726,-0.025839908908433164,-0.09454542165662067,-0.015716315155022108,-0.03718025259372012,-0.01414170338739869,-0.04121137505408383,-0.01751533356961557,-0.033388053607190576,-0.004510284410779269,-0.024504817522009118,-0.0033479548864456896,-0.00941691834440864,-0.014489198964862228,-0.014878788212430303,-0.0013103107835031704,-0.004492225936714626,-0.0005633047776448043,-0.020702344154625192,-0.01056460710714591,0.0,-0.09682536535083375,0.0,0.0,-0.0121628039666621,-0.011816513399001348,-0.3609932315374394,0.0,-0.004209521127927991,-0.0030912988052252924
Copper products,TW,2524.44384113,-0.015586632604379116,-0.06411564554631052,-0.49396936365511684,-0.009098906174201574,-0.009847827663352899,-0.0322279295475302,-0.017479007795503716,-0.01848324365687528,-0.05903583451872307,-0.01655311816460886,-0.025745856130352726,-0.023131204285138828,-0.008505441185040853,0.0,-0.024172815446387334,-0.08883539524814396,-0.032459408979482345,-0.015489089154600504,0.0,-0.01010355979073192,-0.02917350085632606,-0.045090951512041386,-0.012474346085757461,-0.013712124156569933,-0.011869293225205435,-0.011799720864651765,-0.005856002331302969,-0.04058278418891333,-0.011272778960228685,-0.14785050846795403,-0.004265270600453028,-0.018877226727197376,-0.08526474529785885,-0.04395378236424457,-0.0037868684520686083,-0.030089591481995182,-0.001903257254207242,-0.10577846703124094,-0.009981906244249288,0.0,-23.07417250706589,0.0,0.0,-0.02878320753837945,-0.08769072340496241,-1.3302382173673253,0.0,-0.005967576547137096,-0.004757709368396433
Copper products,US,23498.401874,-0.41947863274520075,-3.6408644571200623,-3.1572281264218036,-0.04088067924644131,-0.14748159586437784,-1.1752773057795798,-0.2618457697853993,-0.1647088313797019,-0.4499738123949559,-0.5565857416633616,-0.7637153795769576,-0.798342821290145,-0.15151291962518626,0.0,-0.4929415511270515,-1.6169909833842908,-0.13667307480469756,-0.37624131998118415,0.0,-0.10778695718160497,-0.5647001734718442,-0.24714921411735813,-0.23454615861861872,-0.10230060642853724,-0.2736116371417578,-0.29902625243693026,-0.20607821565245094,-0.7044056015183643,-3.9340881995494916,-0.5752642537432636,-0.08786699328648193,-2.27744155010258,-0.5179470240138606,-0.6520028301375428,-0.02594561640863004,-2.0406390890974895,-0.02707964514634612,-0.4517829640457035,-0.17132508728792184,0.0,-1.3936571692477577,0.0,0.0,-0.6886896100161587,-0.33936263165002467,-17.39406899940798,0.0,-0.040697350909815404,-0.025436845261822442
Copper products,WA,11254.8538271,-0.19796802628412755,-1.4538579210127731,-1.5622117887828908,-0.05596829409272557,-0.09964209893062986,-0.3742181081183501,-0.2089741669505234,-0.13710304846079804,-0.5022216260350937,-0.22831467364240318,-0.33207550338444525,-0.20686429902133682,-0.07366356204212922,0.0,-0.22261266640418276,-0.7760944820356513,-0.2052363190920184,-0.2213998046335598,0.0,-0.06636557862438681,-0.30008797646898205,-0.15811163609919646,-0.07774906887132096,-0.11522616631742139,-0.2969019831516804,-0.11956671494689236,-0.0737927521730221,-0.4435127813416166,-0.12132632999008877,-3.744002584702304,-0.1328648408227809,-0.32690313565849,-2.5035609845878626,-0.16624146492563951,-0.04515738069658082,-0.18352874841271635,-0.028169244765070718,-2.689590525576519,-0.15432161524192697,0.0,-5.087683950193167,0.0,0.0,-0.5349469853882948,-0.30383588642407344,-17.191928363886916,0.0,-0.05042986592124726,-0.05210618442196073
Copper products,WE,2512.71822062,-0.11846397219994562,-0.32472801444852595,-0.4868175862352762,-0.011453526271687676,-0.04951037144224884,-0.059087563019960015,-0.026414885861769054,-0.09506952570509551,-0.028377471939539878,-0.01878931137451331,-0.03035700322017988,-0.16382900451520666,-0.801556899138049,0.0,-0.01614004059740394,-0.19554958529929517,-0.144829515696685,-0.03324826457330111,0.0,-0.010064119505915122,-0.024313891600958346,-0.08058836790620558,-0.013366393466406638,-0.04723021926740507,-0.01823784059505091,-0.2527545447823212,-0.04248010857053485,-0.013655986507468715,-0.0017593370941854775,-0.002579142588590633,-0.003899630461740055,-0.0052927765072498245,-0.0031619008477212366,-0.005705536498356057,-0.000781831403072858,-0.001874255948115117,-0.0005958986309795982,-0.007125412700081115,-0.012538321861582633,0.0,-0.020996887225283218,0.0,0.0,-0.009328165734519023,-0.014091366005427855,-0.06810550243883219,0.0,-0.0020941265639287886,-0.0012374501183621525
Copper products,WF,4649.49551747,-0.12263734536853933,-3.7043624501909966,-1.0254414209557001,-0.016517550511617893,-0.03290679161837149,-0.15197403509706153,-0.04919148368458699,-0.037340207772879955,-1.8913853809081218,-0.04881589532395694,-0.5763357726814831,-0.2744021341548303,-0.0472228821925852,0.0,-0.05731012470461624,-3.0211228956061817,-0.04584494681180661,-0.25642221865168374,0.0,-0.027531413443761036,-0.11129472705163053,-0.1311499693346299,-0.17040085999761218,-0.04044909553502595,-0.05285388577956414,-0.13764861283748947,-0.04628930371866354,-0.08585671137075994,-0.010708962201156368,-0.014162189883304283,-0.013549236178277807,-0.023125628249497696,-0.019657968994581283,-0.03721581055503072,-0.006420284825843874,-0.011866918864695116,-0.000937514993562668,-0.03663622567324771,-0.03518161304528716,0.0,-0.16952288117360556,0.0,0.0,-0.14905589528001548,-0.046441013506846325,-1.2831870722159304,0.0,-0.6854124936598442,-0.011640972940829289
Copper products,WL,26594.6169905,-0.3885218864983066,-0.6480535429957446,-0.9714600917973096,-0.4077490010555471,-0.35808553864426906,-0.5721151291095747,-1.1160156640319343,-0.5706715331690821,-2.064250818970804,-0.37163614959244284,-0.5322571409749386,-1.3029273609700454,-0.26660717052752836,0.0,-1.2580208304128213,-0.77952893235289,-0.6824206915699655,-1.3156707773125111,0.0,-1.158037778875688,-0.8055178597009404,-0.26514977917724436,-0.9446815783933457,-0.25436826458710887,-0.3333776539861198,-0.32767334380425317,-0.13892200115305925,-0.7885951493882178,-0.5470258647698392,-0.24677616903351401,-0.23486196174070206,-0.5642652049523531,-0.39529263919164526,-3.73495276077466,-0.06954183654276819,-1.6835137790381507,-0.47123803230252,-0.8321593828912477,-0.4059153531524739,0.0,-2.1462038800085583,0.0,0.0,-0.3070878941175728,-0.3497953161195719,-296.1770780213595,0.0,-0.22381365529506017,-0.0901426726045875
Copper products,WM,8058.25087619,-0.04557968667741173,-0.5456532780034566,-0.9300589148990023,-0.054433491958117294,-0.025616472291940893,-0.08416333931737507,-0.03935019247099767,-0.046185601097192795,-0.5050195171517081,-0.035836120496131496,-0.13549763296541542,-0.1432932988429983,-0.02817519762533126,0.0,-0.048003884596549425,-0.35686311611081806,-0.02916401408407657,-0.07641058209804201,0.0,-0.02068017193950459,-0.07154536230470206,-0.05974468357170405,-0.03914182795640402,-0.03475570628677321,-0.028260220034170253,-0.044397609566551345,-0.01751228696371658,-0.09627093565092229,-0.013313737151703255,-0.03404212879932476,-0.012432305777801167,-0.0243053149264382,-0.059077070264276,-0.038371896948677466,-0.020160927648321475,-0.011503630894124388,-0.0007833561045709687,-0.08777078336694145,-0.036193438132172684,0.0,-0.21809016696230946,0.0,0.0,-0.14974752316604364,-0.03012590527889487,-0.8269236889069164,0.0,-0.026116371384505076,-0.08379716485371083
Copper products,ZA,439.640794742,-0.0027575203271925546,-0.008482971785056356,-0.011556333621348289,-0.0007199590521306456,-0.0028409698630681946,-0.005352785980157984,-0.008154788597362492,-0.004048091645600157,-0.005863693713335395,-0.008291882547481155,-0.005304540081596498,-0.007537615230200019,-0.0023244056138734875,0.0,-0.013015697604398687,-0.04596723434609762,-0.005383568949143062,-0.0091798863076587,0.0,-0.010040564177381611,-0.004596197931697615,-0.0044376068480749264,-0.008420453489551389,-0.004756971708067585,-0.004071546354498517,-0.002273142927866774,-0.0015615280310907738,-0.004610542520259122,-0.0010221993215107446,-0.0014413461018499315,-0.004204424649598078,-0.001189443723639386,-0.0014152552068503912,-0.005688226046325385,-0.001069865413976802,-0.00046589890993681575,-0.0002660335573968773,-0.010225758633832694,-0.00349648483524182,0.0,-0.013548845406330797,0.0,0.0,-3.2270195456684263,-0.010236962398909038,-0.003290011116114771,0.0,-0.23012970037420183,-0.0023342239956098826
Electrical machinery and apparatus n.e.c. (31),AT,16604.4848932,-26.250198746782637,-0.42111936779746256,-0.38481081317065,-0.021782058633891557,-0.6342870776012106,-0.8343473066750495,-0.25329082331896363,-0.1380430679419536,-0.18125131978827316,-0.10019561992234807,-0.3980173483354498,-0.30012061439052995,-0.70256671154915,0.0,-0.22930919287230986,-0.38155620286011954,-0.17180283531908863,-0.5414027679454899,0.0,-0.10945036880230848,-0.2547928658748619,-0.4695759970528011,-0.16403648246485017,-0.2795850475722104,-0.15997760042765505,-1.9634890855472122,-0.82013953324968,-0.13477808999496574,-0.01792155239399642,-0.022080511416771396,-0.023112577032630807,-0.03386760930500529,-0.028722084272708247,-0.03367262900134639,-0.009832084207721413,-0.01183899338914638,-0.007027037824187083,-0.04881880278048037,-0.31711402276258555,0.0,-0.07239999106458718,0.0,0.0,-0.0671689398794626,-0.10945926507376286,-0.1154488919431024,0.0,-0.019387005607343362,-0.008995332128342595
Electrical machinery and apparatus n.e.c. (31),AU,21762.3315085,-0.026520934641237434,-0.041488099150321825,-0.035418194576484985,-0.009831971820325133,-0.016701110119766112,-0.03633964786179955,-0.037115816752520424,-0.025851383190818544,-0.032507901173551845,-0.030009708518940092,-0.03476167798719083,-0.032135514366869844,-0.014696299324433339,0.0,-0.07939702636097816,-0.031414727182015344,-0.021429137635933546,-0.04480962604360545,0.0,-0.022085903590147855,-0.029465400361906497,-0.02227748715303185,-0.025673461258530733,-0.011179940489781482,-0.02446608937342008,-0.02246083601714996,-0.00750402893629628,-0.05199351044814508,-0.011998341499000567,-0.031512240764747686,-0.03233260139840442,-0.013847605611654523,-0.043438282120289225,-0.010580624121423018,-0.00563665415842888,-0.007081580860096476,-0.0010088074988439102,-20.25283247985909,-0.02678958091627043,0.0,-0.112896060617873,0.0,0.0,-0.05433138840802414,-0.11605518650410832,-0.1049551241630089,0.0,-0.006017567894789151,-0.006059500361926413
Electrical machinery and apparatus n.e.c. (31),BE,13260.8882506,-0.09774643908303998,-17.866623015243825,-0.19344070721277748,-0.020518243679393023,-0.13659736234936345,-0.2348113549244753,-0.1413633963751829,-0.15567275182806087,-0.1465014530511086,-0.07816692155887486,-0.49211626170820694,-0.19282733518262196,-0.10171631225674349,0.0,-0.24508280283914477,-0.08764694238582216,-0.15029561115736173,-0.24456881868367913,0.0,-0.06834302854622214,-0.37428476834454205,-0.179666943001345,-0.14528075914241617,-0.09934234026241856,-0.08913692137111634,-0.14273437163537173,-0.08421046518173252,-0.15569605777784987,-0.016436616455026594,-0.01994341223410374,-0.02169167446270529,-0.021628462047703065,-0.021939177669986903,-0.028716308134467603,-0.008038725005079293,-0.014349249834112964,-0.0035291592701568565,-0.038220614645985786,-0.09825046997745183,0.0,-0.06737839362611688,0.0,0.0,-0.06877448546805227,-0.16879511269176933,-0.049364434038061566,0.0,-0.024800439132135633,-0.009463684571654467
Electrical machinery and apparatus n.e.c. (31),BG,1897.52514164,-0.01289405094767262,-0.016336349177766836,-14.060645639181484,-0.0015111769151237694,-0.016440360485089192,-0.01704782941968209,-0.011631457235472917,-0.026683406023261604,-0.009998283868401469,-0.008768018209043547,-0.01643137092402459,-0.2735524685172486,-0.026022798352700438,0.0,-0.03707747033238457,-0.01331707497908092,-0.016942650011367823,-0.03314505123556751,0.0,-0.03279093093402169,-0.012072223117029568,-0.02224082903455919,-0.008021297232878935,-0.08097649757578104,-0.00786832134885701,-0.03776014043941414,-0.022467124573565735,-0.01070068352201301,-0.0012174919461305199,-0.0009889414430255693,-0.0021446897094554145,-0.005784984226224771,-0.0015415550138502183,-0.0019747058369373248,-0.0019248235040281692,-0.0015551936146988917,-0.0006014431827274503,-0.009661846591095747,-0.016516788952871345,0.0,-0.005246088824924691,0.0,0.0,-0.0049308193632936325,-0.012121235831170588,-0.0027967555888749464,0.0,-0.003702408470014966,-0.0011808844292461012
Electrical machinery and apparatus n.e.c. (31),BR,21208.6842128,-0.05051857124072687,-0.13526998643281915,-0.0411562643054871,-0.016290018504174282,-0.025870921766606072,-0.08301456192453661,-0.058032092014649296,-0.0285535788864193,-0.08123995990525587,-0.02730555067551021,-0.07787576997492227,-0.02675620246638652,-0.02764815148604574,0.0,-0.05073457187135744,-0.05987018243773318,-0.02013148557816428,-0.10985788554697976,0.0,-0.03406458729034271,-0.07011474096182875,-0.027766014445905696,-0.05532150522947552,-0.021125019703132412,-0.03316586256241564,-0.09844787536268701,-0.017447758811269722,-0.04924981849105054,-0.02672936892633936,-0.021901565710041298,-0.04516863889779851,-0.024058758069609425,-0.03674528027853856,-16.685114466028626,-0.00988248470803901,-0.03147629895972559,-0.0029423919966182913,-0.08551649514071599,-0.042404951848320785,0.0,-0.15010198027894928,0.0,0.0,-0.30637799491086265,-0.07828930078772717,-1.2961137186928835,0.0,-0.03925134829586184,-0.009582657105825497
Electrical machinery and apparatus n.e.c. (31),CA,10605.1873445,-0.22701260520661412,-0.6062584650631118,-0.675898868196702,-0.028466086984078678,-0.14612608176664763,-0.38771188274795343,-0.22606104316556755,-0.18980322122676246,-0.31088480626223775,-0.2543460824312115,-0.4407547215469517,-0.266529824260259,-0.17154652831444034,0.0,-0.25015603028781486,-0.36307997500936423,-0.10425515169363865,-0.24245958646144466,0.0,-0.08491592971139102,-0.24768698048914187,-0.16842620821070892,-0.2164928344236709,-0.10133521958257218,-0.172446193432213,-0.5515692410190711,-0.08023964751753096,-0.3710684818690157,-0.9515507697984662,-0.1875396476000189,-0.1417673266459516,-20.18030271410202,-0.27432990344396996,-2.1410862576436545,-0.029363793481085712,-0.6173624816009737,-0.007810687619647385,-1.2412990085566804,-0.15020079457777763,0.0,-0.7274110148720415,0.0,0.0,-0.3314337479641272,-0.3018985339455699,-3.28766768935612,0.0,-0.03263067818027058,-0.02333869261770066
Electrical machinery and apparatus n.e.c. (31),CH,21506.2408562,-0.62850846610132,-0.912522621748667,-0.4908152949393523,-0.025374564464864878,-0.31672613777358827,-0.953044450896949,-0.26852643535779974,-0.17604533099735578,-0.2625845276254195,-0.15381329517178594,-0.8732471807779847,-0.16495531941584776,-0.2770931320429458,0.0,-0.5458810565371923,-0.7321134378918364,-0.16751394370828981,-0.5903195973269239,0.0,-0.10500539228197833,-0.2754329911085183,-0.3662015693980049,-0.19424759248044224,-0.15829134797292788,-0.17029745359771564,-0.7403771610837487,-0.2530672581344796,-0.20163981407200463,-0.03350961250474795,-0.036377466394951166,-0.04914738205651033,-0.03389749050461821,-0.03548673707300165,-0.045650929309600866,-0.012759701859538636,-0.024085020258442395,-0.014566380281710523,-0.07677196904389476,-13.221944542785529,0.0,-0.11799703532417097,0.0,0.0,-0.1022509626921747,-0.5036324960483333,-0.23044014475866592,0.0,-0.044007009861117545,-0.028001136814672832
Electrical machinery and apparatus n.e.c. (31),CN,1208524.15293,-29.52179869934718,-65.51590478507562,-125.16168274670153,-5.502796286844367,-22.824621764203066,-59.76788025529982,-34.322418276999215,-26.32170399628216,-37.117738808068985,-38.11087665184491,-45.17654962588621,-17.356445358985262,-21.79702851163196,0.0,-39.96762597503033,-37.22930734990646,-20.637003781825687,-38.27339349266162,0.0,-18.260555121105753,-24.017224537840388,-28.908117460826585,-17.28600604473848,-17.945198394011612,-18.731713772672688,-40.71139680787426,-10.214820602661831,-36.67824450735668,-16.068705070732936,-109.1974378735927,-306.00086017156553,-25.033607037885528,-135.0580603016698,-35.09405398142232,-4.496891560355913,-15.888055679187532,-1.219317470136725,-139.51894003355832,-30.932279170644215,0.0,-34.94162053653163,0.0,0.0,-207.79748119367656,-148.36372304006002,-893.695076411448,0.0,-8.011311828965187,-9.517597505889022
Electrical machinery and apparatus n.e.c. (31),CY,108.649210597,-1.9729693295282566e-05,-6.445834103338e-05,-3.088435380438812e-05,-1.288945376637197,-2.6162179138048418e-05,-3.2372949461217514e-05,-3.656688259383575e-05,-3.7373073994644345e-05,-3.7230395916612816e-05,-2.472038372691726e-05,-4.353951807213668e-05,-5.170148655399917e-05,-2.2100494864341123e-05,0.0,-0.0020236365145146484,-3.3623732071357575e-05,-4.044423395076548e-05,-0.002038230636473446,0.0,-0.0014983781077976882,-0.00013632384670209178,-2.154417592679093e-05,-3.280036610582953e-05,-3.384122713912928e-05,-1.9152674736174877e-05,-1.63318469110071e-05,-1.0044726824081902e-05,-0.00010662594540606482,-1.677971890788198e-05,-2.1576539318608047e-05,-2.2312120677327678e-05,-1.6780219314900305e-05,-2.5103405526756093e-05,-2.43664141737336e-05,-1.4541295130772304e-05,-4.535011375909359e-06,-4.0014748888382595e-06,-5.271591776152048e-05,-4.004456729268118e-05,0.0,-9.697534777736772e-05,0.0,0.0,-6.048392658712652e-05,-0.0012818561423821016,-2.9856799786555577e-05,0.0,-3.5563413678396786e-05,-0.0002217742601364872
Electrical machinery and apparatus n.e.c. (31),CZ,18028.7322397,-0.8364984943731605,-0.6194069170549822,-0.730778395325303,-0.05393149670525942,-25.382722610942974,-1.2310567247144248,-0.5393266775115891,-0.45622006987051833,-0.32954367606513957,-0.18281389337455808,-0.7798781548151179,-0.3252647885745402,-0.803533324390225,0.0,-0.5590244471333521,-0.4683418422959779,-0.46585735612288953,-0.7277391479674005,0.0,-0.15798357019179798,-0.3325008247943274,-2.340611861078563,-0.2740391289233249,-0.5235935884908225,-0.3360939361856435,-2.2436681688516886,-1.8989259198858508,-0.2645254263090007,-0.025528974364043264,-0.04337908571346226,-0.05476389656667035,-0.04908850794423891,-0.06806908748075094,-0.050040716574813224,-0.01578732514046189,-0.02337417353173843,-0.006463189024389924,-0.07302537996576841,-0.30312417492835364,0.0,-0.1498178746898838,0.0,0.0,-0.19355896371763912,-0.34792544987789153,-0.19358294408909477,0.0,-0.03467664853136006,-0.01861632619234665
Electrical machinery and apparatus n.e.c. (31),DE,157062.589973,-3.5101697299749373,-4.4652618201503,-3.9816687272396862,-0.15866746971924167,-4.624218736016945,-30.0917186880854,-2.1620509572946567,-1.3589302667548446,-1.9651415752483339,-1.2631027017089915,-3.6427810220716124,-1.2417814911147418,-2.968997736292442,0.0,-1.879757511714285,-1.830383393816471,-1.4673856435444235,-3.238953736686017,0.0,-0.6707778023708428,-1.8227964396147769,-3.9869879140986613,-1.7198085672742316,-2.6484175750039216,-1.4009053015396522,-4.5091423997171445,-1.9615320522045798,-1.3457292364312565,-0.16247412360788346,-0.26538971623791047,-0.26954180820139967,-0.19544757242430855,-0.3051168237585901,-0.2515777767451059,-0.07232351054815346,-0.11745878794919638,-0.03871748726053521,-0.33018783984420896,-1.8759610922540844,0.0,-0.6970628709681139,0.0,0.0,-1.2747438935691433,-1.321540025143196,-1.0657542421438146,0.0,-0.1311795005453911,-0.057372693300883924
Electrical machinery and apparatus n.e.c. (31),DK,17320.6951189,-0.1072683579570546,-0.19150100810372334,-0.11622567096951654,-0.012598901721357199,-0.16450104665681686,-0.261907799464441,-10.674554363905909,-0.6137896012491904,-0.1377777523275706,-0.19777370350281986,-0.1469268695551683,-0.11671761213795565,-0.13265612225135157,0.0,-0.36021072194621356,-0.07839795898492939,-0.4705121950808641,-0.28595400784270764,0.0,-0.10692754219875732,-0.17979036805691972,-0.33665538133963163,-0.11272636677312318,-0.0701221529228035,-0.45883690998847315,-0.22875206048074334,-0.09080196820733274,-0.1899684195315735,-0.015590433140409773,-0.013027642715516553,-0.025247334569469315,-0.019351163189230587,-0.015809240006187705,-0.02163255417338642,-0.006587883363004321,-0.009622620900854752,-0.0049116765084487495,-0.041564628030545656,-0.15219911798675625,0.0,-0.04817333307026408,0.0,0.0,-0.044928569760796955,-0.07655627592113463,-0.03477586283720322,0.0,-0.01550352509168408,-0.006757312203306923
Electrical machinery and apparatus n.e.c. (31),EE,1212.88070851,-0.020815148584558126,-0.03854811514801154,-0.013446064116507027,-0.001479100944355045,-0.016029002464357005,-0.034173503944950966,-0.1104193849030643,-27.777579573999297,-0.017920022862512843,-0.1611650393595033,-0.03377290304171455,-0.019556591790763276,-0.018801000756877056,0.0,-0.03898803423949145,-0.01080198415266332,-0.24867479975143422,-0.04673248491835483,0.0,-0.052417659294418634,-0.042065160287767085,-0.10863239918940841,-0.010798738761867639,-0.009494158356941283,-0.10369048719045777,-0.030416809897323878,-0.02261149775389243,-0.018223158273371606,-0.001361564840229453,-0.0015878837430362714,-0.0018828741746539678,-0.006216385365117714,-0.0019494405404449854,-0.0036059699856545485,-0.0015608042560678811,-0.001281595221692039,-0.002435219246904755,-0.005610802295528488,-0.018422375381780404,0.0,-0.007922509307155195,0.0,0.0,-0.006303735069625921,-0.011935387552894723,-0.005069297909323276,0.0,-0.00266178354886151,-0.0010934420444816257
Electrical machinery and apparatus n.e.c. (31),ES,36051.2279715,-0.17065505447045298,-0.43844860483756676,-0.35320947342278114,-0.03247270807909184,-0.1940061285666839,-0.36971118473886877,-0.3253480040168998,-0.13564307530734251,-36.49772714325346,-0.09573953484632462,-1.3863285116126223,-0.2698298762131613,-0.21926208242900624,0.0,-0.3454664798127313,-0.4979225219103523,-0.14114494478295653,-0.4278445804625489,0.0,-0.06935864759717227,-0.21896659733619067,-0.25432998613765195,-1.874580600155191,-0.17475104625188095,-0.12789629218167214,-0.5421034463903104,-0.130499415560867,-0.32966677967825575,-0.01957838567946318,-0.02341181716231564,-0.04221110686231972,-0.03381536779138547,-0.04299790818770652,-0.059686438432755666,-0.012793463857177967,-0.015283250252001526,-0.00235506666008891,-0.07359222668831511,-0.14949498811253326,0.0,-0.1288245661524686,0.0,0.0,-0.10766657703941775,-0.13710624222997989,-0.33996317808443993,0.0,-0.0669800968905435,-0.014209249503322047
Electrical machinery and apparatus n.e.c. (31),FI,8609.9224519,-0.07781865035853822,-0.23304242506029793,-0.0978818875368126,-0.01759735128413442,-0.09519202324780152,-0.1662320248448883,-0.41131478154514084,-3.1454712415424053,-0.08066220597909723,-19.895244312050394,-0.11963689059429951,-0.06526236123393248,-0.06523502866200309,0.0,-0.14555987137009913,-0.06863955298974127,-0.39011101486035016,-0.15478381559602103,0.0,-0.08467866047294509,-0.09694626512563644,-0.18491750698762346,-0.047377235228968244,-0.07015109372033014,-0.37021236165058796,-0.1506200733510814,-0.0498208651589981,-0.10070038091032553,-0.007795057195828502,-0.008818956979715627,-0.011258780562831465,-0.020885548044480767,-0.012186381669119591,-0.013356125389410393,-0.005610935199587456,-0.004582562760649535,-0.007916356533108513,-0.018229683463005665,-0.06451727765227135,0.0,-0.04021271721825056,0.0,0.0,-0.028418870105972424,-0.03665450549512505,-0.05181319109402497,0.0,-0.008847543868866539,-0.0030287570155993772
Electrical machinery and apparatus n.e.c. (31),FR,44286.6894916,-0.7400327872487814,-2.3317331695878925,-0.9249180042329352,-0.06941447643029654,-0.6287309791525434,-1.2680524688443229,-0.6709067622658154,-0.3438679461429705,-1.9098660720991265,-0.2939052960886869,-29.89596279757626,-0.6760361782328344,-0.5338149404959492,0.0,-1.3987578367333704,-1.3674265749144328,-0.35266865430828004,-2.6685093433834726,0.0,-0.5803623353462224,-0.743153306359726,-0.8786082645010105,-1.249315224137801,-0.5970142185695709,-0.40727461440078533,-1.4658090822080962,-0.43549859795524287,-0.7492452015546125,-0.07107421471826555,-0.07463053791897814,-0.10986250527212094,-0.10118274740512555,-0.08672996025909657,-0.09519776715938819,-0.025253487286920253,-0.055423771287728116,-0.00851251915961983,-0.1438131559834525,-0.791813039065344,0.0,-0.2939427709871729,0.0,0.0,-0.2621413300460055,-0.4861007870054022,-0.5431629649653951,0.0,-0.18905921318073698,-0.035269610301532014
Electrical machinery and apparatus n.e.c. (31),GB,34291.2255271,-0.6235866471003859,-1.5743173581084664,-0.7691323234559535,-0.13061925680687161,-0.741392733070294,-1.3812059381034054,-1.213025330334503,-0.5723368612898092,-1.1992132502595698,-0.4436967945484229,-1.7177947720017872,-0.5482350012961767,-0.5348930287197852,0.0,-3.98476069024619,-0.719358235907821,-0.5885890247793915,-1.595529940110819,0.0,-0.25274768558685456,-1.8473595919513344,-1.0335537191819832,-1.0431760274071058,-0.4944239534869978,-0.6419082125935518,-1.197464974014421,-0.45817473107185835,-37.010466681362374,-0.1380495467488769,-0.1519356655411398,-0.1271474766862464,-0.1605815778860013,-0.13962825690619374,-0.15675920773671947,-0.04459525034756481,-0.11773714980567268,-0.02575341594347182,-0.3065941456334776,-0.511078734709033,0.0,-0.44318478276635814,0.0,0.0,-1.933343472670759,-0.37079206335195436,-0.38511737778854355,0.0,-0.0654251049274225,-0.03826462138698692
Electrical machinery and apparatus n.e.c. (31),GR,1806.26665672,-0.01251688128265131,-0.02789698186096186,-0.2790187583686785,-0.02669438242827116,-0.014306406702289184,-0.02746247521235946,-0.02166669758592213,-0.019428155817922364,-0.03943073447613881,-0.0098708211544824,-0.06610781998231839,-2.462126412578471,-0.020565602741878197,0.0,-0.023629208665033527,-0.047596923672080564,-0.011170091935697866,-0.036428633898259184,0.0,-0.02290743206480262,-0.019760203656823395,-0.017331167044605935,-0.014936771329164013,-0.052046705478597945,-0.01061450388960278,-0.02301166676481055,-0.006840050651589525,-0.018584966879076206,-0.002103667817575271,-0.001946044314555462,-0.003120722204535796,-0.005153036558902642,-0.0046096416657318345,-0.0029847938821508124,-0.0018444721212402687,-0.0020436295489322715,-0.004193023593069343,-0.010209358746440106,-0.0168939783395863,0.0,-0.010696813599235227,0.0,0.0,-0.005654769048964455,-0.011230280788813864,-0.023006156465769676,0.0,-0.0034143868698842707,-0.0027565933866041795
Electrical machinery and apparatus n.e.c. (31),HR,1140.49693523,-0.012207213839410327,-0.004988195264939544,-0.014041583601601647,-0.0002859928084868799,-0.006295721102002416,-0.005807073125879063,-0.010108879608199726,-0.005214382894943899,-0.005103885527432581,-0.002198037249493617,-0.0036028270182331987,-0.010370984002366886,-0.0390803960926522,0.0,-0.00972819016599775,-0.005974693459582556,-0.00374797348417439,-0.011338407958461633,0.0,-0.012150089266411899,-0.00450672066832241,-0.008389078971224897,-0.0024746358448989323,-0.0057966356576101856,-0.0021356972586110226,-0.1267179311788626,-0.00993295988661974,-0.0027882272400561307,-0.0003043467871130699,-0.00027862958787272144,-0.00043168178264192,-0.0009944870304918107,-0.00040304428866317206,-0.00039383469214794456,-0.000444733134571531,-0.00016804273758600722,-0.00015489934506687612,-0.0008276218468860784,-0.005717028577683572,0.0,-0.0013730857560155906,0.0,0.0,-0.0012140732356677665,-0.002697737601466647,-0.0008061568199574493,0.0,-0.0007046392245911768,-0.0007316403608305913
Electrical machinery and apparatus n.e.c. (31),HU,8889.55255117,-0.6763474418857083,-0.35509617345002403,-0.5746380850935847,-0.06232459816137334,-0.7154256010596538,-0.6445156129638063,-0.37993117315884356,-0.2748870547021017,-0.183089215633024,-0.13713534103906463,-0.4377851997513621,-0.3578357460989967,-19.584651771624827,0.0,-0.3243734348641411,-0.34713264672398614,-0.3648700076699101,-0.4454242538122685,0.0,-0.16870577330745057,-0.38769313382640785,-0.9458249685368451,-0.1796260719372952,-0.8411976891802163,-0.14933836600718917,-2.225701114812129,-1.2276831170843459,-0.13421334845575336,-0.01832281682376719,-0.030940527363010988,-0.04305796838461282,-0.03582024202548529,-0.05488696955487241,-0.029716714386761715,-0.013280447312608742,-0.012529301345604336,-0.010903559043514754,-0.041884983697531165,-0.2012059695722899,0.0,-0.07939645639131457,0.0,0.0,-0.07862877548914796,-0.26096172030390236,-0.09291430738850705,0.0,-0.021110653990268412,-0.034108456228300915
Electrical machinery and apparatus n.e.c. (31),ID,19725.1955108,-0.02558679603092271,-0.044428531792404205,-0.03021581462242097,-0.015488548911251326,-0.020132673864913447,-0.0368973804119281,-0.04308657331290247,-0.043487547583614686,-0.04169601962029659,-0.08650049910514432,-0.04888864173004447,-0.07560115987267174,-0.01998860216050882,0.0,-0.05334672279765777,-0.02663640709039181,-0.03319943271644322,-0.044615851211484384,0.0,-0.053987982295696374,-0.03541884494918563,-0.01968858481059053,-0.016212517333631344,-0.017295974714777097,-0.024692671501738366,-0.01802745522811623,-0.010971166307543708,-0.04070025598588204,-0.012064765145306688,-0.06749153156121947,-0.10410677833876393,-0.02066376501552381,-0.06882642082768674,-0.018699812140974797,-0.020482987001796304,-0.007149273576193464,-0.0026493763803668337,-0.0846187983625468,-0.035795488584842765,0.0,-0.1558862197343089,0.0,0.0,-0.08328637298826397,-1.3667678425407481,-0.09165005783095638,0.0,-0.020864368706319174,-0.02079955906869843
Electrical machinery and apparatus n.e.c. (31),IE,12530.4415943,-0.09802837674293625,-0.1829046270972796,-0.0530031132299097,-0.13502480412849868,-0.11774863675948599,-0.2146840218497471,-0.15212512776599194,-0.08719956386980607,-0.16173429334732778,-0.07039262825232848,-0.24031010534708572,-0.16200984513018815,-0.07611254158254917,0.0,-22.919214544992204,-0.08134412179922469,-0.1528918765038843,-2.013581118362788,0.0,-0.0626739256653802,-0.32609301970288646,-0.13644261931634472,-0.3178956020711693,-0.0421912968834815,-0.09062063188005483,-0.07783698053864031,-0.03736525897138012,-1.4820621612847837,-0.04266448404903393,-0.01945517449475669,-0.03586952372393711,-0.030563717492090768,-0.026224264325393147,-0.014904675409171972,-0.009398076074896379,-0.010891182434243793,-0.006542952464307155,-0.028444528118177527,-0.11063917466105248,0.0,-0.06791662782734094,0.0,0.0,-0.07702772551708634,-0.14949596793888872,-0.020113554390852162,0.0,-0.015212798785292454,-0.007378411364674126
Electrical machinery and apparatus n.e.c. (31),IN,137719.752987,-0.11119947527370151,-0.23617966229776818,-0.1450106988135404,-0.05508029470249859,-0.0791267855852293,-0.16719786974698975,-0.14560004274540986,-0.16946695940527756,-0.14057585653357654,-0.1652978107737496,-0.18273844778231332,-0.09358853204066235,-0.08368141505743076,0.0,-0.15943388981654297,-0.153140015959287,-0.09099365416746427,-0.1939867572126949,0.0,-0.0832124764016707,-0.14313869554166508,-0.09346363166310453,-0.07755151995635158,-0.07327442719640484,-0.0997780865507562,-0.20070910864040814,-0.03647082555128578,-0.2029158926881402,-0.06265869368321064,-0.20029289101944636,-0.26571810183731354,-0.09477351572901578,-0.2986945872808615,-0.10604750478908294,-6.235136660579503,-0.033053384315724944,-0.00748840760214519,-0.8139392476004336,-0.2133587481539111,0.0,-0.5071163399736651,0.0,0.0,-1.0867699828986561,-0.9264489662560268,-1.4519376335886576,0.0,-0.21393871777709964,-0.11278738336765838
Electrical machinery and apparatus n.e.c. (31),IT,60295.5608205,-0.3754901771171656,-0.5311014953311066,-0.6452177021128697,-0.024396130089049194,-0.3029362707870784,-0.5342586070533267,-0.18057172936364974,-0.15405553171392927,-0.4345888613035621,-0.13725619224832206,-0.6910572044524644,-0.5919781397576648,-0.4155414411858358,0.0,-0.3001525180764795,-7.107312289229717,-0.15945331753651643,-0.4373572977472496,0.0,-0.17666384753252612,-0.2465232764827654,-0.3389917047766011,-0.20556449879396466,-0.3564932541564095,-0.18845657361119528,-1.4392106539900562,-0.2513651493182579,-0.2079215413313983,-0.023426387373033982,-0.02583037068714586,-0.041898528510898814,-0.03464258418747049,-0.042447314257066576,-0.051423900979626964,-0.012647178107569688,-0.015602547136151217,-0.0048365259995760785,-0.06014284496232286,-0.7663718831229985,0.0,-0.11705518432297726,0.0,0.0,-0.10444221773425152,-0.12721783603312437,-0.19784982582343782,0.0,-0.05535519393639419,-0.01728675573035082
Electrical machinery and apparatus n.e.c. (31),JP,182703.899794,-0.24057327923164662,-0.49287762535669566,-0.2377396774867023,-0.055081992401260105,-0.3546188400989261,-0.3023055259553529,-0.32795111295098883,-0.25063303443378265,-0.30222153320615375,-0.5492877873912054,-0.28505225632538156,-0.1429349882415281,-0.11298307676349378,0.0,-0.4212931428980157,-0.20304371069211843,-0.14839958303822212,-0.31347414406410645,0.0,-0.16860889606403565,-0.2658581456859563,-0.13934013488210378,-0.09842971925789583,-0.09880353484079117,-0.15364271855764502,-0.14841629345234683,-0.07295936824786847,-0.3765177988640814,-0.18431258329621966,-21.441606619629184,-0.4151491694625771,-0.38638330816769445,-0.7770684896152333,-0.20191762079957812,-0.037851421604816485,-0.09105011608640264,-0.014560392853393845,-2.2057683452865366,-0.2631328306246831,0.0,-2.2235501340736294,0.0,0.0,-0.8502715849749513,-1.3273246938086154,-6.621957844882373,0.0,-0.04103094358827917,-0.07516326829691182
Electrical machinery and apparatus n.e.c. (31),KR,94444.1062361,-0.3995192790477001,-0.7409993435497539,-0.7851443415224799,-0.1092318672611747,-0.2508779424030995,-0.653396940739808,-0.4425012375367496,-0.4662431823197483,-0.7170676622704183,-0.7018780064523374,-0.7900578904610454,-0.31792474067208787,-0.25054892050682015,0.0,-0.45018340995840606,-0.397413434280427,-0.36046411631481723,-0.4309743355481375,0.0,-0.27571116561996317,-0.38267642930977935,-0.32259840013731217,-0.274225712620169,-0.19969407406816203,-0.24617175845954034,-0.3937598655084709,-0.12286249751399758,-0.5239131245334488,-0.3241691743151391,-1.7417348431470414,-0.8751633631112196,-0.5867827049056336,-62.79012555127504,-0.3383594984634355,-0.12526290870583218,-0.20032027674829259,-0.020272106423982746,-3.5786319727184535,-0.3508081927960147,0.0,-2.8995718170851994,0.0,0.0,-0.8178450584330403,-2.075014239802831,-11.75489194874171,0.0,-0.09515241174752605,-0.17868587583856882
Electrical machinery and apparatus n.e.c. (31),LT,1109.29611189,-0.004324287267620511,-0.006661754981267121,-0.0065950108298030085,-0.00033101387162385085,-0.005830628708202885,-0.009136366953647643,-0.028561198541496843,-0.1623117932983478,-0.004048472461630433,-0.009947181494691194,-0.006835468793984706,-0.007186630951648696,-0.007134390092493079,0.0,-0.017225460774234914,-0.004201810785426926,-19.264802648913825,-0.013926567287940592,0.0,-0.012014502827117407,-0.005854255663055879,-0.044871882269856785,-0.003289013744876463,-0.003131906205037826,-0.013921678436490868,-0.008766806694493378,-0.005856404787198827,-0.005326358303103042,-0.0003033870926540273,-0.00029288105182841113,-0.000444529696286362,-0.001347582923654065,-0.000394904983940813,-0.0005324273920726938,-0.00015471955279531852,-0.00019028796616232249,-0.0001531113490429312,-0.0009828004665536879,-0.006138993460924652,0.0,-0.0015550071335720768,0.0,0.0,-0.0011994159273371007,-0.002554929780300212,-0.001145627265046443,0.0,-0.0010049046542155778,-0.00023594013058623689
Electrical machinery and apparatus n.e.c. (31),LU,227.60417198,-0.006168382336248131,-0.012386968873551564,-0.007275389055604105,-0.001967692610965087,-0.0075575667908941305,-0.012685448599854942,-0.010082798208412146,-0.02172316390255291,-0.01265086962685572,-0.004959512356954452,-0.01566973661598164,-0.013468364649588059,-0.0051876499899658,0.0,-0.1212049841731824,-0.005902890894161774,-0.013482265694590753,-16.490419325971537,0.0,-0.01942247706642108,-0.022425688596923912,-0.01019224652099378,-0.011576139597857497,-0.0057366137773802095,-0.005338556049973648,-0.0035330871216406085,-0.004295531570456029,-0.016555631562405478,-0.005573545129092463,-0.0026322568299993973,-0.00369151851989468,-0.005122196945632627,-0.002531733006546333,-0.00874115194021995,-0.0030021111055659,-0.001977898667129713,-0.0010795047979900837,-0.007066589276141915,-0.01815926248900355,0.0,-0.014360032687164811,0.0,0.0,-0.011213586631517506,-0.2935919012433418,-0.005475536107408018,0.0,-0.0168761097144572,-0.009466809534030477
Electrical machinery and apparatus n.e.c. (31),LV,205.179345063,-0.002839869950568705,-0.003452333917263371,-0.004282514580475479,-0.00018994875570390552,-0.00131479436629802,-0.003583011532506145,-0.013734268496510561,-0.17324248103506187,-0.001234441947529784,-0.0035236332094240805,-0.004018796512757536,-0.0032197299116674934,-0.004171478808710387,0.0,-0.010810459679872684,-0.0008894567992739918,-0.04422421124848621,-0.009652274378034785,0.0,-0.008959327876638256,-0.003235722763456536,-0.010668622887108261,-0.001145293074034459,-0.0012023463018847873,-0.0055639402978244325,-0.00348992606595808,-0.0022520116801402193,-0.0027188387735156785,-0.0001228761134991091,-0.00020014811068056826,-0.00021187176383709886,-0.0005984058508503471,-0.0002524255985758581,-0.00021356519022293236,-0.00016363591224711989,-0.00028524381464209176,-6.572397587039883e-05,-0.0022705097520816387,-0.005095672705754252,0.0,-0.0006345758364532135,0.0,0.0,-0.0008241156017482977,-0.0011977529358981373,-0.0006138899585052081,0.0,-0.000742995447944218,-0.00017252252205085332
Electrical machinery and apparatus n.e.c. (31),MT,204.249299965,-0.0012139650175306358,-0.011553795920423411,-0.0071152083791479245,-0.000749205046212266,-0.0013029570989379281,-0.0023696242971045015,-0.0067731977429867285,-0.011701378967825027,-0.0031641239631837285,-0.0009527591733574921,-0.0041035092781530145,-0.03042001405118378,-0.005334805771484309,0.0,-0.028584546504901914,-0.0023073493371958734,-0.0054993573226080165,-0.025454793558765,0.0,-8.349973556856844,-0.00672307588188903,-0.0025099178818591733,-0.0018129183909830014,-0.0020807490580178663,-0.0016210338121967363,-0.0021219941686585354,-0.0013218163642426891,-0.0037549445135008066,-0.0004112037670998416,-0.0007445085140821475,-0.0007703695110037112,-0.0004571645240771901,-0.0013622452178926729,-0.0009112152378285775,-0.00043382617501556563,-0.00044367398435531005,-8.63883812959098e-05,-0.013012252390399595,-0.0141239879406771,0.0,-0.002980556942273451,0.0,0.0,-0.008242175935228514,-0.0020131875215877266,-0.00334116883267684,0.0,-0.003965302520207732,-0.0018950648669948174
Electrical machinery and apparatus n.e.c. (31),MX,38345.4098837,-1.2405378064619275,-1.6264249133351534,-1.1591914463312933,-0.19895359831553544,-0.8914860536031431,-2.061139747191667,-0.9441296669340996,-1.3842014988542415,-2.55609737716577,-1.0334972570140148,-1.8399311332343833,-1.188600177212676,-0.7649795709188436,0.0,-1.5348923252957565,-1.0567830817688444,-0.4641254064037141,-1.5505668340405652,0.0,-0.6893554371443291,-0.8928664753301347,-0.9498530588451891,-1.1996957159207933,-0.688344394908112,-0.897554416569184,-1.809184882248643,-0.4481187692441752,-1.0478971836201556,-4.304529178570381,-1.1335922853704141,-1.0004690841297987,-2.6449971231948326,-2.1522930227148427,-2.027851569492906,-0.2094210215336988,-65.84662566011085,-0.03410031783269778,-1.1402991119327575,-0.8598791695815016,0.0,-2.881220597515909,0.0,0.0,-1.7368488071183799,-1.6629707474930626,-4.021966763129473,0.0,-0.1888240800809677,-0.11394438817988026
Electrical machinery and apparatus n.e.c. (31),NL,9619.91810176,-0.08848874665097306,-0.4989918711254291,-0.12027849512996969,-0.0067319072948957386,-0.09579820722234232,-0.26244677552032925,-0.3733768469037323,-0.10737544429387273,-0.16995057888223083,-0.16104569073192973,-0.23208240291879156,-0.10382047747033357,-0.11516023227727094,0.0,-0.3380202017370536,-0.08205193176040826,-0.1289869900010579,-0.29514462771241234,0.0,-0.052346418594094085,-8.174866191693148,-0.1500881210979173,-0.09120264001485259,-0.04557925242265049,-0.10086727496783182,-0.30779285386570904,-0.05798852429365139,-0.21032920612542433,-0.017183194841923845,-0.016985410832557214,-0.022871893489552274,-0.049081431758830237,-0.01950080998487706,-0.046157992129746195,-0.007207386504110287,-0.011675488292885417,-0.00335684996048083,-0.07695512940795654,-0.09744605069281052,0.0,-0.0796791127884387,0.0,0.0,-0.08063823306420434,-0.16887157496875008,-0.08029298951001268,0.0,-0.034991564523103966,-0.011273935995897589
Electrical machinery and apparatus n.e.c. (31),NO,10279.3034919,-0.027866310604515818,-0.046733970540684296,-0.03566970489016595,-0.004555059124214869,-0.04327184865031779,-0.05211036448294885,-3.4333365569053065,-0.285658412383327,-0.06400591938400335,-0.0962976648338856,-0.049976626689063976,-0.020235967332774784,-0.02742140858653993,0.0,-0.06411376930786719,-0.028135677457363187,-0.23463883773631886,-0.059628672395233534,0.0,-0.017919900305868965,-0.05637240955805366,-0.07742674894693898,-0.02883174181526751,-0.049737510726107236,-0.34502099450497875,-0.08600760463683085,-0.017251983120531222,-0.07087926104683161,-0.005702598552896562,-0.006645844016693105,-0.008121127573376293,-0.016955695635840318,-0.01236494147878579,-0.03811634246056608,-0.001994600113751873,-0.0033600707631178516,-0.0014734598108387881,-0.016067399911609846,-0.025391919731832295,0.0,-0.02139895776494629,0.0,0.0,-0.015477178373746691,-0.0728968079500458,-0.022489314744856267,0.0,-0.007690016074355167,-0.00173364617064256
Electrical machinery and apparatus n.e.c. (31),PL,21950.1641463,-0.4849032130557527,-0.6987779064201446,-0.9305951773084629,-0.03812836280952309,-1.0306821877290486,-1.0196455685840227,-0.7664760450447843,-0.7427062362375599,-0.43583318070495297,-0.24523657533767043,-0.7322540225677341,-0.43591671260811765,-0.6022977127884923,0.0,-0.3445279772741402,-0.49944602425924217,-1.0170741422066538,-0.6209357681798765,0.0,-0.09174380443672231,-0.3665136443940886,-24.215527297661325,-0.25388466695764955,-0.4770311918405054,-0.48923104535507217,-1.2944101320751218,-0.7932608029768906,-0.2271009504793682,-0.022902242815732547,-0.043239811106489806,-0.06671653843930835,-0.036830908656796016,-0.10415089353015759,-0.059508945103096275,-0.014120603954901821,-0.023149898604453753,-0.00396802745191284,-0.0702734865817698,-0.22529981759331075,0.0,-0.16779212655198752,0.0,0.0,-0.12477601097733786,-0.2596473431942723,-0.3043998044411561,0.0,-0.027193353315014705,-0.013614695816207197
Electrical machinery and apparatus n.e.c. (31),PT,4047.25472366,-0.05842195126451907,-0.22404659911555355,-0.1476965682393647,-0.007971646926819608,-0.04234658063010588,-0.1293142111067345,-0.14270462868984826,-0.04497777534821427,-1.5011986267600055,-0.03904077270088755,-0.3450717788861832,-0.06712044520971869,-0.03806806743030995,0.0,-0.4389089716800339,-0.21897779331600387,-0.02549705781073253,-0.12242023285017962,0.0,-0.02673239371167953,-0.067330021153089,-0.07399328323766716,-21.237762792321142,-0.02468536375302405,-0.07672499520883608,-0.11119713726812167,-0.02258592780630584,-0.16534079731902127,-0.004933615171251072,-0.005020477933250272,-0.00820022295030383,-0.011160716817513783,-0.012945825874611875,-0.060230586138858545,-0.0031864890783061747,-0.004281058225907661,-0.0010348555619897684,-0.014683938919301186,-0.03849398229219063,0.0,-0.0368806702079586,0.0,0.0,-0.03247489960821054,-0.03456465039883014,-0.2347684258373433,0.0,-0.013089432511449768,-0.005247891570111892
Electrical machinery and apparatus n.e.c. (31),RO,5538.58425044,-0.11212387234350561,-0.1298942616235443,-0.2686671922869901,-0.009154766513317423,-0.10873643151314458,-0.12377299873472,-0.05039066304992647,-0.09219461296007327,-0.07828290640243406,-0.030288795796700733,-0.12343464195157623,-0.1380086810353963,-0.16551632855378864,0.0,-0.06566239782836683,-0.085466961601442,-0.07499839575389274,-0.10078789628298078,0.0,-0.03783811266646132,-0.05116106898127268,-0.15761253808454115,-0.07801376669615807,-23.709172638403917,-0.028768313928709113,-0.1675770060219146,-0.1162919524392902,-0.03925040161461404,-0.0038335372477756374,-0.005058490800302245,-0.0072871628555441345,-0.008362374190847495,-0.007549153846446121,-0.007784839004053199,-0.0036828841537875135,-0.0034818639376246814,-0.0008850882156190932,-0.01325663723992644,-0.04419983570138752,0.0,-0.022031782654429986,0.0,0.0,-0.022078759937841218,-0.030267590106059093,-0.022834163674685402,0.0,-0.006758713223380371,-0.0034571332077295847
Electrical machinery and apparatus n.e.c. (31),RU,5373.66321974,-0.008544348880898145,-0.012078615201441333,-0.014657795972934883,-0.012492791535068777,-0.013721718300404024,-0.012588840007059064,-0.010428979266873837,-0.055018083175054,-0.0073786886896483935,-0.025691589658114855,-0.008289396107091939,-0.01565085472899415,-0.021137963475316195,0.0,-0.027934124344378697,-0.010725089118742027,-0.0873543506868954,-0.014920565532828622,0.0,-0.011136665030267738,-0.008745171007662148,-0.02197710139346657,-0.007665606977269647,-0.008873332379372717,-0.007768839680590379,-0.012501110695189208,-0.010885852618881657,-0.005794314117935794,-0.0009383388068399497,-0.00220500858570907,-0.003153613025019333,-0.0020137550132974954,-0.0027730299877775384,-0.003678504041080832,-0.0015699253848243968,-0.0013614932834669492,-9.757318616824133e-05,-0.01990044789238121,-0.006128023705850815,0.0,-0.010177649610586178,0.0,0.0,-0.003085349039872296,-0.0969996425924733,-0.007054027210349594,0.0,-0.001457444358050785,-0.0008712644250029148
Electrical machinery and apparatus n.e.c. (31),SE,12423.7495166,-0.16963116339627252,-0.26486911756724385,-0.15399159456758332,-0.020498176117032398,-0.21826236776702929,-0.3268225345821828,-1.5824046608190299,-1.221979016864195,-0.16820615794505261,-0.5774487180566927,-0.30155089793057166,-0.11097548364329234,-0.22014921023729192,0.0,-0.5405249914857873,-0.13038360852858916,-1.0494202112227713,-0.2140049848630824,0.0,-0.12888771908330723,-0.18510182339570927,-0.4128987025086082,-0.1353268293711582,-0.09137347727121621,-5.842291249810281,-0.2595938051953266,-0.14055452368518684,-0.2845618802201972,-0.014349227049763881,-0.02031970997045932,-0.02150747492386869,-0.031870618874641016,-0.0350459486578355,-0.03680134043717393,-0.00825097242515722,-0.008136905673472746,-0.006900385510556164,-0.039685750058680004,-0.09537093353874171,0.0,-0.058445170186348684,0.0,0.0,-0.14622253406791066,-0.05816479804084294,-0.09701208047741695,0.0,-0.01339537713754766,-0.0050650096006400885
Electrical machinery and apparatus n.e.c. (31),SI,2640.56951237,-0.16051444152881805,-0.07014735636895296,-0.0760182583861848,-0.0029072054230357795,-0.06848202413630818,-0.09300940391050411,-0.06787738598608378,-0.03814365203715867,-0.038555683694130524,-0.02298508446357314,-0.06783877525477461,-0.4012397126484621,-6.432258994261708,0.0,-0.10532144760132525,-0.11210949158249495,-0.05805123268561554,-0.09254333313790149,0.0,-0.07698289921007466,-0.04698113659449181,-0.09925305878119949,-0.031228672182310062,-0.0478075534680396,-0.022777440987861223,-8.414982612429913,-0.08687131982670084,-0.03204501435334423,-0.0036501547114402033,-0.0039245836199595365,-0.010070841874829267,-0.009700976970333028,-0.0049445555095308374,-0.006181587845795755,-0.0034672866814730837,-0.00591790507325124,-0.003238573590003852,-0.013338561310374438,-0.06367464715751699,0.0,-0.022680255155138978,0.0,0.0,-0.01642844720145171,-0.04078967867834854,-0.0175796784977676,0.0,-0.008220822206391911,-0.006617133352977679
Electrical machinery and apparatus n.e.c. (31),SK,6055.13547839,-0.2720704274186645,-0.1163421510407418,-0.12128064111950354,-0.010117671917737403,-0.5510726961453131,-0.2002323748930977,-0.07864520458964423,-0.09584834254744058,-0.11675650043550515,-0.032648891494002644,-0.1510683763130544,-0.077250901696986,-0.25732879017932075,0.0,-0.13775684372089927,-0.0820743567019808,-0.1412216647899642,-0.12486460087798812,0.0,-0.0932005266465403,-0.06088171310114869,-0.3101769898035225,-0.07031067679335692,-0.17970778721705338,-0.04212565241749469,-0.3195698070845064,-8.903841440362712,-0.04791482887030995,-0.004988183483328522,-0.012341133016890547,-0.013511523128946773,-0.012367402667754945,-0.034062366677148424,-0.009430376225997772,-0.004640134650561536,-0.004800459472425011,-0.005490794411357689,-0.026398253197826987,-0.07325635772823277,0.0,-0.034785929636968645,0.0,0.0,-0.05753458116919967,-0.06839179385479877,-0.04147134572657411,0.0,-0.016552263350380198,-0.005659471629830529
Electrical machinery and apparatus n.e.c. (31),TR,16698.7203835,-0.06374511436340549,-0.07987662123362985,-0.3505119181025315,-0.026430522863730856,-0.059128827213935455,-0.08667991648290263,-0.07550346554319515,-0.1262293869725119,-0.10636396758324293,-0.04810686116245317,-0.10617575912984847,-0.35297705777318966,-0.07918807883750222,0.0,-0.05897245752562234,-0.056055803037686175,-0.044528709873011135,-0.131976681971524,0.0,-0.03645018813580543,-0.04581055390807597,-0.09475561156213406,-0.10213834070743548,-0.14364236479469994,-0.035861092190304866,-0.0605051684141658,-0.0459719371440053,-0.08102643980241285,-0.012160928792390143,-0.018944975837048274,-0.054211582121089,-0.01497881786370932,-0.03656769761198489,-0.027309118675402068,-0.009954364476391005,-0.008276990526953716,-0.0009234444490884675,-0.02940682855660059,-0.055552458302006495,0.0,-0.050050856214926887,0.0,0.0,-0.06044137762291708,-0.20321719230673999,-0.03894219826067257,0.0,-0.03511153643383173,-0.0225199243101198
Electrical machinery and apparatus n.e.c. (31),TW,35577.5782904,-0.4199366825551321,-0.6128687610518859,-2.535808556163237,-0.1358755187497489,-0.38848697947360883,-0.9565608542993139,-0.41901919128097576,-0.4028737746892482,-0.588072751621254,-0.3757550027515828,-0.67918320688645,-0.2451743988308923,-0.33399389482812974,0.0,-0.45350036663486826,-0.6610943212687943,-0.3439015073596508,-0.3429450543287851,0.0,-0.23263212432050068,-0.37415142266432916,-0.4940939263694317,-0.24678911774043313,-0.31108830359012485,-0.28097383731922476,-0.4635026965960424,-0.18247577924501035,-0.5102152430187648,-0.21030644099080256,-1.3160154713619139,-0.09138414983741897,-0.23074267041943158,-1.3450903203514124,-0.3293691831373595,-0.06038887082842205,-0.2122733710579973,-0.020574602797605115,-1.0710894436347793,-0.6070096716768029,0.0,-27.510689663993084,0.0,0.0,-3.734499452432706,-1.2529018931801739,-6.5209196341146605,0.0,-0.0758409581477571,-0.07795114263628529
Electrical machinery and apparatus n.e.c. (31),US,162341.435816,-1.264758769163112,-2.0863698431212288,-1.0472100335907129,-0.2420731151651277,-0.8854456430273945,-2.0118959383990473,-1.1777479109152929,-1.1356998229522892,-1.5102614052929513,-0.926496541942402,-2.3424508929381798,-1.4193626437884768,-0.9423908879737192,0.0,-2.1700865833993994,-1.5107775045728808,-0.5633680674294145,-1.4370416352843185,0.0,-0.5698386034166422,-0.900455422305327,-0.8354637460445588,-1.0787682815876907,-0.6279858614689934,-1.0167360963168395,-3.4002686261529305,-0.38410688291225104,-1.9688967472784986,-27.092488460927196,-1.57324630967623,-0.9671772053032753,-8.011732962492147,-1.694310148753527,-3.519700401116762,-0.21238630038827583,-6.68252990823269,-0.07080081567455024,-2.5113184192801405,-1.2786644382874321,0.0,-2.8029432177787283,0.0,0.0,-11.073647796653033,-2.4373463473942554,-3.133851148555527,0.0,-0.2147623811204057,-0.17440726614587404
Electrical machinery and apparatus n.e.c. (31),WA,88661.0989477,-0.7994986281586729,-2.147317566607841,-1.8141435990252057,-0.24261078808768222,-0.6583177661336641,-1.3311282551232746,-0.9283395868264007,-1.0653963902183061,-1.3354032481334108,-0.9220308622092692,-1.5125972443067726,-0.6487110453160084,-0.5989861469532874,0.0,-1.0816481902002568,-1.3242056309529824,-2.4819931275686393,-1.3413322120952955,0.0,-0.41766418662373506,-0.8897389743625566,-0.7108105256028101,-0.49832082543737494,-0.4346494890476453,-0.6934769239904219,-1.035034613762087,-0.30479627917398733,-1.9264133592303898,-0.5544366041234756,-5.217578025789385,-1.5673883895711511,-0.7007956254833085,-5.59627602502154,-0.6875742719314237,-0.35243569651810724,-0.3823500186067995,-0.04754641678936277,-7.906424466336106,-1.584527409999089,0.0,-9.994380221039528,0.0,0.0,-15.13986154505444,-2.2139342114373295,-12.366892850051057,0.0,-0.21364637911803294,-0.22724986487926457
Electrical machinery and apparatus n.e.c. (31),WE,11888.8210321,-0.16969452767119975,-0.18208883697981157,-0.4875291460219087,-0.020928921381169682,-0.18634615454629067,-0.14230393470187785,-0.12331566472962933,-0.2266452602518345,-0.09650677774230376,-0.05787260909646196,-0.09195252945465104,-0.4602243049566183,-1.3822388720142649,0.0,-0.09207143786030078,-0.14965482047434017,-0.5849009085635252,-0.1191738627569237,0.0,-0.031745762886980375,-0.06751583999713387,-0.37760474856539217,-0.06344260079421792,-0.2913503959012422,-0.05903042185340086,-0.8605873981277183,-0.13973443192441298,-0.051481419561191274,-0.006937545212937887,-0.011374528064433629,-0.020121618367340267,-0.011982717478189766,-0.018880498502074718,-0.04772858973390784,-0.004193572200787896,-0.004976521707616088,-0.0033220327887116584,-0.12272084982067766,-0.054665625749222166,0.0,-0.06313857131810773,0.0,0.0,-0.10993921847293547,-0.05306792442835642,-0.05354012773369133,0.0,-0.00741681139911537,-0.004434931562527475
Electrical machinery and apparatus n.e.c. (31),WF,30083.3312836,-0.06390050705432196,-0.3047404455950862,-0.17344716943055566,-0.03594427864402648,-0.07334293625093631,-0.10346952704384517,-0.10134161305443018,-0.08586843177542235,-0.5214134754645554,-0.06476144313219634,-0.4980093596734256,-0.22756489936210011,-0.07512863336373099,0.0,-0.09707331360996407,-0.23104985669640354,-0.07146743874071886,-0.22313066615637017,0.0,-0.09934094581600021,-0.23699591615386117,-0.07316966747842728,-0.6412374614080771,-0.09008846056332223,-0.057659319528834754,-0.1169865409761744,-0.03801698585282022,-0.13636938387015152,-0.017071319465830362,-0.032696940727215525,-0.0727839536012731,-0.023429812888303782,-0.06299122175395523,-0.05982369673354804,-0.0255390759937975,-0.009986051794988224,-0.0015386702161314112,-0.3936523552369844,-0.05483116690363601,0.0,-0.3158689108671739,0.0,0.0,-1.5692224139668944,-0.09656008917596848,-0.13844452146155667,0.0,-1.2034289143604542,-0.019155322018741316
Electrical machinery and apparatus n.e.c. (31),WL,29976.2920814,-0.14675617453088566,-0.19165610684160483,-0.15895305172399643,-0.07269285864499096,-0.11044869103816311,-0.24044791729150375,-0.24220195541034373,-0.19457453557972335,-0.7354023524713708,-0.16920881779414765,-0.28135569562369955,-0.1336286020957352,-0.11467449493757363,0.0,-0.24454580669701967,-0.15349712989337405,-0.0925067520569796,-0.2754551571226315,0.0,-0.10081443457836939,-0.1632581770357939,-0.1317464045819701,-0.3724401774077427,-0.10061455572787882,-0.13198609822562635,-0.22464384706976226,-0.06528309555118705,-0.16743938218293786,-0.22642461452571377,-0.12355380079227601,-0.22465329922582106,-0.13042254558429692,-0.2328877561284033,-4.282452606798323,-0.03282790087139691,-0.4643266165592603,-0.010175201320995867,-0.4238320938608438,-0.13514535209760709,0.0,-0.7025618667816925,0.0,0.0,-0.2845087836074977,-0.30709768635479884,-6.778020111727464,0.0,-0.03784684254767295,-0.025592759598261853
Electrical machinery and apparatus n.e.c. (31),WM,44172.9264263,-0.3733620479131971,-1.4367477558581643,-1.4864966723032247,-0.2083190717441106,-0.4743439834423402,-0.5964181176061044,-0.4668478525724057,-0.5676722199327919,-1.3861404897851104,-0.330157327534459,-0.9191308406997434,-0.949837384615095,-0.350087973006536,0.0,-0.4730047479317202,-0.959343438099397,-0.46955179439432965,-0.7588100950749475,0.0,-0.1952137171427353,-0.38892354020887815,-0.41545904135056483,-0.4169541335384613,-0.38361454179299614,-0.2744809344003457,-0.6902846164055787,-0.2126353418243484,-0.941482285618438,-0.1541927484045467,-0.3069861521311323,-0.3186990422750232,-0.15877688407229842,-0.6979952688778821,-0.35789998249800553,-0.2013818197553986,-0.1031251901489011,-0.006073280584920377,-3.884178681357108,-0.5990805868773571,0.0,-1.41178688515205,0.0,0.0,-4.583087844438285,-0.46239124054532416,-1.635496084653467,0.0,-0.11495935069411388,-0.6465917058802068
Electrical machinery and apparatus n.e.c. (31),ZA,4953.06761696,-0.0076356949971853145,-0.09191937627075304,-0.03264970911045491,-0.00137645108097852,-0.007599557834899834,-0.017839705070517173,-0.013488985692370102,-0.00722595665961041,-0.016927700665021125,-0.012725025668382961,-0.01930009296270564,-0.09142188296979115,-0.006295427865959793,0.0,-0.019361455032627536,-0.03414891300146017,-0.00503573216512811,-0.019396224337991645,0.0,-0.014158830635525158,-0.008988468214582202,-0.008201074204567739,-0.009631641465568707,-0.005481209001634028,-0.007620088042731816,-0.009321749411392884,-0.003383813680615075,-0.012130562054123191,-0.001899415640580425,-0.00442711848307877,-0.008890354719078404,-0.002807177648152627,-0.007333899318170565,-0.004981841256512343,-0.0038823671402372357,-0.002103639568893656,-0.0005271363648236425,-0.0619123876424453,-0.006481426974992758,0.0,-0.028652219918306684,0.0,0.0,-36.82854252877517,-0.01746115338514477,-0.024354338821751382,0.0,-0.2471171960860919,-0.0034182333469166856
"Fabricated metal products, except machinery and equipment (28)",AT,18106.4097965,-33.599361459221846,-0.5256130586077141,-0.5124483589570351,-0.017854153059436044,-0.6480533520419779,-1.128893266296488,-0.3435648987729851,-0.1792590526641446,-0.19700037247758873,-0.08836003926183922,-0.592151459982083,-0.22458734290463514,-1.1027693795721107,0.0,-0.28102962238787826,-0.4892439118128188,-0.1972007847527625,-0.6092953440158846,0.0,-0.09504596649916996,-0.4228866380687326,-0.5589476309853041,-0.16334183357009754,-0.3241076385315811,-0.21111078287439708,-4.811000453981793,-1.267162676182232,-0.14327892794956334,-0.015662235051616815,-0.01956963674748073,-0.018608063810979226,-0.04256731614759765,-0.018625824331377928,-0.03270961893841957,-0.006800624281466857,-0.009866631853299668,-0.0065327458736753625,-0.06494023196716286,-0.42341133936165426,0.0,-0.10364655099074237,0.0,0.0,-0.04601731801912606,-0.11554832427304983,-0.1290715761894917,0.0,-0.017311783523601333,-0.008515294879438544
"Fabricated metal products, except machinery and equipment (28)",AU,15098.3675385,-0.017766388098954693,-0.03249550806072741,-0.0301966606749985,-0.0076240946008789,-0.01145677475947084,-0.035949830732733334,-0.03210848721105746,-0.02972689949130908,-0.032832500037555626,-0.01757933145056107,-0.03871842153213982,-0.01869861782026917,-0.011863470083210573,0.0,-0.058031444717052814,-0.036716296228345165,-0.016833437042977392,-0.031211367709494106,0.0,-0.012534981991718566,-0.029077772772888314,-0.022031682168854993,-0.018378057191402963,-0.006550459426277949,-0.028664048017462068,-0.048354616196498224,-0.005127349645328094,-0.047319119243356494,-0.007651258743074546,-0.10154481291341393,-0.016172155878762057,-0.012326134094437188,-0.06506178261693901,-0.009894472764580855,-0.003217206734808241,-0.0051829303221321435,-0.0006791088132282682,-8.289566898623857,-0.016239404439495862,0.0,-0.16793760164379962,0.0,0.0,-0.04601525761051719,-0.050720060760084215,-0.08574293009536123,0.0,-0.0040401941673038535,-0.004945427488648231
"Fabricated metal products, except machinery and equipment (28)",BE,17022.3064695,-0.2021024556357669,-40.59285354331624,-1.1152586361039305,-0.027701167759518083,-0.23467346239337122,-0.6502425365052132,-0.3609214894385424,-0.22844611108631674,-0.3245656568295931,-0.1339836952191097,-1.802485159438319,-0.26774554631008557,-0.1638063659313364,0.0,-0.3783398267849666,-0.2891273483657504,-0.17424366522762397,-0.37702954390625293,0.0,-0.09700125869320274,-0.8100805173658703,-0.3341665933310101,-0.24413016419934103,-0.14891904019361696,-0.2157114679625259,-0.49133746806691947,-0.17918167737058713,-0.3383662416804641,-0.03206920212014961,-0.03743407191158623,-0.03930979562319681,-0.05029815935681478,-0.062027175727621106,-0.10413662950214551,-0.014518972144721662,-0.03810690048225704,-0.004575718423048347,-0.09924668549330669,-0.1584877179503154,0.0,-0.21668456831668315,0.0,0.0,-0.14585791364942627,-0.4158777981398803,-0.1826367475412444,0.0,-0.04761619882703726,-0.019630497734725954
"Fabricated metal products, except machinery and equipment (28)",BG,2055.51998938,-0.014608778252274556,-0.01776294257566636,-17.66056950688194,-0.001960418421640042,-0.019698468901530364,-0.021394014688239635,-0.015431234628632,-0.026349355966250872,-0.011058779210166148,-0.009952580776763132,-0.022272529307259425,-0.3398146118281681,-0.03148168619377559,0.0,-0.026776289502113484,-0.016397861163226387,-0.016377301115692352,-0.029777775662639623,0.0,-0.027548411483687925,-0.01233799923693562,-0.030706244743717127,-0.008235128602505287,-0.10692912117624581,-0.010180153337535181,-0.0580522023714687,-0.02742223314125335,-0.012781604130998148,-0.0013877693582999072,-0.001087325845519763,-0.001828881504600221,-0.004740681989901193,-0.0017383336863895141,-0.002299520321832849,-0.0017295169890633568,-0.0019845141308582562,-0.0004398253019070072,-0.011718833329524501,-0.0156982098404718,0.0,-0.006954908596444136,0.0,0.0,-0.006058845493541172,-0.00845769252008984,-0.0026969277115802123,0.0,-0.0033456886594555577,-0.0010095113117831059
"Fabricated metal products, except machinery and equipment (28)",BR,34896.2764404,-0.030056509691230218,-0.026671465012025213,-0.00866743009950748,-0.007017189817006661,-0.011850661509948731,-0.034672289614587556,-0.02562809362673026,-0.010405404002447521,-0.0324519840595683,-0.010254367671067218,-0.038964927793967145,-0.010295791645605552,-0.012510526990149826,0.0,-0.020272329307006693,-0.019932352048657523,-0.007022422338237369,-0.03659588777827829,0.0,-0.012213403605438058,-0.025535515140976187,-0.011414851434574883,-0.027165169971033607,-0.0070329305611846315,-0.018661091432483387,-0.0521904573558924,-0.005833884883467276,-0.029357386845909657,-0.0127842091634946,-0.008261780128935286,-0.022482305679467234,-0.011174050288270058,-0.015331179610290192,-12.341503199873467,-0.004225997573320869,-0.010505668230521712,-0.0008006745232099459,-0.047925047294466665,-0.01975657787694965,0.0,-0.08481214771122228,0.0,0.0,-0.04150407801640972,-0.0412391043090153,-0.20067723635605766,0.0,-0.016742009690055747,-0.004768551224491095
"Fabricated metal products, except machinery and equipment (28)",CA,22383.6999166,-0.5236737771863731,-0.7092621979023663,-0.4884674835982659,-0.048053434696108246,-0.45362589789089997,-0.8281594298972822,-0.531258737252749,-0.37145798794084967,-0.6576055665046292,-0.2619168061555163,-1.0449821399178632,-0.3621893595332524,-0.3247319437658493,0.0,-0.4860260912761707,-0.41657884843737086,-0.22582367665052863,-0.6511341922766827,0.0,-0.10679182452563721,-0.3779194664793177,-0.32051413552349217,-0.7536630520010817,-0.3338110620014835,-0.5697716973801831,-1.5255192707114,-0.13153728925541214,-1.1428672495617536,-2.315869907135238,-0.30893387134977723,-0.2229902132927707,-38.035638224532065,-0.8267097001097218,-4.115952258153264,-0.05601555305528765,-1.530682346525964,-0.008091740505975392,-2.2875439212526127,-0.28354782717249527,0.0,-1.8110070275570767,0.0,0.0,-0.7368927719330487,-0.5785727425024587,-1.1222683997095177,0.0,-0.058639384829712794,-0.04423107104788338
"Fabricated metal products, except machinery and equipment (28)",CH,24192.0835177,-0.6269456546659342,-0.5080398869576013,-0.16286076331354835,-0.03661819034200059,-0.2111824243803655,-1.1006717125800716,-0.40108360065260684,-0.21828098737173704,-0.2528478869509806,-0.09387964177684174,-1.0726359184143646,-0.15108471918353666,-0.3163180960289536,0.0,-0.6866298759493533,-0.41395606104483873,-0.215716072759403,-0.7480255211371748,0.0,-0.22619329064842386,-0.47716561125411705,-0.31645131717705216,-0.21954675772241025,-0.14125934153314945,-0.17481009407241951,-1.3214522534547963,-0.4633128014676393,-0.21390614690720583,-0.03660978420929349,-0.032717570279855245,-0.04537942758895772,-0.04178358333433758,-0.025942393825628487,-0.04814034623027618,-0.016028284954652524,-0.013822563259530875,-0.05895422449863161,-0.15609540104200917,-37.985168433422366,0.0,-0.14633989435396946,0.0,0.0,-0.05391130264012857,-0.7742849815684507,-0.039390946488793675,0.0,-0.03800280046636194,-0.03521854019278166
"Fabricated metal products, except machinery and equipment (28)",CN,772204.23135,-7.2783782926699185,-9.107395407869793,-9.827916921701103,-1.5266984924335925,-5.663640063333944,-12.439048600656937,-7.8931268888986095,-5.3821097920560295,-7.0660602706455835,-7.641954085648182,-9.119450838834146,-3.387234348748858,-5.286067137692119,0.0,-7.466467423149002,-5.645488210116356,-4.515439382187005,-10.391347614048934,0.0,-2.4834833982679467,-4.882749634224072,-5.058248126141231,-5.086292325020167,-5.254894293712455,-5.939027959355482,-7.683869148678328,-2.7519835633339382,-7.9592002470552154,-3.2605689435360024,-17.853395635544132,-109.40835354906484,-5.846836652699784,-19.215499445271742,-11.460001455385814,-1.217167871618908,-2.2728702162480166,-0.17886814769536147,-40.8148954741682,-6.957338894952824,0.0,-7.30987629703152,0.0,0.0,-29.426374998788866,-51.44711212323255,-130.05249143960503,0.0,-2.8557134504332766,-3.3102227720096367
"Fabricated metal products, except machinery and equipment (28)",CY,250.861524777,-5.2827470620193844e-06,-1.6541055621479312e-05,-7.965343077003734e-06,-0.7188324310001635,-6.86088966218058e-06,-8.80650679875768e-06,-9.947214128644762e-06,-9.940483991075604e-06,-1.0017985000144187e-05,-6.20094963041226e-06,-1.1909381802670067e-05,-1.3043666038984609e-05,-5.58379369977852e-06,0.0,-0.0005120624021499179,-1.1160523844732437e-05,-9.786448759147626e-06,-0.0005760973454035429,0.0,-0.0005797503396315366,-3.491329551198375e-05,-5.883560446074942e-06,-9.316092210230078e-06,-7.4514423788150885e-06,-5.068941692826086e-06,-3.930880944874998e-06,-2.7825503535698783e-06,-3.084300837174738e-05,-4.2687392904250076e-06,-5.097134933289292e-06,-5.070425190019469e-06,-4.153729142646603e-06,-6.572480797003096e-06,-4.820157308849604e-06,-3.3934023725373066e-06,-1.1533188455148854e-06,-1.033358312009094e-06,-1.4662431548773216e-05,-9.660137570708025e-06,0.0,-1.874211389663188e-05,0.0,0.0,-1.524410029979641e-05,-0.00018343268576915522,-7.203136728564719e-06,0.0,-1.707558621549648e-05,-4.898321781607355e-05
"Fabricated metal products, except machinery and equipment (28)",CZ,20258.2518568,-0.3302258384638924,-0.23922394107076883,-0.2679613740399527,-0.024363260302098292,-17.327890147412084,-0.5887861247395985,-0.30985356107967077,-0.21730580206476058,-0.115741177282192,-0.08155714055944982,-0.40088297804486683,-0.15848993545091644,-0.38782879477608323,0.0,-0.20861476735016513,-0.18851279754585146,-0.16497984016902545,-0.3777986724812538,0.0,-0.0865420105639957,-0.16051868757759563,-1.3681482660832414,-0.11563299511777701,-0.19863437778084986,-0.1954350410411419,-1.371101977321639,-0.9311739498262263,-0.1389496279112575,-0.010448341643064171,-0.01655326411287167,-0.02344694815836997,-0.02462218998768966,-0.02592673956390891,-0.025154353290849776,-0.006583838011957721,-0.008542976127024609,-0.0036980828321864804,-0.031177553631974237,-0.12804598528605943,0.0,-0.07519583315749,0.0,0.0,-0.049546381626783646,-0.21377234293285372,-0.04828264159700682,0.0,-0.01590913613226811,-0.00963726392996921
"Fabricated metal products, except machinery and equipment (28)",DE,176534.312299,-2.62736771089574,-3.301617062805703,-3.081557965881945,-0.08264649754104873,-2.5661959011453566,-30.125437008266687,-2.5580610839379663,-1.2542726771692831,-1.4120120601827162,-0.6996962036161036,-3.462781983088459,-0.8948235793422143,-2.369979553444335,0.0,-1.4024158837307104,-1.6603673027555688,-1.2953711272192983,-2.9289113888723644,0.0,-0.3380532453705614,-2.6912330265956057,-3.4693501194104988,-1.065972094751084,-1.3257717000248344,-1.1573965548620868,-11.742925214120728,-1.857200811451892,-0.7935990633189731,-0.10297135264798114,-0.12949013160215214,-0.1651522648082376,-0.1362071453548003,-0.12212360479353354,-0.18088814137466416,-0.04203989905349532,-0.06088281374523744,-0.022548130175362134,-0.25677697878096317,-1.7574563360327544,0.0,-0.49613840205845394,0.0,0.0,-0.8371811115257898,-1.3277490354398567,-0.702981716479491,0.0,-0.08987184936187827,-0.04479845357760924
"Fabricated metal products, except machinery and equipment (28)",DK,12575.9435414,-0.09075074079863396,-0.16213762130810963,-0.1662592199794381,-0.008611601882861695,-0.13004037253852413,-0.28878387884692497,-14.606927515213828,-0.42402420861990686,-0.1201391658689978,-0.1624329800303242,-0.18297950114214268,-0.09490855872616885,-0.11196465099998487,0.0,-0.2299842884216296,-0.10027968898337006,-0.2656705735018887,-0.2311888457249558,0.0,-0.06535222345036285,-0.16132937625915134,-0.27106390641576567,-0.06311933318529418,-0.05278975774407442,-0.49533390480183165,-0.46483591461632945,-0.0764315044361628,-0.13898071817564167,-0.011513166351104281,-0.010393984484165161,-0.024707964001611474,-0.01780080554486046,-0.013460141903539386,-0.028316256477172324,-0.004781087188326264,-0.007963235537559676,-0.0018353576276322232,-0.036783078061065476,-0.10971313273950045,0.0,-0.04561570694100176,0.0,0.0,-0.029135925585665974,-0.07990203793501398,-0.0356395925210218,0.0,-0.01144253954219151,-0.005190774454463896
"Fabricated metal products, except machinery and equipment (28)",EE,1828.25961554,-0.0037063667298746533,-0.0100029759625483,-0.0026386766418177495,-0.00037891924909124315,-0.0027516109456706,-0.0041861736015928385,-0.021059330195689698,-27.129022501747247,-0.002724842317865625,-0.016291870718999055,-0.004518692890836345,-0.007015746996833252,-0.004643628389398178,0.0,-0.021076604579839116,-0.0019943987718836916,-0.07031897646014572,-0.024454748593435372,0.0,-0.02502063761996319,-0.00796914659681569,-0.0108944287424257,-0.0026837365770868704,-0.0024184953767411423,-0.00798724873667101,-0.0026321997329958676,-0.004000546476851123,-0.004037341010406719,-0.0003233373071703495,-0.0002601384481397123,-0.0003742718024968484,-0.003011608023119308,-0.00034666432923533984,-0.0004145811887050732,-0.00036679846716252394,-0.000507053503885207,-0.0006632604610068662,-0.0012825056527488675,-0.007864318801914462,0.0,-0.001219437038371393,0.0,0.0,-0.0013241886980598508,-0.004692124515824719,-0.0008443220867986215,0.0,-0.0017004513968969504,-0.00047605637844821166
"Fabricated metal products, except machinery and equipment (28)",ES,52527.5689253,-0.019262665906796723,-0.048552931437573735,-0.03647969609699014,-0.0032643812891761043,-0.024284447387251083,-0.050493520372519356,-0.04778823195653321,-0.016149587380905123,-2.834907399045315,-0.011701896365220642,-0.232602078474256,-0.028679010119367396,-0.022643718745735373,0.0,-0.045330760139839665,-0.050894510318580624,-0.016587053569528176,-0.05257328357003114,0.0,-0.006126731749058203,-0.02550697448625639,-0.027724440109092325,-0.3055695888777189,-0.019891648090878455,-0.01978728995700426,-0.08666078521464242,-0.013345202931227861,-0.05731971409577557,-0.0021743639503122502,-0.002298760424922938,-0.004246603635116828,-0.004084981045439674,-0.005937722898659685,-0.008588885586804304,-0.0015194941546584158,-0.0017287180638228608,-0.00023109539986796706,-0.010427466225733253,-0.016829403716461386,0.0,-0.018350398831049986,0.0,0.0,-0.010096992986266103,-0.01570482027823625,-0.024304859877705098,0.0,-0.006747850165919144,-0.0016482939933102814
"Fabricated metal products, except machinery and equipment (28)",FI,9207.86608979,-0.016726665254434326,-0.05442877075496241,-0.020829486704010015,-0.0043554177225572956,-0.028409135019736697,-0.05484324261490598,-0.19019423786843537,-0.9371422390839198,-0.023590462926961844,-3.742332617086237,-0.0385861205029684,-0.015770175699400504,-0.015269113790360236,0.0,-0.03455105375695055,-0.019411299138509454,-0.06999765116849525,-0.03865961446319512,0.0,-0.01617253329266475,-0.022052351394641845,-0.05145359767227002,-0.011099897794203274,-0.015313114792060194,-0.13664780174145444,-0.06173505466782985,-0.011936478914160678,-0.034451371427095166,-0.001621408963356879,-0.001831333178037952,-0.002069305669176018,-0.004606967477569711,-0.002564050074628151,-0.005020417923409375,-0.000914721406086565,-0.0008925549950790446,-0.0011829509144335127,-0.004581075936530054,-0.0133089744939386,0.0,-0.009103123686286829,0.0,0.0,-0.005016496303182426,-0.01000299981145162,-0.009812676933044027,0.0,-0.0018999893890234093,-0.0005971913108469333
"Fabricated metal products, except machinery and equipment (28)",FR,70771.8676571,-0.31057339248068627,-1.218231042342519,-0.33712310489134817,-0.025254309019135734,-0.2719405656750706,-0.727854584584372,-0.3824348686618129,-0.16558836886480108,-1.0762923882208837,-0.13343400156884186,-20.61325193706548,-0.26873647089295205,-0.23399903960363283,0.0,-0.8127812872509295,-0.5171114258757085,-0.13572237991291686,-1.4694573230805528,0.0,-0.10521165955848287,-0.36309428133745014,-0.37921431067259426,-0.6385825830857531,-0.22752820158139514,-0.23665089322358568,-1.0424451036637834,-0.20204076043750435,-0.47862418266654994,-0.037488749824830865,-0.029696612499061588,-0.047116426784723345,-0.053570960557633336,-0.03040056678229854,-0.054094642744675646,-0.010380002807521252,-0.028028857622258666,-0.003867523605812063,-0.07331514960673957,-0.36631116953000237,0.0,-0.17588566709692915,0.0,0.0,-0.09619378005297663,-0.2636652008220743,-0.1413125561645861,0.0,-0.1002263925584621,-0.01781492434214774
"Fabricated metal products, except machinery and equipment (28)",GB,49938.0981286,-0.5761480472700046,-1.458123159919392,-0.6042516946358977,-0.13341975466802086,-0.7249669279255716,-1.2983018054627478,-1.0634937703855871,-0.5412887056209967,-1.0465776874779402,-0.41611372316616735,-1.6074752223089233,-0.5245060430894884,-0.48581761206190294,0.0,-3.8710290917598296,-0.6159090785518977,-0.5720531556695098,-1.6279859872892697,0.0,-0.22814354854274638,-1.6133094030982598,-1.0162816976894322,-1.0650574129202883,-0.4698771963143926,-0.6234353423956378,-1.0344630571756173,-0.46658751264989856,-23.58532198818002,-0.12519908530668755,-0.13360181450935318,-0.129669946242591,-0.13961242601704274,-0.12482147602746621,-0.1493921459554855,-0.04044669324851252,-0.11602074245585112,-0.02206516425674868,-0.27512493942631666,-0.48098755436666196,0.0,-0.3947487124368574,0.0,0.0,-2.0020423021891016,-0.4204968350083161,-0.2704290246841742,0.0,-0.06780424644212511,-0.040927793046556304
"Fabricated metal products, except machinery and equipment (28)",GR,4050.98073342,-0.05641139503222684,-0.08810777984138687,-1.1688986475767065,-0.10907597318562243,-0.047353278223207514,-0.15149173600813876,-0.0535324063124347,-0.0919774807984184,-0.10138945759318957,-0.037404373629753365,-0.3218945817933349,-14.141653302228168,-0.07852307228090578,0.0,-0.08371134661249512,-0.14712960045301365,-0.03995706234244611,-0.166433559231924,0.0,-0.07771501048859038,-0.09262819727991221,-0.0813661253608951,-0.06516399945265842,-0.21439329548232258,-0.040740092480823324,-0.14776758244473043,-0.033392124311267334,-0.07728533062735955,-0.008188177164762054,-0.008831664546145198,-0.017202668069648555,-0.018679939063499806,-0.02236608198941199,-0.012409216635279774,-0.007942386354664335,-0.00632490840294401,-0.0034366519833298223,-0.04979154165936671,-0.06648143563488333,0.0,-0.057712784952955995,0.0,0.0,-0.02528520688413637,-0.058498868261596684,-0.032659541286419305,0.0,-0.013736822524589201,-0.011325103796618087
"Fabricated metal products, except machinery and equipment (28)",HR,1701.8973438,-0.03280246775425336,-0.018730345325027122,-0.028626400788132677,-0.000618110582774403,-0.012662875203286855,-0.018877837227553783,-0.02140186405257059,-0.009154994034784775,-0.008246677142952583,-0.004025224128757506,-0.011477279867318285,-0.03034734146690521,-0.14877231732333568,0.0,-0.021001724295438957,-0.01986161062132872,-0.011753036822299544,-0.04415449724210942,0.0,-0.013833338829960807,-0.013711551502110815,-0.026592325823601052,-0.007025434484217637,-0.02217179420541549,-0.006641111594549422,-0.8529473396058448,-0.027468079231886666,-0.005518532659444574,-0.0005006538366672068,-0.0005072648049514895,-0.0008669574007835033,-0.0015982304114470728,-0.0006978111747818432,-0.0012134295378549212,-0.0005309974025478476,-0.00038204310084956393,-0.00047334897394311855,-0.0025069018053505434,-0.011102749498907721,0.0,-0.004864831828146555,0.0,0.0,-0.003396823917172348,-0.0059381380452877145,-0.002222755845040225,0.0,-0.0012488681177375176,-0.0007672627722844393
"Fabricated metal products, except machinery and equipment (28)",HU,7234.88142188,-0.3339310066534357,-0.19858795238028473,-0.2952682999399428,-0.023042337412773662,-0.43932320516717577,-0.3908366075476962,-0.24543971915117188,-0.17315179847227236,-0.11131596100113374,-0.059457701482507924,-0.27955790188785407,-0.144036056641775,-9.788694924388924,0.0,-0.1611709226145171,-0.21021146954313835,-0.1615697791295404,-0.22563483805365847,0.0,-0.07515325686536285,-0.22582418619223277,-0.5991723265113104,-0.07716072267978648,-0.4425297069944097,-0.0944163937003569,-1.902460277899692,-0.884420074005717,-0.07198684580881946,-0.007987232597268414,-0.014259712161419986,-0.013236243073915572,-0.01856444749601655,-0.022336896788901953,-0.01668607929115746,-0.004862727781306061,-0.0065019492990373105,-0.004084340672850916,-0.0221671236015316,-0.09077412439616551,0.0,-0.0411677010173255,0.0,0.0,-0.03922579188735966,-0.07994726984758845,-0.03994038333084372,0.0,-0.01078083342448293,-0.014794299697526839
"Fabricated metal products, except machinery and equipment (28)",ID,29376.28334,-0.019588551267639778,-0.050320972922904036,-0.02231271139423459,-0.037738680594880114,-0.01774226935793864,-0.030199407022972656,-0.110467890029023,-0.04869252134301016,-0.03881112056051646,-0.028136533778008736,-0.049074534474329655,-0.059068516131922544,-0.023443124070962006,0.0,-0.13104148589230746,-0.032333595744924025,-0.03869466748668381,-0.11253436589168657,0.0,-0.11842122516863017,-0.0796546284699851,-0.018121709421682456,-0.019081979597458117,-0.018395193228241794,-0.024137531696996922,-0.027505317107004164,-0.02399437148286756,-0.04123371888348237,-0.0175036973322009,-0.0705358382182377,-0.050368580732046746,-0.04713192257046232,-0.07307955734202656,-0.017389234827868055,-0.014459697519096048,-0.008422365713107637,-0.004647123800848758,-0.47770800111744255,-0.051460189452296176,0.0,-0.1956637037090141,0.0,0.0,-0.057898494497501105,-0.6187286787524721,-0.09354031946742582,0.0,-0.02678170727854486,-0.02756815024064487
"Fabricated metal products, except machinery and equipment (28)",IE,9727.54690852,-0.11542237931980522,-0.17709582720559564,-0.05760186864894569,-0.14919858754620394,-0.0825822800838209,-0.2226354169049593,-0.4203470274540612,-0.0737452007293781,-0.21935358146468212,-0.07642135431710347,-0.22818444968823948,-0.1193970335135617,-0.1283628933758063,0.0,-47.29142508657096,-0.0860903718783649,-0.10333432020389124,-3.4442373664513637,0.0,-0.059146629314378724,-0.31555132428608007,-0.2185331281620851,-0.10476889920592375,-0.04855460114729204,-0.07840898070527272,-0.13374574559604813,-0.13132166125956146,-0.9921337915901953,-0.03627832318369936,-0.03227958442650322,-0.01078786617067624,-0.1425263224110206,-0.013514092031668385,-0.013085072254289842,-0.004132999132365223,-0.033138436254963224,-0.003742971368992973,-0.023573285431528777,-0.08905559711934624,0.0,-0.04934425112841815,0.0,0.0,-0.06086981505584168,-0.04321044823602444,-0.015604316337737192,0.0,-0.016403794071781358,-0.0038491264253656733
"Fabricated metal products, except machinery and equipment (28)",IN,113809.997446,-0.3275953771525329,-0.8199443566151077,-0.4062361217584451,-0.16334823515763008,-0.1879501390928354,-0.5048191449307949,-0.4944147489830632,-0.45914454852922476,-0.37848423161020667,-0.2934986482965269,-0.5887732998915678,-0.2563197682397025,-0.24069816653951054,0.0,-0.44162707610045093,-0.5974231550671805,-0.28899226772191855,-0.5608372438378515,0.0,-0.2042012901344324,-0.5366587339214968,-0.2732823790142895,-0.19723702449510555,-0.19157356744654686,-0.2946270624637323,-0.8550595901461174,-0.10952054704545656,-0.7014579261712963,-0.21815114601521762,-0.5789967862570008,-0.4935366480464467,-0.3106625779693108,-0.9595588722585404,-0.40120310797006975,-13.743353771547275,-0.11796717813519805,-0.012893583895434936,-4.54851353534951,-1.0286887386577728,0.0,-1.864717193002932,0.0,0.0,-6.115937971854624,-1.7798788448381322,-7.483770431504554,0.0,-0.4660403485978979,-0.2584952540003809
"Fabricated metal products, except machinery and equipment (28)",IT,111043.887423,-0.178281609586454,-0.2471552466130164,-0.3100794689495374,-0.008635394117442931,-0.14506444916280734,-0.23792235007583254,-0.08563769671090436,-0.06116883985119898,-0.18361988526346035,-0.04957934643363564,-0.43391417839896157,-0.21502938153118883,-0.22536807231924588,0.0,-0.1062962524537948,-2.5204500212941543,-0.053859311739343815,-0.21240279496901002,0.0,-0.04842074083509788,-0.11232433811762921,-0.16027003297826292,-0.07108571707393017,-0.1572132691526706,-0.09844004739873904,-1.233688736932619,-0.12069046234287968,-0.10445352116290436,-0.009240621959966862,-0.010683094210445993,-0.01336085378143459,-0.014733445288550358,-0.023836580855941057,-0.02625765259260129,-0.005335160387313315,-0.0062359480810116686,-0.0014970716818341239,-0.03346744505739197,-0.24007000351855948,0.0,-0.07307996752850446,0.0,0.0,-0.05372483827519825,-0.048399650108334025,-0.08121580644909815,0.0,-0.01820351510428625,-0.006633452494888181
"Fabricated metal products, except machinery and equipment (28)",JP,130401.892516,-0.370768040823289,-0.6198837121924043,-0.2361599808473235,-0.16632153900178548,-0.39067101180055563,-0.4016135405710746,-0.5231180462782757,-0.6984150293634168,-0.3774198436302651,-0.6020903449637577,-0.513624201348951,-0.24213537206020277,-0.18946177396936234,0.0,-1.0481419656480029,-0.30759087822204845,-0.286556821355813,-0.8944076773554567,0.0,-0.27544809163610307,-0.4041331306671262,-0.22870949017041556,-0.17125021184714573,-0.1619457192650535,-0.47316673533680736,-0.3152015511306354,-0.10423218342142145,-0.580417750753981,-0.286440562986792,-60.1976090742145,-0.46733906655813046,-0.49868164858514685,-2.939034638373374,-0.4752388665710847,-0.05943112662607798,-0.13517430021529442,-0.027222683008615068,-6.7650805636720905,-0.4402453759099409,0.0,-11.28624776005398,0.0,0.0,-3.3181399426941325,-2.0628461727636593,-1.6645805093071393,0.0,-0.07677680586297378,-0.1750769275931848
"Fabricated metal products, except machinery and equipment (28)",KR,90942.1276905,-0.21579677661127952,-0.31159738668761333,-0.20906361398496004,-0.07496993053499208,-0.12425916807143529,-0.3096560885278019,-0.2766770042171994,-0.24449111291596332,-0.35750389653828224,-0.2069465502688385,-0.5527006772263461,-0.17615764964253816,-0.14027875668323025,0.0,-0.26835278385149225,-0.19245617544642418,-0.2044200031295147,-0.27989137877772013,0.0,-0.17707071666340257,-0.20715657530845824,-0.1456206110395366,-0.13493483910484852,-0.10109824343176464,-0.22523680277744398,-0.40776817459711184,-0.06571435057395913,-0.3564250429322698,-0.17820302359407214,-1.0507781012636863,-0.5224386236232902,-0.3047275264799815,-44.69513024049367,-0.3074640827023138,-0.06608499051642082,-0.13525864378093722,-0.011357228461645831,-2.3573709338025783,-0.19081714498720367,0.0,-3.158401849397331,0.0,0.0,-0.4663499420169194,-1.5053117109940366,-3.5031642789873496,0.0,-0.0665653094060201,-0.15777933777556494
"Fabricated metal products, except machinery and equipment (28)",LT,1204.92107566,-0.0050049700205020975,-0.013187452836315495,-0.010092299232497272,-0.0005509909955943283,-0.008014137424909593,-0.014462370297174672,-0.05158576552941353,-0.2970976414280742,-0.006087237705558465,-0.012165977321100046,-0.01041999711509022,-0.00908612775971948,-0.011468602693792023,0.0,-0.017537599679782502,-0.00690374391263234,-25.732487922837574,-0.016499786760717186,0.0,-0.020694353656208867,-0.013332330930220513,-0.08769591109525007,-0.0042281072732352635,-0.0047274470970964395,-0.025729045326083576,-0.014180900157632355,-0.008114942367963817,-0.008614578516436482,-0.0004432723607219275,-0.0004083057109199486,-0.0005365530686864726,-0.002082117333738655,-0.0005053130263334444,-0.0009437592782299682,-0.000251386138342822,-0.0002835307073695633,-0.0007314961028664284,-0.0013665190921987947,-0.0060637972724165885,0.0,-0.00230583211051594,0.0,0.0,-0.0015310124080552977,-0.003631563869588716,-0.0018009438516829904,0.0,-0.0015079253267099634,-0.0003791349857695325
"Fabricated metal products, except machinery and equipment (28)",LU,3464.31482302,-0.07611637923232067,-0.12619214085881542,-0.6407749587268106,-0.006864360292807475,-0.08272044709429152,-0.23946941405096253,-0.14569609103029352,-0.10873661265972588,-0.12358391438319616,-0.05147289377422155,-0.7306054794380129,-0.11834043044453262,-0.062286645954907086,0.0,-0.22760152278430187,-0.11318198852023718,-0.07330116693536609,-134.26230595409203,0.0,-0.06530976313095184,-0.3395046067264622,-0.14177897080892096,-0.09097634351429149,-0.07589342513208008,-0.08839045189249048,-0.18422507721180367,-0.062487671140543675,-0.13772723668496825,-0.024170145718621215,-0.018024676898539132,-0.017039560443641348,-0.04262481062442072,-0.01968327229555659,-0.0387664552170643,-0.014688729299407833,-0.02090830220454087,-0.0033290374966236957,-0.05682234362205375,-0.1347130309476746,0.0,-0.08701839397870281,0.0,0.0,-0.07596302702204055,-1.1013332543355598,-0.0901272197753434,0.0,-0.0659171258986385,-0.03752901225725445
"Fabricated metal products, except machinery and equipment (28)",LV,753.734232706,-0.0006961699834134099,-0.0023690767933769326,-0.001113850096735496,-0.00010704050144931941,-0.0003617658479467408,-0.0008327291402429343,-0.004688943498755709,-0.08677822660708584,-0.0004494999650240996,-0.0011032792974771612,-0.0008797137273236415,-0.0030234143050672513,-0.0021088485762280115,0.0,-0.007759663518611473,-0.0002479094716869331,-0.043279762923151596,-0.007850570515614469,0.0,-0.01006330628738927,-0.002282550693872612,-0.003797355847951203,-0.0005632850844345104,-0.0006327999875048351,-0.0012998759293128808,-0.000604176506907736,-0.0008006613514338779,-0.0008953186596182558,-6.777482397868478e-05,-9.47917219691077e-05,-0.00011850072265529228,-0.000501891947353922,-0.00010065914975548274,-8.311295336741862e-05,-0.0001231511617400655,-0.00021994018578929268,-6.755934240941146e-05,-0.0016967048247572899,-0.003291866987815959,0.0,-0.00020816527092209176,0.0,0.0,-0.00025440339997531486,-0.0008277104086299074,-0.0001831805527736952,0.0,-0.0007477616358543127,-0.0001395693775462483
"Fabricated metal products, except machinery and equipment (28)",MT,134.007802436,-0.00035172117551714876,-0.007967599109045414,-0.002857815685981028,-0.00019422612413195448,-0.0002989393211672069,-0.0006854123586428633,-0.003672065089032243,-0.009976390907846567,-0.0005447167804364693,-0.00020968119325506633,-0.0012459916319252909,-0.004475042976714336,-0.004354951803814729,0.0,-0.02111855009408831,-0.00039633834339243866,-0.0035739362809452204,-0.018239931888351445,0.0,-3.763117833815234,-0.0047608813712174845,-0.001481386066214665,-0.0005283896879803837,-0.0008170206895164303,-0.0008068244011141123,-0.0004914978729229512,-0.0004827597663930604,-0.0012101743943382824,-9.168908116153822e-05,-7.792299934894002e-05,-0.00010966821272574503,-0.00010833040779454329,-0.00010021762445515049,-0.00014392623933563562,-9.772583886498448e-05,-0.000250679215917973,-3.4367590325954106e-05,-0.007383161359032224,-0.013198980090948144,0.0,-0.0002982828709856054,0.0,0.0,-0.0006910325638837626,-0.0005716434663425462,-0.0003985896817205128,0.0,-0.0023810713750438213,-0.00031331698680233863
"Fabricated metal products, except machinery and equipment (28)",MX,25116.9436887,-0.5146193115360725,-0.6652532858947918,-0.36119397238177564,-0.11038506989219894,-0.31901040961184135,-0.900069830869501,-0.39696114009145417,-0.3095266009090839,-0.8344408254059485,-0.28965453729279833,-0.8798084989409263,-0.39621562453110715,-0.263370262866154,0.0,-0.7694739391178613,-0.4141724028786877,-0.18546606602840005,-0.6334285326472069,0.0,-0.2645000247151606,-0.38915742907655965,-0.38046039405779314,-0.4519194764550154,-0.21309879024677042,-0.4705891333378915,-0.8500807159867477,-0.15449132774657648,-0.511240618422736,-1.8907354198693893,-0.45374569068818676,-0.3704240397625452,-1.4451857929624625,-1.1634924983675907,-1.0657664220575138,-0.08566053485160684,-67.15604282614882,-0.013927702722331315,-0.5129439129920034,-0.3241942764496116,0.0,-1.1110597533953237,0.0,0.0,-0.5282827352812856,-0.7976981210146272,-1.327694298821996,0.0,-0.10093199439835523,-0.05317747493082765
"Fabricated metal products, except machinery and equipment (28)",NL,33678.4828617,-0.31893779106599635,-2.389601294348457,-0.4611428432324936,-0.01973154384287469,-0.3746229304937169,-1.274149566310055,-1.6241003367883318,-0.6749422741804323,-0.5789501788844035,-0.9539148851797278,-1.1069821479408117,-0.3597457175711701,-0.4364508356713935,0.0,-0.9901862655972006,-0.2978058832586474,-0.3486564689340178,-4.199585587015918,0.0,-0.11910958064525562,-27.857795569803574,-0.7214704317398105,-0.3739834527074771,-0.2929353400267746,-0.5938272539075182,-1.6905596568758388,-0.22702922314436894,-0.6627261782421565,-0.04388271307144794,-0.04492224213029836,-0.0568980828921814,-0.21308441461231645,-0.05461474508700409,-0.20363984718168723,-0.02261178396588418,-0.03615596379248955,-0.010162686674741102,-0.3711901024369016,-0.2638369209547935,0.0,-0.44715587785729766,0.0,0.0,-0.3102524134996333,-0.4393539413944117,-0.1839057883823743,0.0,-0.0989000150093326,-0.02733653958200568
"Fabricated metal products, except machinery and equipment (28)",NO,4657.78829546,-0.027332048069916334,-0.04668590119293021,-0.024563140496158695,-0.0030569481325440524,-0.050378128311460546,-0.053465476352486545,-5.263473902429065,-0.41461655627397254,-0.059629821562337496,-0.10765317206459252,-0.05076613967236052,-0.018501759812278126,-0.026459722662747626,0.0,-0.06403496502605803,-0.02129464182776114,-0.3935103217520548,-0.08264639896267995,0.0,-0.01491229721885111,-0.0661468164685962,-0.09273436512258075,-0.03593843543622623,-0.03997378051570402,-0.45250467337057726,-0.09752249028461757,-0.01899390598296021,-0.07331087611504954,-0.0036940959593811076,-0.0065241169764526045,-0.004744283287265123,-0.013236500421382233,-0.013215855044389303,-0.037497630903908445,-0.0014374801470933586,-0.0035491563718471203,-0.0008641576528161131,-0.016181505305131745,-0.019916907247868182,0.0,-0.021757231246429417,0.0,0.0,-0.013625256161236693,-0.01956791521443333,-0.014517823306527709,0.0,-0.002898308700751847,-0.00108251421937643
"Fabricated metal products, except machinery and equipment (28)",PL,35039.4764258,-0.4303189775509508,-0.5641680254498677,-0.7931205820009246,-0.040322549383547915,-1.2353407450293468,-1.0577951672244996,-1.0183069538210698,-0.8340126364788882,-0.34859206796401665,-0.22459772524844185,-0.859257848511846,-0.3289695153376359,-0.5809152328344491,0.0,-0.38508732745030544,-0.44135431290209726,-0.8224797639767505,-0.6691244021720126,0.0,-0.1197333976956763,-0.37381633674042747,-29.236100948793748,-0.18585491058070874,-0.32732982882939066,-0.5993846240944266,-1.9373028859589705,-0.8940671776690704,-0.226003358118616,-0.01710351817846274,-0.0272145087816112,-0.03493085196906915,-0.04766175001851627,-0.06507495433579473,-0.06813924706847523,-0.009793950037154974,-0.023396588555262537,-0.00421669173453407,-0.09002671397343667,-0.18239195719223494,0.0,-0.16088398621023423,0.0,0.0,-0.08936002615535345,-0.16686294609245408,-0.14570805590035882,0.0,-0.025264914428349633,-0.011407718157747996
"Fabricated metal products, except machinery and equipment (28)",PT,7196.95289731,-0.031832447414474344,-0.09637395344921225,-0.04999802054638442,-0.005430556425611518,-0.04111327805169637,-0.06927941543764662,-0.061758331632596045,-0.042744434579537645,-0.6007706639563065,-0.022132267452046175,-0.1652424614162668,-0.04163984100819713,-0.030121977816293465,0.0,-0.1795580435348603,-0.0651679307487202,-0.029186521731456156,-0.15707218842011647,0.0,-0.018558111377362067,-0.0509780333880926,-0.0535659471800665,-35.96203999540378,-0.028039945787464566,-0.03507045786536815,-0.07001107960536483,-0.024383384504132816,-0.08669081836826374,-0.0031317334830955556,-0.0037134893026178686,-0.005300965718449775,-0.005947168704855493,-0.0075146434229268946,-0.02281792860287708,-0.00216608150489439,-0.0025305199102879637,-0.000827686690287489,-0.008994191534425072,-0.03706636917243296,0.0,-0.021859173367359905,0.0,0.0,-0.022206642586293842,-0.02081233730532926,-0.0343399057004809,0.0,-0.008465202924322774,-0.003169687151836088
"Fabricated metal products, except machinery and equipment (28)",RO,6018.24631061,-0.14667184009307999,-0.2341226069168176,-0.6634429810460493,-0.010483234898131367,-0.13341404067614793,-0.1879097471660068,-0.0951687904223843,-0.12611782472514732,-0.09329285678914637,-0.0310240276186288,-0.26573868545378404,-0.28183664644992107,-0.31333821251249455,0.0,-0.0913134054779984,-0.1518342368944199,-0.09033690492359843,-0.19178832375894408,0.0,-0.05200227868471696,-0.1112575159854632,-0.29697248135770443,-0.07637405912385582,-35.415228706683294,-0.05427184079758144,-0.36332376278059514,-0.3701562215217366,-0.047155631334509056,-0.0044672219250538395,-0.006049018163928539,-0.008694595745206599,-0.010592911498171194,-0.0083696242490972,-0.009730690537685499,-0.005201881979124827,-0.0036790707781375813,-0.0016200168100512396,-0.017382882451474516,-0.05549182268082776,0.0,-0.029617251794257442,0.0,0.0,-0.022850595347325187,-0.03990091728668165,-0.02581491451361807,0.0,-0.00881607016183066,-0.004088393339192956
"Fabricated metal products, except machinery and equipment (28)",RU,83721.5455433,-0.013942762091810765,-0.01950013264169428,-0.028329252749758126,-0.012147413426737976,-0.01767288248993916,-0.022701886177994818,-0.013450623872538722,-0.11947724727531248,-0.01299368365611007,-0.01881767862911621,-0.01661067948016559,-0.02638946461806171,-0.03363419096760577,0.0,-0.06978381178899103,-0.022201647965112224,-0.1799707137925675,-0.030624479786926607,0.0,-0.008040845820194127,-0.010998073421079913,-0.03833410366326291,-0.006203302377443411,-0.016435218418588488,-0.00868358710338077,-0.06346651535976862,-0.014463209789512326,-0.01045894943326121,-0.0018106711433561586,-0.00597149074306025,-0.006616879187028078,-0.0026908536546723094,-0.009195661834333043,-0.010252729916294518,-0.001153128376298283,-0.003590728978699401,-0.00015069150503805703,-0.07051018650396615,-0.009590287728607153,0.0,-0.05741006199388271,0.0,0.0,-0.010712980626487725,-0.053487985279327965,-0.016383328079071946,0.0,-0.0019269240929736084,-0.0014198862658681027
"Fabricated metal products, except machinery and equipment (28)",SE,16074.2136426,-0.12308749558623289,-0.25887262454915183,-0.10442710079867733,-0.02626401307196597,-0.19330845410854225,-0.3462408146539269,-1.8932693880862344,-1.0899128338022548,-0.1438571415549839,-0.5955574980857186,-0.35666110606455953,-0.08600177316201846,-0.11036345350276654,0.0,-0.4954905836782707,-0.11773189665533493,-0.43931062544118554,-0.3314143213851924,0.0,-0.10197394824129577,-0.1482214946438165,-0.303102183660992,-0.08591472764132561,-0.09024584300259553,-17.914413099022806,-0.37510969794335125,-0.08565272353942004,-0.4236288425959799,-0.009208228403717723,-0.011835472984814256,-0.010679999738190957,-0.02790603064740054,-0.02019511528348598,-0.03728004091461485,-0.003989070750524709,-0.005937711671365782,-0.0024887300393469213,-0.027713237957828825,-0.07305188879349253,0.0,-0.04634286980047016,0.0,0.0,-0.06356435784530357,-0.04986980241045367,-0.05876834809985595,0.0,-0.00932988263322533,-0.00352458026535763
"Fabricated metal products, except machinery and equipment (28)",SI,4151.06835877,-0.17547577974314918,-0.07769046982122164,-0.16804609300348267,-0.002872540716700886,-0.06287305822797798,-0.09523335368713885,-0.06620147143196313,-0.04473602378927561,-0.03515867071198685,-0.02235264942635186,-0.06587976700612667,-0.5223543016367889,-10.194252074218596,0.0,-0.1091827258297012,-0.1013219220589317,-0.0543512954935287,-0.15103499407670445,0.0,-0.07928222521099539,-0.05301054053523985,-0.09500246379570756,-0.026569592290910566,-0.060441334823596524,-0.025797967670593874,-77.38994504278607,-0.11802059034491624,-0.026169460799085213,-0.0032671653407037025,-0.0035248283965667667,-0.007394689698193306,-0.012218791404561858,-0.0039547910459559405,-0.0060754310543032364,-0.003515577015497562,-0.003294916965071599,-0.004630360351780115,-0.014457586629964778,-0.06282423791646037,0.0,-0.03419321226521445,0.0,0.0,-0.01516121539283999,-0.031732635234863076,-0.01254399107326395,0.0,-0.008554700020513952,-0.005763353439426835
"Fabricated metal products, except machinery and equipment (28)",SK,8811.52322624,-0.24305888686504365,-0.14255423372980655,-0.26814472271704265,-0.009131337003909362,-0.8280678306272415,-0.24618057339871394,-0.15405321527650356,-0.09586260826692126,-0.10638916787348843,-0.04772027259037018,-0.2564438699778242,-0.16294734800668895,-0.3778654266470889,0.0,-0.17591471833686897,-0.1380996192446843,-0.08601235220574226,-0.22179014683591777,0.0,-0.04596340345370702,-0.08326629416578006,-0.4958612273680953,-0.08322641280422835,-0.3221116938325877,-0.09467412729159193,-1.292302819379329,-19.742264769125217,-0.05759070231930118,-0.005123389671601306,-0.008652442287309018,-0.009938408783539186,-0.015677590458398578,-0.02348521506711034,-0.009890926284549479,-0.002897067164692891,-0.004582312146063214,-0.0020010995738576416,-0.016612280709380988,-0.06887860826233151,0.0,-0.039859737027598346,0.0,0.0,-0.02898206412287565,-0.05240857008369119,-0.033718916472657415,0.0,-0.007582354264468752,-0.0033280021457829665
"Fabricated metal products, except machinery and equipment (28)",TR,19958.4358763,-0.16635553493304608,-0.5200946369248577,-2.0093399289561487,-0.08001722726798495,-0.15069818416976727,-0.33249227113939045,-0.8292846483454731,-2.254639313142387,-0.38380868140690827,-0.13508856852031018,-0.7971668672559701,-0.41969761732996236,-0.22049890712630765,0.0,-0.16181220792875772,-0.23856666201880877,-0.2825118260285985,-0.3866781378365104,0.0,-0.06545121072331964,-0.17348382269885693,-0.237315395555223,-0.17513559966528278,-0.27867191037364564,-0.23428994752294557,-0.5961552804214941,-0.08872716983762824,-1.025318008552823,-0.06100213555804956,-0.04431007501906295,-0.06139168278278454,-0.07782592045253868,-0.17514996900670507,-0.24324509142557985,-0.023574063954745775,-0.03994441550946663,-0.001810974954504434,-0.13569229064449534,-0.12949629470502316,0.0,-0.2672547925250578,0.0,0.0,-0.5770884116712451,-0.26714567012913254,-0.20124234710334873,0.0,-0.051032860535081194,-0.03244963871454134
"Fabricated metal products, except machinery and equipment (28)",TW,38481.4115169,-0.15174532229920668,-0.14711051766797095,-0.35082282948148097,-0.09054133568033515,-0.09836545428846975,-0.2810918378051738,-0.17110257514681165,-0.11840730670182514,-0.13949453942887277,-0.15145279535929362,-0.2676591048793886,-0.07753756358396986,-0.10845191640354819,0.0,-0.1967850533790784,-0.160791531351498,-0.09550166798703227,-0.121842526502884,0.0,-0.09121014493567497,-0.12514053727980792,-0.10551547040709722,-0.0766531627096257,-0.062244506623644516,-0.16949344481315115,-0.2987058935324544,-0.047149267975454226,-0.18724047294213483,-0.0734714817184501,-0.41596574715284484,-0.037454226195637076,-0.12299231572754349,-0.5151084827212414,-0.21887255290900004,-0.0222180674391801,-0.04430769462981176,-0.00760573267587258,-0.9940795709685285,-0.2407478591913668,0.0,-68.25215318352359,0.0,0.0,-1.6598526464814847,-1.3287222867283046,-0.8697984769701546,0.0,-0.05138511144640197,-0.06977752289683381
"Fabricated metal products, except machinery and equipment (28)",US,399236.949469,-6.436688695787038,-7.576191735572243,-5.187356014164973,-0.6503688203149475,-3.596097839813252,-9.597765983148202,-5.053017311707962,-4.141415203346683,-5.8963605307781926,-4.233387672451789,-12.164465612527245,-6.837906104340232,-4.056256879755137,0.0,-9.157641055677196,-5.641943794555661,-2.4753007896554067,-6.551152515568613,0.0,-1.8307089153949505,-4.417641166622213,-3.1557685861245433,-4.898604390447217,-2.714231013432705,-5.052957907604673,-18.967974887682107,-1.529726336884585,-10.484884708745268,-223.12753651751666,-6.327600814950715,-3.655755271062322,-44.94995042981079,-6.624999544913237,-18.16854603803784,-0.9920618537125255,-21.391331054569807,-0.37156658419168803,-14.382562283897617,-6.013067054584434,0.0,-16.255166264837737,0.0,0.0,-13.538882490127952,-13.284306551674907,-17.081411306852935,0.0,-1.1370915352325675,-0.9175061881872585
"Fabricated metal products, except machinery and equipment (28)",WA,92032.094942,-0.645847296075235,-1.514454755360754,-1.1080869448015056,-0.2146816295113114,-0.5774594491522818,-1.0850167012109262,-0.9619428458357393,-1.112547799333348,-1.3583671293404107,-0.6041929069285741,-1.6275195518835692,-0.6034891124988822,-0.5000120898988818,0.0,-1.1092824558172025,-0.9837798404148682,-2.905651510274879,-1.2738580190957205,0.0,-0.34194297577941885,-0.8663665648780712,-0.6578865659155846,-0.43374391568713866,-0.3824932465984494,-0.7969550115713437,-1.39438967354018,-0.24988749164127838,-2.4511222635169365,-0.5231040287488407,-4.387184603713723,-1.212122588805076,-0.6311105977166526,-5.121968819666989,-0.8815892175771008,-0.34183682785410213,-0.2987786974255959,-0.05063483255815897,-8.850212003446403,-1.2921832283339096,0.0,-13.145467205532299,0.0,0.0,-11.107691023445609,-2.5446747961553946,-5.548200670270672,0.0,-0.251191752196134,-0.2729523070991457
"Fabricated metal products, except machinery and equipment (28)",WE,15967.1851366,-0.053172661597850585,-0.05144266168302277,-0.19212808076084356,-0.008176441124021341,-0.05992519862035701,-0.05213652031885384,-0.047679187186946935,-0.09254680219173755,-0.03300916793096097,-0.01780922048150503,-0.039058473048543624,-0.18197213659851993,-0.525822373566034,0.0,-0.04865005377619839,-0.052459236295953025,-0.23838629569725944,-0.053941873303871214,0.0,-0.010776326521704696,-0.026064458444601618,-0.15016627791707737,-0.02090407252372897,-0.1067870002848633,-0.024308860105561304,-0.6028029811480893,-0.06774727617224018,-0.019704508883690144,-0.0027841010170439064,-0.003429187140784886,-0.00596125435560512,-0.004906115444771214,-0.005948821822499354,-0.030798503476845467,-0.0016457241883230584,-0.0016213901932097484,-0.0013744054238164622,-0.08375693390392314,-0.0225903953269034,0.0,-0.033439461007441745,0.0,0.0,-0.042601973803020436,-0.019008308810396928,-0.013439526440036863,0.0,-0.0027773580681856236,-0.0017918637848754564
"Fabricated metal products, except machinery and equipment (28)",WF,34741.3844016,-0.07495694164177782,-0.41539233062927705,-0.2940823804927405,-0.047883226668593425,-0.08873793101425867,-0.15095917455483018,-0.17640215090368594,-0.1634957350972792,-0.8090288749098161,-0.0663162235673278,-0.9256672919839781,-0.32797207142620627,-0.11512282524094826,0.0,-0.16885603479353198,-0.3274484596059209,-0.11057241194237716,-0.3393014095881876,0.0,-0.14485306994525834,-0.5173370112452967,-0.09545735810028558,-1.1803146350323213,-0.14224975255273156,-0.08939883999427331,-0.25230234030854176,-0.04188466669860812,-0.2577921129726511,-0.024872755004298086,-0.051972634659809024,-0.0897903251851692,-0.03585266864630272,-0.09723434255423014,-0.11526078795223117,-0.027231545534514946,-0.017883466524699326,-0.001934640299151388,-0.9249889896404286,-0.07458254444889253,0.0,-0.8482715745390385,0.0,0.0,-2.582771354897415,-0.13178465155711358,-0.15378630677472208,0.0,-2.116116436906571,-0.032520845421149434
"Fabricated metal products, except machinery and equipment (28)",WL,57014.8434905,-0.11144750117142313,-0.21620539771705444,-0.15297866648216835,-0.06318105670729705,-0.08843966355002289,-0.22272836384806602,-0.21545235437943705,-0.17640103661736045,-0.5495712404628545,-0.0960546917928712,-0.3075549103171552,-0.08963442213736464,-0.08801093448064605,0.0,-0.23584063469811983,-0.1395202467881355,-0.07289397661632419,-0.2635725752266803,0.0,-0.07763091394230222,-0.14375533863636183,-0.09577864418799703,-0.2585017721211641,-0.07573258767438495,-0.12272840638044309,-0.28710082875663495,-0.050967833794187324,-0.15964840481795559,-0.15317919700687221,-0.10023959530895753,-0.13534247730217508,-0.1160557767161352,-0.21135575883617508,-2.780449083769159,-0.024268547942360007,-0.6305218888190115,-0.008363736072953836,-0.5878297071956466,-0.10896078482573704,0.0,-1.147234221552177,0.0,0.0,-0.29582417726420435,-0.2173256916840228,-6.698861865108456,0.0,-0.026376693611533972,-0.017495950077600544
"Fabricated metal products, except machinery and equipment (28)",WM,71510.9070141,-0.5141446774099874,-1.4178284418205949,-1.3617932982073186,-0.26319248961787006,-0.7778961665342948,-0.7828807947801362,-0.6009543816212372,-0.8559531475762019,-1.2416270262198592,-0.33237108003950105,-1.4807495539590212,-1.2304012992518658,-0.5316071642768941,0.0,-0.6330317987134535,-1.0602472976313977,-0.9347998688683179,-0.9675467411672144,0.0,-0.18802957067722,-0.5453770952137829,-0.5162132432168097,-0.5268418516836809,-0.5552843763952975,-0.44816851156095866,-1.4706700084578634,-0.23210606793209534,-1.5380593632596795,-0.20080119780566855,-0.40877443027120575,-0.32286472750647577,-0.2297688775731907,-1.0794964810502499,-0.6503941586636406,-0.21480821031144398,-0.1406059666232638,-0.007424138054390564,-9.589318348508453,-0.6836094153046254,0.0,-3.0110344184615196,0.0,0.0,-4.210126972251177,-0.5376466079589092,-1.270510258192499,0.0,-0.13940421941869033,-1.6740902241601987
"Fabricated metal products, except machinery and equipment (28)",ZA,7173.97189833,-0.009775611311627255,-0.020568270915854236,-0.01265546003146121,-0.0013961457451831187,-0.008637796984048261,-0.028759551534832253,-0.01941860154792245,-0.008834280596582623,-0.017460783414320204,-0.009814244174494688,-0.04324623850909492,-0.022423917388328236,-0.007246861199790756,0.0,-0.025937472351023064,-0.047306319832878474,-0.006204705943312047,-0.023181966810500776,0.0,-0.015929736790938325,-0.01173354333819357,-0.010617056932700836,-0.01129897351172556,-0.006793895836839878,-0.015651417583588477,-0.025810360119871752,-0.003981980357468802,-0.015760904307927058,-0.0018126488309753096,-0.004001953331022369,-0.005976248614302481,-0.003045388445033173,-0.004774507692255591,-0.005015531534706694,-0.0025804703837136365,-0.0011936472035056097,-0.0006130652476553282,-0.2766392758892018,-0.007037907109437884,0.0,-0.04833280746971871,0.0,0.0,-52.40359723163108,-0.01721829388075165,-0.005787430995069269,0.0,-0.47944113357583285,-0.0038372050446079295
"Lead, zinc and tin and products thereof",AT,298.53627489,-0.09739401574538259,-0.006351254608909161,-0.04423800795170194,-0.00012424850694902638,-0.005281460100208956,-0.010799491639853366,-0.006184033413376375,-0.006821094630400566,-0.001913751065478911,-0.004873078126596238,-0.0012371846847806828,-0.002091411972368037,-0.003756679471879024,0.0,-0.003928115477111149,-0.010455749073529766,-0.0010296129495516474,-0.006471419337471184,0.0,-0.0004082755988305136,-0.007952860544716446,-0.006126625985818713,-0.0006716049433477451,-0.00225065120375783,-0.0032015678183440733,-0.005244608668863821,-0.006852199863228433,-0.003489849628016955,-0.0001748176353500081,-0.0011315785045358192,-0.0001341480557367071,-0.00045420011281376997,-0.00029392251152983174,-0.00033234022625091864,-4.812879757542775e-05,-0.0012846415962892788,-2.607791528940664e-05,-0.002893391511567937,-0.0008837918497441345,0.0,-0.004685840970295885,0.0,0.0,-0.00045030016303162113,-0.0008682195445760987,-0.0022185788963141944,0.0,-0.00017405242904464368,-6.245387959809674e-05
"Lead, zinc and tin and products thereof",AU,2372.50872795,-0.009302389566302614,-0.02039454732473811,-0.00925067655376987,-0.0062348166649187076,-0.006400287162077048,-0.017019449507608524,-0.016680086989522194,-0.01576089870645429,-0.01932333314169599,-0.011371445879761638,-0.013211293945627263,-0.014037246181190762,-0.006538941778904989,0.0,-0.03939864064802348,-0.013983202581435625,-0.010280683801243832,-0.02754596424470913,0.0,-0.017093052413502497,-0.01949443987844415,-0.008261247526453932,-0.011142787961573548,-0.005660284671846557,-0.009772639062281383,-0.007448777500096442,-0.003458832608699376,-0.05489849030344123,-0.007893791264577697,-0.03139193875162128,-0.010328051406772856,-0.018984517895205555,-0.07998918119094553,-0.03196921109032352,-0.004105789484785186,-0.005052882350831655,-0.0009988112623792714,-27.680187879493452,-0.010911600027822587,0.0,-0.0922283486847233,0.0,0.0,-0.022190990385955518,-0.04907672627357607,-0.2221086426319043,0.0,-0.005086724047955222,-0.005379241156137503
"Lead, zinc and tin and products thereof",BE,518.870879812,-0.023707156762562284,-6.2147873332697525,-0.07574630495747765,-0.005845862367589105,-0.01766263260979942,-0.08807148231535245,-0.059411461657347994,-0.04778387751937716,-0.048147803910459044,-0.04664508273820678,-0.05332950173940444,-0.037057765462522804,-0.01800615230907523,0.0,-0.3367903914952039,-0.11706917074714322,-0.04160597486464471,-0.060884580666293014,0.0,-0.011574335333154625,-0.26271521198817954,-0.033909804603240015,-0.03788568502077487,-0.02673968165417201,-0.14515671126559065,-0.021175878797143662,-0.032274781603604,-0.07327249763659609,-0.010147331175527123,-0.02741616401702796,-0.005770494826568601,-0.07974482981140313,-0.009783063961915509,-0.022059806222910806,-0.001821958143017643,-0.02415690991222823,-0.0009249368741513575,-0.465573106066479,-0.014745795537045976,0.0,-0.09721366793788094,0.0,0.0,-0.04425587411818516,-0.05133847631564485,-0.13420893300558742,0.0,-0.010533013824699561,-0.004670466267649403
"Lead, zinc and tin and products thereof",BG,714.443435685,-0.0022669273179449392,-0.004827612212339972,-3.88647618577134,-0.00047719918233829375,-0.001460400193731175,-0.0014441047294058856,-0.03648566380972933,-0.02600995472956207,-0.0019255394672815227,-0.0011779620103959322,-0.0015168094398087851,-0.015402773236460299,-0.010249825322175303,0.0,-0.004201155761193264,-0.00766481462826348,-0.0049753953117238365,-0.004370678526259424,0.0,-0.001841788292393023,-0.0064911639145895485,-0.0023002047195750074,-0.0018060126483394239,-0.06473094027464901,-0.0017513282053479896,-0.0018180495886559835,-0.0014368955142606773,-0.0014042952887163038,-0.00012976525417182814,-0.00046232603322767933,-0.0002176019269897291,-0.00035765227162014226,-0.0002960684019717426,-0.00025817527705263065,-0.00011261649682946945,-0.00014781193229135463,-3.8684911736801126e-05,-0.000691199595165595,-0.001455334343298272,0.0,-0.0014561571347929193,0.0,0.0,-0.0005837570968222895,-0.0010312823107308528,-0.0008436202868547553,0.0,-0.0004096728598388167,-0.00017393291944271761
"Lead, zinc and tin and products thereof",BR,341.316494869,-0.004411037461350273,-0.006309443112183337,-0.0016866505073414,-0.0014665634028863668,-0.0015646238045244462,-0.0046035641536470795,-0.005327106771910606,-0.0024008174779421815,-0.005727275738793542,-0.0025857989950052234,-0.004979178509333627,-0.0024386686792279943,-0.0014704663377626598,0.0,-0.005337215969227101,-0.004950374055460938,-0.0014897863676978592,-0.006154166100460622,0.0,-0.0028385090444489583,-0.0102974957686492,-0.0015955473284137399,-0.004126759878761809,-0.0012887647347385263,-0.002077445888553059,-0.0026577455168386617,-0.0012726249171160118,-0.005362137931835741,-0.003300496398381482,-0.0038479146755133454,-0.0026643398666015257,-0.0032266675992432305,-0.002546523796643176,-0.8817623033335259,-0.000505258336675405,-0.038313389755737934,-0.00012378911566957206,-0.005304080581082314,-0.0024043375709862503,0.0,-0.01879414785243908,0.0,0.0,-0.005049969148465267,-0.004727463203705159,-0.07054204929977123,0.0,-0.0015886116649785704,-0.0007584523512980182
"Lead, zinc and tin and products thereof",CA,2258.20761654,-0.013235268891741913,-0.05003651786918524,-0.008815794380931696,-0.01228376087230216,-0.010807968992846197,-0.020085754803389175,-0.2674323845517307,-0.013652464115288882,-0.013888344070855508,-0.04447881910434978,-0.020615157753991264,-0.07814106862067685,-0.007269144131429204,0.0,-0.1116001114560866,-0.052940974879886124,-0.010813427137963828,-0.031426926613940726,0.0,-0.027000888479811993,-0.03774577993633682,-0.021020969019793532,-0.020677788041311478,-0.00908806873742583,-0.032181032428755495,-0.010230906418068238,-0.0060439347435706225,-0.09945322119845017,-0.04606427080609741,-0.015280850580939842,-0.005426577465029232,-5.125785112342905,-0.00782371944833834,-0.02515355753731343,-0.0014842988320397865,-0.016254090851216152,-0.00047252358950134355,-0.08429093726539338,-0.01236671229326902,0.0,-0.15678658924782288,0.0,0.0,-0.027389591848741044,-0.019655797068028193,-0.07195386087135995,0.0,-0.004522285308559704,-0.001644469282099202
"Lead, zinc and tin and products thereof",CH,49.9026556483,-0.0009029010089779885,-0.0009828849344715993,-0.00230056015337282,-7.132048243800577e-05,-0.00032403792750926525,-0.0018563107304952,-0.0008346647618618833,-0.0008838234357676425,-0.0003535013393244616,-0.0007872290127889116,-0.0008760293995442235,-0.00036252417360055903,-0.000492743843689981,0.0,-0.0013009169575189043,-0.002837603088224004,-0.0009230106452662063,-0.0018790486493543508,0.0,-0.0002838272813764915,-0.001296744804243378,-0.0007924309796471925,-0.00027440574800732803,-0.00025123370631269893,-0.0005848000093773289,-0.0004898871635433522,-0.0002334083093620918,-0.001111919691792832,-0.0001589954196738254,-0.00029429644520252403,-6.044702444285297e-05,-0.0003296071407198852,-8.31315008164017e-05,-9.039559112179026e-05,-2.1327912124350978e-05,-0.00014392431830173298,-3.5031076187355047e-05,-0.0004144046525329138,-0.18545962855182113,0.0,-0.0007952343695202954,0.0,0.0,-0.00014001781149506392,-0.0008607681200941735,-0.0005551866761300843,0.0,-0.00012130077321698993,-8.458218648111377e-05
"Lead, zinc and tin and products thereof",CN,76660.1064363,-1.1429532773882476,-2.9593893118357637,-11.99181394878244,-0.7747359687645574,-1.0372125284287976,-2.2819710691109854,-1.821078692796677,-1.5230982936498465,-3.177443972773398,-2.455112517556444,-1.921867624635238,-1.8065029665828192,-1.2300346477536028,0.0,-2.0295993193078194,-2.2368481088229624,-1.655256652955379,-2.7807432621034094,0.0,-1.039815026872477,-1.608800217683458,-2.36894792859754,-1.3280036433113784,-1.2916332657467409,-1.481037387243464,-0.9975299614384716,-0.5879869895611011,-2.3669429487925373,-0.9890006722250648,-7.795011057425234,-19.55855221322947,-1.4541278784207257,-6.232386749511357,-4.22291635385117,-0.4371479267991966,-5.08262728040952,-0.12706305024815576,-124.65878161284678,-1.3917226666181683,0.0,-2.660539921221367,0.0,0.0,-5.000602111222958,-9.041695573348203,-65.63591256710887,0.0,-2.3247468844365655,-1.2184228260946008
"Lead, zinc and tin and products thereof",CY,7.40506255013,-3.224583795784046e-06,-1.2978721221027302e-05,-2.8186336799879884e-06,-0.017811908814542914,-5.095421131566703e-06,-6.104532121541242e-06,-8.434220588717844e-06,-5.975780342423142e-06,-5.160057370650323e-06,-2.901000154296697e-06,-7.347682461240244e-06,-8.21278471250273e-06,-3.431411683977622e-06,0.0,-0.0006357200642027428,-3.6114043043940022e-06,-4.525263476137428e-06,-0.0005055332337336566,0.0,-0.00036460248350586794,-5.0722554027547045e-05,-4.277698033106229e-06,-4.739674706523225e-06,-2.582460363220342e-06,-3.226153007655822e-06,-1.542051971408698e-06,-2.3122460491136186e-06,-2.8204850071231623e-05,-4.5209507837306e-06,-1.2318540357239762e-06,-1.3229727327277873e-06,-2.810344304086908e-06,-1.5382651464365546e-06,-1.2666974974670004e-06,-6.365456721681296e-07,-6.196982434421015e-07,-1.1151639039502968e-06,-2.4559553596489406e-06,-7.249553822453817e-06,0.0,-2.6582693150248204e-06,0.0,0.0,-2.6176273798678357e-06,-1.0360528797997002e-05,-1.5267055621986582e-06,0.0,-3.0455396837038356e-06,-2.3921366150083334e-06
"Lead, zinc and tin and products thereof",CZ,590.943378069,-0.025110582651180206,-0.014906639762378718,-0.04634115552391018,-0.000589607180281105,-0.6583886882770219,-0.048660749239297724,-0.013071432249009054,-0.11023946812415784,-0.006068541120381104,-0.01110706152029922,-0.007010570091872462,-0.0051538992361288396,-0.009827936633671432,0.0,-0.012447462843923798,-0.013732715754753398,-0.009243511279221166,-0.014372075294649634,0.0,-0.001744340946133308,-0.025937365000054464,-0.0545868910630551,-0.0030914954216201113,-0.0074396445958296725,-0.023552624351686906,-0.025210739996087448,-0.07609706835820411,-0.03933951860594127,-0.000736382140188926,-0.004236988851727033,-0.0006777816263864776,-0.0014079555453478778,-0.0009432989635969231,-0.0014025634546279825,-0.00019821288333351012,-0.0006662586699540679,-8.711616991056252e-05,-0.010673228067630961,-0.0027904456063138103,0.0,-0.04074800063141012,0.0,0.0,-0.002077117027680649,-0.0049645304615409435,-0.0027775956274188906,0.0,-0.0008823943949800204,-0.0002682239981819542
"Lead, zinc and tin and products thereof",DE,2383.06556946,-0.09840928295911955,-0.26252774388424077,-0.2514313378496947,-0.007481359036912051,-0.1851498499912156,-2.518484981705867,-0.263753041525866,-0.6469588664737125,-0.11018269429139503,-0.30288753215478464,-0.10392252019580112,-0.10828902346910915,-0.08539640322103428,0.0,-0.30869710665977107,-0.25021843358586243,-0.06138378207036971,-0.24125729309040103,0.0,-0.019490560784891527,-0.4124829082979419,-0.21298214072947758,-0.06964476835880112,-0.04422467851385338,-0.29737119053970834,-0.09597548943544883,-0.06671853927946475,-0.2035975043401786,-0.01107912133496775,-0.1722449145661526,-0.010298365286591104,-0.01697170808937248,-0.019635246166489078,-0.016617116252909046,-0.002711617328318736,-0.019113398303978672,-0.0014564534890093412,-0.4210537574371099,-0.05339395899424568,0.0,-0.9313425906818613,0.0,0.0,-0.03364528452672864,-0.09058533904940344,-0.0837527951524903,0.0,-0.01930479835043678,-0.003751489469921024
"Lead, zinc and tin and products thereof",DK,119.251212516,-0.00020362794673009412,-0.00042791707062461487,-0.0005382590203186821,-1.8814511684970765e-05,-0.0003748788013191451,-0.0007839180440193664,-0.489786454953171,-0.001113386625306932,-0.00021374087795956502,-0.0004256928829524703,-0.0003144030687864452,-0.00024431045442295133,-0.0002263513573821289,0.0,-0.0005813402797379399,-0.0002538449292237705,-0.0005373955476396264,-0.0004819316875846032,0.0,-0.00013203282767176264,-0.00042795796909773004,-0.0008615317154197599,-0.0001654742083869008,-0.00012910453676629282,-0.001460555206733593,-0.0007288614770708873,-0.00018467168279371327,-0.0005137689246973657,-2.8939306418570447e-05,-0.00011083494605140235,-7.325215535374618e-05,-6.400980628527401e-05,-2.8451236889590232e-05,-5.3886462451884545e-05,-1.0171412966822983e-05,-1.799032525235762e-05,-3.652795345193315e-06,-0.00012648195988643345,-0.0002152916153617085,0.0,-0.00024590629122114464,0.0,0.0,-6.282241573093696e-05,-0.00023665744825997065,-8.632388030483927e-05,0.0,-3.0394031452924298e-05,-1.1778075032029346e-05
"Lead, zinc and tin and products thereof",EE,42.6419683722,-0.00015867159229000595,-0.00015511398064331028,-7.764851414259598e-05,-1.5002980985144468e-05,-4.963148937329436e-05,-7.277231950359428e-05,-0.0005796260104446666,-1.1127087993315294,-3.9614109749554514e-05,-0.0009860254381947996,-5.40051209815223e-05,-0.00012712320261797297,-0.0004233250126880907,0.0,-0.000520438978752351,-7.14281139714763e-05,-0.0011891020630406613,-0.00037637549022114924,0.0,-0.000302686087255684,-0.000187203844854144,-0.00013975469266330442,-6.679745911000895e-05,-7.452676303793078e-05,-0.0002920861763055835,-9.263115050418312e-05,-5.158007467337019e-05,-9.56304120931063e-05,-7.497218400818651e-06,-1.6445600055181866e-05,-1.5738871818126156e-05,-7.474162589166266e-05,-1.3171404603319688e-05,-2.418857644620707e-05,-8.163097577175348e-06,-2.360513892555526e-05,-4.504688789587271e-06,-4.835111462336382e-05,-0.00017613965258699168,0.0,-0.00024307614200512603,0.0,0.0,-2.9476181978612806e-05,-0.0006718579316764547,-2.4729460385202485e-05,0.0,-1.9348338129075217e-05,-1.2371334332733311e-05
"Lead, zinc and tin and products thereof",ES,674.147197201,-0.023260823627610144,-0.10823504744000244,-0.09188675800022615,-0.006480120589673891,-0.01684573430177658,-0.04815398332172788,-0.04910919354982998,-0.3092137349224319,-6.920590136126796,-0.027538921748366627,-0.07484907929523171,-0.18031868537955195,-0.015307246751526225,0.0,-0.11142248985070916,-0.3015427445198983,-0.020340655841546172,-0.0799667283373744,0.0,-0.011402318919234569,-0.08321751444563585,-0.019975442315058715,-0.46551521630534576,-0.01812892017026797,-0.021541211889019852,-0.020870296876359138,-0.007840212621034829,-0.14705826277487422,-0.008245918068189736,-0.04056482903067226,-0.008716415235328588,-0.019865079811781088,-0.012446413442503313,-0.0313587512438273,-0.0022919331165845856,-0.012457229781166769,-0.0006295737003421662,-1.2095837010834714,-0.022198934522949094,0.0,-0.06922975257444161,0.0,0.0,-0.023342357976531135,-0.03340518425545408,-0.18397682380909575,0.0,-0.03224599844097812,-0.004550013040367487
"Lead, zinc and tin and products thereof",FI,705.559429349,-0.0018592659507904949,-0.01876522049886882,-0.0013399948906365295,-0.0010273044468490189,-0.0028043924231873113,-0.0029870169317503833,-0.07000857236215595,-0.03841287585476704,-0.0024780428487741367,-0.6787103158730015,-0.0028225812805869953,-0.01028534496050713,-0.001750109793021394,0.0,-0.16303204778479918,-0.024405340705660722,-0.007054046789672793,-0.02210793957755439,0.0,-0.004240232101562169,-0.020123283402861434,-0.005207312814790646,-0.003426038749339989,-0.0073390781757222395,-0.07667200360501088,-0.0015326955994533033,-0.0013280789005750122,-0.012830480381480137,-0.00030061939246101027,-0.0021138407714627726,-0.0005201479831538264,-0.0009921155230893715,-0.0002955647365190567,-0.0006056620648541365,-0.00012689594609750657,-0.00011906703761728929,-0.00011961537464226106,-0.0013771474082002702,-0.002854415257627448,0.0,-0.001876225481521476,0.0,0.0,-0.0007707395902786799,-0.002869779442860112,-0.003428562938204929,0.0,-0.00048175550403383984,-0.00016799405548935658
"Lead, zinc and tin and products thereof",FR,248.78965842,-0.008082363147676044,-0.043739657931941296,-0.012866764566003663,-0.003811221416196613,-0.0072434662994547115,-0.07751450326478554,-0.015058318094219758,-0.012962872518134504,-0.018798962627623494,-0.012588997960132789,-1.1452922404295285,-0.01476795917384548,-0.005873303411819646,0.0,-0.02786577135186939,-0.020384691615525686,-0.005298714815128918,-0.04442918636029944,0.0,-0.008364779058632397,-0.042404857337509205,-0.010378841762364432,-0.01034044465289541,-0.008197685891055318,-0.009883841850679613,-0.0059973016389929515,-0.005646153060901348,-0.030808936886842768,-0.0017557049388985389,-0.004168534342976497,-0.0013837130076898773,-0.003912367448036147,-0.0011794754557237354,-0.0024423194655912375,-0.00039262849037677934,-0.0018941635588351064,-0.00032305526465020034,-0.025646420153635083,-0.012227244881502638,0.0,-0.011644379317934108,0.0,0.0,-0.003276031274590054,-0.007560155372523526,-0.012382299139545095,0.0,-0.0042893966618906335,-0.0006902290402377062
"Lead, zinc and tin and products thereof",GB,1809.01053253,-0.014163473840060632,-0.04856134366402022,-0.11379145310291565,-0.007312803602570272,-0.024473978461642894,-0.10163303376340255,-0.29772647975432665,-0.08792115677869222,-0.086509261299909,-0.030457861406944953,-0.025304177868247436,-0.07886049352461277,-0.02669877409333501,0.0,-0.6746988621387427,-0.050838633507838855,-0.024868517227158583,-0.08678528178841755,0.0,-0.00937570180389087,-0.10787734905207495,-0.03909043683557233,-0.02638440850638394,-0.010921982863032375,-0.128777635274553,-0.016017570797930952,-0.010790172962279777,-4.130220180680582,-0.007545007261991054,-0.15190359032089723,-0.0031800153633184045,-0.015274657193443083,-0.006097355239930706,-0.012107789383746554,-0.0012994496903120615,-0.005378619037051472,-0.0006882264367971259,-0.35754983376804533,-0.022584655931356484,0.0,-0.0671528401889047,0.0,0.0,-0.017699195775639068,-0.014549180609991627,-0.025887748025824987,0.0,-0.003552868543457054,-0.0015774777714832756
"Lead, zinc and tin and products thereof",GR,13.010476938,-0.00019581789479445962,-0.00031102198276967296,-0.011503815485721932,-0.0004794175971313106,-8.31359109965221e-05,-0.00018382107759264826,-0.00022097925043376463,-0.0003163832092621072,-0.0003169260421093793,-0.00012413324330160771,-0.00013133495050512154,-0.756428119538052,-0.00021638152185250332,0.0,-0.00040110739510949535,-0.0003770366189477308,-0.00010396604947763091,-0.0005179292327575025,0.0,-0.0002891062447899753,-0.0003052969378989098,-0.0001598920906541697,-0.0001323244305994095,-0.0013997802576059897,-9.63034384827822e-05,-0.00015561134549353374,-6.294652916773252e-05,-0.0004656894001849661,-1.854767070122004e-05,-4.701656086867571e-05,-3.1090514980295667e-05,-7.843386270219348e-05,-4.220831342017863e-05,-2.1244627984368122e-05,-3.211175311640505e-05,-3.332485920692968e-05,-2.4931811572262795e-05,-0.0002085021055400595,-0.0002357481777009098,0.0,-0.0016054724150155267,0.0,0.0,-5.8802935436153014e-05,-0.00011898151360965506,-7.933451303304292e-05,0.0,-4.1093930419958236e-05,-2.5900052066540708e-05
"Lead, zinc and tin and products thereof",HR,5.01809820923,-0.00022203502060237428,-0.0001253166527598268,-0.00021653005140347494,-4.964846963525689e-06,-8.341082857431996e-05,-0.00011875635823256102,-0.00015653716613934452,-0.00012309416699704295,-5.2218831308290096e-05,-5.575546538947122e-05,-7.26116726333729e-05,-0.00021923356340365939,-0.0009642638805150098,0.0,-0.0003080706995308925,-0.0001368301793156778,-9.033075364579337e-05,-0.00041341012759584883,0.0,-0.00021451404911354907,-0.00010780934944632653,-0.00016702617556936956,-5.556645088087925e-05,-0.00014123390177183079,-4.981305137164505e-05,-0.004796998059440409,-0.00018570539219375947,-4.413762454652022e-05,-4.043566768997941e-06,-3.872919705852778e-06,-6.643575364499317e-06,-2.5590432301954116e-05,-5.010772748806904e-06,-8.419933468914549e-06,-4.275221459278235e-06,-3.5490555656131977e-06,-3.3400591565738086e-06,-1.9026502251622017e-05,-0.00016507332478375377,0.0,-3.5101201759503766e-05,0.0,0.0,-2.149168207945048e-05,-4.3627141597665695e-05,-1.3930829730775652e-05,0.0,-1.2559780904474636e-05,-6.256975312456904e-06
"Lead, zinc and tin and products thereof",HU,12.1842891574,-0.0030111673246273865,-0.0006208435582862375,-0.004389191148137372,-4.448361794497499e-05,-0.0007239165256585997,-0.0010902102783073007,-0.00042055928988366415,-0.0015727347460754656,-0.0002671295768629131,-0.00022907301410077073,-0.0002605344339615557,-0.0004151879024913296,-0.022850202218871796,0.0,-0.0005911024100175994,-0.0019290230148012522,-0.0004025610691330044,-0.00047780050551089493,0.0,-0.00013575539125780119,-0.0010740848861678894,-0.0016933245069000583,-0.00019048693768030503,-0.001128641867682697,-0.0002606033037124141,-0.0011632489971270875,-0.0021244092800990783,-0.0006713028023138333,-3.8037328595575116e-05,-0.0001035965235326079,-3.536228466186417e-05,-6.1429676579305e-05,-4.460655850175622e-05,-3.060319612384563e-05,-1.4867570309822522e-05,-3.533128774851491e-05,-7.301586105491206e-06,-0.0001786115675407563,-0.00013796692292493217,0.0,-0.0006937634646837214,0.0,0.0,-6.977947939180401e-05,-0.00029454297143333434,-9.187630800393637e-05,0.0,-3.7480555585048515e-05,-4.249950672403401e-05
"Lead, zinc and tin and products thereof",ID,1584.89485281,-0.001270442561915022,-0.0034964914626157226,-0.001702423535341433,-0.0018335685659247286,-0.0010743539325428905,-0.0016967612044574585,-0.0037980061202655814,-0.003045460827484877,-0.002922409573943692,-0.0022538129871968017,-0.002252837890797225,-0.004015106568559992,-0.0016430538578565222,0.0,-0.005346368925501517,-0.0018314786893099278,-0.0026906342783418837,-0.006538253226146926,0.0,-0.007618774770606652,-0.0035424489173739326,-0.0010847237516792506,-0.0012698605053545107,-0.001194552638116743,-0.0014724353876731675,-0.000967540740276822,-0.000979256788808203,-0.0027774865576005547,-0.0007632515603276042,-0.008855330442932624,-0.00405335869494273,-0.0014852256046887543,-0.004209587065258186,-0.0011535408965760564,-0.0010328301939002988,-0.0003877846454965176,-0.00023909697068334927,-0.009668719096964474,-0.002606271694933012,0.0,-0.01023161371087813,0.0,0.0,-0.0037591163719178453,-0.05359045435443764,-0.002819137107243511,0.0,-0.0014374846188711802,-0.001369137942481487
"Lead, zinc and tin and products thereof",IE,195.394952695,-0.0005502425997862417,-0.0011242666539967743,-0.00043240166853961224,-0.000931611333781148,-0.00032974568118546323,-0.0009512502818648377,-0.0008155871333545744,-0.00036633606648257545,-0.001157672123291322,-0.0003202020671524066,-0.0006478439691873348,-0.0004769453051075759,-0.00027206311676294595,0.0,-0.37547231850540047,-0.0004653824944525168,-0.00038391272306022284,-0.027678762495077336,0.0,-0.0003602731703709165,-0.002483771928629592,-0.0010353844901688741,-0.0007826897833870149,-0.0002508189262902011,-0.00038077953130306733,-0.00021017581023215963,-0.00013258058495614156,-0.011242439155813137,-0.0002541801321993476,-0.0001451165917966943,-0.00016384549565818474,-0.00021731072203669448,-9.628385237570851e-05,-7.847811720584493e-05,-3.293163042910658e-05,-4.271129756029346e-05,-2.9107144613250195e-05,-0.0002506432366848809,-0.0005881052901676657,0.0,-0.0012656445627274773,0.0,0.0,-0.00032104887493444634,-0.0008494414429164712,-0.00017097722141343007,0.0,-0.00010927725068804223,-3.9442745277723364e-05
"Lead, zinc and tin and products thereof",IN,2876.36183251,-0.01323944150969237,-0.03400207072374561,-0.025626042725455052,-0.011014955714051654,-0.009077342689811242,-0.020829979232908687,-0.02960546751900544,-0.03631421939934953,-0.022332623870036563,-0.016260198691724174,-0.02299036075994049,-0.02259254157065064,-0.01176549511893134,0.0,-0.028134024197107387,-0.0395139074438111,-0.01655736650009335,-0.028013064421071803,0.0,-0.015470933652920904,-0.025624718783590277,-0.013175021202616181,-0.013558581361800949,-0.010844020684612918,-0.01282535237688606,-0.020590199724616207,-0.006571108940808266,-0.039493934684991606,-0.011876193956010426,-0.06354825690678843,-0.032381801329924666,-0.015458688791125667,-0.09350461988733612,-0.01695524576567569,-0.6818913533116322,-0.007060083292626758,-0.001085023990820041,-0.4702254763315082,-0.037532340339639,0.0,-0.06923880799300282,0.0,0.0,-0.23998619491022274,-0.12809357949869712,-0.12300632367996854,0.0,-0.038358725081283275,-0.02351763029766159
"Lead, zinc and tin and products thereof",IT,1449.73772137,-0.023639184710110697,-0.10454464006540026,-0.6192381884588579,-0.0041733304430818215,-0.022512433639949255,-0.07395346326516887,-0.07526137220625483,-0.05898710696666814,-0.1575069553489025,-0.021218250665367495,-0.04883369323970776,-0.23193332159033792,-0.04954279167662671,0.0,-0.046682893177276884,-8.091268723675856,-0.017499435672359627,-0.09904915584737067,0.0,-0.008797595026662199,-0.07788999808092477,-0.04802194576752982,-0.021885702756586616,-0.02778319475141005,-0.087828782871325,-0.07598843885978748,-0.028809814654973676,-0.11174600253676024,-0.0047141102744158924,-0.040385122499549814,-0.0030756574636595464,-0.007617889379032553,-0.009078311467030992,-0.005829393509913919,-0.0014276292411545893,-0.007004404202424719,-0.0004190421410784111,-0.06504877138845758,-0.0361899166081625,0.0,-0.04000905084434385,0.0,0.0,-0.050590264229543325,-0.01304945192336978,-0.028543552935946865,0.0,-0.014138903881353033,-0.0022914020504254044
"Lead, zinc and tin and products thereof",JP,2359.9885465,-0.017061056728148397,-0.14929481028515845,-0.016086899559513423,-0.09346694214091643,-0.05057446108980543,-0.019822818643976513,-0.829616061569115,-0.04271254023123709,-0.032633933725122265,-0.09204994222975256,-0.027760179780767995,-0.40896618686428715,-0.023561152414536626,0.0,-0.4682050702495676,-0.23115922507605324,-0.033215438508758285,-0.08180900943534343,0.0,-0.19869573095203816,-0.0983012586653766,-0.07065219420561716,-0.06702643313181275,-0.023750987661231262,-0.06344202547077636,-0.013976139725920876,-0.014495292944364815,-0.03892469948765865,-0.011901753618467664,-39.73311644475486,-0.006983257695718866,-0.019887947248743792,-0.016684271083792786,-0.05732986417041182,-0.0015858968517487838,-0.004638713663110783,-0.0008187611556358889,-1.6720362129573474,-0.0342742997469071,0.0,-0.08309008043816411,0.0,0.0,-0.11513186039083385,-0.03149957243898367,-0.23265155048893485,0.0,-0.04867284083415213,-0.004356161525961035
"Lead, zinc and tin and products thereof",KR,5016.36379003,-0.0930412105432441,-0.12286111457063742,-0.3722884236916021,-0.0303310573186526,-0.038717511370998915,-0.10119372775547615,-0.11203303286650448,-0.24624641106046202,-0.22000353195508848,-0.07878103875205336,-0.07913962128894078,-0.12265658766522712,-0.07891079170843499,0.0,-0.29555620306410285,-0.11170507290021714,-0.06926440485866407,-0.10830960219562047,0.0,-0.050106503439652554,-0.08606267426446025,-0.33652059976775045,-0.05644146475114112,-0.19132871438849763,-0.08331258001061699,-0.055715504014373564,-0.03177178688655475,-0.1587081390857464,-0.07607116366872368,-1.2398265407656213,-0.03703819135534965,-0.17604417288778554,-16.300993670040672,-0.11040301355222007,-0.15400985920906587,-0.03890347220719694,-0.0033841396190393935,-11.47414848259992,-0.04199867881049619,0.0,-0.9880851000312475,0.0,0.0,-0.14274493401496657,-0.12126199091829458,-0.7463049217660297,0.0,-0.06249826034666874,-0.029008114658152083
"Lead, zinc and tin and products thereof",LT,6.8063833231,-8.05674463349177e-06,-1.6183826312448377e-05,-1.0545399852473788e-05,-7.201811708842523e-07,-1.1744818066742602e-05,-1.962611527468137e-05,-5.438158653058126e-05,-0.000347690108597699,-7.561350389627146e-06,-1.636674722056486e-05,-1.5534272682762615e-05,-1.1347885854625902e-05,-1.4301267631031304e-05,0.0,-6.72504778374936e-05,-7.046622018434729e-06,-0.050489242773178136,-4.9292902875069625e-05,0.0,-3.062565054797031e-05,-1.4566906030746651e-05,-9.796610475603158e-05,-7.211853609116444e-06,-6.247914411102269e-06,-2.7242913031410274e-05,-1.8055861088099413e-05,-1.2055660684222133e-05,-1.0155508417053243e-05,-7.174945122610902e-07,-6.163211324365577e-07,-7.969230009474545e-07,-7.3309176888038616e-06,-7.87531039324957e-07,-1.1631814747380948e-06,-3.2100528964274956e-07,-4.7332895845225736e-07,-4.4957125555101015e-07,-2.5120599049532207e-06,-1.5787253689463134e-05,0.0,-2.971341439187533e-06,0.0,0.0,-2.8698897668534575e-06,-4.493256367890969e-06,-1.8187938979031845e-06,0.0,-2.3992918274682743e-06,-4.6803910167792295e-07
"Lead, zinc and tin and products thereof",LU,292.362976777,-0.01698402303489043,-0.025491536120214434,-0.08031706923931657,-0.0016240791798288064,-0.022665484155337604,-0.08496204051717755,-0.0587661972721921,-0.040308374446598905,-0.03281667616601619,-0.04861717511671461,-0.12215004663386082,-0.025337045564450513,-0.012647934878723137,0.0,-0.07632004376435629,-0.07966006903943564,-0.03270379638284527,-3.7673911805887474,0.0,-0.01365200569449941,-0.18991825979878646,-0.035341247507033734,-0.0289711716773361,-0.014445121680790788,-0.05773982608327393,-0.032226925640167506,-0.027947368992246386,-0.05215015984132358,-0.003774398509576244,-0.007955522182564095,-0.0022277440049239144,-0.009522731739395602,-0.0035762876652285338,-0.009188191266389098,-0.0013705189650032353,-0.012587247099864215,-0.0007887074631016105,-0.05787491144047751,-0.01429949018371961,0.0,-0.024400740286800744,0.0,0.0,-0.04830505970703264,-0.04703163949509631,-0.040673404446493484,0.0,-0.009788278529726437,-0.002545010248194533
"Lead, zinc and tin and products thereof",LV,10.1007186767,-6.619989799222005e-05,-0.00012605845982464152,-0.0004651719224962404,-8.4054536130478e-06,-4.218170560977191e-05,-9.083510893421666e-05,-0.00045291739501680377,-0.003073789975950779,-3.801585967082959e-05,-0.00036477339562421626,-7.290437105770888e-05,-0.000171035470418783,-0.00034297979156768557,0.0,-0.0005002234002016794,-5.7134042891375854e-05,-0.0017482391502074597,-0.0003714308378947334,0.0,-0.00036809182115299014,-0.0001243139419700709,-0.0004441365771053817,-3.395593878129379e-05,-6.250736481946494e-05,-0.0004455988577585108,-8.263535452345e-05,-0.00010201346878404724,-8.465231192465058e-05,-4.917535779078151e-06,-2.387484832317426e-05,-8.112733080998808e-06,-2.821562065200242e-05,-1.3163233731399558e-05,-7.632967474508402e-06,-6.295091549842405e-06,-1.0647044907058086e-05,-2.483809408319939e-06,-9.857445895781748e-05,-0.00018120293779632515,0.0,-5.508518344629409e-05,0.0,0.0,-2.0559833133460903e-05,-3.9122612418550316e-05,-1.5992584344282314e-05,0.0,-2.960508408789071e-05,-5.616214919403515e-06
"Lead, zinc and tin and products thereof",MT,0.728546190056,-9.554640845575633e-08,-1.7527151036290001e-06,-4.897311747597298e-07,-4.980006239582865e-08,-8.406327809968992e-08,-1.2570871824596647e-07,-1.5799055774535892e-06,-2.322801852794583e-06,-1.2391888575615605e-07,-8.424259870034319e-08,-3.143580355281713e-07,-2.0162695899477377e-06,-9.724836221161999e-07,0.0,-6.2172858535056744e-06,-9.548783927694086e-08,-8.645230160947059e-07,-5.44228745855147e-06,0.0,-0.001275246046047243,-1.2866714135743407e-06,-2.713988439677873e-07,-1.5718666213621635e-07,-1.9461239887673184e-07,-7.008073525539469e-07,-1.3734435648127857e-07,-2.5688443632934584e-07,-9.80101666939133e-07,-2.7540017601607254e-08,-3.113238406389486e-08,-3.7632725535967825e-08,-3.3382496220357964e-08,-4.784437748346097e-08,-4.019296751323432e-08,-2.082776365353076e-08,-3.96086158330094e-08,-9.468053329295843e-09,-1.0459526924831213e-06,-2.4686887186953e-06,0.0,-8.40323455202542e-08,0.0,0.0,-1.4822712621269826e-07,-1.702591481335818e-07,-1.0561091346817705e-07,0.0,-6.627707499534826e-07,-1.1173127269306329e-07
"Lead, zinc and tin and products thereof",MX,2966.67507146,-0.028761471960512697,-0.028768707710737695,-0.013280034303634652,-0.0034578700131067445,-0.008547020963373876,-0.03879650295498019,-0.020755482199659135,-0.017183124002639407,-0.10165703532592668,-0.014855598870870408,-0.020219806126221082,-0.01591230289543523,-0.0076542579905545935,0.0,-0.051647455014184364,-0.021294035910134505,-0.0068067821014916085,-0.02878675598852921,0.0,-0.008382155043231915,-0.021928960610922817,-0.010576419954143632,-0.017044781300826633,-0.0073696727944084365,-0.011393327932433481,-0.015302517675135038,-0.00705031498306843,-0.040201431424083355,-0.0874228642474683,-0.05917079149814135,-0.025101534083932748,-0.06970401415827604,-0.020194745274317333,-0.031863526247008764,-0.003303855957400644,-3.835969451832933,-0.0006403862031022202,-0.04068552827156709,-0.015645696089230447,0.0,-0.16147747103780263,0.0,0.0,-0.016622997535564447,-0.05535057349658711,-0.048462493872105404,0.0,-0.007093099894158154,-0.003259801248117468
"Lead, zinc and tin and products thereof",NL,642.402118982,-0.004165440080767626,-0.024972979980507962,-0.023901461470552155,-0.0009748858344437706,-0.005635107238098088,-0.03228895151582319,-0.0590377139746009,-0.023854390838808043,-0.0146424616165361,-0.13172166091630857,-0.008297223440785172,-0.020054205858409436,-0.006152470178483298,0.0,-0.09326532558790349,-0.02267212998089728,-0.006921278251487934,-0.04843876191251644,0.0,-0.011670456670686847,-2.3323114280305273,-0.00913517948092051,-0.0062511378962161745,-0.005035860910364177,-0.06355052907340063,-0.008370152409425022,-0.0034969578010782773,-0.02068892397355272,-0.0011178897257007503,-0.005185806695677175,-0.0014834659087528178,-0.004063750016587745,-0.0020043953027339538,-0.006325697976624987,-0.0004802166563256079,-0.0009354234723667785,-0.0004614455762540594,-0.011296893216286267,-0.006213853007638495,0.0,-0.012342545156360324,0.0,0.0,-0.004059677550293646,-0.015055423164657295,-0.024234932926786676,0.0,-0.0031871270961545363,-0.0010716128191903323
"Lead, zinc and tin and products thereof",NO,425.873561796,-0.0005056837140743889,-0.0028408925981538023,-0.001384579070431388,-0.00012561177600574366,-0.000844905129699273,-0.0029672681233473084,-0.11664668389689399,-0.03863433654030394,-0.001224051005053616,-0.003522744528457852,-0.0011502782536818236,-0.0009330438354458384,-0.0005381091592712844,0.0,-0.03101150024413712,-0.0053399170918874495,-0.0034961250147389376,-0.004913216639181434,0.0,-0.0004231854709892046,-0.005469062245673171,-0.0013721144466804533,-0.0012745034590259717,-0.0004889560779191882,-0.02765272858661428,-0.0011722067996462072,-0.0003468180457919861,-0.012236353181697895,-0.00016226075914629797,-0.0006696715191850922,-0.00010718591198758376,-0.0074729638903403995,-0.00017810856872511465,-0.0005443381205194799,-3.321102726599884e-05,-0.00011155033033974482,-2.9111259416165544e-05,-0.00237871600198756,-0.00045913482063756527,0.0,-0.001757568849974845,0.0,0.0,-0.0004765012884716172,-0.0005597899407518568,-0.0007371115334387097,0.0,-0.0001233863692835632,-3.72597585774126e-05
"Lead, zinc and tin and products thereof",PL,1391.22992863,-0.03211781692961753,-0.02634470926720974,-0.29059165007822313,-0.0018752526277788033,-0.031675099832687806,-0.05185213021866972,-0.04566928038124619,-0.39701133533255056,-0.024766119412463962,-0.026520250826301172,-0.01574029259082226,-0.015500322649163715,-0.027727925238652695,0.0,-0.031384985529001506,-0.0376404025803933,-0.021494345107740415,-0.020932561120631278,0.0,-0.00321469758128291,-0.035360477116281375,-0.6428558274441789,-0.006027590092371755,-0.037382191064262923,-0.046864531837455425,-0.05558902190464198,-0.03545045984303902,-0.03239652180355327,-0.002599046306600448,-0.0077152217611159545,-0.0014612358058271508,-0.005236277086174248,-0.002686489813605689,-0.0019292073795124168,-0.000492086836399895,-0.002498270611050725,-0.00015627641796926354,-0.017296601518922497,-0.0047230057224794866,0.0,-0.05389904773430459,0.0,0.0,-0.0034008352683943264,-0.007647622161948697,-0.0056916337126205665,0.0,-0.0014952580330314493,-0.000581754357144223
"Lead, zinc and tin and products thereof",PT,154.150771208,-0.0014008069859666582,-0.005758710000510446,-0.002081937480076216,-0.0002482076071165682,-0.0006975270830981391,-0.002852910474386632,-0.008574308537911314,-0.00906561524614772,-0.02441972210773826,-0.0029394436742386965,-0.0015842213375043025,-0.00660760169803229,-0.0006207501205814807,0.0,-0.03234100476855624,-0.006528952368687846,-0.0006158521995759295,-0.007387957400614817,0.0,-0.0005234744171125715,-0.009138367783408005,-0.0013003639198183449,-0.314334159065017,-0.000517112866120027,-0.0016696770692696138,-0.0006384621574014728,-0.0003458517757116658,-0.01749214320685029,-0.00016938178775120096,-0.001455954452852164,-0.00014483452658608435,-0.0007128297194811326,-0.0020455031328600083,-0.0008230914802136927,-8.353425792938217e-05,-0.00034570191141432575,-2.7995207956459607e-05,-0.007281871684059604,-0.000563221770698646,0.0,-0.001919032883829648,0.0,0.0,-0.0005246135833195499,-0.0006723313201630897,-0.004290730048985621,0.0,-0.0004319756616553597,-9.589496341746592e-05
"Lead, zinc and tin and products thereof",RO,1116.70833809,-0.0017594150534779053,-0.002301817855033125,-0.21261906283912818,-0.00025289060669665377,-0.0018647015030353023,-0.0023374455059981714,-0.003208638845138295,-0.004498337755757595,-0.0015978588476726506,-0.001051066760568584,-0.001522591393985896,-0.00481222951587407,-0.0062111101265635,0.0,-0.0019343412536266505,-0.005873432115836339,-0.0018662755397228518,-0.0027868798766891205,0.0,-0.0020147062897678874,-0.003026590873258644,-0.003948888923003513,-0.0010954893930914683,-1.0749553921094004,-0.0008798001707464769,-0.002199573591271927,-0.0025290175499328334,-0.0012133471462683532,-0.00016524214540310952,-0.000321521212254834,-0.0002971059897568326,-0.00031169730491819307,-0.00028513175248539446,-0.00025726626726998606,-0.00012698281355028322,-0.002810980178212694,-4.365320333641556e-05,-0.0006321158125240338,-0.0014036488208159755,0.0,-0.0011632613496966474,0.0,0.0,-0.0004034495523892085,-0.0020963440120911614,-0.0005858035585703666,0.0,-0.0002584109306362603,-0.0002916708520176863
"Lead, zinc and tin and products thereof",RU,776.319441382,-0.0004362025490456662,-0.0007068638878755663,-0.0015551028053168944,-0.0021003819091336634,-0.0009330418536633542,-0.0005940054286047654,-0.000674781890511743,-0.00389437489456047,-0.0005605879056310541,-0.0012630268577287615,-0.0005155267338578949,-0.0013595088951255689,-0.001729261197915287,0.0,-0.0014686147230950257,-0.0004157301113328079,-0.0045118848751743,-0.0008454063699129514,0.0,-0.0015814728594947748,-0.0006335795762998772,-0.0010961930052218168,-0.00026418701183259825,-0.000542830242488761,-0.000308582692433654,-0.0007319898880149472,-0.001922871302642016,-0.000410181451158836,-8.190350185628345e-05,-0.00028839757649771157,-0.00016912684326088185,-0.0002206752743571917,-0.0003050559265134668,-0.00018225323465442805,-9.59026251259192e-05,-7.35977219176492e-05,-9.08070193893772e-06,-0.0007247307251717743,-0.0006776300495781629,0.0,-0.0008544287272913149,0.0,0.0,-0.00026839028922132676,-0.005467135666474232,-0.0002600223745487452,0.0,-0.00016617173634622903,-9.269862488997673e-05
"Lead, zinc and tin and products thereof",SE,756.398795007,-0.0011990557900283267,-0.004603676254821348,-0.0023496724944604926,-0.0004386371712705207,-0.0018804653578094665,-0.003754694488748679,-0.04682039135225179,-0.019877972701983684,-0.0015475571127124273,-0.015040144875568552,-0.0019339328794783324,-0.0019437848984126716,-0.0013443012796926395,0.0,-0.01031529928726185,-0.006091361066798528,-0.0044582770200854,-0.005365019025436047,0.0,-0.0019960405359466184,-0.004299833909661841,-0.003826975413893736,-0.0010995826085319522,-0.0009648417566736708,-0.526560944530777,-0.0017124903610257738,-0.0010808744719643002,-0.01814050458943876,-0.0002807100448538989,-0.0009178002448323017,-0.0003345784311392176,-0.0009051623487796573,-0.00025751255946445257,-0.00040691415504834545,-0.00010606875985988328,-0.0001305678948418129,-8.226007546719963e-05,-0.0023960654126950844,-0.0013754442112158649,0.0,-0.0015285676341204937,0.0,0.0,-0.0006767243568448004,-0.0026128252353736564,-0.0009072050277516643,0.0,-0.0002533504174850578,-0.00010174849255557426
"Lead, zinc and tin and products thereof",SI,52.1553709329,-0.0012431455012411716,-0.0007763799869650535,-0.02387873013783923,-2.2794624234182176e-05,-0.0004667980892028884,-0.0007638984684004744,-0.0005714825035505001,-0.0008341204562174106,-0.0002381022465934873,-0.0006906208208535884,-0.00018062648806503845,-0.001561970745454884,-0.02394640914874185,0.0,-0.000461013067962078,-0.002894488943612517,-0.0003412822248796723,-0.0004932482393777987,0.0,-0.00014635056100183278,-0.0006095923818108711,-0.0005624358440634049,-0.00012720848055968308,-0.000599188011186593,-0.0002663999734266989,-0.011388081075164874,-0.0032607789180872275,-0.00044806317051203376,-1.9447667843476903e-05,-0.00011653333681496125,-2.7179436244060043e-05,-0.0003390003617138877,-3.927869557171193e-05,-3.732552080524186e-05,-1.1819093087374805e-05,-2.8123834535641616e-05,-6.70666399122836e-06,-0.00030452999463811547,-0.00013228659463079037,0.0,-0.001354399350474773,0.0,0.0,-0.00013664224350793842,-0.00011555949052313585,-0.00010497249512682764,0.0,-3.6079979653826835e-05,-1.8119772226214086e-05
"Lead, zinc and tin and products thereof",SK,578.85662777,-0.0035783883695669643,-0.0017200619280791083,-0.10392358217304158,-0.00011869777827780199,-0.006461021404214821,-0.002964892133141096,-0.003371901938363315,-0.008995907541657761,-0.0009980132221953798,-0.005494953260183496,-0.0012778157605479526,-0.0014980663974629,-0.002986443668006275,0.0,-0.0030259609637267606,-0.0018068216199945647,-0.0010819354413544098,-0.0018501167692590937,0.0,-0.0005415159043023034,-0.005168582198254932,-0.013904246997880457,-0.0008204522573312689,-0.0032666337383528417,-0.002037300887540866,-0.0069796026354405115,-0.3463293820525271,-0.0025628902504768367,-9.305307449320179e-05,-0.0003816954110948627,-0.00012349485126499966,-0.00022263658200383492,-0.0001848273696852674,-0.00015221667953272807,-8.324467496572061e-05,-9.509588862531704e-05,-2.4319806730311485e-05,-0.0007546091100144658,-0.0005622511574327252,0.0,-0.0023804449933567742,0.0,0.0,-0.00027031335882743505,-0.0012813395275836927,-0.0007964292294848556,0.0,-0.00012312814967161605,-6.269460218947852e-05
"Lead, zinc and tin and products thereof",TR,90.8616200699,-0.00045282882429699325,-0.001414675077200425,-0.19784894368102368,-0.0011011541695524166,-0.0003896959374802862,-0.0005624587450200344,-0.0025145547106682296,-0.00395853611873756,-0.008681807795348506,-0.00039747946773871105,-0.0007579842122164072,-0.002996813158595064,-0.0009570833263257353,0.0,-0.0011149134606277251,-0.0025380715183069584,-0.000651815242171351,-0.0015544223778957901,0.0,-0.0006715192658305522,-0.0010117385331802039,-0.0004995051491317017,-0.0009273660882519617,-0.0038638650921185877,-0.00040287179618677115,-0.0003579184278964884,-0.00029369071969558057,-0.0013193379456068817,-9.167148006237829e-05,-0.0012492504735868084,-0.00014236164947230181,-0.00026505781312209214,-0.0007219129954368821,-0.0003951250724267122,-0.00018043500427890446,-0.0001192833635239232,-2.306932397010055e-05,-0.003279226591285247,-0.0005496800509097916,0.0,-0.001403237535006757,0.0,0.0,-0.0005432515627882328,-0.0004869644249997488,-0.0007348409929806855,0.0,-0.00020993002274649118,-0.00015257099547673561
"Lead, zinc and tin and products thereof",TW,943.648756495,-0.0013923014312610688,-0.007567090849044273,-0.002738308782029312,-0.00683365635666063,-0.0031534501062263107,-0.0032301776021041507,-0.047228934091774394,-0.003967919158080818,-0.01067544922514113,-0.003013441842656304,-0.0033854920630017665,-0.017572573908346916,-0.002018807310778793,0.0,-0.015388325817021951,-0.03630251758126423,-0.0025385896241804677,-0.0073916356951161605,0.0,-0.008018478884734382,-0.009877318578886757,-0.0036118260548440944,-0.004622651928184022,-0.0012235366790164994,-0.00455956114464888,-0.0011264594287604495,-0.000963853674668635,-0.00478960941406395,-0.0010692796542759702,-0.03655330185280147,-0.0006197935268410177,-0.00192699738821019,-0.02052245383211283,-0.003175986958821279,-0.0012634559741123387,-0.0015173776166339113,-0.00014613445084599947,-0.0642261345538799,-0.0029717993911840953,0.0,-7.372413410476188,0.0,0.0,-0.0037549657140914907,-0.011472261891671543,-0.006440913009292322,0.0,-0.0014541284265793333,-0.00093818922566674
"Lead, zinc and tin and products thereof",US,1249.65983986,-0.026855627235453785,-0.05670781201304805,-0.04048046764129638,-0.0034923416375775263,-0.01434237153903048,-0.07995408779049333,-0.0422331368445651,-0.048541017095544856,-0.03615478366372744,-0.03304476228967305,-0.029612876020898436,-0.02363824693398703,-0.009732800321943003,0.0,-0.05627687479912775,-0.03997889847540748,-0.008488356446403547,-0.029804388128737803,0.0,-0.00719195964841926,-0.028551248545448354,-0.022600049373342684,-0.013008414621662875,-0.008216787373171738,-0.024250757147717253,-0.02381883799467309,-0.017683822170167292,-0.11534433617256987,-0.41201908425564004,-0.25596826657393335,-0.005811410645214229,-0.3082757071887101,-0.051498640164233105,-0.04331591515491508,-0.00372464635117773,-0.16460248452469697,-0.0009557731758110846,-0.11767185212969167,-0.0116267937866071,0.0,-0.15779754979254296,0.0,0.0,-0.027381330178637413,-0.020429814209323074,-0.1818357428476333,0.0,-0.004057450533419642,-0.002067520443802725
"Lead, zinc and tin and products thereof",WA,3918.87857006,-0.06280664231760998,-0.28969700189376857,-0.14273742851792473,-0.03791952499114561,-0.033757171350730836,-0.10558624121138163,-0.1450617602342142,-0.0912385277656898,-0.17710203171473476,-0.09761941786993691,-0.21160357638471616,-0.34074804036179857,-0.03861021379285709,0.0,-0.16919612142537815,-0.3376186499889039,-0.09685766934249096,-0.22351933174899913,0.0,-0.04773725282782624,-0.167482879276631,-0.06461793123793162,-0.049111758956129285,-0.04132354515541395,-0.06790628658766464,-0.037212191168013366,-0.021824814083572813,-0.24677530867003594,-0.04366272246151517,-2.4719501859124566,-0.06832670127888525,-0.09798555734233648,-1.0791117338212934,-0.11656145688507917,-0.08951308861435944,-0.04582784418507804,-0.02758356618628799,-2.619256504711736,-0.1139076555108722,0.0,-1.0977793959405722,0.0,0.0,-0.19983223188752847,-0.16775697838153567,-0.23148127203685215,0.0,-0.031140034247746126,-0.030855054041633887
"Lead, zinc and tin and products thereof",WE,708.247418644,-0.004665213314914002,-0.003961050555016012,-0.1692897182779683,-0.00137692395498307,-0.0027543191938262882,-0.003284946453254684,-0.005464500722392867,-0.04389217129521967,-0.0023091679561283284,-0.002829440545753241,-0.0015224789620814116,-0.05092360681540697,-0.14556241808695833,0.0,-0.0030785048061925287,-0.008204678066339215,-0.04951733172820477,-0.0034920261226679726,0.0,-0.0011611961803539052,-0.003468059897991582,-0.011382746808350571,-0.0021890359039797797,-0.010950135866271445,-0.002071990052549224,-0.009334405584268709,-0.009227733387082694,-0.004692533191700192,-0.0002982789914965349,-0.0024726343328207944,-0.0014455756293433315,-0.0007667949436821812,-0.0012962391959693397,-0.0011043029915907068,-0.0006024257794760425,-0.00019640415565427434,-7.466436512837646e-05,-0.0037935155598186362,-0.0018257216634326682,0.0,-0.009358144632808665,0.0,0.0,-0.0012581212758925155,-0.004219365770070631,-0.0009990152298339332,0.0,-0.0003931834283394776,-0.00029582751159912935
"Lead, zinc and tin and products thereof",WF,1422.97494679,-0.002389058357236518,-0.01922992047434231,-0.012270179032746789,-0.007029010870951314,-0.0027161297969501203,-0.005792540698522945,-0.005148915246548399,-0.01000413663373727,-0.024965866358797693,-0.007166877416250285,-0.018287652814540135,-0.04770133134567862,-0.004676219412857971,0.0,-0.0074801777525975435,-0.02233620163345211,-0.013019206429354281,-0.013645690887270103,0.0,-0.004909969506752546,-0.014401827246473839,-0.002758692956893728,-0.021549174659998258,-0.003877215361577308,-0.003617383980887339,-0.00250152043511417,-0.0015580502986465824,-0.00884692986983995,-0.0012496108901882588,-0.001990563917532686,-0.0028849914390977603,-0.003917061217585448,-0.005678625899972396,-0.0020727429994120317,-0.001905299509639724,-0.0010033639450373862,-0.00013052801247993962,-0.016705265552503765,-0.0037766029260271426,0.0,-0.01760583803348191,0.0,0.0,-0.038958429203243265,-0.0063124267045471605,-0.003876139925222419,0.0,-0.1000786765970016,-0.002007196589619357
"Lead, zinc and tin and products thereof",WL,1538.01740743,-0.007852448771550901,-0.013347385833193262,-0.00783480699218852,-0.012248806763722739,-0.006663967273616179,-0.012427681613022542,-0.02657294942560259,-0.01639412912680176,-0.031748361307219426,-0.010116396594716337,-0.013879050609817277,-0.010924024998245924,-0.008468411994327716,0.0,-0.017771914973847728,-0.012725131994400795,-0.010072376996595854,-0.0206419581593688,0.0,-0.02173260122869965,-0.016384619303533115,-0.00871962919575419,-0.02027778246854055,-0.006433977154402934,-0.008483765314955259,-0.006767327725156469,-0.006289892418708426,-0.01297240403937888,-0.01590950537308154,-0.006476555471905113,-0.01112151708538084,-0.014689714249369894,-0.015446662822495402,-0.20551313365207954,-0.0020966219966981853,-0.0192176729816525,-0.000761434863420885,-0.00998470566887903,-0.011747721390877734,0.0,-0.021234153118850723,0.0,0.0,-0.012172005264581722,-0.018471842129393495,-3.1829503100700776,0.0,-0.00359268103197244,-0.002592178929281584
"Lead, zinc and tin and products thereof",WM,2372.84530064,-0.007003930327069122,-0.026720477529374457,-0.037610658213460636,-0.015903993470870598,-0.0061485697373834065,-0.012075788178706196,-0.01046250923812184,-0.016774618864229575,-0.05610656504191058,-0.012974396775015986,-0.010993506072261483,-0.019493240329353664,-0.007371618078380106,0.0,-0.018059544085996138,-0.02368459509779091,-0.007684864272998141,-0.02289525994144321,0.0,-0.007902162819185491,-0.014942129160154263,-0.006465731091581956,-0.011358197592134304,-0.010098027276016032,-0.006522675776211894,-0.005956556593787,-0.0030081441764776024,-0.03358207455359567,-0.0031291620588192897,-0.013103296279140138,-0.004170808163915561,-0.005806329361482869,-0.025240766012657095,-0.006138748014679639,-0.0056153152157183955,-0.0028454141891435854,-0.0001898019051595867,-0.04877328615946558,-0.01109638494286536,0.0,-0.036893402010799985,0.0,0.0,-0.02789511072782867,-0.008801313036132937,-0.010232684345836482,0.0,-0.0048367918306952955,-0.027806709039017923
"Lead, zinc and tin and products thereof",ZA,114.317542621,-0.0007884858746439096,-0.0014652785716324174,-0.0009217491119313446,-0.00015149543028421608,-0.0006102429997245241,-0.0014058960906338442,-0.0015597295421396374,-0.0007958354030729993,-0.0015181233277464362,-0.003431802531226688,-0.0013909961412933546,-0.0016372987918151628,-0.0005009922755944355,0.0,-0.0036287974560047505,-0.009664539487100304,-0.001497108576199639,-0.0020219322181347825,0.0,-0.001913486493520649,-0.0010710889849300472,-0.0009730139048457309,-0.0032240430038715196,-0.0010034775422661172,-0.001094197329775255,-0.0004436601383374483,-0.00029519233565548344,-0.001129245628540856,-0.0003181427211868656,-0.0004369308053391347,-0.001421721416766618,-0.0002653469405460388,-0.0003347803649473323,-0.002477101008488873,-0.00018282691643051427,-9.717005918992348e-05,-4.837908079494732e-05,-0.0020586193876652144,-0.0007691724759633465,0.0,-0.003240833094376137,0.0,0.0,-0.7391896129802119,-0.0025728703174287266,-0.0005171334837680322,0.0,-0.04134216123740225,-0.0004907966274397777
"Lead, zinc and tin ores and concentrates",AT,3.26052616931,-0.00012045525437810008,-2.4401866322232657e-07,-1.5333779841865273e-07,-4.286916655286735e-08,-6.275579503696301e-07,-5.491703826398983e-07,-1.643717711577156e-07,-1.483100371712458e-07,-1.0129168202341187e-07,-8.718907814788894e-08,-1.4047048567831195e-07,-2.9819045114162036e-07,-7.137282370530141e-07,0.0,-2.4260571530842507e-07,-1.986794549559679e-07,-2.0393481347387212e-07,-1.1667017897052985e-06,0.0,-2.8979010584341354e-07,-2.474799988979146e-07,-2.4912201558288435e-07,-1.1803865822574289e-07,-3.145628404510608e-07,-9.664925706018446e-08,-4.603975651561728e-07,-7.430048854337197e-07,-1.2170293685329453e-07,-1.646821011390612e-08,-1.174356907809948e-08,-1.652386798753276e-08,-3.5854663088109883e-08,-1.7455620059022965e-08,-1.9434646042936747e-08,-9.814970062027322e-09,-1.2820612052603196e-08,-2.51893784493845e-08,-3.970313593804151e-08,-3.3633383007536467e-07,0.0,-3.0219435876262066e-08,0.0,0.0,-3.600487635246003e-08,-9.037027342947922e-08,-2.4606943471634448e-08,0.0,-3.380191026122242e-08,-1.2088407411065903e-08
"Lead, zinc and tin ores and concentrates",AU,4566.47024141,-0.0013438690154707327,-0.0017663749489932497,-0.0009001812294346652,-0.00043957879260899264,-0.0008556046511476678,-0.0015016966864449277,-0.00197778747640988,-0.0018372627469679277,-0.0015047603386976027,-0.0013254348530064622,-0.0017707735168214702,-0.0020921266780144017,-0.0008692174264590285,0.0,-0.0042056462589995375,-0.0012325587401517686,-0.0013233814802164057,-0.002884901586762188,0.0,-0.0023431253149875666,-0.0019218893355614653,-0.0010050445340594272,-0.0013029528221295981,-0.0007177581896899944,-0.001291688315270077,-0.0013388475870566463,-0.0004671051369914403,-0.0026371212063741726,-0.0007852163739431609,-0.001446667489532498,-0.001554187203599793,-0.0007246432327096941,-0.001402005143414706,-0.0005313094344327942,-0.0003207216008020466,-0.0003022587232629101,-0.00015702120898629713,-4.637436986516393,-0.00146704866701162,0.0,-0.00430868012243871,0.0,0.0,-0.003088965591202382,-0.008194255897785274,-0.0017518388465075562,0.0,-0.0005075667239724342,-0.0004559941881393717
"Lead, zinc and tin ores and concentrates",BE,1.88289646888,-3.694445086173486e-07,-8.916261660995287e-05,-3.9111429345844183e-07,-7.909912849691073e-08,-5.05595991884588e-07,-7.414642362839041e-07,-4.889836399131598e-07,-4.795453693788619e-07,-3.526876220420653e-07,-4.383617665037153e-07,-1.4923216718932244e-06,-1.1668641397086443e-06,-2.9097489589490247e-07,0.0,-1.4423118883908075e-06,-2.64836676474321e-07,-3.9672973685126496e-07,-8.516452463096712e-07,0.0,-2.9542230593889714e-07,-1.405928605443433e-06,-6.71642650755011e-07,-7.072182510725944e-07,-4.09200188954413e-07,-3.710252702749229e-07,-2.456351452453734e-07,-2.889214342336454e-07,-4.89277580928715e-07,-1.7952283725639624e-07,-1.016335000078181e-07,-3.2110810232437825e-07,-1.4280012970731746e-07,-8.78037973774063e-08,-1.2192834871291616e-07,-7.25515932966759e-08,-7.329544042390466e-08,-1.527377887545091e-08,-1.6641506465438025e-07,-6.197706697462507e-07,0.0,-3.9741036318388096e-07,0.0,0.0,-3.7926757773475384e-07,-6.1138448446437834e-06,-1.6189518214769749e-07,0.0,-4.0715804400217e-07,-2.0977738692484273e-07
"Lead, zinc and tin ores and concentrates",BG,35.7090334528,-7.051745532112758e-05,-9.750833472654412e-05,-0.2880773744966863,-6.897298126397486e-06,-6.291745502470167e-05,-7.290869151254699e-05,-9.756287066191786e-05,-0.00012253307678653766,-4.826858711468835e-05,-3.372482960046665e-05,-6.319703901955161e-05,-0.00159734991927921,-0.00017109652941312044,0.0,-0.0002227964794245608,-6.697118023779257e-05,-0.00010512026722895362,-0.00022253906024232424,0.0,-0.0002371137107189629,-7.205253458332359e-05,-9.764200898790796e-05,-4.7701969586038894e-05,-0.00045955557386561985,-3.020461560719646e-05,-0.00010523688901907673,-6.840648078361238e-05,-5.49927869253119e-05,-7.435477456329192e-06,-4.5807996928793926e-06,-9.969990724069097e-06,-2.8186819911616022e-05,-6.7871450906172995e-06,-8.546783220798827e-06,-1.0987712789066545e-05,-1.1535706071791328e-05,-3.6930501078234446e-06,-6.081505636824751e-05,-8.946395281768828e-05,0.0,-2.1403602021398663e-05,0.0,0.0,-2.8117789924279144e-05,-5.131487669206367e-05,-1.2596395790384983e-05,0.0,-2.899917111295123e-05,-7.983499521566835e-06
"Lead, zinc and tin ores and concentrates",BR,308.789623168,-0.0006846575626581004,-0.0012352724296930406,-0.0004137301013885526,-0.00037759830093189067,-0.0004951745094703287,-0.0008885333609561884,-0.0011619788699127546,-0.0005654697220908112,-0.0010604856105648744,-0.0005276573699370151,-0.001042507422742213,-0.0006703590787085866,-0.0004361193431710768,0.0,-0.0013226299130086941,-0.0008246208840508233,-0.0003587233884669158,-0.0016677220303490047,0.0,-0.0007974558355877753,-0.001875985417835225,-0.00048214534069145217,-0.0011803599519016096,-0.0003919316202500189,-0.0005312712119127321,-0.0007912232914517175,-0.0002644009424003886,-0.00072702028946774,-0.0005661188598477828,-0.00041903035281786057,-0.0009095230711812461,-0.00039390261660668575,-0.000714278843006935,-0.3399257341567102,-0.0001425551185884909,-0.00042367435027693,-3.429380896758175e-05,-0.0017982235914883046,-0.0007413787483646705,0.0,-0.0017400768280837297,0.0,0.0,-0.0018898469654137068,-0.00143271963068707,-0.01053713095372019,0.0,-0.0004931820726555659,-0.00018181803854452818
"Lead, zinc and tin ores and concentrates",CA,2123.89348293,-0.00012428542582582392,-0.0001986924684877518,-0.00010624548185002712,-4.2145622326800624e-05,-9.872960492248154e-05,-0.00016193977101448232,-0.00018005060201130074,-0.00011731177757464129,-0.00017939831152261626,-8.674288729429348e-05,-0.00019082419563228392,-0.0003111017535805546,-7.709890877637037e-05,0.0,-0.0002603333808519849,-0.00014464912083991262,-8.03182741134964e-05,-0.00023967102843391384,0.0,-9.649879456731933e-05,-0.00013968985384339093,-8.820120278246654e-05,-0.00015469454197066781,-8.452565857946743e-05,-0.00011902807559079297,-0.0001809486683959118,-5.189845319666042e-05,-0.00029859662671487985,-0.0004469056688358778,-8.022984992318461e-05,-7.440740212933651e-05,-0.14002037414749452,-0.00013837127448784576,-0.00029817850368459004,-2.4961395959242835e-05,-0.00030063948839478344,-7.729957859528924e-06,-0.000165905592681566,-0.00011362024222372435,0.0,-0.00039634672584880256,0.0,0.0,-0.00016567994163282394,-0.00025822678204396167,-0.00025635472229097235,0.0,-3.362907025285125e-05,-1.8727291434586464e-05
"Lead, zinc and tin ores and concentrates",CH,0.0,0.0,0.0,0.0,0.0,0.0,0.0,0.0,0.0,0.0,0.0,0.0,0.0,0.0,0.0,0.0,0.0,0.0,0.0,0.0,0.0,0.0,0.0,0.0,0.0,0.0,0.0,0.0,0.0,0.0,0.0,0.0,0.0,0.0,0.0,0.0,0.0,0.0,0.0,0.0,0.0,0.0,0.0,0.0,0.0,0.0,0.0,0.0,0.0,0.0
"Lead, zinc and tin ores and concentrates",CN,6640.55900258,-0.00587853120309023,-0.00796105913616778,-0.011709243213134263,-0.0030021556828728996,-0.005506472163159977,-0.010298966240637553,-0.007404085186725004,-0.005579035211224003,-0.01228044219219982,-0.0072792446511568696,-0.008336029688222621,-0.0036801491361120355,-0.004545284214861479,0.0,-0.008110084026174955,-0.005033637359787173,-0.008744253785895707,-0.009400155213169942,0.0,-0.003965783929906232,-0.0049272541015752454,-0.004447080425685064,-0.0046327076482356256,-0.005515843041971527,-0.0045312228627771445,-0.0053850408897434315,-0.0026826399085720905,-0.008151662452178464,-0.00325626643525236,-0.015099040523326482,-0.09058603794497362,-0.008012455894872384,-0.017167788251167028,-0.010118827235291485,-0.0010458028183164437,-0.008977541512029506,-0.00025832494838544124,-0.05223434820664478,-0.006357435887609806,0.0,-0.0062848810913476985,0.0,0.0,-0.02058610256444325,-0.036305497926818156,-1.4642302043391329,0.0,-0.003237067443434599,-0.004112261119738083
"Lead, zinc and tin ores and concentrates",CY,0.00228814811133,-1.3416504266626347e-11,-4.136027934803206e-11,-2.098071196916475e-11,-1.6378335445868777e-06,-1.71978905326053e-11,-2.2033150393458068e-11,-2.3755966221854227e-11,-2.5130110554334684e-11,-2.563674025319783e-11,-1.6457948532845305e-11,-2.8860945036989298e-11,-3.238701505704482e-11,-1.4197994764286636e-11,0.0,-1.2281972863074522e-09,-2.7067757425811093e-11,-2.5683593009107512e-11,-1.5821062006561021e-09,0.0,-1.9565844761502493e-09,-7.46440320512935e-11,-1.4681453663581942e-11,-2.3460223833947504e-11,-1.999598770745665e-11,-1.2870659140729201e-11,-1.0175396538378742e-11,-6.89076733870928e-12,-7.583576375719153e-11,-9.8981099167256e-12,-1.4666471788482536e-11,-1.3974957786637085e-11,-1.036150148532218e-11,-1.8015427553094785e-11,-1.2427186186870264e-11,-8.396400484199858e-12,-2.872654843948774e-12,-2.4507581397924685e-12,-3.5911939153927536e-11,-2.4870509348922835e-11,0.0,-5.39130795485836e-11,0.0,0.0,-3.973259943457046e-11,-5.40019055855465e-10,-2.0787866992430654e-11,0.0,-3.690977776953401e-11,-1.5962695016185457e-10
"Lead, zinc and tin ores and concentrates",CZ,2.06715984515,-3.7952359671942047e-07,-5.933554561558988e-07,-5.469405368567257e-07,-4.3947966197860665e-07,-2.540814159197478e-05,-4.591272813355168e-06,-3.273309932874886e-07,-8.066783175738545e-07,-3.421089278803424e-07,-2.680297644171527e-07,-2.752578015032163e-07,-6.171419677933045e-07,-5.533636241471222e-06,0.0,-1.9291271283526868e-06,-1.9470694337906795e-07,-4.8216406166294595e-06,-3.4350780577296794e-06,0.0,-1.6235524521768902e-06,-4.727450489067173e-07,-1.241442217110923e-06,-1.9572351726214294e-07,-5.007839222419695e-07,-1.8099835064501714e-07,-3.0711203562469895e-07,-5.493786783220096e-07,-2.0342441922453604e-07,-3.4299322167188156e-08,-3.314045798476014e-08,-6.021524664370614e-08,-8.4877152280182e-07,-8.554755669006449e-08,-6.061592062083275e-08,-2.125722156962259e-08,-1.932252867112147e-08,-1.0695889923619621e-08,-9.900622294776048e-08,-6.383716119493099e-07,0.0,-1.1413047847842354e-07,0.0,0.0,-1.2322476269974004e-07,-3.985803716918216e-07,-8.959295557172791e-08,0.0,-2.333187638338769e-07,-4.750586606425005e-08
"Lead, zinc and tin ores and concentrates",DE,242.347315177,-0.0012151372223142786,-0.0010197918248791161,-0.0007160479935128361,-8.237986121354082e-05,-0.0013470832770207612,-0.05054018309342139,-0.000750865746276957,-0.0005698659585111433,-0.000594833542284746,-0.0003605447894053179,-0.0009709393844781754,-0.00039095986758992706,-0.00113931486449351,0.0,-0.0008889212663917243,-0.0006137739407091954,-0.0005395336528287247,-0.0011690360133559353,0.0,-0.0003594427763748054,-0.0006636340541383236,-0.0012325114875540316,-0.0004873374578066799,-0.000646347372602308,-0.000405924799602929,-0.0015400395984779113,-0.0006391856585390302,-0.0004145514606349696,-4.994424240432197e-05,-8.432147718606663e-05,-9.58048925766243e-05,-6.922828501238527e-05,-8.762844476142194e-05,-7.780396699274063e-05,-2.4656597107153038e-05,-3.253985350461176e-05,-3.501471574774352e-05,-9.964766052748873e-05,-0.0005834340204230236,0.0,-0.0002955454069645659,0.0,0.0,-0.0003143592077642512,-0.0006292579253623285,-0.0003363282391856549,0.0,-5.991353455736898e-05,-2.4738783799428043e-05
"Lead, zinc and tin ores and concentrates",DK,0.369430438994,-2.1720920946684865e-07,-3.384122048137553e-07,-5.952085894146337e-07,-1.084197088156562e-07,-4.989621536851632e-07,-6.113376995083303e-07,-0.0005158754600560763,-7.290493899153563e-07,-3.295399526724899e-07,-3.1018990369214325e-07,-3.121683905787249e-07,-1.0837020399985135e-06,-7.236367020755759e-07,0.0,-1.0128789978376857e-06,-2.0552698459087857e-07,-2.380888623677303e-06,-4.089446471777768e-07,0.0,-2.165561526393624e-06,-6.343596421659956e-07,-6.097780741048509e-07,-1.7828218823584582e-07,-1.5218722561761834e-07,-2.351736021070307e-06,-1.3185144755913057e-07,-1.5491075918673583e-07,-3.4497251926650984e-07,-8.496703500579074e-08,-3.6575355105739006e-08,-1.2747322717230352e-07,-1.740893577671289e-07,-4.3404055747187804e-08,-9.158294172320681e-08,-4.131683299313446e-08,-1.128765042930585e-07,-8.440066492798039e-09,-5.374911201918945e-07,-4.984077568807787e-07,0.0,-8.823514790813792e-08,0.0,0.0,-2.777346478083079e-07,-5.413536896250645e-07,-6.552097400715422e-08,0.0,-2.012702530829374e-07,-8.911462917747094e-08
"Lead, zinc and tin ores and concentrates",EE,0.0269282524155,-1.10872949729806e-10,-2.5808410808865807e-10,-9.569643692844549e-11,-1.2008965576043355e-11,-1.4484645193493262e-10,-1.703928472077071e-10,-1.0506252632359023e-09,-1.2088741708386356e-06,-1.1348518155968898e-10,-1.0149482317177541e-09,-1.694522060942449e-10,-2.910601785701436e-10,-1.8502994568886114e-10,0.0,-8.834552877645901e-10,-7.679235978257322e-11,-4.884103243200388e-09,-6.045398934061676e-10,0.0,-4.680700001306018e-10,-1.7588186301492212e-10,-5.188151063692074e-10,-9.035848752744541e-11,-8.681139288596454e-11,-4.080249924885857e-10,-1.2536414277505673e-10,-1.8719405533815676e-10,-1.440732685161378e-10,-9.80835392516257e-12,-1.1199955308771778e-11,-1.696342944467051e-11,-9.582503172810226e-11,-1.3076882632027488e-11,-1.4743187688968093e-11,-1.0949354810382158e-11,-2.752896672544014e-11,-1.0679446667943668e-11,-3.6823928761532775e-11,-1.9899574024760947e-10,0.0,-5.386117123084335e-11,0.0,0.0,-5.179751470867061e-11,-4.304019085931214e-10,-2.956660822154704e-11,0.0,-3.90008498679967e-11,-1.578591903036811e-11
"Lead, zinc and tin ores and concentrates",ES,1.07481911358,-2.620292937870949e-09,-7.588060911295988e-09,-2.00999140104991e-09,-2.228520715428934e-09,-3.391390006578074e-09,-3.5742354401790517e-09,-3.7720757267159005e-09,-2.9326100057825945e-09,-2.9137810812241016e-07,-1.3566920463059285e-09,-8.416416028649903e-09,-4.981930499100301e-09,-4.398765175163176e-09,0.0,-1.0113641355980504e-08,-3.521007608122494e-09,-3.6934608960536318e-09,-1.1002420588412103e-08,0.0,-4.27676796889179e-09,-5.47211929593297e-09,-2.471136262894133e-09,-3.3510578570394785e-08,-2.860379153100485e-09,-2.1200392902059403e-09,-1.3386286382586691e-09,-1.3426369418259295e-09,-4.182170750913888e-09,-4.4813611385197074e-10,-2.8875808949474285e-10,-6.515508002827251e-10,-1.250781020808676e-09,-5.090998261672255e-10,-1.341287458374397e-09,-1.959162326850207e-10,-2.8562833413050383e-10,-1.0783178591667149e-10,-7.526707690997819e-10,-5.176059977623827e-09,0.0,-1.0950476845788408e-09,0.0,0.0,-9.96357132502946e-10,-2.2866929128429706e-09,-1.0792143181846806e-09,0.0,-2.023464015693778e-09,-5.724139387877628e-10
"Lead, zinc and tin ores and concentrates",FI,16.5921877474,-1.1345494126672119e-05,-3.728152694976287e-05,-1.0331648431026348e-05,-1.5212550474658431e-05,-1.470736530123775e-05,-2.303336401716853e-05,-8.185025878438023e-05,-0.0004931066486774867,-1.738098228547376e-05,-0.024553959805207647,-1.5456695648936993e-05,-2.3737904101658464e-05,-1.5607811171466797e-05,0.0,-5.6332401776139365e-05,-9.97394148397087e-06,-6.741255323431318e-05,-5.195052904621311e-05,0.0,-4.185506889961221e-05,-2.2859606548976697e-05,-2.6489300683189285e-05,-1.1628199171867404e-05,-1.0915731389386929e-05,-5.222065935607374e-05,-9.814970892398836e-06,-7.560124121023026e-06,-2.3650254406790585e-05,-2.8623245499503893e-06,-2.9336250065856157e-06,-5.530183993302482e-06,-8.350283677723842e-06,-5.916821622055681e-06,-4.449451317805899e-06,-1.6412619984855312e-06,-1.2103273557836566e-06,-2.0869199889344247e-06,-5.076485944496877e-06,-2.6158636167121887e-05,0.0,-8.468907940679403e-06,0.0,0.0,-4.654774485504444e-06,-2.26767552023291e-05,-5.020005761861714e-06,0.0,-4.540534193842761e-06,-1.357319707968782e-06
"Lead, zinc and tin ores and concentrates",FR,0.0,0.0,0.0,0.0,0.0,0.0,0.0,0.0,0.0,0.0,0.0,0.0,0.0,0.0,0.0,0.0,0.0,0.0,0.0,0.0,0.0,0.0,0.0,0.0,0.0,0.0,0.0,0.0,0.0,0.0,0.0,0.0,0.0,0.0,0.0,0.0,0.0,0.0,0.0,0.0,0.0,0.0,0.0,0.0,0.0,0.0,0.0,0.0,0.0,0.0
"Lead, zinc and tin ores and concentrates",GB,0.610196318261,-1.0516951789699358e-06,-3.299338215936553e-06,-1.2260426631377554e-06,-9.378681631682846e-07,-1.7793100261611576e-06,-5.659789017765948e-06,-1.7022047087074854e-05,-2.1354376992636686e-06,-6.860743495266627e-06,-1.5323046048936233e-06,-3.707873809087727e-05,-3.734774559696392e-06,-2.0434575577253347e-06,0.0,-0.00015335923953831878,-2.288024410707159e-06,-4.8350261766289825e-06,-1.4887344833185994e-05,0.0,-1.3002035275139415e-06,-0.0012551645031574226,-1.8128486959561617e-06,-2.311126729675826e-06,-9.12171905604666e-07,-2.866097311118188e-06,-9.778367469238248e-07,-6.461318333523766e-07,-0.0009310694815109898,-5.329321893177352e-07,-4.2447276035183244e-07,-5.010914210081833e-07,-7.626219375330068e-07,-3.015239049522155e-07,-8.513411822575802e-07,-4.444406361361312e-07,-2.1920120812730986e-07,-1.740571533975589e-07,-1.7980733002415678e-06,-1.1565546596448943e-06,0.0,-1.1618278952643595e-06,0.0,0.0,-5.7463858279902975e-05,-2.526036937006179e-06,-4.558310796151491e-06,0.0,-4.094148196088149e-06,-4.4706659083628956e-07
"Lead, zinc and tin ores and concentrates",GR,6.37239325669,-6.548654456323555e-06,-1.6000028742303865e-05,-4.981750315176636e-05,-3.0300004319035894e-05,-6.76665030230366e-06,-1.3789396701883904e-05,-8.130407677505473e-06,-1.6411032827128696e-05,-8.20735512307556e-06,-6.721783606671829e-06,-1.009016711593246e-05,-0.00654311838863187,-1.918523675200728e-05,0.0,-3.080267571956542e-05,-8.069532478159659e-06,-3.210088545158904e-05,-5.11961172361876e-05,0.0,-5.7119496262847676e-05,-1.9278308849552684e-05,-8.849348808236526e-06,-7.805349570007766e-06,-1.725263680706165e-05,-5.1620552568147e-06,-9.830169519493746e-06,-5.088496634804328e-06,-7.227975455996137e-06,-2.3451840829643102e-06,-9.5025502076871e-07,-1.3489501121794789e-06,-7.93689372124672e-06,-6.9136337454134665e-06,-1.8509354482646482e-06,-3.442273856344504e-06,-2.9808938947287107e-06,-2.4656463293881153e-05,-1.515480043736153e-05,-2.0482293035305976e-05,0.0,-2.7215469193548117e-06,0.0,0.0,-5.553910065631801e-06,-3.898391271709741e-06,-2.0578724162085837e-06,0.0,-3.929206355950316e-06,-1.573002262385468e-06
"Lead, zinc and tin ores and concentrates",HR,2.38800485555,-2.2518345801230152e-07,-1.9862883727193992e-07,-3.025478219991917e-07,-1.9967623850457504e-08,-1.261132281401882e-07,-2.4639841458807083e-07,-4.938004825908149e-07,-3.815610885009851e-07,-1.744092034715437e-07,-1.5011286681230325e-07,-1.0821777773168656e-07,-3.923694279290148e-07,-2.264939048905177e-06,0.0,-1.0278906365160015e-06,-1.6988865824317733e-07,-2.2043453316307968e-07,-1.0928908317896368e-06,0.0,-9.031462105434635e-07,-2.1484505773329573e-07,-1.760273295116429e-07,-1.1800150648249009e-07,-1.4132620620711632e-07,-9.197645137985073e-08,-2.680080107793485e-06,-2.4031456856208726e-07,-9.142374525775472e-08,-1.1804898294512235e-08,-8.354939116461054e-09,-1.431003716571223e-08,-1.5661767915956333e-07,-1.1322767630916245e-08,-1.958351331118964e-08,-1.2200558828344991e-08,-2.0959315889357953e-08,-1.0473445439413512e-08,-3.869020953560896e-08,-4.5688957508112855e-07,0.0,-3.8327143868829e-08,0.0,0.0,-4.0919266668923044e-08,-7.919994748131501e-08,-3.8092976183261886e-08,0.0,-8.29349355404487e-08,-2.4454817744183293e-08
"Lead, zinc and tin ores and concentrates",HU,1.19838941586,-3.5495764328361637e-06,-7.069168583958653e-07,-5.386257549835759e-06,-4.254460773301759e-08,-6.423726966400169e-07,-1.2224115926563538e-06,-4.5434840157613276e-07,-1.9021588580707228e-06,-2.869568416291255e-07,-2.5816752728394335e-07,-2.3625035315324433e-07,-4.6002150459330906e-07,-1.7944363186232238e-05,0.0,-6.719700136307072e-07,-2.3574611610238977e-06,-4.2663512033405894e-07,-4.945544133547482e-07,0.0,-1.2590140802368678e-07,-1.2708527650191699e-06,-1.8892424960118621e-06,-2.0485064328224516e-07,-1.1481158186205296e-06,-2.848586628964977e-07,-9.737115256633827e-07,-2.3601941834106107e-06,-8.100821350839016e-07,-4.2419107283090265e-08,-1.1782584527623737e-07,-2.6247373947770916e-08,-6.813958253979258e-08,-4.031319367842679e-08,-3.1333327490474125e-08,-1.3512062321619085e-08,-3.294309064048799e-08,-6.398575176822052e-09,-2.12642974315441e-07,-1.1775190538636926e-07,0.0,-8.473328385636764e-07,0.0,0.0,-7.029678340862593e-08,-1.8188634930675792e-07,-9.951876043210037e-08,0.0,-3.9724978385578165e-08,-3.2269770915241086e-08
"Lead, zinc and tin ores and concentrates",ID,3342.94294073,-1.962493012774312e-05,-5.1089811191719365e-05,-2.8231256878738595e-05,-2.0599909241672222e-05,-1.719688224391191e-05,-2.8819116432605707e-05,-4.494012398891855e-05,-4.474482304261208e-05,-4.692028545455446e-05,-3.688680532285372e-05,-3.747430137994227e-05,-6.52914874561932e-05,-2.5336393111052915e-05,0.0,-7.49709228055719e-05,-2.7839232454680297e-05,-3.978392871426579e-05,-0.00010407468130232291,0.0,-0.00011477223158632723,-5.2772474589451724e-05,-1.723144428265979e-05,-1.9685343339267226e-05,-1.8375226758951093e-05,-2.2251591639094965e-05,-1.674399153397471e-05,-1.2410367856367915e-05,-4.447348845878163e-05,-1.3161116451653276e-05,-6.631352133683221e-05,-7.421715557366533e-05,-1.9683367436290037e-05,-5.558116310674808e-05,-1.918377716123569e-05,-1.6423661964422996e-05,-5.680414539995996e-06,-4.169878908332866e-06,-9.855639878853992e-05,-3.848023999679247e-05,0.0,-0.0001311453009024462,0.0,0.0,-6.31317177842632e-05,-0.0009824468317557197,-4.817842900929593e-05,0.0,-2.4426658205127276e-05,-2.3188471333345843e-05
"Lead, zinc and tin ores and concentrates",IE,133.991487109,-9.34815744005834e-06,-5.5557255005548155e-05,-1.0120231805225329e-05,-2.0469968275376863e-05,-9.781418703192643e-06,-2.135719438617575e-05,-1.802142769533194e-05,-9.828797785979863e-06,-2.666759290032586e-05,-8.21398114890105e-06,-2.6216737480818612e-05,-3.42187286701186e-05,-7.181497544671116e-06,0.0,-0.03352850250828151,-1.3124929120318994e-05,-3.210454191405012e-05,-0.0022989730573531254,0.0,-9.966265449702986e-06,-6.648777092709682e-05,-1.2663806854830326e-05,-3.485611953604507e-05,-4.811922052101917e-06,-1.0384260118491878e-05,-9.649587159398666e-06,-4.756455644952737e-06,-0.0003047001330255109,-5.435578834475054e-06,-3.0947559130603e-06,-2.1659509750677663e-06,-5.143717043643765e-06,-2.8925105106718344e-06,-1.8926505681026413e-06,-8.943089630854014e-07,-1.1820921877064928e-06,-7.726500581133491e-07,-3.760628358175518e-06,-1.3288870981516104e-05,0.0,-5.763439992370646e-06,0.0,0.0,-1.3192504430119006e-05,-1.2840754509447366e-05,-4.145469166217339e-06,0.0,-2.9839468034095485e-06,-1.927874513812573e-06
"Lead, zinc and tin ores and concentrates",IN,358.72940197,-1.1698979328220742e-05,-3.0503302249791133e-05,-1.0776216330173134e-05,-2.8609631331727595e-05,-1.1002326364638886e-05,-1.8459464297034105e-05,-2.3524022379172578e-05,-3.070780607745779e-05,-1.8380440224067737e-05,-2.2628757931604333e-05,-1.7892383234376915e-05,-2.5059026383893122e-05,-1.5446471995238955e-05,0.0,-5.558043206764091e-05,-1.82431167047863e-05,-1.9948295854018296e-05,-3.877033509821016e-05,0.0,-4.098208810604479e-05,-2.612909927842758e-05,-9.834181387878756e-06,-1.2093828691168938e-05,-1.0696842375639453e-05,-1.1650243243404245e-05,-1.124348829897782e-05,-7.876194710836574e-06,-3.5055712603655137e-05,-6.467820060503576e-06,-1.3708658274591044e-05,-1.9822093979018575e-05,-1.1540814242285292e-05,-2.1270479207500028e-05,-8.635725044299926e-06,-0.0024857729759360215,-2.9684432489568415e-06,-4.385213159398158e-06,-3.658488779514183e-05,-1.9813467968298943e-05,0.0,-3.429865912196133e-05,0.0,0.0,-4.048516786214651e-05,-7.636021065353954e-05,-3.5362608878209e-05,0.0,-2.1410854563416392e-05,-1.762384631574126e-05
"Lead, zinc and tin ores and concentrates",IT,10.7283197739,-2.3903169689036494e-06,-3.1510055509913314e-06,-2.944051319181175e-06,-1.07611042486141e-06,-2.9471422937667856e-06,-1.7378598742946043e-05,-4.591904114713928e-06,-2.9435679611266803e-06,-2.2781717829107844e-06,-1.2231878793187442e-06,-4.639822026981469e-06,-9.966534613984478e-06,-4.923698636197215e-06,0.0,-3.6123027763386574e-05,-7.922121506441977e-05,-3.0325894962239895e-05,-2.618443872982892e-05,0.0,-3.863696176348196e-06,-2.228458069898955e-05,-1.8552167474206962e-06,-2.03129343773259e-06,-1.9511889887816174e-06,-1.2895175449530637e-06,-4.395414044346568e-06,-1.7393252007850909e-06,-2.280693055787193e-06,-3.865331504129722e-07,-2.546164024198203e-07,-5.163005580947252e-07,-5.136660154530543e-07,-4.849623820340371e-07,-4.2391387707552275e-07,-5.237379134079711e-07,-1.55599088034571e-07,-4.3113108491820673e-07,-6.701695172777807e-07,-9.014930003473937e-06,0.0,-8.350373047536125e-07,0.0,0.0,-1.829141125036767e-06,-2.5947548373657476e-06,-9.750191902104273e-07,0.0,-3.994027296929734e-05,-6.966819594599873e-07
"Lead, zinc and tin ores and concentrates",JP,0.0,0.0,0.0,0.0,0.0,0.0,0.0,0.0,0.0,0.0,0.0,0.0,0.0,0.0,0.0,0.0,0.0,0.0,0.0,0.0,0.0,0.0,0.0,0.0,0.0,0.0,0.0,0.0,0.0,0.0,0.0,0.0,0.0,0.0,0.0,0.0,0.0,0.0,0.0,0.0,0.0,0.0,0.0,0.0,0.0,0.0,0.0,0.0,0.0,0.0
"Lead, zinc and tin ores and concentrates",KR,1.10985000922,-2.0486806369384244e-06,-8.681749599084856e-06,-4.652302442040344e-06,-5.857557001151501e-06,-3.883883124159845e-06,-4.534489483846642e-06,-1.0343337097847641e-05,-8.023670719572417e-06,-6.890758216553731e-06,-9.729510700695313e-06,-4.125308540914415e-06,-1.4607991339664318e-05,-4.228600754846105e-06,0.0,-2.6955262702256753e-05,-5.9098602622560665e-06,-0.00010770225894094001,-7.974486018258405e-06,0.0,-1.75990868771719e-05,-1.048491994576416e-05,-4.688642845927982e-06,-2.885044197091014e-06,-2.640892408072382e-06,-4.561736503557336e-06,-1.0956430569891452e-06,-1.7335849633879769e-06,-6.600822697459521e-06,-2.2579162490609305e-06,-2.0292715037259256e-05,-3.1828131099660515e-06,-4.5599908895675805e-06,-0.00026852249651361564,-3.773730584228247e-06,-7.200027061260717e-06,-1.959510180635174e-06,-1.286458375436998e-06,-1.3253627880901655e-05,-4.573336745955055e-06,0.0,-7.810959775297417e-06,0.0,0.0,-6.195899039273448e-06,-1.6165464804329013e-05,-4.332383232453993e-06,0.0,-4.596235243418729e-06,-1.0215202781441915e-05
"Lead, zinc and tin ores and concentrates",LT,0.000427252624862,-1.5885613509343115e-11,-2.6953747361384252e-11,-1.560027176567349e-11,-1.4932630795235826e-12,-2.1844915561093207e-11,-2.977275906009442e-11,-8.742484595394831e-11,-1.0535054433334204e-09,-1.2986882671504313e-11,-2.99686459900887e-11,-2.1683892566961548e-11,-3.646517764439584e-11,-4.239125497222514e-11,0.0,-4.975597417711908e-11,-1.0410699274158951e-11,-1.6691354110750736e-07,-5.325711243557808e-11,0.0,-3.896520038233121e-11,-1.779608353114607e-11,-2.2647290908268137e-10,-1.2581222985997264e-11,-1.33608582307833e-11,-3.9941370800371465e-11,-1.9110398843732638e-11,-1.577302697434824e-11,-1.8211973683043182e-11,-1.1021034777460574e-12,-1.0856476655597942e-12,-2.0725064464085825e-12,-4.070584285323761e-12,-1.324483951082467e-12,-1.90692310268345e-12,-6.663845414047774e-13,-8.778653624657057e-13,-3.9374686203848913e-13,-3.0398600734418155e-12,-1.8891423845583503e-11,0.0,-5.018717956922947e-12,0.0,0.0,-8.513252862938667e-12,-1.6819420051500857e-11,-2.408391717079183e-12,0.0,-3.443669557550099e-12,-1.3413349672745591e-12
"Lead, zinc and tin ores and concentrates",LU,0.0,0.0,0.0,0.0,0.0,0.0,0.0,0.0,0.0,0.0,0.0,0.0,0.0,0.0,0.0,0.0,0.0,0.0,0.0,0.0,0.0,0.0,0.0,0.0,0.0,0.0,0.0,0.0,0.0,0.0,0.0,0.0,0.0,0.0,0.0,0.0,0.0,0.0,0.0,0.0,0.0,0.0,0.0,0.0,0.0,0.0,0.0,0.0,0.0,0.0
"Lead, zinc and tin ores and concentrates",LV,0.461123354148,-1.1461869009794172e-09,-3.727062125781768e-09,-1.5190775418011303e-09,-1.6324764228235384e-10,-6.527743037551001e-10,-1.6287025859771021e-09,-9.18587067659211e-09,-1.7209045556495121e-07,-7.373613409110978e-10,-1.7293471924694116e-09,-1.5113344821339464e-09,-1.3284751752292717e-08,-4.71972312559869e-09,0.0,-7.371271968192146e-09,-3.777775379196688e-10,-1.5324645414014539e-07,-8.984143136159167e-09,0.0,-1.07695257049321e-08,-2.918523255689566e-09,-5.833273200032417e-09,-6.969687190061054e-10,-1.046481038676407e-09,-1.9359799980941558e-09,-1.2051670443292163e-09,-1.2387280599984608e-09,-1.2230945380966892e-09,-8.346052024468267e-11,-1.0141492795469174e-10,-1.227629896834146e-10,-5.587590600492488e-10,-1.4241727000109658e-10,-1.239186740608057e-10,-1.231779492257095e-10,-1.909914993647947e-10,-1.2228027692413023e-10,-1.3081759374779737e-09,-2.8808470742903894e-09,0.0,-2.844627528390513e-10,0.0,0.0,-3.901967201208454e-10,-8.854625800934757e-10,-2.7022344202130304e-10,0.0,-8.035728953481475e-10,-1.9715763236124195e-10
"Lead, zinc and tin ores and concentrates",MT,0.00363580535486,-3.015247253897475e-12,-6.627305503658343e-11,-1.644290668589311e-11,-3.1909239554783644e-12,-3.455782060041675e-12,-5.9136026269638585e-12,-5.0928706382766715e-11,-2.644101623451046e-11,-6.3316120893489146e-12,-2.926325594361157e-12,-1.0230987899239606e-11,-2.9027070022317673e-10,-7.363307084827268e-11,0.0,-2.750286266627137e-10,-5.372654446159634e-12,-1.578565198102268e-11,-1.3646395339967988e-10,0.0,-5.003690858273169e-08,-3.591886537156588e-11,-6.9364584234474515e-12,-5.268999011783431e-12,-7.804921491463464e-12,-4.890311130763258e-12,-1.0035022062676023e-11,-5.842568178416376e-12,-4.758898354520255e-11,-1.5215371676647816e-12,-1.7507773995518735e-12,-2.022060289820312e-12,-2.0573402934876054e-12,-1.9748155262419112e-12,-2.911939141974678e-12,-7.006749684718132e-13,-1.0155334867900109e-12,-5.359889882164159e-13,-1.4093966758681927e-11,-3.1013749670405036e-11,0.0,-5.255031089203097e-12,0.0,0.0,-5.862056761816412e-12,-2.1049998029279418e-11,-7.07181640587344e-12,0.0,-1.5745671030879146e-11,-1.0418382028966414e-11
"Lead, zinc and tin ores and concentrates",MX,300.036945336,-0.00017075557891532846,-0.0002439351491934236,-0.00012686637659911745,-6.867166650344446e-05,-0.00012102477058867929,-0.0002448371399644737,-0.00021645177754061427,-0.00018224071253197314,-0.0003423198015954863,-0.00011136406809767912,-0.00023258697252903754,-0.0002840111359493442,-0.00011607972288325919,0.0,-0.00035920338286890286,-0.0001373797991377079,-0.00018869064629419138,-0.0003383581843360371,0.0,-0.0002117745134256776,-0.00020120823884490577,-0.00013252680229098264,-0.00019462263938842587,-0.00011521909349339702,-0.00011559126684059854,-0.00019630600464082872,-8.334706892577724e-05,-0.00016752244761137144,-0.0005981840276077118,-0.00011774850862922967,-0.00023131575879086215,-0.0003079687483253476,-0.0002087928660844082,-0.00027245956355108396,-4.033964113107465e-05,-0.13245001000776158,-9.762132569882618e-06,-0.00012763142797566222,-0.00018887523635227645,0.0,-0.00035508513058426665,0.0,0.0,-0.00019396593846482095,-0.0004921229656211285,-0.0003322159243666846,0.0,-7.11916849014007e-05,-3.534496057528283e-05
"Lead, zinc and tin ores and concentrates",NL,0.0,0.0,0.0,0.0,0.0,0.0,0.0,0.0,0.0,0.0,0.0,0.0,0.0,0.0,0.0,0.0,0.0,0.0,0.0,0.0,0.0,0.0,0.0,0.0,0.0,0.0,0.0,0.0,0.0,0.0,0.0,0.0,0.0,0.0,0.0,0.0,0.0,0.0,0.0,0.0,0.0,0.0,0.0,0.0,0.0,0.0,0.0,0.0,0.0,0.0
"Lead, zinc and tin ores and concentrates",NO,0.180967841697,-2.9081096509373495e-08,-1.0620076479303231e-07,-1.2060586872110087e-07,-1.3144485755770548e-08,-9.029828909447261e-08,-5.790575318750323e-08,-3.66277477353114e-05,-2.5719530856245203e-07,-7.707659907985277e-08,-2.526975607956349e-07,-6.051864218453539e-08,-6.89616181311321e-08,-4.0742027530305756e-08,0.0,-2.243690870640063e-07,-8.128136383839883e-08,-2.330036058311224e-07,-1.2236769337307476e-07,0.0,-6.096426692992314e-08,-2.7137371970459e-07,-2.5277951478323803e-07,-4.156300245001842e-08,-5.781738908460564e-08,-1.723188524150128e-06,-3.726733753483336e-08,-1.9389486113597675e-08,-3.534312863514912e-07,-7.51301646630727e-08,-3.046169657639698e-08,-1.6326630088083957e-07,-4.669299083753197e-08,-3.285088931353742e-08,-3.996501246647039e-08,-2.9190024718650387e-08,-1.1937474555808991e-08,-6.551184317182278e-09,-6.037526861160618e-08,-2.887239923894074e-07,0.0,-1.4447344602588088e-07,0.0,0.0,-7.253882863039044e-08,-2.638436632043467e-06,-4.9657033968443685e-08,0.0,-2.221847111363924e-07,-3.2458790112643e-08
"Lead, zinc and tin ores and concentrates",PL,96.3450902586,-0.00020478190316908942,-0.0002355794099510756,-0.0003023899067725307,-6.233543814652185e-05,-0.0006897061690967382,-0.0004078873479905796,-0.00035145857702129833,-0.00036556954797044386,-0.00016358027722290653,-0.00013209141301437295,-0.0002755278310826508,-0.00018111589273318412,-0.0002834792209179911,0.0,-0.00017571664218557349,-0.0001913152379088187,-0.000733284536762414,-0.0002759986078208965,0.0,-8.228846436822198e-05,-0.00015870920508752933,-0.08959987647112456,-0.00011558961991126389,-0.00018026502637109393,-0.00021716615526607907,-0.0004387445074047463,-0.00034684996242382107,-0.00012915893554654682,-1.27433611586879e-05,-2.15244050794889e-05,-4.739969579571289e-05,-2.1331627381643906e-05,-3.6432892206539084e-05,-2.7954652986913415e-05,-1.0049046293369755e-05,-9.79710263828594e-06,-4.550680048026345e-06,-4.616790154916113e-05,-0.00013286629139788858,0.0,-8.539449512310116e-05,0.0,0.0,-4.93255398663212e-05,-0.0002736066851511723,-7.405796232179912e-05,0.0,-2.1050849863877914e-05,-1.5264299169348005e-05
"Lead, zinc and tin ores and concentrates",PT,43.8293552991,-3.6831219430824273e-05,-0.00010510370248905952,-5.395762474212127e-05,-5.964577834420143e-06,-4.4281422805891784e-05,-9.116329378321394e-05,-6.227017161067754e-05,-4.8246065985305245e-05,-0.0007597089850509658,-2.5206064027879494e-05,-0.00019541287722564247,-5.6317663641368045e-05,-3.5690162918109964e-05,0.0,-0.00016132334547657438,-8.22935976500166e-05,-3.284867092135521e-05,-0.00013283624852447446,0.0,-2.3085262398062812e-05,-5.2416836244857406e-05,-6.261071423668507e-05,-0.014998546540966743,-3.173312588220235e-05,-4.2272902702133615e-05,-6.925115249182969e-05,-2.8824293808777252e-05,-7.988349698681526e-05,-3.3455588460398315e-06,-4.378083514990005e-06,-6.290368875567591e-06,-6.382732051180103e-06,-7.521402549384083e-06,-2.2892948277960706e-05,-2.5163808975229474e-06,-2.822669931523611e-06,-7.522958718769977e-07,-9.159545436999662e-06,-3.2752566710888273e-05,0.0,-2.0499907885668345e-05,0.0,0.0,-2.7165288043058513e-05,-2.4400038330674924e-05,-4.9462023486673654e-05,0.0,-1.2599042972623462e-05,-3.553191697288466e-06
"Lead, zinc and tin ores and concentrates",RO,173.801254868,-7.260035397753059e-05,-8.009590798666898e-05,-0.00029063525820249234,-1.025524849339412e-05,-6.807225356275339e-05,-6.98017140629371e-05,-6.747951093905124e-05,-6.581003364040416e-05,-4.698395855291071e-05,-1.861756815686582e-05,-7.82667810461828e-05,-0.00019867802064712562,-0.00015586641667618878,0.0,-6.63417130809437e-05,-5.373877935995151e-05,-4.950343055418647e-05,-0.00010302712111622168,0.0,-7.764554947418579e-05,-6.006242443267432e-05,-9.994183186170361e-05,-4.1074901004270637e-05,-0.19899280436947026,-2.2906791308258618e-05,-0.0001025248239922638,-8.506601815186189e-05,-3.925825537078542e-05,-3.388210059911863e-06,-3.717723423744934e-06,-5.204693719868184e-06,-1.1228785905055935e-05,-6.2643088837318e-06,-6.893694825529071e-06,-4.038548143002703e-06,-3.1196014001176065e-06,-3.0168519019981853e-06,-9.322891567316409e-06,-3.6695586886741306e-05,0.0,-3.372144905530875e-05,0.0,0.0,-1.2940885786232527e-05,-2.4423031664358086e-05,-8.896183997847853e-06,0.0,-1.137553498722454e-05,-4.072535287833429e-06
"Lead, zinc and tin ores and concentrates",RU,1215.22544909,-0.0006341037361759367,-0.0009139102607927438,-0.0013659470262967596,-0.002083683573243328,-0.0013322315363532321,-0.0010152465567840514,-0.0007759706887432483,-0.004868270406083078,-0.0006515127610156253,-0.001362375838635623,-0.0008154045737793105,-0.001424652751217015,-0.0014037929218871875,0.0,-0.0012971864335279198,-0.0005140497599257636,-0.007230239892690809,-0.001100358694566596,0.0,-0.001134909745544472,-0.0007057563862009235,-0.001658556114546102,-0.00041524762349745195,-0.0009343434845492493,-0.0005010871788786337,-0.001223454813815751,-0.0019889296908662604,-0.0005392627112180846,-9.775329112229066e-05,-0.00026684790262094133,-0.0002445541134663413,-0.0001913753474600127,-0.0003910402737382308,-0.0002512069248287135,-9.267772901202281e-05,-0.00010017365206732526,-8.973266471764005e-06,-0.0008244103742382187,-0.0007445553829281685,0.0,-0.0008569346305228245,0.0,0.0,-0.00044006593834194316,-0.006306370200911955,-0.00041713360209536427,0.0,-0.00013605425076588105,-8.810768946553118e-05
"Lead, zinc and tin ores and concentrates",SE,505.998904792,-4.524087356118254e-05,-8.573621576333188e-05,-3.820131562895401e-05,-1.2655894874652525e-05,-6.875523468813933e-05,-7.991029753060492e-05,-0.0007316646778845209,-0.00033283755341567304,-4.438187504991872e-05,-0.000260214943855256,-7.385227501299424e-05,-9.34302735149702e-05,-5.179827682969809e-05,0.0,-0.00013084396193054117,-2.987195025362711e-05,-0.0002753035607340127,-7.560547700858475e-05,0.0,-5.1985774042267224e-05,-5.823689114825078e-05,-0.00011193853756424464,-3.7541610105789625e-05,-2.7779780202004022e-05,-0.03812538065955614,-5.745390297023676e-05,-3.4374984979414e-05,-8.635043424734071e-05,-6.207516052503143e-06,-6.1419120850419045e-06,-8.866571773010826e-06,-1.6761557552115253e-05,-9.548496255991711e-06,-4.855605853109046e-05,-2.7656655966334474e-06,-2.9563454297273657e-06,-1.6236763762505431e-06,-1.371066913944152e-05,-3.5487706101773786e-05,0.0,-1.9143943761590866e-05,0.0,0.0,-3.412017360782855e-05,-5.1865391134286545e-05,-0.00010985333488672273,0.0,-7.041115685781154e-06,-2.574763544889735e-06
"Lead, zinc and tin ores and concentrates",SI,3.3714153923,-2.792745035369641e-06,-3.320900185430948e-07,-5.127093063075442e-07,-1.3430046034989947e-08,-3.278619091971126e-07,-5.874907477043569e-07,-5.546316559608558e-07,-6.366438954667236e-07,-4.05646210475969e-07,-2.097843804549743e-07,-3.4957882454587886e-07,-3.553732323847909e-06,-7.264067479054725e-05,0.0,-1.0518622813617897e-06,-4.0233509738643484e-07,-2.667236779525086e-07,-1.034830388346976e-06,0.0,-7.100161237841024e-07,-2.642327754414054e-07,-2.459534045955024e-07,-6.527225016575641e-07,-3.162179322228283e-07,-3.5240752633339015e-07,-0.0001709887646591566,-6.433380641672927e-07,-1.3680966109186425e-07,-1.525083798766185e-08,-1.1678517610308836e-08,-3.708898286081893e-08,-1.4042783111276863e-07,-1.2300129850217157e-08,-2.8575370480356462e-08,-1.743009618946083e-08,-1.4212543791752829e-08,-1.6863233633930696e-08,-6.565514361305807e-08,-6.18371675650221e-07,0.0,-1.382283372068031e-07,0.0,0.0,-5.301524387211644e-08,-1.5936568098796306e-07,-1.0860185245094213e-07,0.0,-6.111132426777627e-08,-3.4833294815193163e-08
"Lead, zinc and tin ores and concentrates",SK,0.642662193515,-4.6266029627656177e-08,-3.5171129610996055e-08,-8.428402399723234e-08,-9.528002443681852e-09,-6.925331835567437e-07,-4.230707511909539e-08,-5.5988322453744533e-08,-3.6663322344454305e-08,-2.8722710989217544e-08,-1.503012490286365e-08,-2.9229737926849226e-08,-3.4747681736083915e-08,-1.4820269791279323e-07,0.0,-5.845831167561366e-08,-3.0798967823723894e-08,-2.8711487681167056e-08,-5.887535133690553e-08,0.0,-5.119375617267373e-08,-2.8009839967458453e-08,-7.445295997690402e-08,-2.2744022671592173e-08,-5.064431711495969e-08,-1.853328383976874e-08,-9.823394781457616e-08,-9.937183685956885e-05,-1.4081784908449729e-08,-1.915358557137973e-09,-3.0718489812101304e-09,-3.0628631731314206e-09,-7.631120569366566e-09,-5.4710951798030416e-09,-2.733335978387098e-09,-1.3776251229861118e-09,-1.6030165570838658e-09,-1.1723092758990804e-09,-5.032242142160366e-09,-2.4606043243369866e-08,0.0,-7.613512335103219e-09,0.0,0.0,-6.5409196104494795e-09,-2.254733804754333e-08,-6.747891577367439e-09,0.0,-5.983251856654401e-09,-2.284067207773017e-09
"Lead, zinc and tin ores and concentrates",TR,74.0736751766,-0.00013458411525661917,-0.00024170792585479593,-0.0007826077348125444,-0.00013939318593453984,-0.00015454931607766342,-0.00015767607471684213,-0.00027721550639676733,-0.0004164362748109491,-0.0001999635706641555,-8.731294363308567e-05,-0.000262296867856974,-0.00039116041048810124,-0.00018772877753899292,0.0,-0.00018535682355287473,-0.0001555561254618136,-0.00042465905853086334,-0.00027950200926411004,0.0,-0.00020561865811178194,-0.00013019129396494558,-0.0001496233142947269,-0.00014201104236967563,-0.0002457424700532078,-9.533993516449877e-05,-0.00017923740696993858,-0.00010645896891554677,-0.00023130260464157462,-2.7626640094025235e-05,-3.2140353724441326e-05,-4.506729479731645e-05,-6.001332992254984e-05,-7.923068503098297e-05,-6.224075182258422e-05,-1.8293602917363698e-05,-2.591031523259108e-05,-4.023854161176029e-06,-9.85063023533866e-05,-0.00013130558425231435,0.0,-0.00014892127741365253,0.0,0.0,-0.0001910945152527826,-0.0001683155272574829,-0.00012054882281369933,0.0,-8.656205841773177e-05,-9.761744966574321e-05
"Lead, zinc and tin ores and concentrates",TW,196.538913415,-3.892171161979108e-05,-2.7246003860679022e-05,-3.4445447144774366e-05,-2.9632473819157826e-05,-3.556735271308683e-05,-5.7091337665023695e-05,-3.310971735889842e-05,-3.501604761415028e-05,-2.82908119202024e-05,-3.129842887962603e-05,-5.032227869603049e-05,-2.211129222261755e-05,-3.0451683047224772e-05,0.0,-4.813038382644788e-05,-2.710153192265906e-05,-4.765023303536214e-05,-4.0016149835011014e-05,0.0,-2.6118463149488108e-05,-2.973493918073011e-05,-2.8721612961746923e-05,-2.082965795833053e-05,-3.038233407884236e-05,-2.9116601333640323e-05,-4.444668573892735e-05,-1.9412637777458175e-05,-3.3460452398561106e-05,-1.4143500275483935e-05,-7.189687760998877e-05,-7.878237365259036e-06,-1.8578897196273757e-05,-9.366237680154442e-05,-3.9601781758242385e-05,-4.704965194862416e-06,-6.287225545789861e-06,-2.7632601210409743e-06,-0.00030318496696856085,-5.451790321706585e-05,0.0,-2.204491468342682,0.0,0.0,-0.00012092590693869545,-0.00011298655215786559,-8.279578897234169e-05,0.0,-1.2299760095293017e-05,-1.2407251155910305e-05
"Lead, zinc and tin ores and concentrates",US,751.364374474,-0.0002953015231469752,-0.0006418316328592494,-0.00022492100314110852,-0.00019942061003197872,-0.0005930439706035306,-0.00044076944912977036,-0.00041516736407317013,-0.0003614266880410797,-0.0009003588738405067,-0.0004706983432052049,-0.0004776563465762053,-0.0006059379047672961,-0.0003568523130848266,0.0,-0.0014482765655222203,-0.00032736875822300204,-0.0006242491926242246,-0.0006636393079496194,0.0,-0.00035079007052615183,-0.0006069617596839735,-0.0002713456165877832,-0.00045950801355872534,-0.00025140725995266615,-0.00035795142563907684,-0.00038003467246229897,-0.0001373386555262836,-0.0007489482198937063,-0.09370645540389337,-0.0002923082705737662,-0.00030374778976798163,-0.002961272470748845,-0.00031131382547389374,-0.0010982283893198727,-0.00022175136671789228,-0.0009859867855320603,-0.0002835503301269196,-0.000670970871511642,-0.000950441739788989,0.0,-0.0024921531847838987,0.0,0.0,-0.000869216423868028,-0.0011726157939901535,-0.0027707719976147677,0.0,-0.00023132604349791606,-0.00019890742717122627
"Lead, zinc and tin ores and concentrates",WA,5648.08521346,-0.002031114456961013,-0.004224936183272979,-0.004115205426356021,-0.0019958180421881136,-0.0019521193042320506,-0.0031584777663244234,-0.004206116437676591,-0.004358041285650334,-0.004044467720669489,-0.0029649269477311302,-0.004582750382677161,-0.00493507134103009,-0.0023113142626308677,0.0,-0.0047840962779834495,-0.0029470366468198326,-0.006945019899233506,-0.00536665429284044,0.0,-0.0021891733891897637,-0.004628118063777203,-0.0020188814731109867,-0.002063592470088763,-0.0018287182166632178,-0.0027880317874644056,-0.0023432087653081986,-0.0010985123113574015,-0.006953050857894655,-0.0018772718364625984,-0.008493523653909681,-0.005246745525251722,-0.0025261307306890554,-0.01245403277719693,-0.003948563905661856,-0.001488325947734341,-0.0007641077980663457,-0.0017165767797274133,-0.017282986678847558,-0.004976047348273368,0.0,-0.02320725178707186,0.0,0.0,-0.011342873052205299,-0.012166866967831985,-0.008013902306408194,0.0,-0.000987713822016084,-0.002542334685167593
"Lead, zinc and tin ores and concentrates",WE,432.293357081,-0.0007966022769649628,-0.0017405844389088128,-0.01609363848775129,-0.0011065634621415285,-0.0011543969635840112,-0.0007438885874334252,-0.0018409470285718065,-0.002092891067312747,-0.002362663851359202,-0.0005977537030310063,-0.0009159464930936017,-0.003730675665922497,-0.015886014639646093,0.0,-0.0010286934980951272,-0.0015462030643900058,-0.008430545447683655,-0.0011304667965540284,0.0,-0.0015196542432416643,-0.0008320758177369133,-0.0016955916522729095,-0.0016116776436354268,-0.00834591378430973,-0.0006207735148314205,-0.0016242724057940773,-0.001031337504434384,-0.0009560716741193649,-0.00011298864935631176,-0.00017167932545288574,-0.0001944367978521961,-0.0003490172512031572,-0.0003514011582132866,-0.0003256677528271677,-0.0001013651034895116,-8.140339511678737e-05,-2.459878281879679e-05,-0.00027969064323442506,-0.001236782673162412,0.0,-0.0003397011106962362,0.0,0.0,-0.0006928686466268887,-0.0008702758415573715,-0.00035045849189454484,0.0,-0.0002794318939362231,-0.00026609130287863416
"Lead, zinc and tin ores and concentrates",WF,3318.44286068,-0.002351810691909071,-0.012774820907221878,-0.008035167722320434,-0.0064044959274394625,-0.002558848445789448,-0.003096728106353356,-0.0038203794082023747,-0.006044108271408708,-0.014194791513446063,-0.003687608298208387,-0.01804480452373591,-0.03620030430638239,-0.00400037636564537,0.0,-0.0055553308871582295,-0.00700749637551085,-0.010659508339079872,-0.008832130773979787,0.0,-0.005781241558747832,-0.005885026262703521,-0.002375377901760198,-0.022271091694205252,-0.003944669108027144,-0.0025160435893585202,-0.0025709130108506006,-0.0012678308206820533,-0.007378909899243632,-0.0011930566042365294,-0.0008881688782179036,-0.003010734538891129,-0.003159002766464412,-0.0027763219749922167,-0.00206515991738991,-0.0009450818013522202,-0.0005209170146876067,-0.00013847624212681882,-0.003743517411638434,-0.00434463604465491,0.0,-0.006360845906881655,0.0,0.0,-0.061894271626749646,-0.006136697850134451,-0.002751868043024801,0.0,-0.19293527182684186,-0.0022098672069285692
"Lead, zinc and tin ores and concentrates",WL,2317.29974654,-0.0009261697682443417,-0.0016367755217368363,-0.000987034668594491,-0.0013571626327218548,-0.0007302280701469456,-0.001435046584926872,-0.0020422070343980516,-0.0020069170410542832,-0.003778174563277914,-0.0012057498536628194,-0.001548644761545082,-0.0013204955331154863,-0.0008827230362218667,0.0,-0.0029555623822864804,-0.001651674845939274,-0.0014792333472556662,-0.0028799547241526702,0.0,-0.0029975686923126637,-0.0019559091609497935,-0.0009332998235953259,-0.002496707274202425,-0.0007377302210187594,-0.0010363118148369653,-0.0007620723579336812,-0.0005049977814507602,-0.001624372335064891,-0.0018161641023404624,-0.0006961291906366445,-0.0012164243058983078,-0.0015439610003745267,-0.0016062576183036666,-0.022100557325553154,-0.0002735879634720439,-0.002231166423263707,-0.00013577672612571652,-0.001161477486796368,-0.0013616236307546045,0.0,-0.0026007755263910775,0.0,0.0,-0.0014821462495182044,-0.002089952406077323,-0.16816477345656575,0.0,-0.00047786140020824133,-0.00032035770303772977
"Lead, zinc and tin ores and concentrates",WM,3941.54010863,-0.0024611688104609303,-0.004574294671648869,-0.005251083675337731,-0.006322509287823247,-0.002587777692670411,-0.0027017622824103004,-0.00291143053556037,-0.006070742329879361,-0.0049352315306230065,-0.0028558874798701485,-0.004497645845271237,-0.006508332518703719,-0.002329075369154032,0.0,-0.0046478529849273385,-0.004266527185272593,-0.002967205314505498,-0.005962346786755525,0.0,-0.0032872540559221205,-0.002678515792118165,-0.001882160126646847,-0.0031982928729722064,-0.00363357774351825,-0.001876370971114477,-0.0029264357722852594,-0.0011564082145735408,-0.005442824115828038,-0.0009232313066999333,-0.0016341807213777313,-0.0016328811784813292,-0.001620585504799774,-0.0029661807129098086,-0.002157525955765043,-0.0009458753919088708,-0.0004657689604670298,-5.9359165233496473e-05,-0.004123771518387664,-0.0030062791623677696,0.0,-0.006366430373026206,0.0,0.0,-0.007585973385946504,-0.002931772757901198,-0.0025899244614552117,0.0,-0.001382478013599447,-0.01780002845707668
"Lead, zinc and tin ores and concentrates",ZA,80.5488124835,-3.3766121149764254e-05,-8.414421110520241e-05,-4.653458802824076e-05,-8.724580771674674e-06,-3.785297876014711e-05,-5.882533994650356e-05,-0.00010405085870421145,-5.390852736004869e-05,-4.959050034196058e-05,-4.212512057913368e-05,-6.28470456754893e-05,-9.803902571853551e-05,-3.053664064438329e-05,0.0,-0.00013922906368727796,-0.00042576741502871313,-4.690100668445376e-05,-0.00011135594883021014,0.0,-0.0001119308230953395,-5.118426942575977e-05,-5.1943626296650115e-05,-5.1971628066803515e-05,-5.24118278452503e-05,-4.097106113882338e-05,-3.700705667911438e-05,-2.434832045337741e-05,-4.921691024288485e-05,-9.619024620487151e-06,-1.330739941995678e-05,-3.073100838971775e-05,-1.625979089157522e-05,-1.4437172417334273e-05,-2.25259896669321e-05,-1.5345167129621604e-05,-5.89403317660194e-06,-5.21833598816561e-06,-0.00013841570111205865,-3.8260097499157154e-05,0.0,-0.00013197266411547814,0.0,0.0,-0.03161985925593781,-9.11248962562568e-05,-2.8897230655011846e-05,0.0,-0.008513137720802252,-1.6558666113758464e-05
Machinery and equipment n.e.c. (29),AT,33743.903495,-19.312757218736355,-0.30380642032262994,-0.25507382865343564,-0.03391420569060519,-0.47996652214889973,-0.7467882200717033,-0.21808462638217582,-0.13336906599854695,-0.14296233098094913,-0.07082683338123512,-0.3985283345239065,-0.19872292217739543,-0.726672108057513,0.0,-0.25055439487281334,-0.26567556268271775,-0.15679168702453666,-0.4770280223776436,0.0,-0.1234785357216875,-0.24715606481844574,-0.41894781238992557,-0.1410592738573965,-0.22967070993111682,-0.12930440754659747,-2.597083555396577,-0.6818066996484716,-0.10798719024730905,-0.012563954203804066,-0.014631219032905944,-0.015788889261985847,-0.03691124341808481,-0.020413325276795107,-0.027540968520187767,-0.006083245667580211,-0.00855405774275474,-0.0065992393336661076,-0.040248001435690954,-0.30296436231761925,0.0,-0.055526614926192534,0.0,0.0,-0.05045835243620653,-0.0858215641087154,-0.052055770105667705,0.0,-0.016743005966127298,-0.006826208600461194
Machinery and equipment n.e.c. (29),AU,9874.07378168,-0.017869616041458983,-0.01925882912568979,-0.012748542007351399,-0.00962446494088853,-0.010519910628782981,-0.0217789077044668,-0.025624181105366694,-0.019548012340355442,-0.021187674088142018,-0.018258135310799232,-0.024636462842109647,-0.014130960252252035,-0.01000262198352761,0.0,-0.07733674128481015,-0.018566948744751132,-0.0131892063471633,-0.030956661236726427,0.0,-0.013269134954513704,-0.017427886734901515,-0.015088551037588284,-0.015745073982452274,-0.00695047061198706,-0.02086287225081095,-0.021001367118157824,-0.005056238859139056,-0.033206133846816595,-0.007232852799482304,-0.02419586261138591,-0.013996826826464793,-0.00863594904610767,-0.02455061635296585,-0.006733109690532486,-0.00292406740273428,-0.004085821617969989,-0.0005267977088444926,-7.865574599128206,-0.01894915425278219,0.0,-0.07424027030877432,0.0,0.0,-0.04570584980091015,-0.04318652415667121,-0.028545322150965648,0.0,-0.0030351210635393144,-0.0030919663867269255
Machinery and equipment n.e.c. (29),BE,18650.1950044,-0.1358349531995809,-13.800274703348062,-0.29133910071991354,-0.017300062171864406,-0.18186066044200364,-0.3190600723073052,-0.19840322830667448,-0.12166386457863174,-0.1619275377094941,-0.08483239003354058,-0.803283555785721,-0.12493170864313911,-0.12236540362137675,0.0,-0.24357318735314434,-0.12273893565841824,-0.11530837331311292,-0.21207597032987535,0.0,-0.047675072934320065,-0.42457725501210086,-0.20849721158832943,-0.135425697726399,-0.11635138994282285,-0.14966380866806475,-0.2744880252613572,-0.12168751835084332,-0.19471065813934044,-0.02634576028345002,-0.028218062484519617,-0.022751725183405774,-0.031073582180904447,-0.037515894300859984,-0.04808775154184475,-0.007764597992806078,-0.01569053718349805,-0.0023173776928125766,-0.054095416423549675,-0.12626133127011765,0.0,-0.11468003783129202,0.0,0.0,-0.10707551067869175,-0.1538500103245192,-0.05736794714815777,0.0,-0.020756692428332682,-0.009417276421846293
Machinery and equipment n.e.c. (29),BG,3631.32687192,-0.022158284544113144,-0.02691403967136919,-24.14740660688925,-0.002322870131514877,-0.023678399765273254,-0.025468673418581538,-0.019573652745718303,-0.03279726573800617,-0.014518810414124193,-0.014353137214651663,-0.024431552562818228,-0.4117711027638396,-0.040424116401185345,0.0,-0.052936262953990725,-0.019024944744069978,-0.02172948323127535,-0.04482204637604673,0.0,-0.046568107178086286,-0.019062589352061905,-0.03446027680248754,-0.011643691773398359,-0.13307304521038926,-0.011997000068626867,-0.06117604513647281,-0.03493749197409291,-0.014946701961408652,-0.0019000243153525706,-0.001708055276507893,-0.0037512624975495584,-0.011960153509559143,-0.002434535736203154,-0.0028998952354202926,-0.005070374249344707,-0.0029143486314964183,-0.0011250103914524948,-0.026626969680652597,-0.025237916269480912,0.0,-0.009083818813324608,0.0,0.0,-0.008200742921510013,-0.023154510604953944,-0.004844842103219562,0.0,-0.005959601961052719,-0.0021072002194798506
Machinery and equipment n.e.c. (29),BR,52005.6917423,-0.05055133410829143,-0.05634690030851662,-0.021025819779808563,-0.012900840402229292,-0.02464143751903849,-0.06471260287241305,-0.04565796709420349,-0.023397447746877822,-0.0609763572595336,-0.020951182975446507,-0.07613881166126427,-0.0192364994181938,-0.025130345782920206,0.0,-0.03984492245028819,-0.03782072571783204,-0.015341256934736156,-0.09052192337536659,0.0,-0.024210842444730787,-0.04441831818344808,-0.025064808449631923,-0.04989102343784487,-0.01904711548340118,-0.03558022437466022,-0.09323458877411353,-0.013526881751350415,-0.04881337955037544,-0.02144142335644837,-0.01747984663300636,-0.03172138270107028,-0.017784512503068235,-0.031400215392140544,-13.048925869526437,-0.007236960868558905,-0.020324105655106076,-0.0013428945733836475,-0.07406554491334803,-0.035207774511393224,0.0,-0.1256186165324126,0.0,0.0,-0.08214069271426644,-0.05354599355350036,-0.5175443870724417,0.0,-0.020553395247890502,-0.006194245053627644
Machinery and equipment n.e.c. (29),CA,40058.0073692,-0.24491143042469987,-0.3178533378592239,-0.2077747981135802,-0.02713740820714792,-0.16731294965985188,-0.3182198638463428,-0.24753817390112673,-0.18376562525717224,-0.23673641770105638,-0.1585331392462903,-0.3836143307568859,-0.1699092648716483,-0.15236582497984497,0.0,-0.32285999334815874,-0.18404294190812337,-0.12456919111999079,-0.36369632844850075,0.0,-0.07360791159853365,-0.20874429523180715,-0.18871506718256645,-0.22144105926665908,-0.1341811813765875,-0.20371847678354008,-0.47973663279877793,-0.08868395794462973,-0.3795108749859515,-0.8659918386782218,-0.16629530099222178,-0.13927216769257267,-22.566242545266533,-0.2385082886503066,-1.2695080192561996,-0.029966678158916793,-0.45575605990292034,-0.004873059174595206,-0.8121824064691928,-0.18425137652540072,0.0,-0.6332569143003537,0.0,0.0,-0.3419668399983542,-0.30298415912805954,-0.4848928066870889,0.0,-0.030717595358762503,-0.022266613580440953
Machinery and equipment n.e.c. (29),CH,33853.7850164,-0.6520720950563362,-0.510579469420538,-0.19676891652118858,-0.03279596894486853,-0.29401421171648795,-0.9528496256008568,-0.27430145297807534,-0.18161190453577586,-0.20048013317781233,-0.12057023030597615,-0.8870076967971187,-0.15208435138309442,-0.30520352280045626,0.0,-0.7275727927558077,-0.39417747856669244,-0.20128994458913302,-0.709284101226976,0.0,-0.1325710366018037,-0.3541127466083981,-0.3425758952338265,-0.2344173935031195,-0.17369556653212676,-0.1794111258437338,-0.9982895474056359,-0.2799958993741005,-0.19173027558354924,-0.03267367944207114,-0.028474504601763092,-0.04131074935892075,-0.03414604777723022,-0.02831650738290657,-0.037532414552361955,-0.012045737581586256,-0.015689085112131195,-0.020566442747750026,-0.08397641069411996,-24.019751008730218,0.0,-0.10498501835520221,0.0,0.0,-0.0804509580354432,-0.4948120447500876,-0.06299951930686506,0.0,-0.029248640231368108,-0.03230995133741464
Machinery and equipment n.e.c. (29),CN,1805442.04689,-33.94011637745344,-51.186384272731786,-64.91426656793294,-8.965742898584482,-26.938276527815123,-61.45209633621912,-40.62646869432461,-25.801538821119728,-34.92872606947133,-38.44310794262846,-47.300160505668316,-19.06036333842674,-24.172766794268732,0.0,-44.62387160389995,-30.381829528560548,-23.419211452170558,-51.185861099656734,0.0,-17.779485805305146,-24.770478583684927,-25.388001612008395,-24.111990760608688,-21.05327238432656,-26.685454764259816,-35.47611539649932,-13.40033039128973,-42.6664115163698,-17.36074225449453,-96.94201684956137,-589.2285797631066,-29.840289719633603,-115.4127720524495,-59.33291839438699,-5.9915592139641305,-14.23862276641006,-1.1359548349455455,-205.46492297739485,-37.00133792368012,0.0,-38.45035989613383,0.0,0.0,-235.24990226873382,-269.13698011834185,-780.57963409758,0.0,-15.086422985616814,-18.68389751721634
Machinery and equipment n.e.c. (29),CY,119.421369753,-7.800096635195446e-06,-2.4523115449234146e-05,-1.1811821950553062e-05,-1.1508830622863608,-1.0080998061690147e-05,-1.3115660647124921e-05,-1.474776390234096e-05,-1.4699344172137234e-05,-1.4900555818192217e-05,-9.103100151703585e-06,-1.771861618132289e-05,-1.9174516240652328e-05,-8.248007192385137e-06,0.0,-0.0007196133273373405,-1.7057743921772856e-05,-1.4434206186484938e-05,-0.0008521940457744028,0.0,-0.0008931592803194064,-5.081235574633845e-05,-8.724095237805994e-06,-1.3834125015507947e-05,-1.0884647337996837e-05,-7.458688262090021e-06,-5.744838830001093e-06,-4.128576297105189e-06,-4.5550268979731794e-05,-6.2380213467477035e-06,-7.440331861185914e-06,-7.3482614402231435e-06,-6.0987772621125316e-06,-9.76360438390242e-06,-6.860417794517788e-06,-5.031431418837107e-06,-1.7073929295867025e-06,-1.5210496126835184e-06,-2.2156855586652293e-05,-1.4275468323988164e-05,0.0,-2.6852799900903506e-05,0.0,0.0,-2.273663510024146e-05,-0.0002526665047375089,-1.0670165754052397e-05,0.0,-2.716822244825605e-05,-7.225361117988731e-05
Machinery and equipment n.e.c. (29),CZ,22588.3835019,-0.3976653919346547,-0.2834156917931663,-0.3793413546796269,-0.019710517408807433,-20.57503717933489,-0.6505681563137603,-0.401248277333744,-0.26514889422122945,-0.15095194405050402,-0.07394426452411507,-0.3724396061134887,-0.17272363011486871,-0.4973967608596721,0.0,-0.24364127561102478,-0.17000867937339775,-0.21268972889617138,-0.5367054826946964,0.0,-0.10015644594632539,-0.24528263179209703,-1.2282729281522409,-0.14743206574410384,-0.31765941251196317,-0.20905703432315356,-2.053061668727889,-1.5673159875517708,-0.12054680645208475,-0.01387064369005004,-0.018485210551123368,-0.02428429275749987,-0.03132337501224631,-0.02965025315446637,-0.0241115507761754,-0.008349214914490779,-0.009865926106978808,-0.005536244773768619,-0.038928884536580964,-0.1664186809248805,0.0,-0.0812363564463059,0.0,0.0,-0.06500676101165623,-0.1671598896492047,-0.04443465503296406,0.0,-0.018421362753539536,-0.011726200717856947
Machinery and equipment n.e.c. (29),DE,301666.359652,-14.990135266856226,-14.563501583285193,-12.944147294012403,-0.5706119060630518,-18.562359826862888,-58.23272529215426,-8.889019280561069,-5.896035397642559,-6.113421814499008,-3.8378530184214763,-16.749024881748717,-4.726892896106453,-12.133585763205227,0.0,-7.519758448257345,-6.5882746260573395,-5.896387099123604,-14.77384769341865,0.0,-2.593179231315181,-8.473932788574475,-18.0110857100193,-6.873650075709393,-11.600693552356757,-5.339671963805587,-25.775437682392024,-10.365923642067067,-5.306966824592574,-0.7143604752675138,-0.9075533372174907,-0.9942961848452515,-0.7499597512866882,-0.9970808429271495,-1.083656034599697,-0.25659270527545747,-0.4752371272487362,-0.14346052814897586,-1.310393633855521,-9.716528105383432,0.0,-3.095343903795955,0.0,0.0,-10.026573301524923,-5.805975482783738,-2.287371196411466,0.0,-0.5375317753040854,-0.2436350311680052
Machinery and equipment n.e.c. (29),DK,17600.4342803,-0.08760963066378939,-0.163268534755153,-0.1234669577167665,-0.014425776002292176,-0.10261157000999835,-0.20868893352693602,-9.846808901130702,-0.3375745028883219,-0.11412084658517133,-0.12829953305039718,-0.13818647768777148,-0.14581820428480807,-0.11969258017028477,0.0,-0.2496459574274409,-0.07287383123778583,-0.2623669490890618,-0.21815465138092593,0.0,-0.08361811793814611,-0.15576092091438615,-0.22634690437194097,-0.0670052752201853,-0.058569941454470045,-0.35157687295373635,-0.25321507351660283,-0.07629504839577939,-0.1776921423318606,-0.01578862102303152,-0.01129979219391957,-0.01729704099581523,-0.02051566772714947,-0.013430211898578407,-0.01912059568191029,-0.005179406806927112,-0.009865592264097587,-0.0022263407052476353,-0.03984345452725899,-0.15952190454804252,0.0,-0.04002991135045509,0.0,0.0,-0.03853190351063973,-0.05268912117248282,-0.028680873984432136,0.0,-0.01160566277285826,-0.00705752585327851
Machinery and equipment n.e.c. (29),EE,860.803474534,-0.002760571638933097,-0.007789138940574662,-0.0022793449026010785,-0.0003005409474675633,-0.0026958476236007404,-0.0047393865683986475,-0.01634294478672619,-13.972468315636167,-0.0024151107615367224,-0.018408792440116416,-0.007977114098472972,-0.004056858481186166,-0.003391241826148741,0.0,-0.011000980535661868,-0.0017473785125032668,-0.03391875379544391,-0.01417927964657937,0.0,-0.015146260935012125,-0.008262113744207052,-0.01986503444596411,-0.0019813603208048355,-0.0018911111721276294,-0.010622872884777661,-0.003940263364063816,-0.002651457347027227,-0.00318027060133399,-0.000273811847583662,-0.00023296194016217376,-0.00030452894764871637,-0.002036797287824387,-0.0002961084105669778,-0.0004930522061424343,-0.00020946580410620568,-0.0003886004516861543,-0.0005640831240464689,-0.0009199923736509094,-0.005556469795357145,0.0,-0.0014133772429309715,0.0,0.0,-0.001103565609925262,-0.00395324984344959,-0.0006137442284517571,0.0,-0.0006990879726356221,-0.000256210211111859
Machinery and equipment n.e.c. (29),ES,39646.7061414,-0.04507854190643715,-0.09819844096577977,-0.08004104741118527,-0.010552977817266761,-0.05545536498161311,-0.10538538503503797,-0.09693934286261309,-0.03717333504781364,-3.990057243311515,-0.02623039854209856,-0.4306476282640249,-0.060734970183428404,-0.05522589744203978,0.0,-0.10086912516819535,-0.10011106927655226,-0.03508963150959684,-0.11698736665027343,0.0,-0.018078934861980558,-0.06447070431153852,-0.0651988414453448,-0.550880368894724,-0.04700007317938323,-0.039716730878079205,-0.18233234240015128,-0.0357582785331379,-0.1010310553864612,-0.005505233626081773,-0.006344684759780601,-0.01168233579122446,-0.010543294485488953,-0.012193233324828448,-0.01704235567181101,-0.003558356767046148,-0.003919121105135928,-0.0005903345477716864,-0.024110152111197075,-0.045627974704383005,0.0,-0.04054361296065336,0.0,0.0,-0.033942924901618564,-0.04127542783215227,-0.05450207232826316,0.0,-0.017340582820540084,-0.004212548832715955
Machinery and equipment n.e.c. (29),FI,13982.9364594,-0.0816734006727472,-0.14749017342295903,-0.08436480457783284,-0.014335714582376648,-0.09635226720272928,-0.15283297830542505,-0.363339096763934,-2.6896944840661487,-0.07076182098695745,-9.566839974999777,-0.11738919709881268,-0.0513601113373349,-0.06599426043905605,0.0,-0.1386580189305864,-0.05648717966645734,-0.3263268267384602,-0.1456918171973569,0.0,-0.06318503447439097,-0.09561478306256128,-0.17587302273674452,-0.047108129125899754,-0.07254195797792093,-0.3909349389856738,-0.15565753552172912,-0.056830314064293126,-0.08886830730303344,-0.007443162061794774,-0.008612343806138009,-0.00963431228214766,-0.015940390341322132,-0.011202527386751886,-0.013353606767859629,-0.0043297137889685465,-0.0045012111322802325,-0.004924774280550565,-0.017356356441253412,-0.06782300243988588,0.0,-0.03443508394621783,0.0,0.0,-0.0351888215153437,-0.03389959472692084,-0.02424106083057336,0.0,-0.007366885026943859,-0.002480575146417504
Machinery and equipment n.e.c. (29),FR,75882.1600042,-0.25182886406233096,-0.8429435315531951,-0.2937852937052757,-0.02853206713917261,-0.26615389772936865,-0.5270591701126968,-0.2902747955464791,-0.14872026223550674,-0.7952612069196915,-0.10878498307938039,-12.566032012081667,-0.26479769348322507,-0.2289764048645991,0.0,-0.6515230986219087,-0.39495085176287203,-0.14854132499024622,-1.2904725361422664,0.0,-0.16926979534333247,-0.3225834497230172,-0.37065528555554045,-0.5922084656205031,-0.2795020259094702,-0.17942615376207413,-0.6942067319473212,-0.2014408766756552,-0.29867611759444557,-0.02911815909361784,-0.0284619528527206,-0.04746762143792457,-0.03917676959202764,-0.031217186408647006,-0.038712292733569825,-0.010613443591110772,-0.018360927043513782,-0.003886301814478467,-0.0558301078187766,-0.34638902794561055,0.0,-0.11032646154036428,0.0,0.0,-0.09854445373020528,-0.2283344921285793,-0.0904282094977525,0.0,-0.08790984285098112,-0.016147797244217502
Machinery and equipment n.e.c. (29),GB,61045.7394035,-0.23138471079146536,-0.5845725940229516,-0.24113550278989787,-0.05281731357447494,-0.29594023088520033,-0.5254142863808541,-0.4271509235272771,-0.21476987098319544,-0.4164212305341344,-0.16723640480537705,-0.6491047480282729,-0.21239714677513952,-0.19612198465636987,0.0,-1.561481992097346,-0.2422107994493836,-0.22876856792101166,-0.661257400618825,0.0,-0.09005094774543147,-0.6437773535592846,-0.4077540836773412,-0.431078650211863,-0.18938168843254619,-0.2508294741136915,-0.4114218480715646,-0.18804718437836102,-9.597710658621237,-0.04975544587594868,-0.055325233750998515,-0.05303895151142844,-0.05551783394640032,-0.050378983902492416,-0.05916989506385721,-0.016389779015989463,-0.044256819958998016,-0.008826758674902048,-0.11068540215125211,-0.19481742810197356,0.0,-0.157827826716188,0.0,0.0,-0.7440958197411011,-0.17141063029240683,-0.10745258493468897,0.0,-0.027384603016027218,-0.016540989610265452
Machinery and equipment n.e.c. (29),GR,2076.12217608,-0.007907529867556117,-0.01379244709122777,-0.1338949861931213,-0.022854875417559165,-0.006670971169032755,-0.016927240856523213,-0.00758829271232313,-0.014987920617705945,-0.01449742425314172,-0.0064164411539587175,-0.035729989599765664,-2.4081341197209243,-0.012632323767557598,0.0,-0.017893228050336416,-0.018257637193950706,-0.006782980422754711,-0.028891354682184466,0.0,-0.0212147132440265,-0.01458182755443775,-0.010393004503178612,-0.00962859077728077,-0.02960321481053253,-0.0058529667857757615,-0.015280704036482153,-0.004626756743518254,-0.01010541948115146,-0.001487632179004361,-0.0011907480133504186,-0.0021500178867948252,-0.004605006587557868,-0.0032431061277624165,-0.0018401941793599042,-0.0013309778485860182,-0.001575214764711295,-0.0021291981925776493,-0.00944099166489524,-0.013759111176512922,0.0,-0.010285020187390088,0.0,0.0,-0.003993842170620883,-0.0075537575949414975,-0.005687604286060197,0.0,-0.002448695554546643,-0.0018668056921074879
Machinery and equipment n.e.c. (29),HR,826.329438723,-0.018778004746805868,-0.009089489497069265,-0.013208786971630686,-0.00044457995901600887,-0.0069271484412900056,-0.00934531285316567,-0.00841906914715956,-0.005382392910477036,-0.004355397404885435,-0.002471602856137786,-0.006763194978813197,-0.015631331961574717,-0.06106964875697994,0.0,-0.014420363441530104,-0.00946644766168871,-0.005783764836510826,-0.01921778395616353,0.0,-0.012538367006521686,-0.009539446853711631,-0.013061873750416283,-0.0046667731926762785,-0.008292386817254362,-0.004236789528854329,-0.24784596897796812,-0.009603896038766241,-0.0037553943851148623,-0.0003836711657602334,-0.0003253947820665811,-0.0005854673674182444,-0.0017400917869579916,-0.0004288838022656882,-0.0007411752187754004,-0.00036354173390403926,-0.00023287122309405525,-0.0006334741102633377,-0.0013317127249171108,-0.0079080628992835,0.0,-0.0022418992601471966,0.0,0.0,-0.001795490858740574,-0.0032907270227949285,-0.0010086048697420715,0.0,-0.0008572580989216803,-0.0004943329067926721
Machinery and equipment n.e.c. (29),HU,12500.8443117,-0.29677330796541285,-0.16363488210064644,-0.24357773972152846,-0.0411162056886751,-0.3378796126015834,-0.28442520388371434,-0.1525723309588691,-0.1362118276893938,-0.10368623608644832,-0.05717400648145868,-0.20049976875760436,-0.12201902886415297,-10.662771912659245,0.0,-0.1774103026056044,-0.13758448220215855,-0.16045976577571042,-0.20663217081015045,0.0,-0.1152459625106813,-0.1677275173353501,-0.3972342064472288,-0.07376556948762553,-0.4054553213486212,-0.06792992215930402,-0.9529124481569863,-0.5483064908110027,-0.06999164693022561,-0.0098642417456387,-0.015734808529015543,-0.01722410105751702,-0.021578163383184357,-0.02996283540543057,-0.013883859623160457,-0.006455058585619141,-0.0072614028224023235,-0.006763641703583112,-0.023663624825678867,-0.1003192803807416,0.0,-0.04268959678270218,0.0,0.0,-0.056427893549635566,-0.09669369608856833,-0.03667824661295525,0.0,-0.01149532446574031,-0.01740544218212629
Machinery and equipment n.e.c. (29),ID,15748.1814258,-0.010443532928774051,-0.013019083773385435,-0.016146337145579528,-0.006919749048495996,-0.007463103866290038,-0.012252087213485795,-0.012650161990061165,-0.012591450506555597,-0.011374121591486156,-0.01782633476999811,-0.017342532705197637,-0.011487154248848917,-0.006945552301110622,0.0,-0.01921068899208538,-0.009053026076754508,-0.00986781876842994,-0.01709359927863976,0.0,-0.014615759046957484,-0.013268489331234949,-0.007670888525866924,-0.006033526106936775,-0.005868121162305946,-0.00875064934948342,-0.010742215706533472,-0.0040950043585160495,-0.012687937915854085,-0.003699168545925076,-0.02200468580854784,-0.018416059223288036,-0.005787799456641253,-0.021622838002284518,-0.005629503416121323,-0.004234202780071323,-0.0018392641588073136,-0.0006032917818726293,-0.03744201793969317,-0.013654257466452997,0.0,-0.06707951662085804,0.0,0.0,-0.033824012565588424,-0.16177180773657723,-0.02272488232958919,0.0,-0.004206968352124024,-0.0034088313973579475
Machinery and equipment n.e.c. (29),IE,9206.78049748,-0.07138004608735778,-0.1420554544153924,-0.06894945416926462,-0.11011457951606037,-0.07184196673237774,-0.10832625606764651,-0.10500625849779878,-0.0581952903204335,-0.13284532567250074,-0.05653682011298564,-0.1940847838503531,-0.07525854407911486,-0.0463049944179842,0.0,-20.083219220624024,-0.07699718563692876,-0.09607128147834801,-1.5964895661472522,0.0,-0.04279307809536533,-0.24068877267128935,-0.09438149864709473,-0.3966200351411073,-0.03047916211345471,-0.08958342259151442,-0.06563452221807567,-0.02951372345909195,-1.2635721164072515,-0.026020692143167316,-0.01936180729608763,-0.012680811020392051,-0.02383313240910978,-0.02025702655425498,-0.013714492833078401,-0.004031962418364641,-0.009629171571278083,-0.0024916700742625836,-0.021746728343922557,-0.07653178080063623,0.0,-0.03905626437739669,0.0,0.0,-0.07472208774461671,-0.04480277654038826,-0.029437209718379133,0.0,-0.008347475303824174,-0.0034693368009927846
Machinery and equipment n.e.c. (29),IN,157631.393479,-0.4667933133095613,-0.9162698739896029,-0.5456573234924228,-0.25105509125372377,-0.33088713216539517,-0.723922258264603,-0.6063329998206562,-0.5724811581952312,-0.5022015554273811,-0.45919690983101163,-0.8240075651568877,-0.3221637889092786,-0.3491132434752014,0.0,-0.5852126349570542,-0.6161052582701091,-0.3648152947375181,-0.8159680479039493,0.0,-0.3891348777656406,-0.6768326828673146,-0.40561307412485215,-0.27449450680629855,-0.364296057218864,-0.3934728468290267,-1.0983742670375711,-0.17848246654772554,-0.8453576935348692,-0.23970575462857888,-0.7007499789309415,-0.5696790306138009,-0.3019846682235847,-1.261217018813934,-0.3685646601516095,-9.416572818722978,-0.11313923880273974,-0.0327297765517693,-3.937683950702119,-0.8555904679159162,0.0,-2.159960440732414,0.0,0.0,-4.1129735516512715,-1.6220065824272842,-3.8549057617244085,0.0,-0.4020679046000773,-0.2392352308374269
Machinery and equipment n.e.c. (29),IT,149379.536851,-1.77135839387578,-2.1276045595369597,-2.933991134697087,-0.10775620024071912,-1.469765808859907,-2.3552418939102133,-0.8892627060191192,-0.7041410381876716,-1.622445364794126,-0.5025555452542675,-3.5671776087075373,-2.1707108429949984,-2.0900190142995827,0.0,-1.398971083885789,-23.5432484830044,-0.6322940159360699,-2.4672928991666696,0.0,-0.6551303330433528,-1.2443195907190725,-1.8155501773014688,-0.859861896737921,-2.2771305009500256,-0.8681299402914039,-8.751621583889856,-1.4200727407149731,-0.9577389517041818,-0.10678747164461252,-0.12382435764985979,-0.16021108207521756,-0.15174646185994445,-0.21016062121894513,-0.22685052543929435,-0.05949721192598994,-0.06414893122468847,-0.021390452175602235,-0.3112996947174284,-3.02755737826895,0.0,-0.700494782517809,0.0,0.0,-0.5414474680124666,-0.5072169263357458,-0.5670508993089759,0.0,-0.198420874776309,-0.06771081496942154
Machinery and equipment n.e.c. (29),JP,345456.511066,-0.9108124867759301,-1.578300334419411,-0.8014791142466656,-0.30376528323070345,-0.9564651153591371,-1.2962876722683807,-1.3841804551142063,-1.0348160351458933,-0.8946020523158646,-1.2116620209993492,-1.4627347528728825,-0.5804246704358713,-0.5791457454803173,0.0,-2.1457671022013973,-0.7812345963302079,-0.7403890017107054,-1.8238820826794708,0.0,-0.8670277060348464,-1.109548229487574,-0.6853116018991242,-0.44925265086778177,-0.47777185696313323,-0.759556701679291,-0.894113419076784,-0.33893563477478694,-1.3795501212036632,-0.7639767734563141,-108.0400280630674,-1.5421528037412173,-1.0437018973613514,-3.444572949029827,-0.9084867086088518,-0.16628158463964338,-0.3258342469260819,-0.12015617460236103,-8.220306647259523,-1.4505145730886948,0.0,-7.696557685004617,0.0,0.0,-6.9682250864254875,-3.883489761570852,-5.083762864386669,0.0,-0.17513407564267078,-0.3084715558644811
Machinery and equipment n.e.c. (29),KR,149462.93787,-0.09372933972356665,-0.11194735303938019,-0.08535216565765498,-0.029249605605522595,-0.06890844591653078,-0.1456919730313244,-0.11911974516115036,-0.10690839516825107,-0.10792388041920253,-0.09579990788415528,-0.19058255863513665,-0.07078843894618768,-0.07039881090552969,0.0,-0.11643034118766446,-0.07541695818645078,-0.07981162523368969,-0.12031600245352209,0.0,-0.07832337131032206,-0.11295583708739272,-0.0743819689727493,-0.06072090052661266,-0.0748731376229707,-0.08618511747747343,-0.13741538712922555,-0.0397353198803917,-0.1302701210374278,-0.06825570661621516,-0.3827326550794177,-0.1632111190814201,-0.08371310706918317,-14.016921280769749,-0.08099091363330536,-0.020885978753831656,-0.03836566016309871,-0.004416984366212459,-0.5660242300384403,-0.10720617797664722,0.0,-0.7307843562137701,0.0,0.0,-0.19266004914619422,-0.40318975684427294,-0.709557141981642,0.0,-0.020660474075867137,-0.04480886758840465
Machinery and equipment n.e.c. (29),LT,942.296687334,-0.002865293366217402,-0.004709503864618943,-0.0033914786891389914,-0.00024399635720567271,-0.004399626212801313,-0.006601503730007976,-0.017069686686651517,-0.09407062727766312,-0.0028524665734229876,-0.00808135417116283,-0.004378198298253244,-0.004284956447327137,-0.005031509568812145,0.0,-0.014646260644213436,-0.0020631289448467846,-9.220495438021006,-0.010827424021248996,0.0,-0.008608121454805237,-0.003938400660942879,-0.029581311137323187,-0.002155932659845375,-0.002334127972402863,-0.008177873271177857,-0.006680255070273615,-0.0053955526509289736,-0.003734657298809413,-0.00020100220461515906,-0.000204880929665158,-0.0003126687214145201,-0.0009416800673949389,-0.00030296053884103864,-0.0003254131502639751,-9.646018343076444e-05,-0.00012185634545758134,-8.164117492363101e-05,-0.0006552200221482948,-0.00431314197315159,0.0,-0.0010901477409478227,0.0,0.0,-0.0008071944980632106,-0.0015435151809103207,-0.0006390619489062377,0.0,-0.0006622642247724335,-0.00015300971551019814
Machinery and equipment n.e.c. (29),LU,2128.08441368,-0.03274841626073776,-0.039652337186845056,-0.05496573495550237,-0.002394287672782762,-0.03522120615958731,-0.06812223450930555,-0.047153140609417735,-0.04814947733466543,-0.19774262660128988,-0.01880226285715533,-0.11837947940114375,-0.055142609605999274,-0.02565607488033091,0.0,-0.1123660224339526,-0.02558884559269336,-0.045244696597398826,-21.03028078271947,0.0,-0.037765307953799725,-0.12470000617840828,-0.06139400937130739,-0.045831121355912205,-0.029090593020440172,-0.03543257984501864,-0.05180886544046203,-0.0263834728038611,-0.04137369732453937,-0.00654190592566199,-0.004571907071415589,-0.004451434842906278,-0.010064439333224531,-0.004590756038770512,-0.008995018580068919,-0.0028983742703253762,-0.0035087031508838095,-0.001223723500383747,-0.0136936143166442,-0.07014726109780609,0.0,-0.014608585743002939,0.0,0.0,-0.024556082735048484,-0.12197238602276358,-0.012155285565426442,0.0,-0.010651857219125429,-0.0054384751695007805
Machinery and equipment n.e.c. (29),LV,459.47972584,-0.0006166907690009504,-0.002573465842056783,-0.0015481235260663062,-0.00023097591012612043,-0.0004949553126920587,-0.0010316219968462591,-0.002982547350916573,-0.03098806389585643,-0.001128829868279731,-0.0014639445439428459,-0.0012332762149045967,-0.015909090674169738,-0.004190171658031697,0.0,-0.008775957042875504,-0.0004069433852914609,-0.03525784222386032,-0.009415371539638309,0.0,-0.01678259889803383,-0.0046873641410098725,-0.0018066767037037044,-0.0014820029752156399,-0.0012264779153156294,-0.0011915064165694347,-0.0005126215030719094,-0.001034066088471914,-0.0033136220238440843,-0.00016521217877431247,-9.30406331683833e-05,-0.00010165631604823564,-0.0004813545751735651,-0.00020113021161804383,-0.00012133475331241563,-0.00011244217226729515,-0.00024039453631001544,-8.705091514012591e-05,-0.0015039465459052404,-0.003158618857311964,0.0,-0.00021896872276935846,0.0,0.0,-0.00029325305158927814,-0.0005795716064041144,-0.00024650284674575376,0.0,-0.0007337516115543708,-0.00017464403435690413
Machinery and equipment n.e.c. (29),MT,134.312740907,-0.00015191781672709503,-0.0014016855385590025,-0.0007311267747739881,-8.360346395603793e-05,-0.0001577009537667551,-0.0002799761332776511,-0.0027376226662189406,-0.0021356228659577914,-0.0002991107616693723,-0.00010482327229827324,-0.0005156197630689556,-0.0030203196724234655,-0.0009143695406787281,0.0,-0.0062686498542350415,-0.00022142663397153913,-0.0008683963582489843,-0.005385678455544736,0.0,-9.758919923770467,-0.0011460051088812073,-0.00036494778262900876,-0.00021463918677182305,-0.0002854152413412309,-0.0002592209855703071,-0.00024349489065414765,-0.0004289853382917063,-0.0005679879373074643,-4.726456213728424e-05,-8.22229169550705e-05,-7.750345191973211e-05,-5.666732950014399e-05,-0.00013314844372275538,-9.220620613368947e-05,-4.300052068067185e-05,-6.342100287148011e-05,-1.3250506413829577e-05,-0.0016401779101711022,-0.002788515859421082,0.0,-0.0002942221182496458,0.0,0.0,-0.0006852137850104331,-0.00024790535922631247,-0.00030146036879888523,0.0,-0.0006282191464863096,-0.00021882205425114126
Machinery and equipment n.e.c. (29),MX,32472.9622987,-0.14243399290619216,-0.14448792529897128,-0.09001252617603298,-0.029353879851428566,-0.09057666355423359,-0.21609274287446162,-0.10298092909163635,-0.1085370196540816,-0.21963293977780826,-0.08198228862296732,-0.20567219279492782,-0.10006265783883377,-0.07920133368206622,0.0,-0.18061948053198273,-0.09934432475551647,-0.05161456534999165,-0.16733562822326525,0.0,-0.0792334481728729,-0.10157267435516781,-0.10284542249677314,-0.11797541286731152,-0.07200826108725847,-0.1094301264554972,-0.20974632305207458,-0.05251745992548341,-0.11109605800302196,-0.4552538763587963,-0.1097345585627617,-0.09554016918025171,-0.3193197972284161,-0.22992791769277526,-0.24818080021843,-0.02423444468040742,-7.143949351641766,-0.00324928802714235,-0.12632594287062948,-0.0989022429808271,0.0,-0.26713317905957007,0.0,0.0,-0.16044772650600106,-0.18401755312123858,-0.22990602707568356,0.0,-0.022933775875714726,-0.012695676528901903
Machinery and equipment n.e.c. (29),NL,35172.0485557,-0.12990167506169997,-0.5199371282542872,-0.15667050993043627,-0.009829645266678727,-0.15628064858152393,-0.3570501773798509,-0.4150162231696765,-0.15194179518036752,-0.17743063850163474,-0.19923174003412764,-0.3163685970551992,-0.14797493127177758,-0.16401868357775962,0.0,-0.568106054393507,-0.09813366026994043,-0.12312519481987276,-0.6054420107807805,0.0,-0.05991632645025088,-10.03080553486945,-0.23953683664744888,-0.12183930131034618,-0.09534161975774938,-0.15912755523527533,-0.39113110231698783,-0.09409338947902952,-0.21686629513635466,-0.029864379049799484,-0.034746273573044585,-0.032404671392833935,-0.05555353228060399,-0.029811051830873604,-0.07292994256261197,-0.008960315866892481,-0.014574745094681513,-0.005147792675322374,-0.10366276703189786,-0.1799641750326732,0.0,-0.11350169779281527,0.0,0.0,-0.13789818069654933,-0.18770796684081442,-0.07396652367950812,0.0,-0.035363690682883475,-0.013339718629050017
Machinery and equipment n.e.c. (29),NO,14329.5442911,-0.046308399365207725,-0.06564861961643093,-0.04117064216524242,-0.009667723983073648,-0.05249992968814494,-0.07375463766355297,-3.1406668087601353,-0.48637978972820683,-0.09260580534806852,-0.12982304499873176,-0.06838627100821115,-0.0308995168959518,-0.04490419596884658,0.0,-0.09362612387332218,-0.03763585323910899,-0.430775854080883,-0.10317537039822255,0.0,-0.02599725582481377,-0.08073257316630154,-0.1254075486998217,-0.04154253128827561,-0.06418701049569199,-0.4237430410125759,-0.09100611694657378,-0.03109719632997361,-0.08571945200800114,-0.007644696394273188,-0.008522083060927983,-0.00891691631848577,-0.01174527409732018,-0.017156901707885943,-0.014550471319601629,-0.002453944217507273,-0.0037832758613284474,-0.0014919945279377527,-0.01656211530382264,-0.04019549718023225,0.0,-0.026645153976307567,0.0,0.0,-0.025156315711161243,-0.035892110316199974,-0.01917320745060728,0.0,-0.00574413656284399,-0.0018554619165407486
Machinery and equipment n.e.c. (29),PL,28477.0255499,-0.31466987432350385,-0.3432394688702229,-0.43236187655742575,-0.022595847078008154,-0.6763174152415475,-0.6218353669435437,-0.5384688612775069,-0.4533225118462612,-0.23400062010747996,-0.14688963919226253,-0.5056562486585853,-0.2235332233137715,-0.3732840611238136,0.0,-0.25029109895505663,-0.24751809709051587,-0.5804359583598889,-0.41200688113981215,0.0,-0.05804677168584134,-0.25189455761936486,-15.936133793654458,-0.1582259432900181,-0.28516035679285257,-0.32676689916248036,-0.9919019738653326,-0.5468132138650438,-0.15732607836978846,-0.01473295750622337,-0.026179699952847028,-0.03348253799045278,-0.025818816622597326,-0.05152596985238561,-0.039661002196082394,-0.007879135246786064,-0.013847021226945096,-0.0027788454927438234,-0.0465135563956856,-0.1545489685873024,0.0,-0.11173163547324426,0.0,0.0,-0.08223210620851515,-0.12754799329851438,-0.08838283570244929,0.0,-0.015887034229852385,-0.007799654748463637
Machinery and equipment n.e.c. (29),PT,5761.68375897,-0.03330382991561822,-0.076334363017151,-0.05771193705444659,-0.004030155250894759,-0.03845599104455602,-0.0676353203985404,-0.06915862677260089,-0.031431913419302605,-0.6180290672154252,-0.020986875660889394,-0.17960779504531063,-0.04229169053903509,-0.027099313002984616,0.0,-0.16818183965845618,-0.06897369500566337,-0.02089320535795441,-0.09459876906167082,0.0,-0.011512721257531461,-0.046975653592903996,-0.04932207552568003,-11.076431089560375,-0.023860606560611924,-0.03927762988402602,-0.07540058642292378,-0.021744029315138504,-0.07157777991663355,-0.003407758485477849,-0.003694589279502,-0.006239705294333555,-0.005268480771118577,-0.00735621084899434,-0.022786796410817305,-0.0019765203834387936,-0.002185056767086506,-0.000524877757479739,-0.009375939720331995,-0.03389623210271616,0.0,-0.022134745336108808,0.0,0.0,-0.025310357419851406,-0.02561892475121913,-0.032045609102576915,0.0,-0.00829496728021313,-0.003994201630545512
Machinery and equipment n.e.c. (29),RO,5430.66943795,-0.11322760053212501,-0.12323812818063944,-0.4506829917773064,-0.01179531256861883,-0.12295850419488005,-0.13849117726350604,-0.07256233697408508,-0.08667093770722026,-0.07137027651657576,-0.030399314075462376,-0.20035973475210975,-0.25922724879112785,-0.2247296979480844,0.0,-0.07706318858995227,-0.0997484162079355,-0.06399738157665248,-0.12612764739307436,0.0,-0.049064892702777904,-0.07433195521916669,-0.22175772939889277,-0.06342607302011027,-31.486900923021324,-0.042594236323491345,-0.24145494781272372,-0.23152106131529027,-0.04633470147415085,-0.003893631653028814,-0.004965545824790375,-0.009584257462827367,-0.01035133946407994,-0.008432068125609385,-0.008094322972911697,-0.0037680931320073783,-0.003864446039259287,-0.0012332023966231322,-0.013794389024404753,-0.05270643623590552,0.0,-0.025106537638070428,0.0,0.0,-0.018167413141382722,-0.05744053631428686,-0.017845903734144117,0.0,-0.008595558009120331,-0.006604083101360637
Machinery and equipment n.e.c. (29),RU,46325.2127747,-0.0027169591474045544,-0.0035830857691007537,-0.0054964278031709715,-0.004189883767473008,-0.004245400386392167,-0.004648704817778857,-0.003101634775632021,-0.02603056910059621,-0.002829619753669059,-0.0053337104227094015,-0.003284593310156152,-0.007348923987410264,-0.007227736554779333,0.0,-0.01581938671514043,-0.0024317663399720546,-0.04352712487295042,-0.009078837902473906,0.0,-0.004513239592844277,-0.002617255744998554,-0.00965093852334325,-0.0016633859621989348,-0.004600602022665712,-0.0019184536656542091,-0.00995609248996146,-0.0038826422133350913,-0.001951384092510879,-0.0004358910188959683,-0.0012066775431327829,-0.0016691948120451307,-0.0007918406924740969,-0.001588358841612783,-0.0021668387440747323,-0.00035250464231615123,-0.00039421555137391376,-3.5360545564232015e-05,-0.013933360952035906,-0.0024997576555952535,0.0,-0.005426775640750586,0.0,0.0,-0.0016792369992669463,-0.014418415365066845,-0.0017716154318561125,0.0,-0.0007111184742729625,-0.0003647816544268416
Machinery and equipment n.e.c. (29),SE,28711.1577506,-0.1489788762897129,-0.27426160657034476,-0.13642869994843293,-0.030559241687488633,-0.19535233964672674,-0.3044909166308914,-1.60013685695384,-1.409161520074114,-0.13861147733215312,-0.4717404579031173,-0.24890559380489408,-0.11490176022579035,-0.1674672878645829,0.0,-0.5885948090574805,-0.1039337904445652,-0.7336180710860556,-0.4004933520239942,0.0,-0.1359316347658696,-0.20099562804827154,-0.3854167050354156,-0.11668756739457628,-0.12340513875614285,-12.068632644868046,-0.32027845675026473,-0.12825427055676422,-0.20676477767478071,-0.01447985545009492,-0.016657026597909342,-0.018222709635922037,-0.04109797471740964,-0.021707821108400766,-0.0389271766234759,-0.0065087672308355915,-0.007387090943737357,-0.005043478939077968,-0.03267709078714814,-0.11083457109144045,0.0,-0.05273113024752786,0.0,0.0,-0.07215380481753582,-0.07052574879934874,-0.04896575889745475,0.0,-0.01265913625225432,-0.005193916186808951
Machinery and equipment n.e.c. (29),SI,4448.77826881,-0.10352644292556794,-0.04289107766516659,-0.05130872157468584,-0.0020091366011305055,-0.044999466618176574,-0.07048086216111529,-0.04836623729807917,-0.02973319943234559,-0.028284806022071337,-0.012921944045370169,-0.04667916941893512,-0.3104125417896492,-5.632879989926374,0.0,-0.14540285789342347,-0.07678016735582488,-0.030400753317275493,-0.06727973834151636,0.0,-0.0672312934995972,-0.043028963937082346,-0.07949441319369219,-0.014960470841362072,-0.02763354063205698,-0.014869179686869908,-13.694230188124102,-0.12443074193455038,-0.019031584165822978,-0.0020351914942832246,-0.002141461383466885,-0.005044676082197689,-0.006977355283398144,-0.002751058540083279,-0.004526579492321816,-0.002939822601813375,-0.0019300332667746766,-0.0031055827936043653,-0.010601518250212131,-0.03817052884400404,0.0,-0.0134052319786374,0.0,0.0,-0.008407350116250052,-0.020806319921061456,-0.006250786479380342,0.0,-0.007660271550705668,-0.0037379742005806526
Machinery and equipment n.e.c. (29),SK,6575.15414626,-0.2180086548561899,-0.13417110922949163,-0.14799286670664866,-0.007618031139416392,-0.9366493190519244,-0.2806585822413144,-0.1788064868694582,-0.13693155538857346,-0.09741364596287812,-0.036671255567956876,-0.33987778763730714,-0.14530447454301693,-0.49744110317515183,0.0,-0.39594616921640857,-0.14730676365947248,-0.07505571633709177,-0.19305415913760834,0.0,-0.042956448839188525,-0.07995779834300556,-0.644492126335364,-0.06430988965362275,-0.2143065528340492,-0.09768882142111342,-2.541120089595174,-14.591148902481544,-0.06547933926043012,-0.004294851493780744,-0.006644324055313362,-0.0076280816308084975,-0.013390313882178899,-0.021741741787795955,-0.010070629581469093,-0.002629339019098868,-0.003921525814438553,-0.0031017502350603856,-0.0152810788036401,-0.0511006478417626,0.0,-0.03062176191306709,0.0,0.0,-0.030520502128755324,-0.04433667458808049,-0.02706475365947593,0.0,-0.007166130540570036,-0.0030717886834356113
Machinery and equipment n.e.c. (29),TR,28630.0893834,-0.014309123134431483,-0.035555364687853454,-0.1422313196662448,-0.008329657735371561,-0.014050700085636022,-0.027620026141853674,-0.054313372411297856,-0.1532387098682888,-0.0291855787529922,-0.01233146315606338,-0.05501948049431378,-0.040387646854182516,-0.018027353239248166,0.0,-0.014491663221440375,-0.01956239262122183,-0.020439188233172922,-0.028900459634642335,0.0,-0.00696285407888964,-0.014690292353758367,-0.020457168328601665,-0.01719091375840883,-0.02224576670569992,-0.017167497596740553,-0.04401409060722704,-0.007543836302499504,-0.06653295924544866,-0.004563071431258811,-0.004331003097002463,-0.008328345335227867,-0.00612338955885904,-0.013046294254998848,-0.015703921253863683,-0.00266513135841478,-0.002932555081748079,-0.00023138098756410338,-0.01179750422716889,-0.011519163618232707,0.0,-0.023085680258954768,0.0,0.0,-0.03144061574540194,-0.03493154809137131,-0.014392030274349845,0.0,-0.006830814560360633,-0.004243898266372928
Machinery and equipment n.e.c. (29),TW,53333.8056238,-0.06403105238519208,-0.04980095888943305,-0.059825250233226934,-0.048207351111936136,-0.05609065195835488,-0.09153208738954104,-0.055664959817483,-0.052773818783541426,-0.0402822635784029,-0.05598245725061445,-0.0868702485936615,-0.02874527485931037,-0.045481354970689246,0.0,-0.07538959161697469,-0.04827043355423769,-0.03814580258212212,-0.06039596748323645,0.0,-0.04402782607386812,-0.050100015175676936,-0.045019106908220696,-0.032417144003694956,-0.04836176854372226,-0.04797355852386854,-0.07642499199384281,-0.02963411278813255,-0.05224541112763569,-0.02581096089945887,-0.13714377755495172,-0.013653125209177329,-0.0343532759929897,-0.16079250824320088,-0.04898671739757013,-0.006513925903374303,-0.011169886651497034,-0.002422819610327243,-0.2047649596444192,-0.10645759871090703,0.0,-12.856860789258556,0.0,0.0,-0.38367295701484744,-0.25245650597891683,-0.08639547890524733,0.0,-0.013498524103045573,-0.014907710700735889
Machinery and equipment n.e.c. (29),US,483442.74612,-5.754262282290714,-6.6648112802345345,-4.569126157913741,-0.7882640083221872,-3.9870855494554394,-8.265230546129649,-4.537819286907644,-4.441991929169696,-5.877598558389108,-3.535874413155439,-9.474490208282438,-5.40286115651673,-3.8648526639594696,0.0,-9.032389713779535,-4.96341210291664,-2.6586727630294247,-7.308516953005185,0.0,-1.8922564267586386,-4.1487566571532195,-3.9633832504402187,-5.284936149674136,-3.3277146235513397,-4.5336693290516665,-12.063210554675658,-1.9577735648190475,-8.323186078575445,-122.2639756388425,-5.382162046983621,-4.050113025327292,-27.734183804289934,-6.451629695061957,-13.08946993586407,-0.9902447868080235,-21.816612567521506,-0.30622645925522474,-7.863004058067704,-6.010900517963946,0.0,-14.053501104679919,0.0,0.0,-14.782899576055867,-10.082892080689863,-12.820316800672682,0.0,-0.8924690546869071,-0.786406810027093
Machinery and equipment n.e.c. (29),WA,169947.00926,-0.33764159749029826,-0.5896777870769876,-0.5066026403004279,-0.10110849675033788,-0.28956158493307804,-0.5193217038691922,-0.43460712444955685,-0.5916639376176785,-0.5142580507545598,-0.2962350101296467,-0.7092897687615132,-0.2701047457989145,-0.26290211114856704,0.0,-0.5038497477755385,-0.39480881529047784,-1.1715282480000158,-0.6370801356224738,0.0,-0.19499931110959234,-0.42043681169013436,-0.3342235597849937,-0.23605738574095728,-0.23872234124551306,-0.3239527690065275,-0.563809744584031,-0.1437390781908263,-0.8219415896444001,-0.22474423346568598,-1.4791452195459507,-0.6341709301472475,-0.23393597103137198,-1.8692231768310217,-0.31336028487055656,-0.15163248351584083,-0.1079995427181078,-0.019875527530921585,-3.012163581138374,-0.5292184657799917,0.0,-3.9483228205097416,0.0,0.0,-3.1384950778625176,-1.072945297403333,-1.88761949598258,0.0,-0.10351437794871816,-0.11251171664664428
Machinery and equipment n.e.c. (29),WE,21640.6622035,-0.05956113715371391,-0.04395245130813166,-0.18605702914672595,-0.013202491240580863,-0.06932108767478273,-0.05503070088206207,-0.049746414094379215,-0.10308909395595431,-0.03616244872517662,-0.021834277442470303,-0.04621636032441252,-0.1548433268387242,-0.5160441893102112,0.0,-0.044419679341710774,-0.04459432132514077,-0.2675210809110608,-0.05811874862726502,0.0,-0.01291184434458822,-0.030481846199508184,-0.16740671448109465,-0.025124527784482254,-0.11356902988295114,-0.02841441752860244,-0.3940797800703574,-0.0642674851529067,-0.025615581621746153,-0.0036191113698382346,-0.0045502335615662266,-0.007615826964079534,-0.005387053682445477,-0.007228200746188017,-0.021094973023631038,-0.0017681598751511382,-0.0019422672845474088,-0.0013385322917743613,-0.05321636153972491,-0.029150715438580076,0.0,-0.031410619540863806,0.0,0.0,-0.0339739595317565,-0.019904970357905196,-0.013254517895057799,0.0,-0.002903421815693665,-0.0018198406353658277
Machinery and equipment n.e.c. (29),WF,56195.2631533,-0.030086157907897468,-0.11569650212027223,-0.0812639142536467,-0.01845813268996004,-0.03365525062456842,-0.050682855269605066,-0.05414214334496037,-0.04926953150756151,-0.22980545657276236,-0.027481917900504256,-0.26423595656800136,-0.09888830851594146,-0.038114484970895826,0.0,-0.052486319152603184,-0.08284020471292144,-0.037160958703944084,-0.12312769457801777,0.0,-0.0732124912122415,-0.1435374079230707,-0.036761381517365604,-0.31761192660656107,-0.05383225008143113,-0.03084322569262416,-0.07049227954153618,-0.017633112170829888,-0.07428502893268168,-0.009282401932223535,-0.016113217961084662,-0.03199978746038116,-0.012024435179000204,-0.03291948874793489,-0.033335946096333995,-0.01118972765914087,-0.005152995439444292,-0.0010953282810956784,-0.2404529813235035,-0.031026106912548194,0.0,-0.19230372726704298,0.0,0.0,-1.0123908146603073,-0.0458209612435968,-0.04431700496443868,0.0,-0.9720083630006026,-0.01142988896142769
Machinery and equipment n.e.c. (29),WL,80744.2057646,-0.05687797079942055,-0.08830213622050366,-0.06947037188595913,-0.0460007719031748,-0.04525149625690038,-0.1027101129079845,-0.10004545141259323,-0.08309441991393311,-0.2622375437483372,-0.056706287483455416,-0.13143639531288448,-0.04980827017868117,-0.04607105053336778,0.0,-0.11060690455646449,-0.0642838889066096,-0.040655227094001496,-0.1360285976031981,0.0,-0.0475329797640099,-0.07777521378149611,-0.054454139007083346,-0.12182577173039974,-0.043035830855008644,-0.05959471339274709,-0.11275401926506613,-0.028136432954251486,-0.0722412063964322,-0.06847753629980101,-0.045533563349402895,-0.06380024357525137,-0.0561181334598793,-0.09545010022872696,-0.9230619614129985,-0.012566442077010994,-0.22230060663173629,-0.005310981621815918,-0.20356176802445458,-0.05884415797955072,0.0,-0.3740613819434091,0.0,0.0,-0.1327305416286567,-0.09700428188703462,-3.129429742493625,0.0,-0.01220801344588835,-0.008123618337816321
Machinery and equipment n.e.c. (29),WM,127229.352918,-0.26503977429948844,-0.5853471475472714,-0.5730399014335372,-0.15670882270410624,-0.34813593526069625,-0.39619192413879883,-0.2967816813653342,-0.39593373106918245,-0.5901926652824893,-0.18793207279062665,-0.6566829548052046,-0.5943731677376739,-0.256563884483351,0.0,-0.33168163696502123,-0.4492234916202157,-0.4040960098699853,-0.5320640180707955,0.0,-0.1722140297652429,-0.278448828089583,-0.2708023750026724,-0.28503473767696685,-0.3223276325274258,-0.21247676821534808,-0.6009371296177332,-0.14222870541247526,-0.6266335176758017,-0.10981162273336852,-0.20012292223618114,-0.18101924285439888,-0.11467906091311691,-0.4707557667085993,-0.25411962459463466,-0.10983199578833547,-0.06438850635196611,-0.004453046254745966,-3.77800802462617,-0.30696981271569124,0.0,-1.0472727443325827,0.0,0.0,-1.5336532423958724,-0.2752192036381023,-0.5016714070973657,0.0,-0.06270334270944351,-1.1426414639646316
Machinery and equipment n.e.c. (29),ZA,6140.27061723,-0.007883590473201946,-0.021670080735079374,-0.01128297833721415,-0.0013967673168152877,-0.009235996556983908,-0.01925668682799075,-0.016231857010832604,-0.008553105071765299,-0.012050111842825895,-0.013953177499987809,-0.02302932454516763,-0.07380473049600479,-0.00657893479680894,0.0,-0.022070182979875654,-0.0340211081877083,-0.00606323960803304,-0.02076059629717902,0.0,-0.017358802094424936,-0.009076217835265627,-0.009077405192395388,-0.011985035293905434,-0.006279936098052977,-0.011710997833166493,-0.01206117046283143,-0.0037550793769969564,-0.013304155355402017,-0.0019212402175256065,-0.004399870179054785,-0.008400686800861165,-0.0031151642728549714,-0.006300264310198414,-0.005461420065547535,-0.0038115184835796783,-0.0018823602042049984,-0.0006307517929454818,-0.07817388358081524,-0.006920308499594055,0.0,-0.030928417794437696,0.0,0.0,-48.51157218221876,-0.01561579903990469,-0.007369926990562372,0.0,-0.34385026764076304,-0.0036911631370761793
Nickel ores and concentrates,AT,0.0,0.0,0.0,0.0,0.0,0.0,0.0,0.0,0.0,0.0,0.0,0.0,0.0,0.0,0.0,0.0,0.0,0.0,0.0,0.0,0.0,0.0,0.0,0.0,0.0,0.0,0.0,0.0,0.0,0.0,0.0,0.0,0.0,0.0,0.0,0.0,0.0,0.0,0.0,0.0,0.0,0.0,0.0,0.0,0.0,0.0,0.0,0.0,0.0,0.0
Nickel ores and concentrates,AU,3489.98667065,-0.000405915135041358,-0.0005323103931778353,-0.00027303063393773234,-0.00012885881845281692,-0.000263113584645774,-0.0004440405569266788,-0.0006127516604591096,-0.0005176982279168806,-0.0004382169794493391,-0.00040966829999865593,-0.0005390222490697876,-0.0006023556351043565,-0.00027322759053424387,0.0,-0.0011993893289313914,-0.0003710048978026264,-0.00039195721930404326,-0.0008215921250744707,0.0,-0.0006606386391691374,-0.0006311015201797433,-0.000303574350817031,-0.0003754639771154669,-0.0002286140857612903,-0.0003930306328105299,-0.0004047783692071769,-0.0001429987750790959,-0.000790625477696369,-0.0002883222680407967,-0.00043140179157585574,-0.0005488928840314819,-0.00023086216018396635,-0.00045091876388375694,-0.0001810076468734403,-0.00010099481109779379,-8.964526791998024e-05,-4.482625550334248e-05,-0.8152724548085992,-0.0004962327218061358,0.0,-0.0012248683065012207,0.0,0.0,-0.0009756490178467228,-0.0034887491400918285,-0.0005412553086205824,0.0,-0.00017400387688928332,-0.00017635524292727967
Nickel ores and concentrates,BE,2.20558757447,-2.2962665196268193e-07,-5.5418642461354526e-05,-2.4309541391676936e-07,-4.916372452763706e-08,-3.142510232367745e-07,-4.608539202954731e-07,-3.0392568702132736e-07,-2.980593703958079e-07,-2.1921148088326522e-07,-2.7246187842232314e-07,-9.275461433996294e-07,-7.252594082380381e-07,-1.8085420026838297e-07,0.0,-8.96462776660694e-07,-1.646081019401746e-07,-2.4658566870606294e-07,-5.293364551605081e-07,0.0,-1.8361846893251787e-07,-8.738489029780583e-07,-4.1745661286294586e-07,-4.395684748664232e-07,-2.543366247985588e-07,-2.3060916760038383e-07,-1.5267347244693468e-07,-1.795778799680139e-07,-3.0410838480056636e-07,-1.1158165058212979e-07,-6.316986662323484e-08,-1.9958336566103348e-07,-8.875680899209389e-08,-5.457407418732633e-08,-7.578404291098604e-08,-4.5094132067690746e-08,-4.555646706364686e-08,-9.493351840887072e-09,-1.0343457066327092e-07,-3.852158052399252e-07,0.0,-2.4700870908790843e-07,0.0,0.0,-2.3573213849940007e-07,-3.800034076968625e-06,-1.0062525705035907e-07,0.0,-2.53067338350207e-07,-1.3038623634523736e-07
Nickel ores and concentrates,BG,0.389297453926,-1.1909215269800223e-08,-1.2541405165962237e-08,-2.9924756513802584e-05,-9.49672206853811e-10,-1.013984569539391e-08,-1.0231516415751238e-08,-6.992962552194611e-09,-2.0975588930462218e-08,-5.283016659337591e-09,-8.316154810809683e-09,-8.363546735287456e-09,-1.9482711849273215e-07,-2.4763826038948775e-08,0.0,-3.800162548241111e-08,-1.3899559342937393e-08,-1.2574931354315326e-08,-3.355380296545733e-08,0.0,-2.809969785052276e-08,-9.883721909050913e-09,-1.2974563698161987e-08,-9.657934990214872e-09,-9.354156480839544e-08,-5.6439585486609335e-09,-2.018245695993749e-08,-7.697073288494392e-09,-5.5539028840543096e-09,-1.01470628130997e-09,-5.774563772609583e-10,-1.9520078725799234e-09,-6.10884801626656e-09,-8.55646604146881e-10,-1.0520274329484337e-09,-1.0841492785103452e-09,-1.4764676760196577e-09,-2.5410078220979175e-10,-8.502552875173742e-09,-2.3223648946020758e-08,0.0,-4.837818790909827e-09,0.0,0.0,-3.350559985279337e-09,-1.3902154935731033e-08,-1.6345272555413453e-09,0.0,-3.844013982536804e-09,-1.0404709327394725e-09
Nickel ores and concentrates,BR,727.681403815,-0.00028241210144823827,-0.000500319889565813,-0.00016349857368855072,-0.00019573141329645166,-0.00019454676079400413,-0.00035181907427081103,-0.0004513418809660649,-0.0002368879265446726,-0.00046262714837243637,-0.00023080554543455106,-0.0004163607406200757,-0.00028524167376900103,-0.00018737494647175747,0.0,-0.0005763924233093235,-0.0003375024760402279,-0.00015559070064166845,-0.0006842651885453702,0.0,-0.0003540152310749538,-0.0008526511107265817,-0.0001926293132309263,-0.0004937656019488295,-0.00015452375024366515,-0.00021665329948522224,-0.00030970667947193193,-0.00010462937218214756,-0.0003139055712035068,-0.00029030649096155813,-0.00016009712959428644,-0.00039737044826913305,-0.00019707546848228994,-0.0002687556782107773,-0.16502722962986655,-6.698787201323469e-05,-0.0001718360700671406,-1.6706362400476194e-05,-0.0012057652544882988,-0.00032416154274556984,0.0,-0.0006663675822886502,0.0,0.0,-0.0006829182701998813,-0.0006735388796810097,-0.003673104835361541,0.0,-0.00026534653769884174,-0.00010328560775740003
Nickel ores and concentrates,CA,1274.523137,-0.0001660308572847072,-0.0002513259519358983,-0.0001363933865300396,-4.98324772377265e-05,-0.00012743412158403898,-0.00020969092147276548,-0.00021386930010796937,-0.0001550573749810003,-0.00019682963709290158,-0.00011374423683229236,-0.00024747551001289816,-0.0002208625434726436,-9.70441445907555e-05,0.0,-0.00033582676892525404,-0.0001597222964557619,-0.0001061364835066505,-0.0003103934184397784,0.0,-0.0001196744301827022,-0.0001859831390747994,-0.00011435895804515789,-0.0002123606210995381,-0.0001055475712817914,-0.0001560261038710588,-0.00023566000432893183,-6.486082407116359e-05,-0.0003937521755568218,-0.0006018309997101833,-0.00010237882124307272,-0.00011251409449722683,-0.16192754563858477,-0.0001824338972350949,-0.0003486569754766198,-3.250128015226822e-05,-0.00042605071698450045,-1.010255654298181e-05,-0.0001990413563150763,-0.00016542911936018252,0.0,-0.0005263543305238483,0.0,0.0,-0.00021235860844178635,-0.0004080627783502008,-0.0003326839634809129,0.0,-4.5770039470407815e-05,-2.7208150089780452e-05
Nickel ores and concentrates,CH,0.591628272804,-1.0263601121064377e-07,-6.959043362908296e-08,-1.6688242592031294e-08,-4.940177343028103e-09,-6.0811495687561e-08,-1.3131643433438065e-07,-3.251567631039658e-08,-2.6132579747213616e-08,-2.467397202770703e-08,-1.7563477034960825e-08,-1.1459503452642425e-07,-2.1600673833047055e-08,-4.590423274035752e-08,0.0,-9.371401244619103e-08,-8.199553835066826e-08,-3.3133224072598984e-08,-1.685162411066806e-07,0.0,-2.7467079750752117e-08,-5.544354794219534e-08,-5.088433681587062e-08,-3.30990228304738e-08,-2.1039785513361893e-08,-2.9328546586930025e-08,-5.307548843484351e-08,-1.7999070179520626e-08,-2.6079065540194785e-08,-5.423879222140811e-09,-3.431714557148395e-09,-5.659696751812391e-09,-5.274386552316687e-09,-3.3258506614007544e-09,-3.884363256237275e-09,-1.9052518928889847e-09,-1.8247096600636058e-09,-6.3163058383558215e-09,-6.864342997897638e-09,-1.4528597278942737e-05,0.0,-1.1248919087000313e-08,0.0,0.0,-7.985210394132542e-09,-9.789534317922954e-08,-5.813123462232693e-09,0.0,-6.131154527960357e-09,-6.065638937431056e-09
Nickel ores and concentrates,CN,6610.29923543,-0.007092242926162875,-0.009677985623071716,-0.012081396237289623,-0.003887169923277481,-0.006638030076407797,-0.011852640360103932,-0.009139090955673045,-0.006232801475290183,-0.012758204718999185,-0.010881123469389242,-0.009556647311957156,-0.00451097926901411,-0.0053561601876379004,0.0,-0.009601575924084086,-0.005948342603690021,-0.0067230525376589636,-0.011128437955041317,0.0,-0.0048693768371647975,-0.006088913811538369,-0.005034496924745795,-0.0056120899465742545,-0.0061745324051538895,-0.005559172662060693,-0.005876905419106629,-0.003098138859512346,-0.010160791625423491,-0.004061953376952005,-0.017666546306156543,-0.12190946968324727,-0.0088150716521705,-0.019543257376010075,-0.012987298564470976,-0.001272787314692022,-0.008551649399794482,-0.00041897534692195474,-0.0530089129632379,-0.0074461239639894115,0.0,-0.007311184259026769,0.0,0.0,-0.021821048340514942,-0.049383056135003996,-1.3261988598326215,0.0,-0.004079857886230205,-0.0067894556069301535
Nickel ores and concentrates,CY,0.00086875680211,-2.8555789638393614e-12,-7.953746129385964e-12,-4.556664289859248e-12,-4.694039579781295e-07,-3.5255892445884674e-12,-4.721993847673038e-12,-5.4854611055201104e-12,-5.3248628581404226e-12,-5.656620328120406e-12,-3.334658946269215e-12,-5.958009051634512e-12,-7.7126576105047e-12,-3.1099367267715774e-12,0.0,-2.7238020921204434e-10,-5.585883574536646e-12,-6.079614422609369e-12,-2.8585105295879654e-10,0.0,-3.9638425029955797e-10,-1.8198704830709233e-11,-3.1080012644766563e-12,-4.917097824959327e-12,-5.049596383365041e-12,-2.6010317348197806e-12,-2.0814009885410877e-12,-1.4696344528208458e-12,-1.5256790257754897e-11,-2.5834457183044025e-12,-4.213943929046983e-12,-4.658614908466256e-12,-2.337885513624071e-12,-4.0815554487384446e-12,-3.666346145595904e-12,-2.2250774437033515e-12,-6.321791546035982e-13,-5.472685713441105e-13,-8.069917831547367e-12,-5.05420855929564e-12,0.0,-1.3508596630959714e-11,0.0,0.0,-9.025599896249043e-12,-1.8831019902470376e-10,-4.527955709476909e-12,0.0,-7.969242324669201e-12,-4.3985411710823024e-11
Nickel ores and concentrates,CZ,5.58974570107,-2.7834619448843703e-06,-1.597271215953607e-06,-2.354069392934228e-06,-4.6719745914304967e-07,-0.0026479495521462538,-4.434568043659925e-06,-1.7439544972601663e-06,-2.5093473934034974e-06,-1.3572503589170064e-06,-1.1277542802061782e-06,-1.6691607261549614e-06,-2.398378854978253e-06,-9.124909795880922e-06,0.0,-2.5148642993467626e-06,-1.8018727984041839e-06,-5.092410369765264e-06,-2.9811831884430824e-06,0.0,-1.6687053884820586e-06,-1.4342096896353953e-06,-7.807875700082779e-06,-1.4030290720536138e-06,-2.596839805746562e-06,-1.3611917424767395e-06,-1.3985270120844676e-06,-6.277336801501996e-06,-1.0930357897122906e-06,-2.2225272231922702e-07,-2.0003839176223227e-07,-7.182160244235485e-07,-8.471092086139895e-07,-2.8575627218738276e-07,-2.9279321305165527e-07,-1.876881711683176e-07,-1.0168315399695181e-07,-7.220132503655258e-08,-3.8534445958518373e-07,-2.374134435788637e-06,0.0,-1.0069420111736986e-06,0.0,0.0,-6.211306536721758e-07,-1.1460481689073938e-05,-3.968611115244805e-07,0.0,-4.163597827666357e-07,-3.8821315565520637e-07
Nickel ores and concentrates,DE,5.76850537752,-0.0006430747119114933,-0.003002912506503442,-0.0002823353278720546,-1.6813465173015338e-05,-0.0008900894058553527,-0.003991277200433654,-0.0005352677551847319,-0.0003569643091968219,-0.00023356345223345034,-0.00019585669202154145,-0.0009744052924792506,-0.00018110982055827656,-0.0003364182921529607,0.0,-0.0002998710287231637,-0.0013318099788828001,-0.0001436512306371449,-0.0007261457514067704,0.0,-5.6027288659432245e-05,-0.00047730132816997407,-0.0006706393240115679,-0.00014946119859496131,-0.00016095409669360317,-0.0002931323321577429,-0.0012708659725648764,-0.0005560578103389583,-0.00022796706187946383,-2.9904901199577847e-05,-2.4216082243650976e-05,-2.6779745102298697e-05,-2.5697616283807225e-05,-2.921571476336041e-05,-5.0795509656343655e-05,-6.743593896676194e-06,-2.5793302212574744e-05,-4.185660414352512e-06,-5.778230049183902e-05,-0.0004737345530912642,0.0,-0.00014131759513479194,0.0,0.0,-0.0021772278421570705,-0.00022341686115716705,-7.92790311744561e-05,0.0,-2.2241777305003925e-05,-9.186670643107994e-06
Nickel ores and concentrates,DK,2.01306490858,-1.4787886638603445e-06,-2.566182555968887e-06,-3.947609049165813e-06,-5.63743453029558e-07,-2.7052684381065824e-06,-3.5093579788997447e-06,-0.002253013596579198,-5.082475950115569e-06,-1.9501748637366815e-06,-1.4586971819216012e-06,-2.1344998468238214e-06,-5.5802219439146245e-06,-4.493212098816126e-06,0.0,-4.212375097606787e-06,-1.5057492267452265e-06,-8.915059049739963e-06,-3.3808692010152014e-06,0.0,-6.932311230718378e-06,-3.7449897267387033e-06,-3.4439670379538846e-06,-1.3609569010778423e-06,-1.036530882924969e-06,-7.767853520734918e-06,-1.3860491644601693e-06,-1.0429107853523903e-06,-1.9500276529354703e-06,-4.743258029901606e-07,-1.8056424328935414e-07,-7.52992595723674e-07,-7.379158124573284e-07,-2.2902162749235002e-07,-4.65830945616859e-07,-2.6948767242250616e-07,-7.392612998070261e-07,-3.6976701336852604e-08,-3.4930834487317252e-06,-3.327057908664506e-06,0.0,-5.725094825228767e-07,0.0,0.0,-1.625948351862467e-06,-3.0767559601079114e-06,-3.9420600133600403e-07,0.0,-6.126473983618731e-07,-2.238943729333164e-07
Nickel ores and concentrates,EE,0.0401022163195,-2.7895851329220233e-10,-6.493446712855127e-10,-2.4077410980744956e-10,-3.021479262014895e-11,-3.6443651031101614e-10,-4.2871174121841844e-10,-2.6433937418797386e-09,-3.0415510931773553e-06,-2.855309397444121e-10,-2.5536296317407365e-09,-4.263450697517318e-10,-7.323131105500196e-10,-4.655389677075197e-10,0.0,-2.2227908090794857e-09,-1.9321108141662145e-10,-1.2288499429383645e-08,-1.521034213497388e-09,0.0,-1.1776732888528164e-09,-4.4252221250785033e-10,-1.3053489701409342e-09,-2.2734372455513344e-10,-2.1841916495691217e-10,-1.0265988734678628e-09,-3.154186388465844e-10,-4.709839099755845e-10,-3.6249116568426254e-10,-2.467801060109737e-11,-2.817930694085405e-11,-4.2680320761325654e-11,-2.410976568422927e-10,-3.290169285129372e-11,-3.7094149014029606e-11,-2.7548791178159725e-11,-6.926341951678785e-11,-2.686969700484166e-11,-9.264972606869886e-11,-5.006771803783909e-10,0.0,-1.3551576184586354e-10,0.0,0.0,-1.303235616133095e-10,-1.0828996327044278e-09,-7.439016543417971e-11,0.0,-9.812690221394884e-11,-3.971768149394466e-11
Nickel ores and concentrates,ES,46.9964095571,-6.157094222780149e-05,-0.00016369540408254875,-8.926969123063527e-05,-2.6712918846722932e-05,-7.790252886052089e-05,-0.00011551769423091785,-0.0002465486472654058,-6.725689297416305e-05,-0.0426840181997415,-3.800253762703229e-05,-0.0004342131554366158,-0.00012171559295697085,-9.537193423138472e-05,0.0,-0.00017620415389647627,-0.00016792916005248004,-7.060178414489355e-05,-0.00017518803177422993,0.0,-8.629603277933147e-05,-0.0001126292821153684,-8.086963439911617e-05,-0.0010321308565796224,-6.343179198246283e-05,-4.9900010065993523e-05,-0.000135429198828704,-7.637097829499332e-05,-0.00013633377072258892,-1.4418310520016867e-05,-1.3444973455351355e-05,-2.3596237679950742e-05,-4.99514737674055e-05,-1.602492632098971e-05,-3.475805681454769e-05,-5.897778526679343e-06,-1.6326284714975543e-05,-6.587999455423588e-06,-3.13194902614392e-05,-8.763296873124842e-05,0.0,-5.979213858652862e-05,0.0,0.0,-4.8683559230666896e-05,-8.560265627830108e-05,-0.00015628662341430838,0.0,-9.258341505429218e-05,-1.4731316134999138e-05
Nickel ores and concentrates,FI,15.5414136452,-1.1627245546462812e-05,-4.182538464337139e-05,-1.0876943631851888e-05,-1.260002605253413e-05,-1.5147251621959589e-05,-2.2610562509334016e-05,-8.99407156468641e-05,-0.0004587802628773252,-2.2429283597840685e-05,-0.02268083969865615,-1.5875094806799865e-05,-2.384631924578268e-05,-1.836732492150099e-05,0.0,-5.0874791350559146e-05,-1.1025579482900784e-05,-6.67313144405101e-05,-5.2821212258103503e-05,0.0,-3.960436102152285e-05,-2.67667111238086e-05,-2.724953539551264e-05,-1.1827680258194757e-05,-1.1289103121052734e-05,-5.631249327888479e-05,-9.74324836843008e-06,-7.694548437013165e-06,-2.50533991130981e-05,-3.223536033572256e-06,-2.944088889255434e-06,-6.311469976032487e-06,-8.046987456493852e-06,-4.696056877215642e-06,-5.11385217424186e-06,-1.8777925207277491e-06,-1.261447109983826e-06,-2.7439126732717924e-06,-5.26133565293749e-06,-2.6801107620425487e-05,0.0,-8.663116931120899e-06,0.0,0.0,-4.923316348214223e-06,-2.8178641879283327e-05,-5.6344170937864725e-06,0.0,-5.363225924046621e-06,-1.5726399570923742e-06
Nickel ores and concentrates,FR,0.0,0.0,0.0,0.0,0.0,0.0,0.0,0.0,0.0,0.0,0.0,0.0,0.0,0.0,0.0,0.0,0.0,0.0,0.0,0.0,0.0,0.0,0.0,0.0,0.0,0.0,0.0,0.0,0.0,0.0,0.0,0.0,0.0,0.0,0.0,0.0,0.0,0.0,0.0,0.0,0.0,0.0,0.0,0.0,0.0,0.0,0.0,0.0,0.0,0.0
Nickel ores and concentrates,GB,37.2516123756,-1.2863905303396357e-05,-4.487865517831881e-05,-1.3929717761931636e-05,-1.6478330036214036e-05,-2.540392895876229e-05,-4.1909413539879296e-05,-9.807173124162391e-05,-1.9973497440951278e-05,-6.920287520030473e-05,-1.5469078828323572e-05,-0.00016544756865997159,-8.331741577862823e-05,-2.2539509041052873e-05,0.0,-0.0006145237072312396,-1.9641016075034638e-05,-4.106626608848629e-05,-0.00010741480972471916,0.0,-1.112972125404919e-05,-0.004759595916171737,-2.232827173496926e-05,-3.301711203681879e-05,-1.1058970294829262e-05,-2.3140447334985208e-05,-1.1700481782921327e-05,-7.466357302090782e-06,-0.01106029562913462,-7.879370446220845e-06,-6.664807586324388e-06,-6.809826854797754e-06,-6.9733835949736335e-06,-3.5142620025006413e-06,-8.465806523291967e-06,-3.180940189715152e-06,-2.7105365962463086e-06,-1.3441202859731648e-06,-1.6998454748691467e-05,-1.4193970212354241e-05,0.0,-1.5569168076247506e-05,0.0,0.0,-0.000584959895255773,-3.4489993476687447e-05,-4.735571361371776e-05,0.0,-4.1326854089877534e-05,-5.951066927633524e-06
Nickel ores and concentrates,GR,4.05532176845,-6.46952193907555e-08,-1.5904264148094186e-07,-4.318848771179645e-07,-3.230255082886926e-07,-7.016825748892678e-08,-7.811321513853592e-08,-9.01249709491128e-08,-1.6042678362482454e-07,-7.724666111026158e-08,-6.618181666654052e-08,-9.608784187442624e-08,-5.3888319428514675e-05,-1.8621919352852582e-07,0.0,-2.86547533891702e-07,-9.003168743665611e-08,-9.853578120373476e-08,-3.9866834236595077e-07,0.0,-4.422974737239992e-07,-2.201697129696061e-07,-9.556141710935123e-08,-7.596382183248407e-08,-1.7479036279853714e-07,-5.156649178427537e-08,-6.802435613315821e-08,-5.032203228101602e-08,-7.533112056960127e-08,-2.466692393079552e-08,-1.1049266290685833e-08,-1.4702351985742056e-08,-7.408359529782723e-08,-1.0627482778096439e-07,-1.8271647566034786e-08,-5.0261704254483355e-08,-3.235474279910718e-08,-4.768656565207883e-07,-1.6563355828141576e-07,-2.1138791186396866e-07,0.0,-2.5483247197476193e-08,0.0,0.0,-6.30305827075521e-08,-4.072960501563975e-08,-2.0094032998103296e-08,0.0,-3.707712972406801e-08,-2.1731850016958365e-08
Nickel ores and concentrates,HR,1.77480246263,-4.3413859296426784e-07,-4.1553102382467977e-07,-8.788354927564316e-07,-7.558568193321441e-08,-2.6497128581935135e-07,-2.682870661580437e-07,-1.0674079372885454e-06,-7.603883524970815e-07,-3.928790348128331e-07,-2.77199890750672e-07,-2.349151762997884e-07,-1.0678191830502746e-06,-8.328540739790612e-06,0.0,-1.7393397693491537e-06,-3.72245748982868e-07,-6.245266457019418e-07,-1.8058254284819061e-06,0.0,-1.5985764500042379e-06,-4.0364165957847577e-07,-4.0498931465398665e-07,-2.5760954381510624e-07,-3.7771849293030926e-07,-1.8518733758838975e-07,-4.923105330849457e-06,-5.164829921887588e-07,-1.9490631275670605e-07,-2.6290593511729198e-08,-1.9950649385083507e-08,-3.545908678622999e-08,-2.89808369472545e-07,-2.941157089880093e-08,-5.369523237272915e-08,-2.6530440453326277e-08,-4.946249470082677e-08,-2.088522992364215e-08,-8.090730717841494e-08,-8.132099806488367e-07,0.0,-8.965925047696742e-08,0.0,0.0,-1.2691469098103944e-07,-1.8341612023919386e-07,-1.6875356796506854e-07,0.0,-2.345549151618582e-07,-5.67473775706151e-08
Nickel ores and concentrates,HU,1.63679455964,-4.481348302234071e-06,-2.3307875396637553e-06,-7.639300374754577e-06,-2.3304619651748578e-07,-5.603370592597748e-06,-6.957913366796673e-06,-5.112113604127775e-06,-3.7420956357832375e-06,-1.2621015153695338e-06,-4.4180974946253367e-07,-7.088521324255687e-06,-2.1765819406150134e-06,-0.00016345418627850404,0.0,-1.9669229945395523e-06,-3.96714494674852e-06,-1.8185154405613884e-06,-1.934578708681533e-06,0.0,-6.548735392078149e-07,-7.0619980614328524e-06,-8.879111802215554e-06,-6.540202615418507e-07,-3.3876759939064826e-06,-1.562917085787745e-06,-6.950357893422505e-05,-3.430709366930731e-05,-6.581042821000958e-07,-9.536511928372601e-08,-1.6821471728116693e-07,-2.0932563064842343e-07,-2.84258496192428e-07,-2.339200303000834e-07,-2.3651905830415931e-07,-6.916003899041762e-08,-7.739592900265015e-08,-4.686477063941758e-08,-4.128587412155647e-07,-1.3143644538953932e-06,0.0,-5.794043341424655e-07,0.0,0.0,-2.6270772041008993e-07,-1.9809481724972513e-06,-2.3338308966496284e-07,0.0,-1.5824344862972766e-07,-2.7461090081072237e-07
Nickel ores and concentrates,ID,3942.34005263,-0.00036019079378390073,-0.0009895250352630642,-0.0005662003967546211,-0.00033131314926406293,-0.000304026102838306,-0.000491762120284796,-0.0009655278834958616,-0.0008154876174960798,-0.0009379573184827725,-0.0005553275550102626,-0.0006469776266826886,-0.001222598527107479,-0.0004863533841283297,0.0,-0.001225478736920973,-0.000538819884202129,-0.0006897029942193195,-0.0019940732517324247,0.0,-0.0021702698655758725,-0.0009556034522090781,-0.00030298894730912634,-0.0003561112479307803,-0.0003514022394867674,-0.0003749477911932974,-0.00030193540578175464,-0.0002349044448569808,-0.0008095518730703765,-0.00022907312927108106,-0.0009246326093891578,-0.0013489997625312222,-0.000331826900853152,-0.0009387314538473754,-0.00036753503688719154,-0.0003109726625607823,-0.00010151328136765334,-8.270862791767944e-05,-0.0018174203105108277,-0.0007346540122026404,0.0,-0.0023266130790928078,0.0,0.0,-0.0011314623233441962,-0.019426440353399917,-0.0008108569976748662,0.0,-0.000449599054701139,-0.0004538383533550088
Nickel ores and concentrates,IE,33.1252324566,-7.05085018409263e-07,-5.2517025072515314e-06,-3.894957548619448e-07,-8.355232320570397e-06,-1.0489035201053388e-06,-1.1709631902575674e-06,-1.0854111181179717e-06,-1.276164382133525e-06,-1.7929132405186213e-06,-1.4728274231903674e-06,-1.3990473348477472e-06,-9.453773421509661e-07,-6.370895658609273e-07,0.0,-0.0045883265834332,-8.293365056279014e-07,-4.501705490780137e-06,-0.00030921943557149896,0.0,-1.4654825866591413e-06,-1.0698669355736967e-05,-1.02913766442987e-06,-1.9441098845521833e-06,-2.784734388574778e-07,-1.2700086148373575e-06,-2.572215130400213e-07,-2.483635779133315e-07,-3.213382996143119e-05,-2.7253895010499787e-07,-3.5775983863347677e-07,-1.2309266181622458e-07,-6.551426969179872e-07,-3.7396168399419837e-07,-1.3787457055740645e-07,-6.528966991014544e-08,-5.927720551410648e-08,-4.199876361275138e-08,-4.666334845703463e-07,-2.6628682416729963e-06,0.0,-2.82411556191199e-07,0.0,0.0,-3.8970031669751955e-07,-4.966781578328176e-07,-1.977673690732007e-07,0.0,-1.9577083690234364e-07,-6.589671990150381e-08
Nickel ores and concentrates,IN,0.0,0.0,0.0,0.0,0.0,0.0,0.0,0.0,0.0,0.0,0.0,0.0,0.0,0.0,0.0,0.0,0.0,0.0,0.0,0.0,0.0,0.0,0.0,0.0,0.0,0.0,0.0,0.0,0.0,0.0,0.0,0.0,0.0,0.0,0.0,0.0,0.0,0.0,0.0,0.0,0.0,0.0,0.0,0.0,0.0,0.0,0.0,0.0,0.0,0.0
Nickel ores and concentrates,IT,0.158553186773,-2.5447393776928704e-07,-3.248388608390449e-07,-3.2656248593607146e-07,-1.2942910224678745e-08,-3.362247649056635e-07,-5.253878548308688e-07,-1.494209997974878e-07,-9.901934523101396e-08,-3.2128759382255803e-07,-1.0372623153531272e-07,-1.0643727621621227e-06,-3.975738076645428e-07,-4.224409759669357e-07,0.0,-1.136026875616185e-07,-5.242617764382563e-06,-6.772841349910976e-08,-2.4071217532102167e-07,0.0,-4.3746565270407346e-08,-1.4053271449530964e-07,-3.137199528050236e-07,-9.110314515410959e-08,-1.4554591204868012e-07,-2.1274944436918896e-07,-2.569839328183199e-06,-1.6304563552981822e-07,-2.2767683855743744e-07,-1.4483066459018042e-08,-1.7941140831078645e-08,-1.7625825510784666e-08,-2.2524656205781593e-08,-6.428545608292138e-08,-6.494487191662386e-08,-8.433696062065272e-09,-9.574996754767945e-09,-1.6629419397061683e-09,-6.77204966640393e-08,-6.01585048449383e-07,0.0,-1.7430744470272256e-07,0.0,0.0,-1.390710629013313e-07,-7.265229247645117e-08,-9.01182191357716e-08,0.0,-3.312693843248036e-08,-1.0132914994455367e-08
Nickel ores and concentrates,JP,0.0,0.0,0.0,0.0,0.0,0.0,0.0,0.0,0.0,0.0,0.0,0.0,0.0,0.0,0.0,0.0,0.0,0.0,0.0,0.0,0.0,0.0,0.0,0.0,0.0,0.0,0.0,0.0,0.0,0.0,0.0,0.0,0.0,0.0,0.0,0.0,0.0,0.0,0.0,0.0,0.0,0.0,0.0,0.0,0.0,0.0,0.0,0.0,0.0,0.0
Nickel ores and concentrates,KR,36.7169921717,-3.0187034230457415e-05,-6.042991122213767e-05,-4.634628563941183e-05,-4.291394132228689e-05,-2.980351905889482e-05,-4.5097104194073574e-05,-7.003685344682294e-05,-5.917708830295161e-05,-5.5310765896497974e-05,-3.931543078775124e-05,-5.757110824189196e-05,-9.27979097072163e-05,-3.711517608316586e-05,0.0,-8.567536720080437e-05,-4.9516718426296635e-05,-5.773053808086052e-05,-7.253665173355976e-05,0.0,-7.843847350595018e-05,-5.9575200467251934e-05,-3.072516101517516e-05,-3.138044837109708e-05,-2.901900330328564e-05,-2.7734298763738574e-05,-2.374035920893771e-05,-1.6705496351935712e-05,-9.830763364970978e-05,-3.9538187865221236e-05,-0.0003851200982888071,-0.000111868828779002,-4.340768774025716e-05,-0.01849429030560846,-6.914842975016072e-05,-2.1596526109855793e-05,-1.6444965159522698e-05,-6.508715510726158e-06,-0.00020192888181582458,-5.463930701340538e-05,0.0,-0.00023507376329859713,0.0,0.0,-0.00017332749912396747,-0.0007018085967186991,-0.00012866065605459846,0.0,-4.4922162306386966e-05,-0.0001384008396810761
Nickel ores and concentrates,LT,0.000215018475202,-8.402695133927234e-12,-1.4257184450889978e-11,-8.251763625310194e-12,-7.898614939158055e-13,-1.1554867910531743e-11,-1.5748300666226453e-11,-4.624337156813229e-11,-5.572516958299154e-10,-6.86941148497395e-12,-1.5851915056757456e-11,-1.1469694799482402e-11,-1.9288255423122393e-11,-2.2422853959856593e-11,0.0,-2.63184221423585e-11,-5.506739297598863e-12,-8.828891623462644e-08,-2.8170349196378302e-11,0.0,-2.061064243047726e-11,-9.413238241069162e-12,-1.197928434482763e-10,-6.654837797535271e-12,-7.067225853673105e-12,-2.1126987765391463e-11,-1.0108445314551952e-11,-8.343142462407268e-12,-9.633223329577592e-12,-5.829576257061799e-13,-5.742533239668204e-13,-1.0962522681851786e-12,-2.1531355251145004e-12,-7.005857752635642e-13,-1.0086669598725123e-12,-3.5248409782666233e-13,-4.643468764306978e-13,-2.0827239951472302e-13,-1.6079339614586712e-12,-9.99261849179004e-12,0.0,-2.654650823066889e-12,0.0,0.0,-4.5030850334819725e-12,-8.89663210121632e-12,-1.2739187794132222e-12,0.0,-1.8215289848915033e-12,-7.09499120123785e-13
Nickel ores and concentrates,LU,0.0,0.0,0.0,0.0,0.0,0.0,0.0,0.0,0.0,0.0,0.0,0.0,0.0,0.0,0.0,0.0,0.0,0.0,0.0,0.0,0.0,0.0,0.0,0.0,0.0,0.0,0.0,0.0,0.0,0.0,0.0,0.0,0.0,0.0,0.0,0.0,0.0,0.0,0.0,0.0,0.0,0.0,0.0,0.0,0.0,0.0,0.0,0.0,0.0,0.0
Nickel ores and concentrates,LV,0.102104031418,-5.37725434135982e-10,-1.7485246934210574e-09,-7.126644266770997e-10,-7.658647053364939e-11,-3.0624442277214544e-10,-7.640942366158646e-10,-4.309485907811564e-09,-8.073501350458661e-08,-3.459278297611683e-10,-8.113109380747977e-10,-7.09031825294566e-10,-6.232446817607398e-09,-2.214224542736968e-09,0.0,-3.4581798272555285e-09,-1.772316454699814e-10,-7.189448423457178e-08,-4.214846866688336e-09,0.0,-5.052446403092341e-09,-1.3692044319830992e-09,-2.7366386417798147e-09,-3.2697791842367973e-10,-4.909491378382356e-10,-9.082512494815788e-10,-5.653955489845599e-10,-5.811404608358173e-10,-5.738061052045659e-10,-3.915490959056843e-11,-4.7578092295114244e-11,-5.75933836505396e-11,-2.6213783972378855e-10,-6.681404950126167e-11,-5.8135564758189256e-11,-5.778805896907484e-11,-8.960230379921336e-11,-5.736692239208198e-11,-6.137214387161955e-10,-1.3515289193922052e-09,0.0,-1.33453677653724e-10,0.0,0.0,-1.830580165818492e-10,-4.154084729854405e-10,-1.2677340628341457e-10,0.0,-3.7699050969945913e-10,-9.249510124751654e-11
Nickel ores and concentrates,MT,0.00271672398671,-2.2530358722076385e-12,-4.952017456382286e-11,-1.228637504321699e-11,-2.384304016194133e-12,-2.5822097798309933e-12,-4.418728459226874e-12,-3.805465779236508e-11,-1.9757105490664764e-11,-4.731071107921397e-12,-2.186592324828356e-12,-7.644740482229175e-12,-2.1689441867948763e-10,-5.501968364347118e-11,0.0,-2.0550532332149664e-10,-4.014524241712687e-12,-1.1795264927491668e-11,-1.0196781769719568e-10,0.0,-3.73882937247953e-08,-2.6839089911243442e-11,-5.183020939248538e-12,-3.9370714054677865e-12,-5.83194896481693e-12,-3.654110416062948e-12,-7.498312006511742e-12,-4.365650503620761e-12,-3.555916912594039e-11,-1.1369143327439562e-12,-1.3082059125921054e-12,-1.5109123681316549e-12,-1.5372740766460623e-12,-1.4756104050857025e-12,-2.1758425735564656e-12,-5.235543559790861e-13,-7.588211455359583e-13,-4.0049863772834646e-13,-1.0531213534950912e-11,-2.3173917314377777e-11,0.0,-3.926634387516696e-12,0.0,0.0,-4.3802126516334825e-12,-1.5728859585822235e-11,-5.2841623599347386e-12,0.0,-1.1765390589776201e-11,-7.784764056522487e-12
Nickel ores and concentrates,MX,3.84339940257,-1.55050229001797e-05,-1.5558402903168974e-05,-6.898876809883948e-06,-1.7100466197834574e-06,-4.105197476219297e-06,-2.0761239621359582e-05,-1.1174105236861692e-05,-9.135521317166103e-06,-5.8857487371727776e-05,-7.962109037388721e-06,-9.901433803492794e-06,-8.126099265629457e-06,-3.7312213081346183e-06,0.0,-2.7752343702969407e-05,-1.1580268991276433e-05,-3.4322175486024273e-06,-1.5124171353830298e-05,0.0,-4.073972920801945e-06,-1.181844232504543e-05,-5.1283675583657735e-06,-8.780578456012518e-06,-3.6000086351118904e-06,-5.715743812259762e-06,-7.148495978387643e-06,-3.6872388361488774e-06,-2.2401561148722335e-05,-4.5936989273135526e-05,-3.449050587488293e-05,-1.2294730381523524e-05,-3.82202460630566e-05,-9.66779851691434e-06,-1.6273237383222313e-05,-1.6236297823595609e-06,-0.0020377490857792046,-3.220234306770898e-07,-2.3258077412047882e-05,-7.689511700991072e-06,0.0,-9.223962555939904e-05,0.0,0.0,-8.168056391970173e-06,-2.7249892850364344e-05,-2.592913971905981e-05,0.0,-3.569694876430693e-06,-1.6180725907528146e-06
Nickel ores and concentrates,NL,0.0,0.0,0.0,0.0,0.0,0.0,0.0,0.0,0.0,0.0,0.0,0.0,0.0,0.0,0.0,0.0,0.0,0.0,0.0,0.0,0.0,0.0,0.0,0.0,0.0,0.0,0.0,0.0,0.0,0.0,0.0,0.0,0.0,0.0,0.0,0.0,0.0,0.0,0.0,0.0,0.0,0.0,0.0,0.0,0.0,0.0,0.0,0.0,0.0,0.0
Nickel ores and concentrates,NO,0.42703287287,-2.2056210810053096e-07,-2.687595489060842e-07,-2.670227617988315e-07,-6.417921051423908e-08,-2.697357426983426e-07,-3.0293843516332074e-07,-0.0008929230293327175,-1.3895854381491683e-06,-2.705200284671466e-07,-5.785066120135689e-06,-2.4464703490193397e-07,-3.8288023245319295e-07,-1.512702726039074e-07,0.0,-5.867465473986858e-07,-2.25837791468051e-07,-9.170395416575823e-07,-4.098344836953984e-07,0.0,-2.359940370064058e-07,-4.931925019138144e-06,-6.146565688880433e-07,-1.8129191097664304e-07,-1.6405242426727034e-07,-3.8981383448835284e-05,-2.3895999010737544e-07,-7.948742273857003e-08,-9.555424319043261e-07,-1.3871561559670058e-07,-1.0429892554862571e-07,-4.22381012748917e-07,-1.3424029722936004e-07,-1.1909910271409068e-07,-2.22691682660734e-07,-7.954998047650879e-08,-3.6415730942663946e-08,-1.9108895855370186e-08,-2.436724773718477e-07,-5.128339321758251e-07,0.0,-4.6802791379800614e-07,0.0,0.0,-3.597860136996726e-06,-6.628850621652152e-06,-4.871341734331368e-07,0.0,-5.286752859688303e-07,-1.0766931232100675e-07
Nickel ores and concentrates,PL,2.9692744559,-2.7223235492257297e-05,-1.3319517054031896e-05,-5.8441148438108895e-06,-8.735668484956426e-07,-8.341722493609422e-05,-4.0056044551730175e-05,-1.0809017219461133e-05,-2.0495005357013904e-05,-7.515573934753457e-06,-3.6068697460684294e-05,-2.7885449584384456e-05,-8.628584825599919e-06,-1.427932110426772e-05,0.0,-6.758751389557393e-06,-9.929633093835778e-06,-5.5958778134333486e-05,-1.468268140608742e-05,0.0,-2.5336639592449837e-06,-8.301473233364778e-06,-0.0006786475689836778,-1.962638615618619e-05,-1.1011813081712083e-05,-3.7808001896401155e-05,-3.3788202310172858e-06,-1.2631609563144855e-05,-1.0547398464937004e-05,-4.0914735302665334e-07,-2.948842655820612e-07,-7.957156590671853e-07,-8.702302792512994e-07,-4.2406324029822865e-07,-9.659337531316832e-07,-6.036179085977283e-07,-1.843643339140107e-07,-1.8760776457513448e-07,-4.772388114170019e-07,-6.191246474528826e-06,0.0,-1.4108435161159677e-06,0.0,0.0,-6.943416096524702e-07,-3.91000057572359e-06,-2.1127912076120523e-06,0.0,-3.9339321064097037e-07,-2.070416877097914e-07
Nickel ores and concentrates,PT,0.00251095383191,-3.1683337857071823e-10,-7.560298888242062e-10,-3.779238947711147e-10,-2.007995588367953e-10,-3.6307491606990414e-10,-5.564452246848901e-10,-8.519373128211522e-10,-4.4089534815054643e-10,-8.53688754692725e-09,-3.71377368696789e-10,-1.44389297629324e-09,-1.1265266237106814e-09,-3.136745000344082e-10,0.0,-9.70897489218756e-10,-8.80918009836857e-10,-3.5517505551963533e-10,-1.2881469046910726e-09,0.0,-4.6026807908899195e-10,-5.976020845935999e-10,-4.0275901298061924e-10,-2.2522855617985056e-06,-3.5189481539787455e-10,-7.282042179721089e-10,-2.0106509788212577e-10,-1.3773812725490384e-10,-8.286334478282218e-10,-4.357552036035531e-11,-4.3297240458638276e-11,-1.4025845112971097e-10,-1.1548796021825258e-10,-5.848945273444731e-11,-1.6116443980285e-10,-4.904513006942798e-11,-4.830886132755426e-11,-2.056979059377108e-11,-7.423034091398886e-11,-5.526458520629673e-10,0.0,-2.6128313846539207e-10,0.0,0.0,-1.9749892808174844e-10,-6.787174094985949e-10,-2.1362783566936705e-10,0.0,-2.6225560766462586e-10,-1.404687232391705e-10
Nickel ores and concentrates,RO,3.62000659873,-2.321313769825237e-06,-2.458781351420314e-06,-8.509705783470685e-06,-5.712800728457798e-07,-2.3794367959575138e-06,-1.8928482523072113e-06,-2.5811493375572734e-06,-2.2469219471375888e-06,-1.3106812248197702e-06,-7.064226419661909e-07,-2.3753856129245022e-06,-5.570128915194652e-06,-5.319531207817471e-06,0.0,-2.792574412169371e-06,-1.5835930363104864e-06,-1.6621170247022692e-06,-3.7664580554147775e-06,0.0,-3.172561853038112e-06,-1.6555127173983278e-06,-2.760517472036665e-06,-1.2269601887656738e-06,-0.0022121561748702527,-6.959138552908978e-07,-2.362888789484312e-06,-2.819727754020752e-06,-1.0817327647898347e-06,-1.0657466575039869e-07,-1.2549347537493657e-07,-1.5720526591362558e-07,-5.665964977721742e-07,-2.1852775724202275e-07,-1.805161669598508e-07,-2.2057337754738873e-07,-1.1989355310337205e-07,-6.489494641575621e-08,-3.174149615695094e-07,-1.522245109133278e-06,0.0,-7.240697494761165e-07,0.0,0.0,-4.843046581074688e-07,-7.531358050193054e-07,-2.5132130178622033e-07,0.0,-4.3329879572307615e-07,-1.3145260585683537e-07
Nickel ores and concentrates,RU,397.278118529,-0.00011848107774916903,-0.00018771733901181952,-0.00035816805395390516,-0.0007059509107406117,-0.0002677710680670562,-0.00017117051993227727,-0.00019236956544028998,-0.0009377099486538472,-0.00013423513741241342,-0.00034664135076192484,-0.00014343234581504257,-0.0003656723932738249,-0.00035340303488721987,0.0,-0.000270227460693478,-0.00011298939378175853,-0.0012190965800678876,-0.00022441525677332341,0.0,-0.00027766503013807017,-0.0001586872466428688,-0.00030352815327413135,-7.782968539199319e-05,-0.0001666842563016235,-8.885759132770633e-05,-0.00023616993264723515,-0.000519622275090631,-0.00010264628411224947,-1.8976138334608474e-05,-3.995178535935808e-05,-4.705159213134288e-05,-4.334372002903478e-05,-6.676040089907752e-05,-4.184633015998629e-05,-2.0465565418690084e-05,-2.3402484576742858e-05,-1.8118226476935483e-06,-0.00020430388370461632,-0.00018937070533395567,0.0,-0.00018964665006194304,0.0,0.0,-7.542395835602e-05,-0.0007133594638748869,-6.463369126666724e-05,0.0,-3.245383872829219e-05,-2.5783355084470376e-05
Nickel ores and concentrates,SE,34.3018406,-1.4121579512960295e-05,-3.303608017807788e-05,-1.3125310541385113e-05,-2.6724095870235643e-05,-2.4732490254603657e-05,-2.8887406250267455e-05,-0.00032151739211434295,-0.00013040988653229273,-1.471129884930853e-05,-8.130252051795078e-05,-2.4160040197465022e-05,-0.000296957902039383,-2.0073088677606713e-05,0.0,-4.8854913769662906e-05,-1.7337286186293898e-05,-9.432785748495387e-05,-4.656131097764743e-05,0.0,-3.8373908396327845e-05,-2.050680784813901e-05,-4.027320378850104e-05,-1.2461350348521956e-05,-9.356100718371446e-06,-0.006323624168617771,-1.4010815479892675e-05,-8.925668854122028e-06,-3.351040076940588e-05,-3.3177275768626083e-06,-2.5453694648138708e-06,-4.623665422642063e-06,-4.960493526763726e-06,-3.548558689859882e-06,-8.899824327631083e-06,-1.0299319003728088e-06,-9.731906659111482e-07,-6.597602127936378e-07,-5.440618631171392e-06,-1.631311221672499e-05,0.0,-8.614570644303048e-06,0.0,0.0,-1.6261362077529718e-05,-3.540865619027472e-05,-1.9038632320677768e-05,0.0,-4.442320097780637e-06,-1.5738078324028248e-06
Nickel ores and concentrates,SI,4.72047317436,-4.543817148911546e-06,-5.403129545045432e-07,-8.341818923324713e-07,-2.1850785772279367e-08,-5.334337888412146e-07,-9.55851859170022e-07,-9.023898700980358e-07,-1.0358243997696931e-06,-6.599894312613931e-07,-3.413207626950204e-07,-5.687673732298532e-07,-5.781949183056793e-06,-0.00011818692348981596,0.0,-1.7113878323347616e-06,-6.546022253948829e-07,-4.3396142739573733e-07,-1.6836768144727624e-06,0.0,-1.1552015663423764e-06,-4.2990871030095287e-07,-4.001680366379396e-07,-1.0619844128089308e-06,-5.144889508459045e-07,-5.73369692284571e-07,-0.00027820000440056003,-1.0467158625255566e-06,-2.2259034617662863e-07,-2.4813227955282188e-08,-1.9001035869557357e-08,-6.034405369066202e-08,-2.284771359767891e-07,-2.0012403652830438e-08,-4.649234240173269e-08,-2.8358897418062117e-08,-2.312391549988924e-08,-2.7436607782498327e-08,-1.0682141179557343e-07,-1.0060953608852253e-06,0.0,-2.2489854287133929e-07,0.0,0.0,-8.625619997851559e-08,-2.592891599663089e-07,-1.7669602964842014e-07,0.0,-9.942858359207968e-08,-5.667403229790987e-08
Nickel ores and concentrates,SK,3.3324404974,-4.196930152912689e-06,-3.9835449710858805e-06,-4.9722251037591115e-06,-9.444539243430188e-08,-6.680475941701309e-06,-2.4847898311895223e-06,-5.613306767564662e-06,-1.3384648848016695e-06,-1.4923679861826292e-06,-2.9198120317231032e-06,-2.3561452498686182e-06,-3.6069707047092312e-06,-4.037258539799453e-06,0.0,-8.17308239691699e-07,-9.62322750902124e-06,-9.084083990276945e-07,-7.871866564627267e-07,0.0,-8.959824744231594e-07,-9.270019177081638e-07,-2.4035788012043105e-06,-2.9509170302937825e-06,-1.0362588101745045e-06,-7.2107533610306314e-06,-6.620810643530467e-06,-0.00014592843223399583,-5.092924117936118e-07,-1.0058118177603041e-07,-1.3911535822667426e-07,-7.287444598484625e-08,-1.1063246391062247e-06,-1.374555794066029e-07,-1.4764483142937116e-07,-3.625140383189554e-08,-3.0579600585902335e-07,-1.0710876137165916e-08,-1.284450365873496e-07,-5.615867949442136e-07,0.0,-4.810803181591335e-07,0.0,0.0,-1.3514053064218956e-07,-3.8980276004666116e-07,-2.6858476801420258e-06,0.0,-1.147145319172571e-07,-3.2749587634673055e-08
Nickel ores and concentrates,TR,3.84121000683,-2.295506358805786e-06,-3.832970020519598e-06,-2.335416118457945e-05,-8.266898473930203e-06,-2.040849505390309e-06,-2.3883431539758427e-06,-3.0384413748771026e-06,-6.062714896837474e-06,-3.192580376233207e-06,-1.95347535784395e-06,-3.3046608317462816e-06,-1.0814126534161042e-05,-1.0032217901839296e-05,0.0,-6.672381521624595e-06,-2.1413839122633616e-06,-4.159807548477571e-06,-9.005614076110434e-06,0.0,-7.232992163465324e-06,-4.108854410479088e-06,-2.6144812140298854e-06,-2.5884541992352196e-06,-3.4254210680720864e-06,-1.5854889657048187e-06,-1.078875465392488e-06,-1.2188437529346013e-06,-2.299346628880213e-06,-1.2453789030720584e-06,-1.017319924654794e-06,-1.3096198381007197e-06,-2.72991934509786e-06,-2.3687795103481073e-06,-3.3112364087913754e-06,-6.37736757089688e-07,-1.6577176037409658e-06,-9.266950712927946e-08,-6.5949246370920755e-06,-5.461848398314897e-06,0.0,-2.585470859690633e-06,0.0,0.0,-7.372388594800768e-06,-9.81095118323978e-06,-2.8151005830538555e-05,0.0,-7.259881775563109e-06,-1.1372844350886626e-06
Nickel ores and concentrates,TW,0.0,0.0,0.0,0.0,0.0,0.0,0.0,0.0,0.0,0.0,0.0,0.0,0.0,0.0,0.0,0.0,0.0,0.0,0.0,0.0,0.0,0.0,0.0,0.0,0.0,0.0,0.0,0.0,0.0,0.0,0.0,0.0,0.0,0.0,0.0,0.0,0.0,0.0,0.0,0.0,0.0,0.0,0.0,0.0,0.0,0.0,0.0,0.0,0.0,0.0
Nickel ores and concentrates,US,0.0,0.0,0.0,0.0,0.0,0.0,0.0,0.0,0.0,0.0,0.0,0.0,0.0,0.0,0.0,0.0,0.0,0.0,0.0,0.0,0.0,0.0,0.0,0.0,0.0,0.0,0.0,0.0,0.0,0.0,0.0,0.0,0.0,0.0,0.0,0.0,0.0,0.0,0.0,0.0,0.0,0.0,0.0,0.0,0.0,0.0,0.0,0.0,0.0,0.0
Nickel ores and concentrates,WA,4631.05959569,-0.002020860349482974,-0.004784480851989294,-0.0033787349295133595,-0.0030626093289044757,-0.0018356963066640131,-0.003207094744160866,-0.004629252488612685,-0.004437889389425671,-0.004339321216614948,-0.003926515787370786,-0.00462514933572741,-0.008370696063428659,-0.0025213665054752248,0.0,-0.005996713994953215,-0.0033954248077692887,-0.005643730769154271,-0.006119898150726704,0.0,-0.002805804619268844,-0.007411005083404955,-0.0018132039889568977,-0.0024904910154681706,-0.0018272820700130686,-0.0034364313240510635,-0.0014397139549673667,-0.0011332955200093287,-0.0068476880821560495,-0.002405173814476233,-0.00841760281199266,-0.006206063667024515,-0.0035462929427630676,-0.01272630521799064,-0.0038990377109898227,-0.0019966412000486187,-0.0007007812651019629,-0.003614683411858033,-0.022134050885872423,-0.007406003119347133,0.0,-0.01625627992388063,0.0,0.0,-0.008939597984983874,-0.0126261694045987,-0.006355155778340006,0.0,-0.001129698924751599,-0.0026086732576876023
Nickel ores and concentrates,WE,241.646275341,-0.00035436328082168753,-6.869282860142796e-05,-0.00031623140232886563,-3.4775811232002877e-05,-0.00010666474445879651,-0.0001561134372482039,-0.00015103150195208473,-0.005235823878985879,-8.213464057851234e-05,-0.0001656394455389862,-6.295149307691347e-05,-0.0020234177826534095,-0.0012076797533020983,0.0,-7.954434938784516e-05,-0.0001176214684252914,-0.006014063032721582,-6.983090142675477e-05,0.0,-3.807354421962053e-05,-6.844767596469954e-05,-0.0009007218727773989,-0.00017266387071169844,-0.00047099582542547524,-8.084960341188113e-05,-0.0001133513954397984,-0.00038656754089308454,-5.1374210555325135e-05,-2.089570168032801e-05,-2.1006469331291226e-05,-0.0001631522876369273,-1.634034298207058e-05,-2.876147320246793e-05,-8.359957626556883e-05,-8.88411572691559e-06,-4.38254224847708e-06,-2.073097398815695e-06,-2.8140489297171233e-05,-0.00011376100963314392,0.0,-5.880431626904436e-05,0.0,0.0,-4.046877771243048e-05,-0.0004632651892814491,-2.1900965648062753e-05,0.0,-2.1670790080847094e-05,-2.1238281637072346e-05
Nickel ores and concentrates,WF,1739.03858016,-0.00038678219056392386,-0.0020871005168822195,-0.0014015542582395144,-0.0024372938967657143,-0.0003934788031231463,-0.00046272801324244656,-0.0005926370368370236,-0.0011406704197058548,-0.002157491705850315,-0.0007812432654998977,-0.0029536496201172137,-0.007741396229096839,-0.00072191851083778,0.0,-0.0011396703071496163,-0.0009372166626832215,-0.0022020093187944457,-0.0015603200492560734,0.0,-0.0010331190401668435,-0.0009511568836294177,-0.0003579564243837755,-0.0038085409665069257,-0.0006153742271953324,-0.0004263451238127266,-0.0002952039870563808,-0.0001878193981524064,-0.0011997549738634286,-0.00020534793972301851,-0.00012650899118881186,-0.0005277850775118371,-0.0006845090969783226,-0.0004306558361839602,-0.00033736035161041346,-0.00013020155811185424,-8.464087303482754e-05,-1.861365254234919e-05,-0.00042367572145588064,-0.0008797556352056675,0.0,-0.000767306981412107,0.0,0.0,-0.005824711388561158,-0.0011062655243204782,-0.00035989832735312187,0.0,-0.021337723248722372,-0.0003877702253356057
Nickel ores and concentrates,WL,453.048485767,-0.00030076347088653095,-0.0005390915214411788,-0.00031454890144978157,-0.0006626816419182622,-0.00025875558183466877,-0.0005094671960778869,-0.001095649084428738,-0.000735034987255455,-0.001364272867532091,-0.0003967852633392095,-0.0005821653205205044,-0.00043283613409416267,-0.00033904496019247527,0.0,-0.0010763942303735092,-0.0005373193599327076,-0.0004495121941083843,-0.0009769780136962025,0.0,-0.0005817322346901511,-0.0009093047726316909,-0.0004583034632865949,-0.0009065919015510454,-0.00025466993097756724,-0.00035304865553879524,-0.00025770480316919216,-0.00022848234893756025,-0.0006124460682138484,-0.0008285349872899148,-0.0002668152192278296,-0.0005518462310842269,-0.000606388676385317,-0.0009206537510845358,-0.013088804805336019,-0.00010448613632555345,-0.0006830489154950407,-3.196302576358895e-05,-0.00034416151767645227,-0.0004930499610398742,0.0,-0.0007201090961860737,0.0,0.0,-0.0005288705467176766,-0.0009990032859090103,-0.026343428610060483,0.0,-0.00018549742608109062,-0.00013979427885544744
Nickel ores and concentrates,WM,161.166556978,-0.00010041580776607791,-0.00027530372532891793,-0.00020143904867414166,-0.00031527078652637667,-0.00010076805884724561,-9.97497855312368e-05,-0.00011447314713195363,-0.00019460789414085474,-0.00015686393094649644,-9.219225141308223e-05,-0.00019110214171423777,-0.00020712427563187238,-8.32021770852384e-05,0.0,-0.00020126179296098862,-0.00017067543296828553,-0.00010964270261216373,-0.0002617091268677364,0.0,-0.00011154817830420983,-0.0001037996148849919,-6.762568310111906e-05,-0.00010842015890075602,-0.00011093476188051779,-8.317774196728516e-05,-0.0001200821514692669,-4.8713524989996916e-05,-0.00018888602139410627,-8.471389872067282e-05,-5.246599464844764e-05,-4.3071828619450495e-05,-0.00011040746806473602,-0.00011679428963669841,-0.00010112836010325316,-3.657389384525841e-05,-2.38010112588525e-05,-2.344602800895022e-06,-0.0006731878045271178,-0.0001763505385887739,0.0,-0.00029118616906677265,0.0,0.0,-0.0010518773209441772,-8.346800721478092e-05,-0.00019660191527912316,0.0,-3.5402538327762004e-05,-0.0007952245132249776
Nickel ores and concentrates,ZA,171.184837918,-1.7890318067941495e-05,-4.600454536840955e-05,-2.9086774969535466e-05,-4.7142995971846405e-06,-2.043970971861839e-05,-3.1189534036107026e-05,-4.1328956557650724e-05,-3.012949515769449e-05,-2.7985823447967562e-05,-2.253977044561827e-05,-3.326730683950315e-05,-5.039628306697134e-05,-1.7116238399313437e-05,0.0,-5.933787388455989e-05,-0.00018640155058791892,-2.6730530912510132e-05,-6.334431181074298e-05,0.0,-5.407605760942348e-05,-2.6667565214949155e-05,-2.614097005712749e-05,-2.926914613755695e-05,-2.5783570443750938e-05,-3.908273802728564e-05,-1.8873208518500447e-05,-1.3603623602112108e-05,-2.739302183676973e-05,-6.465804743811371e-06,-8.356834898630668e-06,-2.275119999123679e-05,-1.0550068009535875e-05,-8.302957918807926e-06,-1.652475298283411e-05,-7.9116410747544e-06,-3.7546412745302905e-06,-1.5900286523949306e-06,-7.40046028931482e-05,-2.2769387408324088e-05,0.0,-6.715211159805902e-05,0.0,0.0,-0.015395581997242985,-8.087914027542261e-05,-2.2793396659539738e-05,0.0,-0.0005926906373200711,-1.4817332395416178e-05
Other non-ferrous metal ores and concentrates,AT,504.171646544,-0.06065092212970263,-0.00011655464065603134,-9.351229567875909e-05,-1.3678557107319166e-05,-0.00027402412130976935,-0.0002673094373867941,-7.071865485139979e-05,-7.515105545437416e-05,-4.866420169432224e-05,-4.666970187401196e-05,-8.494457877175194e-05,-0.00012241818999530102,-0.00029163030665964687,0.0,-0.0001124782560736271,-8.758906397568833e-05,-9.658998876829115e-05,-0.0005027208872415421,0.0,-0.00010534077980608164,-0.0001036850270861259,-0.0001425886293269529,-6.403708767422794e-05,-0.00013475359385633551,-5.746845254504844e-05,-0.00037893236126619335,-0.0002602238490228388,-4.969230811990989e-05,-8.526431042808044e-06,-7.219344600371762e-06,-1.0614713157276201e-05,-1.4506605127943888e-05,-1.1500281013866828e-05,-9.348739838956248e-06,-4.7372722677643e-06,-4.5494217790603955e-06,-1.0349164802980594e-05,-1.7680526939076313e-05,-0.00016201274981428922,0.0,-2.0936279306838272e-05,0.0,0.0,-1.9310507157838508e-05,-6.049159175012587e-05,-1.841975459895178e-05,0.0,-1.2130469316336945e-05,-5.913224697465636e-06
Other non-ferrous metal ores and concentrates,AU,7318.96823223,-0.020894796193876675,-0.025078260354058805,-0.013483948495781196,-0.005922525070952459,-0.012827399037126744,-0.02202337496320425,-0.028244432880699055,-0.026348588991680737,-0.02163803111068821,-0.019723663666232665,-0.02723029620984333,-0.02780772854726362,-0.013178121182633187,0.0,-0.058793398202760326,-0.018070254942325118,-0.01840934104282829,-0.0393313512261819,0.0,-0.029682210487773295,-0.026553092045533463,-0.015223777716987767,-0.01850311280209498,-0.011235575273125072,-0.01978159597410648,-0.02175133973791124,-0.00713009790201602,-0.03683548817245789,-0.011772347691166593,-0.020224997518827288,-0.023768905346817925,-0.010905623399079611,-0.019662043328539307,-0.008177196217239014,-0.00459807091899831,-0.0042839238542763435,-0.001985662581345109,-19.728431361153977,-0.02337281389680816,0.0,-0.0638520741626166,0.0,0.0,-0.04957081055536897,-0.14486225122163018,-0.024706347427280076,0.0,-0.006828937076151108,-0.006639740342270444
Other non-ferrous metal ores and concentrates,BE,738.833531647,-0.002545750460400813,-0.6469350079060785,-0.02205352969029541,-0.0010660552117940376,-0.002965911404262133,-0.006629821164422977,-0.004701204679285419,-0.0035754651581470366,-0.011798568005670057,-0.0023006409579020572,-0.01593651986804007,-0.004618190816702808,-0.004960082821869386,0.0,-0.00790320946257744,-0.003929895752012796,-0.00270416878481337,-0.008142485271989304,0.0,-0.002070555231887121,-0.010605221031214824,-0.003607804721924198,-0.0029689051609295405,-0.0021869339609125985,-0.0030310181579338642,-0.0037896610887120075,-0.002646127745949731,-0.006482063632922217,-0.0010934155381484823,-0.0005776861509807851,-0.0008216931541299134,-0.0012494493557190913,-0.0006225479717298992,-0.001132907625909217,-0.00028390571366926424,-0.0005636461222807204,-0.0001075954685542937,-0.007058484873967155,-0.003269698785823167,0.0,-0.0027328234899884254,0.0,0.0,-0.002679260841924421,-0.012961668371949585,-0.003649983482663726,0.0,-0.0014067883046541229,-0.0005864435404203053
Other non-ferrous metal ores and concentrates,BG,13.6914197727,-7.931971577117642e-05,-0.00021584206236266847,-0.10214122234421119,-1.5793801187888154e-05,-6.114681198927058e-05,-9.069561310264344e-05,-8.346957084208676e-05,-0.0003437801045932949,-6.857566740941556e-05,-2.0843491756964397e-05,-0.00012374576799071264,-0.0004134663664018679,-0.0004355139423745558,0.0,-9.863075040840582e-05,-0.00015195156143222612,-0.00015766847942942565,-7.511422481087521e-05,0.0,-0.00040886247323932426,-0.0001938468857053772,-0.00024896642502951586,-6.679626906758562e-05,-0.0005593792506446693,-5.526999172369998e-05,-3.0137301272281566e-05,-6.834021632811388e-05,-6.616378258625799e-05,-6.160511919119185e-05,-4.352092900579861e-06,-1.672573710080842e-05,-0.000139252795754929,-1.4638377374192182e-05,-2.165379249035438e-05,-8.206423302659733e-05,-0.00015769497105520657,-2.064992886885936e-06,-0.0008770175762363665,-0.0003802869987124819,0.0,-1.5509008252952155e-05,0.0,0.0,-0.00018568322235497424,-3.549905792689564e-05,-1.3392242901765262e-05,0.0,-8.983243736578153e-05,-7.924660325451711e-06
Other non-ferrous metal ores and concentrates,BR,1043.69482172,-0.011334612682487592,-0.018985537555503848,-0.006439569772275821,-0.005624295374536277,-0.007606543975254422,-0.014321161656171246,-0.01476939578048025,-0.008641530143793298,-0.016756849985413554,-0.008577634919160861,-0.017003362359303775,-0.009219726297991573,-0.006901405157539859,0.0,-0.018428365173202284,-0.011538257821477061,-0.005725314469872031,-0.026391541366995216,0.0,-0.012004639331025368,-0.02224905773024351,-0.007548205887193378,-0.018851291437970166,-0.0061256992269298075,-0.008428369067030204,-0.013524736440299886,-0.004056056306018423,-0.011779671567849785,-0.008643223950744171,-0.006186960221523263,-0.014371634480791092,-0.006193253160203203,-0.011046646687667909,-4.194044452628951,-0.002515256750103397,-0.006705605696661238,-0.0005535441937996298,-0.026567860344299057,-0.011583550702577376,0.0,-0.031739559189231804,0.0,0.0,-0.02799389531646593,-0.022943206082443407,-0.15662020348406316,0.0,-0.008063164656897168,-0.0028693815113738697
Other non-ferrous metal ores and concentrates,CA,664.190770448,-0.00011072740713642903,-0.00029373682914923534,-0.00028899989698477385,-6.432858215237822e-05,-7.83019881087417e-05,-0.00015171877718346433,-0.00020815864528293186,-0.00011563996267959034,-0.00013078385483886984,-0.00016399468575323942,-0.00016443664956090364,-0.0002196562808388474,-7.313676742999547e-05,0.0,-0.00029323998075846266,-0.00020354384035779782,-7.497879529835233e-05,-0.00020382218844777086,0.0,-0.00012712815814574255,-0.00015865953725358086,-7.901169681235918e-05,-0.0001139795792154169,-6.496896787212615e-05,-8.878074394449894e-05,-0.00011178882417715788,-4.931210389148792e-05,-0.00041416486061946335,-0.00040316714425193777,-7.513699825247515e-05,-8.49338967037556e-05,-0.07836341151759876,-9.757074638908822e-05,-0.00024741212343024776,-2.5058214517984417e-05,-0.00024320969166226835,-7.398309776105013e-06,-0.00017232844306652495,-0.00013843360515734926,0.0,-0.0006032394718034734,0.0,0.0,-0.00016570915619786678,-0.00035617086248650404,-0.0011459639389322946,0.0,-4.993287979698553e-05,-2.446788153377408e-05
Other non-ferrous metal ores and concentrates,CH,0.0,0.0,0.0,0.0,0.0,0.0,0.0,0.0,0.0,0.0,0.0,0.0,0.0,0.0,0.0,0.0,0.0,0.0,0.0,0.0,0.0,0.0,0.0,0.0,0.0,0.0,0.0,0.0,0.0,0.0,0.0,0.0,0.0,0.0,0.0,0.0,0.0,0.0,0.0,0.0,0.0,0.0,0.0,0.0,0.0,0.0,0.0,0.0,0.0,0.0
Other non-ferrous metal ores and concentrates,CN,50995.8313313,-1.0703920524916255,-1.3419954437385189,-2.3519940156787618,-0.35307130148972854,-0.9445865869038946,-1.7947694590566328,-1.2767624848100745,-0.8809284061298136,-2.15276168478939,-1.2360312719428643,-1.3953594781988532,-0.6176337219896781,-0.7931703047185458,0.0,-1.2358393949653732,-0.8392751517238856,-0.8156885553033115,-1.6458851125245646,0.0,-0.5718047099434422,-0.8497268348600727,-0.781217054369948,-0.7838245131185048,-1.0374163110972419,-0.769320905309418,-0.9865232286453387,-0.4591902209182757,-1.2473509851552973,-0.5929530815683008,-2.762821808804199,-17.783355810245,-1.4839714613885404,-2.9849077871416743,-1.7831976047548428,-0.186512008930941,-1.7665371640815397,-0.04717948874539155,-9.751497267850866,-1.1655390596312691,0.0,-1.1530504800177708,0.0,0.0,-4.390355276245713,-7.352018877612321,-271.4724635024988,0.0,-0.5394552051869087,-0.6953544684405067
Other non-ferrous metal ores and concentrates,CY,0.00762132403896,-4.1296766711076724e-11,-1.2730930303427998e-10,-6.457983021539796e-11,-5.041345231084396e-06,-5.293608969471331e-11,-6.781929581851537e-11,-7.312222137479496e-11,-7.735191614461319e-11,-7.891135130499982e-11,-5.065850594140825e-11,-8.883563785080176e-11,-9.968908284148934e-11,-4.3702239114874166e-11,0.0,-3.780461422725755e-09,-8.33161039262886e-11,-7.905556676471437e-11,-4.869813282373893e-09,0.0,-6.022478810898844e-09,-2.2975859558769612e-10,-4.5190353230281704e-11,-7.221190940699413e-11,-6.154879267369991e-11,-3.9616624225628754e-11,-3.132045193645578e-11,-2.121017558611339e-11,-2.33426813870389e-10,-3.046694787169007e-11,-4.51442381627068e-11,-4.301571855401177e-11,-3.189329359662047e-11,-5.545251535536809e-11,-3.825158913495014e-11,-2.5844600435249133e-11,-8.842195744467762e-12,-7.543573583175357e-12,-1.1053900061517648e-10,-7.655284880152922e-11,0.0,-1.659475392805455e-10,0.0,0.0,-1.2229921125994696e-10,-1.662209508975677e-09,-6.39862423584328e-11,0.0,-1.1361040488748815e-10,-4.913408731984395e-10
Other non-ferrous metal ores and concentrates,CZ,4.90047978638,-1.7783451493889863e-06,-1.6346666710920891e-06,-1.399853765489522e-06,-7.012570475652781e-07,-0.0003567341284086569,-3.5094549230760022e-06,-2.0766159816941698e-06,-2.244469732737479e-06,-8.496157459441806e-07,-7.091052050113173e-07,-1.111842564721789e-06,-1.8493753747860318e-06,-5.925844984018751e-06,0.0,-3.17266628237791e-06,-9.272112703714271e-07,-3.4881447044200035e-06,-4.362595002057366e-06,0.0,-2.2443468935561703e-06,-1.358635189004993e-06,-3.7599185421735443e-06,-9.771616591673768e-07,-2.860220674559059e-06,-7.278042647869007e-07,-1.6071856486024698e-06,-5.258697165987524e-06,-8.301699388476293e-07,-9.557803243791101e-08,-1.354060961808184e-07,-2.2269295679590656e-07,-8.201835977336774e-07,-2.268219035084296e-07,-1.4616761366192251e-07,-7.544896573880757e-08,-6.601308469418352e-08,-5.5707856167168634e-08,-2.547666739594018e-07,-1.526475206219532e-06,0.0,-4.276086001126589e-07,0.0,0.0,-4.335793261299338e-07,-2.0165586133348165e-06,-2.968737038260291e-07,0.0,-2.847196363739113e-07,-1.3597710841660518e-07
Other non-ferrous metal ores and concentrates,DE,0.72996391487,-1.331774909454672e-05,-1.6852775136147655e-05,-1.6564981823202878e-05,-7.925716190263776e-07,-1.471470937573563e-05,-5.540696552392082e-05,-8.326433875548317e-06,-5.2639444033078956e-06,-5.189219504086415e-06,-3.828616842318527e-06,-1.370331782446295e-05,-4.018617339041209e-06,-9.33828188411566e-06,0.0,-1.2533655367678332e-05,-6.99734220387347e-06,-6.540801205374528e-06,-2.682229672002341e-05,0.0,-5.3562152878548245e-06,-8.6321786322999e-06,-1.4021364610979795e-05,-5.600786324485491e-06,-8.639250006074892e-06,-5.667320085767374e-06,-2.015859597408284e-05,-7.823462931366258e-06,-5.332672375699651e-06,-6.259654991706103e-07,-9.271162526784421e-07,-8.007442146461577e-07,-9.753607668506155e-07,-1.3464780157024674e-06,-1.0400753043453948e-06,-2.539848026529772e-07,-4.093061638394865e-07,-6.86889187552189e-07,-1.3141953475491135e-06,-8.19232336787349e-06,0.0,-2.978286611736032e-06,0.0,0.0,-8.153501618412761e-06,-4.6441975898345e-06,-6.118008623942272e-06,0.0,-5.938379538361393e-07,-2.460002773681605e-07
Other non-ferrous metal ores and concentrates,DK,0.0183216649505,-1.4044629939211685e-08,-3.3323497487031156e-08,-1.8318880273069815e-08,-3.6027680802111582e-09,-2.0864710031674756e-08,-3.865443334083733e-08,-6.515660507164249e-05,-6.278441438748477e-08,-1.7052074776710833e-08,-2.466105371487155e-08,-2.0387740247168102e-08,-4.730607288818504e-08,-2.480135908008429e-08,0.0,-5.0849628159998445e-08,-1.3307898719720987e-08,-6.387872935804463e-08,-4.216841453084372e-08,0.0,-4.392083461081951e-08,-4.113201781638411e-08,-4.703667728486521e-08,-1.4801660118109326e-08,-9.104556213779676e-09,-7.861829509876288e-08,-1.7103375368547193e-08,-1.3011708605698774e-08,-3.9945475382152533e-08,-3.608145918992624e-09,-2.4654766421451643e-09,-3.1784683855541306e-09,-5.840331593096161e-09,-2.3240766632557847e-09,-3.2286787918282754e-09,-1.7346755373649037e-09,-2.866072267577699e-09,-1.7240238856892235e-09,-1.1016227914966648e-08,-3.348883932904231e-08,0.0,-6.074390290523943e-09,0.0,0.0,-8.178503813629105e-09,-1.4187613468772705e-08,-4.949757721048477e-09,0.0,-4.963880534351711e-09,-3.0003325355329007e-09
Other non-ferrous metal ores and concentrates,EE,0.0,0.0,0.0,0.0,0.0,0.0,0.0,0.0,0.0,0.0,0.0,0.0,0.0,0.0,0.0,0.0,0.0,0.0,0.0,0.0,0.0,0.0,0.0,0.0,0.0,0.0,0.0,0.0,0.0,0.0,0.0,0.0,0.0,0.0,0.0,0.0,0.0,0.0,0.0,0.0,0.0,0.0,0.0,0.0,0.0,0.0,0.0,0.0,0.0,0.0
Other non-ferrous metal ores and concentrates,ES,69.2764654492,-0.00040818849186973795,-0.0010982580243513508,-0.0006326920651678565,-0.00031469612558627694,-0.0005121735570160332,-0.0008107050185214247,-0.0013456565749292771,-0.0004745734164674686,-0.2131138169814283,-0.00027966645697184613,-0.002982699647631426,-0.0008052592190464195,-0.0006616319725462949,0.0,-0.00134834720947563,-0.001188146430374156,-0.00045070003306473325,-0.0012829527562829178,0.0,-0.0006124585778219373,-0.0007884654610641484,-0.0005308207627481142,-0.005474010876985631,-0.0004099664042659557,-0.0003654582639964313,-0.001006689391543677,-0.0003974381430330978,-0.000958481323068195,-7.919445697836192e-05,-7.669158083722683e-05,-0.0001419842180460902,-0.00022432649303022603,-0.00010865816130105936,-0.00020751411722415078,-3.866207773088942e-05,-7.360202076046764e-05,-4.27876232313745e-05,-0.00022048524948038855,-0.0006114697039512219,0.0,-0.0004111933960276626,0.0,0.0,-0.00035539652472838277,-0.000489761399675184,-0.0008302072244445987,0.0,-0.0014172961910827392,-0.00010347820405786278
Other non-ferrous metal ores and concentrates,FI,17.917263596,-2.796719252026527e-06,-9.153296533548618e-06,-2.582185128232301e-06,-3.8482400297538865e-06,-3.921284376998951e-06,-5.84240886092247e-06,-2.2423007925470205e-05,-0.00011811183392272056,-4.233959591300286e-06,-0.004973977127234082,-3.936786634538658e-06,-5.727429811779298e-06,-3.773971165449392e-06,0.0,-1.3240627351988053e-05,-2.694586634794515e-06,-1.789819257368095e-05,-1.2616757957641367e-05,0.0,-8.87047897449934e-06,-5.483492321360172e-06,-7.015253300037447e-06,-2.7246813544951834e-06,-2.4713471896909234e-06,-1.2710035513935002e-05,-2.4692837613096863e-06,-1.8043859194900864e-06,-6.10796375847931e-06,-7.512248102490607e-07,-6.79634557775142e-07,-1.5036666825628588e-06,-1.939205273087176e-06,-1.0611120507431691e-06,-1.177760699567336e-06,-4.138724708225839e-07,-2.9639500757591345e-07,-4.854572065510061e-07,-1.2040601179685857e-06,-6.867320554816534e-06,0.0,-2.236311043806912e-06,0.0,0.0,-1.143013800056661e-06,-6.5167297219397216e-06,-1.2291544789777111e-06,0.0,-1.1658109806787283e-06,-3.6104047228831236e-07
Other non-ferrous metal ores and concentrates,FR,3.56186849269,-5.477661309662523e-05,-0.00020633706100824174,-3.753951380794407e-05,-0.000550718233565968,-3.277702626494085e-05,-5.302707485108108e-05,-0.00012962938641449014,-0.00013422562254439158,-7.493451238804092e-05,-8.944596439144976e-05,-5.53841303791094e-05,-6.266127513597798e-05,-0.00037035124980658914,0.0,-0.001024839813539066,-4.822814173519468e-05,-7.107295323974198e-05,-0.0010160602266887616,0.0,-0.0002488255379871436,-0.00039301589319610825,-3.572618228182589e-05,-0.0001287300106984838,-3.0128507344705794e-05,-0.00010075343744199954,-1.61080790388291e-05,-1.734157255367095e-05,-0.00011632084794197568,-1.3531938195806418e-05,-1.4982934403451801e-05,-8.23598560074423e-06,-6.648174255658061e-05,-3.067443871783969e-05,-1.1915308414394672e-05,-5.9745965677895155e-06,-3.440958036780667e-06,-4.0372095836474186e-05,-1.7933663942127594e-05,-0.00019040424544364919,0.0,-1.813094423002442e-05,0.0,0.0,-0.00047834932568102976,-3.6610627559669876e-05,-2.1299516319035527e-05,0.0,-0.00018936924942036362,-1.5989795805145806e-05
Other non-ferrous metal ores and concentrates,GB,0.00012106941375,-2.1701124782339064e-10,-6.592735774790943e-10,-1.3512245385079102e-10,-1.6380785925695364e-10,-3.3541245700748293e-10,-2.538124072182154e-10,-4.699328843373708e-10,-4.279587131071892e-10,-5.24977829806102e-10,-1.8954488485705884e-10,-5.93397196019564e-10,-3.333969808832396e-10,-3.6400186862056206e-10,0.0,-1.6334886619927947e-09,-1.9590760833224496e-10,-5.793606799169927e-10,-8.530917212865707e-10,0.0,-3.5308630279181737e-10,-2.744236878842886e-09,-2.9524020173051594e-10,-5.316245051166564e-10,-1.9208450656277727e-10,-2.444519326748929e-10,-9.298721764582656e-11,-1.7560757498307855e-10,-8.045800686848097e-09,-5.2966527996270196e-11,-4.001902660170223e-11,-4.7024138782850686e-11,-6.617279841737366e-11,-3.412066692001712e-11,-3.0367093428392797e-11,-2.2279041660593845e-11,-2.0293279405081676e-11,-3.510899947111315e-11,-7.318687982264877e-11,-3.1821347915990423e-10,0.0,-1.6966353918572422e-10,0.0,0.0,-1.6355752821937274e-10,-1.2827521102183269e-10,-5.6819610051900864e-11,0.0,-6.278017460084709e-11,-2.779121154021613e-11
Other non-ferrous metal ores and concentrates,GR,0.00283675823659,-7.605740830882712e-08,-1.4735240531063302e-07,-3.1698868421417966e-07,-1.539598530576926e-07,-1.024744315855109e-07,-5.808392517992131e-07,-1.3895957124618086e-07,-6.126927968154161e-07,-2.021091171745326e-07,-1.7770587620318202e-07,-3.6432888662017875e-07,-5.464188261880586e-06,-2.080180936782185e-06,0.0,-1.1591406918641878e-07,-2.6607593142104e-07,-2.2713237669210486e-06,-1.8439644555589272e-07,0.0,-1.212239856601732e-07,-1.1567736746991e-07,-4.4981019168621573e-07,-7.60997607666169e-08,-7.7190789451232e-07,-2.2319801362379996e-07,-1.0127225487998178e-07,-7.908866534130556e-08,-8.233117952586694e-08,-1.5323325827875857e-08,-2.215385880055878e-08,-1.0524546732034563e-06,-2.4501623455888017e-08,-3.0278842821703246e-08,-1.5307942158944764e-07,-1.2877380309335994e-08,-7.994569135984598e-09,-3.5490006302357586e-09,-6.588680090681818e-08,-1.166071401751128e-07,0.0,-5.930906759791688e-08,0.0,0.0,-7.757163752393491e-08,-3.2099771979579895e-07,-4.8427671754251605e-08,0.0,-3.645692766174074e-08,-6.044270139042087e-08
Other non-ferrous metal ores and concentrates,HR,0.0940928998518,-7.057832829038198e-08,-6.540713435428783e-08,-9.224543504264384e-08,-1.3708914525523897e-08,-3.996927224803296e-08,-2.990734252804449e-08,-7.680130556814437e-08,-3.754516335872805e-07,-3.561240691666772e-08,-1.6572521548322165e-07,-3.472746471464683e-08,-1.52274856729693e-07,-1.884888009381942e-06,0.0,-1.0071581738035773e-06,-3.344438817685818e-08,-1.465085238146534e-07,-9.671223878200077e-07,0.0,-6.184639562922653e-07,-1.4223078473436685e-07,-4.9501444371275846e-08,-7.262579334249635e-08,-5.578649260985929e-08,-6.332963858699857e-08,-7.951131802571745e-07,-4.549986584030554e-08,-3.900062089332842e-08,-5.536304213943439e-09,-3.129228559385146e-09,-6.470184854381987e-09,-1.0661226591864558e-07,-4.442037528078748e-09,-8.03887607986414e-09,-4.3765973609449155e-09,-4.241305726293335e-09,-3.4961334543541434e-09,-2.373391751673628e-08,-5.268412169412014e-07,0.0,-1.660607039901347e-08,0.0,0.0,-1.9615176358726176e-08,-2.4231145603439007e-08,-2.3448596185045502e-08,0.0,-4.727075966315215e-08,-7.7083873539779e-09
Other non-ferrous metal ores and concentrates,HU,4.78196507338,-1.121572355796983e-06,-9.428209016783225e-07,-1.0237729369581388e-06,-5.995945713720479e-07,-1.6341685312504707e-06,-8.918410060752721e-07,-1.1083193803167084e-06,-1.0098636573171777e-06,-7.300434901992263e-07,-4.3872714948400526e-07,-6.807679842881929e-07,-1.4311300774253116e-06,-5.1442729086340854e-05,0.0,-4.0391641431771166e-06,-7.451414926104687e-07,-1.3362996494964868e-06,-5.077961407455043e-06,0.0,-2.6256790556142815e-06,-1.3970514814999125e-06,-1.1589080852473527e-06,-5.290499316260027e-07,-1.3855663943923954e-06,-4.665287320771362e-07,-1.0812696371469037e-06,-2.460418735823149e-06,-1.2551198669089957e-06,-9.663089553895641e-08,-2.3295682091512994e-07,-1.0592327908065057e-07,-8.633195388945549e-07,-4.955096159842532e-07,-1.515909553942973e-07,-4.722868072475782e-08,-5.3782841917746856e-08,-3.006740707418979e-08,-2.3279270092004158e-07,-7.32981172989793e-07,0.0,-3.575186909805105e-07,0.0,0.0,-3.4516248118670375e-07,-7.361948683214552e-07,-1.9915175451156644e-07,0.0,-4.067818706778891e-07,-2.7300164606304414e-07
Other non-ferrous metal ores and concentrates,ID,2.84845387344,-3.29989774303355e-05,-9.146197388615172e-05,-2.2726046675396704e-05,-0.00028171313382751337,-3.4850670640123106e-05,-3.112289217844624e-05,-9.714938156814336e-05,-0.0001850147724732109,-3.674300967354985e-05,-0.00011168174087927174,-3.596369171347076e-05,-0.0001099733403320534,-4.7996576529515906e-05,0.0,-0.0004423811875791055,-3.6046002700729174e-05,-6.36511752476101e-05,-0.00035254180906896476,0.0,-0.0003561085103205681,-0.000194693088306023,-2.6841731707538305e-05,-4.593566588701691e-05,-3.923918605953304e-05,-6.809906654458644e-05,-1.5053354911805638e-05,-2.2403034856630646e-05,-3.965362230772993e-05,-6.693863277044534e-06,-5.84457027367626e-05,-1.622675286206736e-05,-8.334866121158066e-05,-5.3112258581841644e-05,-9.772694389811573e-06,-2.735986389437109e-05,-4.287079488572066e-06,-5.553961108505034e-06,-0.0006110463308338118,-0.00018449581114079054,0.0,-4.053046750914054e-05,0.0,0.0,-2.815188187108725e-05,-7.972163022622404e-05,-2.294644773410894e-05,0.0,-2.1130399237136937e-05,-7.492152423305144e-06
Other non-ferrous metal ores and concentrates,IE,0.0,0.0,0.0,0.0,0.0,0.0,0.0,0.0,0.0,0.0,0.0,0.0,0.0,0.0,0.0,0.0,0.0,0.0,0.0,0.0,0.0,0.0,0.0,0.0,0.0,0.0,0.0,0.0,0.0,0.0,0.0,0.0,0.0,0.0,0.0,0.0,0.0,0.0,0.0,0.0,0.0,0.0,0.0,0.0,0.0,0.0,0.0,0.0,0.0,0.0
Other non-ferrous metal ores and concentrates,IN,1922.57718872,-0.00046084088238126117,-0.0012459657882293812,-0.0004719352104393779,-0.0010522162146753221,-0.000419540042719927,-0.0006497266427128334,-0.0011253874597269514,-0.0011066344565551023,-0.0006739008512570982,-0.000666196744172811,-0.0007391573809892179,-0.0007848857311464909,-0.0006403918132044666,0.0,-0.0015037419420503623,-0.0006644577361497889,-0.000995381105920052,-0.0013425386061713957,0.0,-0.0014965206351179444,-0.0008733044413628725,-0.00039057103686490104,-0.00044677690803053576,-0.00046433851408303597,-0.0004297568304231918,-0.0004951825164474206,-0.00038324452140930455,-0.0011496187849189283,-0.00025151789033495153,-0.0005223224258211902,-0.0007342795343977124,-0.00048003591654124884,-0.0008280960941569903,-0.00033718478166477455,-0.04892621503346199,-0.00013357850570175396,-0.000124669773423319,-0.0014327766358587352,-0.000760369154382646,0.0,-0.0014221719652533615,0.0,0.0,-0.0017018357067407229,-0.002664325751027713,-0.0015300753741162377,0.0,-0.0007814793318445064,-0.0006906459673191971
Other non-ferrous metal ores and concentrates,IT,0.466316559482,-7.32484415786784e-11,-2.442835369309686e-10,-3.3542465283161496e-10,-2.037631881095446e-12,-2.1874476328642147e-11,-6.445523536189366e-11,-2.1111249278221e-11,-1.4228512735004907e-11,-8.891027622336706e-11,-1.830975147299598e-11,-1.0463497045390699e-10,-7.934380228726763e-11,-3.917844544696397e-11,0.0,-1.621363329104478e-11,-3.70392873757688e-09,-1.1803865733768596e-11,-3.2598591441966753e-11,0.0,-4.935337888009416e-12,-3.7431438982443166e-11,-3.3826766081569503e-11,-1.1646684208852439e-11,-1.6347259708542e-11,-3.7479522282661327e-11,-1.9201555369972473e-10,-2.984960663152765e-11,-3.4839588737814004e-11,-3.22919379288575e-12,-6.236488280789164e-12,-1.5657066832475078e-12,-5.4405874850342446e-12,-4.671227282724562e-12,-6.567485381780957e-12,-6.626047489719651e-13,-4.25784490140272e-12,-2.538375437289177e-13,-1.1560349455726214e-11,-3.47085481330126e-11,0.0,-2.0246072267793053e-11,0.0,0.0,-1.217858195079081e-11,-7.275165623006461e-12,-1.2069791594628043e-10,0.0,-3.876432860008152e-12,-9.404992220291312e-13
Other non-ferrous metal ores and concentrates,JP,61.259719393,-1.5819478115961202e-05,-4.400851979376611e-05,-1.2415859333749898e-05,-9.753616060376616e-05,-1.6457412272064413e-05,-1.898758668639009e-05,-0.00013188061263301983,-4.730862706749709e-05,-2.3345600574724972e-05,-3.5437857519286814e-05,-2.2113109756285034e-05,-6.907042602847056e-05,-2.8416458462833574e-05,0.0,-0.0002217779211641414,-2.114407591792108e-05,-3.151749708814335e-05,-0.00010420169369383458,0.0,-0.00010095150411418002,-8.686701008552239e-05,-1.3134546546664744e-05,-1.6706762943081967e-05,-1.790098789165226e-05,-2.894581183482484e-05,-9.704560419290622e-06,-2.9228405237028977e-05,-3.70204797768887e-05,-2.3463354495402666e-05,-0.11475148007982117,-1.8163259829514623e-05,-4.164939297951737e-05,-3.948836343297594e-05,-9.381404609623484e-06,-4.047547476528361e-06,-1.1182615922874217e-05,-2.062545648420973e-06,-9.562628247774594e-05,-7.176525325784392e-05,0.0,-5.441161563319754e-05,0.0,0.0,-2.327737470715143e-05,-6.653948825114387e-05,-3.278501149586029e-05,0.0,-6.631055876499126e-06,-1.850417388194128e-05
Other non-ferrous metal ores and concentrates,KR,4.64846308348,-4.4460526177086166e-05,-0.00013799032458141085,-0.00021774955806009194,-9.852694724260918e-05,-4.850608523834655e-05,-5.212283631795906e-05,-8.236005665978894e-05,-0.00024386794362100736,-7.545269167966955e-05,-7.25824475517807e-05,-0.00011182146725998438,-0.00013141072307407578,-0.00014374642234323264,0.0,-0.00020039571548118214,-7.87807740521935e-05,-0.00010494565519213863,-8.026311410985125e-05,0.0,-0.00029241377494180956,-0.00016668066378823336,-0.00015156105859658338,-5.609376957894905e-05,-5.3569513248737674e-05,-5.3082286089789667e-05,-1.8076675314811658e-05,-3.6721651846585575e-05,-9.475179876939286e-05,-6.264168034398716e-05,-0.00013519267358523264,-0.000109179653371983,-0.00011609162580732012,-0.002730370727247968,-3.3695472333230317e-05,-7.420681899880084e-05,-0.00010651105615239711,-9.335240770469876e-06,-0.0005636246222773499,-0.00019456120537061474,0.0,-9.276960867851955e-05,0.0,0.0,-0.00017822773844999225,-0.00021127060058616205,-5.0635529082809837e-05,0.0,-7.695030724161893e-05,-8.050970833023886e-05
Other non-ferrous metal ores and concentrates,LT,0.0,0.0,0.0,0.0,0.0,0.0,0.0,0.0,0.0,0.0,0.0,0.0,0.0,0.0,0.0,0.0,0.0,0.0,0.0,0.0,0.0,0.0,0.0,0.0,0.0,0.0,0.0,0.0,0.0,0.0,0.0,0.0,0.0,0.0,0.0,0.0,0.0,0.0,0.0,0.0,0.0,0.0,0.0,0.0,0.0,0.0,0.0,0.0,0.0,0.0
Other non-ferrous metal ores and concentrates,LU,0.0,0.0,0.0,0.0,0.0,0.0,0.0,0.0,0.0,0.0,0.0,0.0,0.0,0.0,0.0,0.0,0.0,0.0,0.0,0.0,0.0,0.0,0.0,0.0,0.0,0.0,0.0,0.0,0.0,0.0,0.0,0.0,0.0,0.0,0.0,0.0,0.0,0.0,0.0,0.0,0.0,0.0,0.0,0.0,0.0,0.0,0.0,0.0,0.0,0.0
Other non-ferrous metal ores and concentrates,LV,0.0,0.0,0.0,0.0,0.0,0.0,0.0,0.0,0.0,0.0,0.0,0.0,0.0,0.0,0.0,0.0,0.0,0.0,0.0,0.0,0.0,0.0,0.0,0.0,0.0,0.0,0.0,0.0,0.0,0.0,0.0,0.0,0.0,0.0,0.0,0.0,0.0,0.0,0.0,0.0,0.0,0.0,0.0,0.0,0.0,0.0,0.0,0.0,0.0,0.0
Other non-ferrous metal ores and concentrates,MT,0.0,0.0,0.0,0.0,0.0,0.0,0.0,0.0,0.0,0.0,0.0,0.0,0.0,0.0,0.0,0.0,0.0,0.0,0.0,0.0,0.0,0.0,0.0,0.0,0.0,0.0,0.0,0.0,0.0,0.0,0.0,0.0,0.0,0.0,0.0,0.0,0.0,0.0,0.0,0.0,0.0,0.0,0.0,0.0,0.0,0.0,0.0,0.0,0.0,0.0
Other non-ferrous metal ores and concentrates,MX,294.79808757,-0.00045066562714733504,-0.0006494680512938042,-0.00036433876825088854,-0.00018033451833325315,-0.0003209085332585806,-0.0006821390423490452,-0.0007500039084847015,-0.0005624510898361933,-0.0008900019265140364,-0.00026124956478341016,-0.0006698734311044036,-0.0008538058200720924,-0.0003339530896921448,0.0,-0.0009360760555764047,-0.00036564171920413146,-0.00031169538629265657,-0.0010368466784447723,0.0,-0.0004998393074882383,-0.0005227395722018265,-0.00038807342149212626,-0.0004900261186303415,-0.0003281143367426598,-0.00030434434164620326,-0.0005799333939634895,-0.0002866432540386375,-0.0004253902981778169,-0.001727609506579829,-0.0002982230276706398,-0.0006773704877651701,-0.0008178306130181785,-0.000521134434796669,-0.000697329828266775,-0.00010431858156052643,-0.11204679646552126,-2.2891602841899147e-05,-0.0003482937686165647,-0.0005682503351720885,0.0,-0.001002102342224459,0.0,0.0,-0.0004910276277407534,-0.001458276312489355,-0.0007560526465838214,0.0,-0.00020097725217188548,-9.98238387298299e-05
Other non-ferrous metal ores and concentrates,NL,3.89035545956,-8.335345761213601e-06,-2.094283893709777e-05,-3.713040667664206e-06,-1.0730006860998816e-06,-5.890235257412486e-06,-7.739911265417812e-06,-6.993289635728971e-05,-2.0902412553363973e-05,-5.7883180391557965e-06,-1.4398381908413133e-05,-7.487437268777302e-06,-7.967716436312118e-06,-1.0568817107813522e-05,0.0,-7.406061924486022e-05,-4.83250506754379e-06,-8.845745586180246e-06,-6.294802109364245e-05,0.0,-3.006447666077373e-05,-0.0002758873502384554,-9.841413069670943e-06,-9.687442688921718e-06,-9.906477465069734e-06,-2.2081588733175716e-05,-3.1644928866090554e-06,-3.2639916712587474e-06,-0.00027002483625804426,-1.4265061206514088e-06,-1.0191778445304286e-06,-1.914807245123154e-06,-8.272284818411616e-06,-1.626053014828118e-06,-1.362032717597371e-06,-1.2752516085365743e-05,-4.6674964311396897e-07,-4.552609312667805e-07,-3.4790568176399455e-06,-7.539388690457731e-05,0.0,-2.911217670018603e-06,0.0,0.0,-7.695192318087662e-06,-2.5043481742919137e-05,-1.8259689835539166e-06,0.0,-2.433781463775089e-05,-1.7239960664339888e-06
Other non-ferrous metal ores and concentrates,NO,125.097217355,-0.00011809828173242307,-0.0002061015232598298,-0.00012801845362551525,-2.588308274110637e-05,-0.00023232829100708165,-0.00024458841813795006,-0.0628310407838167,-0.0012228662301832253,-0.0003306792808368481,-0.0006920972550698822,-0.00019912909598431182,-0.00011308627610049187,-0.00014799262410818427,0.0,-0.0004192830011000599,-0.00010728421828629134,-0.0008836728574162054,-0.0002904845503237293,0.0,-0.00013803426294308198,-0.0005340446492345095,-0.0002888316780703326,-0.0001367523685540159,-0.00014866528705041577,-0.0034290245959850574,-0.00017812169475279864,-8.906216865896374e-05,-0.00033083578391886057,-2.7178790405710375e-05,-3.8850740096850276e-05,-8.770515194618032e-05,-4.564852834217814e-05,-5.488501019368637e-05,-4.861813987424794e-05,-1.31835196160705e-05,-1.341886212730146e-05,-9.231766630943037e-06,-5.5326015926556845e-05,-0.00011457005875046797,0.0,-0.00020317940084508515,0.0,0.0,-0.00010030390917172208,-0.0003251584741903768,-8.529250158014785e-05,0.0,-4.102612629894668e-05,-1.0049502169490844e-05
Other non-ferrous metal ores and concentrates,PL,0.100247116903,-6.612648988429635e-07,-6.20072309002151e-07,-9.070734540994775e-07,-2.112120715703341e-07,-1.7754081035385262e-06,-1.2004378718660982e-06,-7.880131654462652e-07,-8.666851471923401e-07,-4.107307119128416e-07,-5.753363205790188e-07,-7.571866586779515e-07,-8.998998586296388e-07,-7.138370180919677e-06,0.0,-4.933988095996804e-07,-4.088605850481773e-07,-2.550225170820181e-06,-8.259729444349124e-07,0.0,-2.801511798219594e-07,-4.702053066728443e-07,-0.0001301672437860979,-4.7569223753254916e-07,-6.439928775859169e-07,-7.108320614181679e-07,-7.366605409883126e-07,-8.553703392130161e-07,-6.215292458153268e-07,-3.261300624347221e-08,-5.076416497442471e-08,-8.485836443327044e-08,-6.562849788710151e-08,-7.98987945136123e-08,-7.316893086246907e-08,-2.6895053698876016e-08,-2.1843935923336434e-08,-1.6733099869381865e-08,-8.3561680013951e-08,-3.5778059641911864e-07,0.0,-1.8176010243061512e-07,0.0,0.0,-4.6916097034214607e-07,-3.673935413808147e-07,-1.8702242699488652e-07,0.0,-3.0496594336349134e-07,-3.838538557831607e-08
Other non-ferrous metal ores and concentrates,PT,36.814016421,-4.7142509537319e-05,-0.00013791991847823245,-6.947505625234434e-05,-8.472123966881822e-06,-5.7494749833997176e-05,-0.00011655928864936952,-8.419993858614272e-05,-6.22105226646896e-05,-0.0009698744468304023,-3.21452593742846e-05,-0.000253730439371369,-0.00010330298347623834,-4.58089672457416e-05,0.0,-0.00023049155065518861,-0.0001140537620937511,-4.113032229477499e-05,-0.00017126568687042827,0.0,-2.948763783854938e-05,-6.806178962472541e-05,-8.065162679201393e-05,-0.015736346326736254,-4.0950863703229616e-05,-5.3388743388114085e-05,-9.006839311013377e-05,-3.678010566189843e-05,-0.00010793461719085653,-4.482820491109756e-06,-5.6885433836262955e-06,-8.342347818789216e-06,-8.471725659280179e-06,-1.0230293456544806e-05,-3.3186759935784734e-05,-3.295307339166882e-06,-3.9088190497910065e-06,-9.63545611533519e-07,-1.2088418462458729e-05,-4.27519067418272e-05,0.0,-2.7313300460636027e-05,0.0,0.0,-3.88445796849521e-05,-3.2371267398933256e-05,-7.534392155213883e-05,0.0,-1.8733300068623024e-05,-4.85006614643223e-06
Other non-ferrous metal ores and concentrates,RO,293.529867196,-0.0003269131597364325,-0.00036324868041774877,-0.0011896437793414488,-5.074572290312481e-05,-0.0003128192850002692,-0.0003020014477025894,-0.00032004570038942856,-0.0002887706722949149,-0.00020606646469192603,-8.804938507962285e-05,-0.00034688346154230153,-0.0008589605106553974,-0.0007011188976852178,0.0,-0.0002998997271355621,-0.00024777370422940164,-0.00021829421910981388,-0.0004497898279018838,0.0,-0.0003752494485734224,-0.00027910140589764863,-0.0004330305803492194,-0.0001895824706198179,-0.6160759530878903,-0.00010497743057059529,-0.0004160797919825568,-0.00037906684006673244,-0.00018242719620486882,-1.6163957004266846e-05,-1.6466551683029176e-05,-2.287812670210864e-05,-5.521561037583107e-05,-2.8242733854139655e-05,-3.0507041021927603e-05,-1.9192798437552892e-05,-1.4359035388386678e-05,-1.487399357273447e-05,-4.182826365521825e-05,-0.00016989831688036605,0.0,-0.000135696990484002,0.0,0.0,-5.979904287514403e-05,-0.00010350267053622922,-3.940780366600331e-05,0.0,-4.9290173619453386e-05,-1.745261793609584e-05
Other non-ferrous metal ores and concentrates,RU,663.43053088,-0.0007201358956496504,-0.001150849342808085,-0.0018687309093492718,-0.0035720544919855294,-0.001547598736518791,-0.0009974616361892155,-0.001006823202294251,-0.005134887904817661,-0.0006948292892049257,-0.0019080096246379267,-0.0008108706555179989,-0.002086057351859641,-0.0019680945013841266,0.0,-0.0017634134888498247,-0.000616053687287459,-0.006525971647147639,-0.001231144112312034,0.0,-0.0017286232889487676,-0.0009268010279228947,-0.001720157272970661,-0.00038364743463281935,-0.001115176776058297,-0.0005711817213818714,-0.001341611109432427,-0.002457855210399431,-0.0006105738735563294,-0.0001128103248423474,-0.0002293738415765548,-0.00025266484013527547,-0.0002759102755471355,-0.0003899987817498761,-0.0002466313472819883,-0.00012134394904778649,-0.00012132435918840247,-1.0623368808643417e-05,-0.001118742624622583,-0.0009790031554754884,0.0,-0.0010123490640377663,0.0,0.0,-0.00043782543462252295,-0.005646160420237343,-0.0004947637062862069,0.0,-0.00019510910965924106,-0.00013713566141936918
Other non-ferrous metal ores and concentrates,SE,24.0756402821,-6.8523646910740524e-06,-1.3752035962125091e-05,-5.801136987278586e-06,-1.315493335422433e-06,-8.25848056823765e-06,-1.2989149065303592e-05,-9.225060421311966e-05,-0.00011361734808283758,-5.614149829779609e-06,-2.9641199579616576e-05,-1.030300165339757e-05,-1.9613643704657973e-05,-6.837601298134719e-06,0.0,-1.4633543041810143e-05,-4.513482921162391e-06,-9.867069567761865e-05,-2.220097711553881e-05,0.0,-1.0843404371720325e-05,-8.91427532913923e-06,-2.0350222517290624e-05,-5.06231612487983e-06,-9.917921806876544e-06,-0.0006677905672259634,-8.05456082995765e-06,-3.670665898030156e-06,-1.2428924371525259e-05,-6.262048484217365e-07,-8.239254182388658e-07,-9.113243463036705e-07,-1.577389346578447e-06,-1.0955860036818538e-06,-1.3007532744108275e-06,-2.7149585187640906e-07,-2.971938086586894e-07,-1.880283428353261e-07,-1.3282492070447732e-06,-4.403092427463766e-06,0.0,-2.596453172032569e-06,0.0,0.0,-2.494989402135385e-06,-4.476999892027077e-06,-2.6037010222603752e-06,0.0,-8.08023921602723e-07,-3.3806594753539663e-07
Other non-ferrous metal ores and concentrates,SI,0.0,0.0,0.0,0.0,0.0,0.0,0.0,0.0,0.0,0.0,0.0,0.0,0.0,0.0,0.0,0.0,0.0,0.0,0.0,0.0,0.0,0.0,0.0,0.0,0.0,0.0,0.0,0.0,0.0,0.0,0.0,0.0,0.0,0.0,0.0,0.0,0.0,0.0,0.0,0.0,0.0,0.0,0.0,0.0,0.0,0.0,0.0,0.0,0.0,0.0
Other non-ferrous metal ores and concentrates,SK,7.14040174605,-8.109668350365492e-07,-6.413530851285976e-07,-2.8711238280128782e-06,-1.0196220421351408e-07,-7.5282852476451926e-06,-6.349888611953577e-07,-8.705986351184408e-07,-5.907625870044389e-07,-4.0617124622605855e-07,-4.409651740036856e-07,-4.6090370724431014e-07,-5.631131608192909e-07,-1.799255996441174e-06,0.0,-5.931225449989661e-07,-9.884813176983558e-07,-3.6048304810048257e-07,-6.443945747310114e-07,0.0,-5.530764938778908e-07,-3.968996478715911e-07,-1.104550428065892e-06,-4.445784154377724e-07,-6.337071237164509e-07,-7.213132449754146e-07,-1.3832750637680906e-06,-0.0010221531920549852,-2.1138013658471187e-07,-2.7325290492969646e-08,-4.3822667219161064e-08,-3.706462343167734e-08,-1.575404410995154e-07,-6.656887450086755e-08,-3.885686692267176e-08,-1.722777878170874e-08,-3.934491280408022e-08,-1.1903726597309803e-08,-7.004554112414154e-08,-2.90801630101155e-07,0.0,-1.4562418939735253e-07,0.0,0.0,-7.114073079458206e-08,-2.6865945294492375e-07,-2.6890910941148833e-07,0.0,-6.413653116325961e-08,-2.5927043056248842e-08
Other non-ferrous metal ores and concentrates,TR,306.533538959,-0.005983244824885494,-0.009503013234061474,-0.04045420285997132,-0.004552332058972009,-0.007558037447318778,-0.007474688278634884,-0.00867437316481859,-0.011859434350524717,-0.008554813779668583,-0.0037689798967170773,-0.01071573342884465,-0.019486516367420884,-0.009255135764570942,0.0,-0.006964728348894611,-0.006855336563408042,-0.005782495100620157,-0.010667475931126458,0.0,-0.007725324667150905,-0.00601578054928977,-0.007941812509019621,-0.006834237563870296,-0.012415918670237492,-0.004158735377129405,-0.008546075244556636,-0.004992749868790649,-0.007749839232825089,-0.0013522208423777308,-0.0013597811448412865,-0.002471543584005351,-0.0025073456380730196,-0.002935069117881325,-0.002135617497860847,-0.0009378368959735651,-0.0013982485262568707,-0.00016189435528135245,-0.00616149479231219,-0.0067165178366454985,0.0,-0.007054843973622513,0.0,0.0,-0.008209446547217268,-0.008751161570397667,-0.003422487100317628,0.0,-0.0035994170906719796,-0.004284268723605027
Other non-ferrous metal ores and concentrates,TW,20.2834011624,-4.611960362316306e-05,-5.450832391178594e-05,-4.4569586908986356e-05,-0.00042681320369377106,-6.046064235037259e-05,-7.207103600248723e-05,-7.041677757871246e-05,-0.00010683134637197232,-5.753150502705521e-05,-8.420792945007738e-05,-6.394975255377623e-05,-0.0001576629621248522,-0.00021080944155996796,0.0,-0.0002700152289386332,-3.889263368125228e-05,-0.00019134948136260586,-0.00018594284464370703,0.0,-0.0001109617185573503,-7.683260328560771e-05,-3.860941344766987e-05,-4.397803588076034e-05,-4.141288007233875e-05,-4.5860017641296896e-05,-3.5446476369095685e-05,-2.4563567268583132e-05,-7.779569997458388e-05,-2.147501974602126e-05,-0.00010605207159152544,-3.3336588208118254e-05,-5.057742642759914e-05,-0.0003374371537147052,-4.8523956033689276e-05,-7.203666247247455e-05,-8.214510437397019e-06,-0.00012275805669803566,-0.00030328037443433083,-0.00015241241262364854,0.0,-0.7809938752946347,0.0,0.0,-0.00014225176202906434,-0.000343998262420345,-9.866959822191076e-05,0.0,-5.830248699025807e-05,-0.00010293819587063586
Other non-ferrous metal ores and concentrates,US,385.386144501,-0.00013405273649502567,-0.00021558927136216657,-0.00010444560996395762,-5.905048544997387e-05,-0.0013221850628831638,-0.00019201185598110378,-0.00017776320486436516,-0.0001339227238542894,-0.0002570138219367097,-0.0001445219129212798,-0.000233719956458521,-0.0002669547752732852,-0.00013259451304459282,0.0,-0.00048679733217970043,-0.00022332134354901688,-0.00011243043075662519,-0.00027788845956020137,0.0,-0.00011353331884565539,-0.00021758199121208786,-0.00014505720754647263,-0.00020211688413657394,-9.716387269786152e-05,-0.00014252443399046086,-0.0002329005539057391,-5.1251724712065106e-05,-0.000343047440160602,-0.018165383554542433,-0.00014071854448200757,-0.0001453479051588773,-0.0010364977521481577,-0.00014745575846511697,-0.0004945152188483593,-3.6419875256945505e-05,-0.0005183097367457237,-4.332143754256395e-05,-0.0002868211715207816,-0.0003864629296056684,0.0,-0.0008747070007986683,0.0,0.0,-0.0004721337231756255,-0.0006044714375053916,-0.000932522308659428,0.0,-9.065317705748704e-05,-6.034006401757732e-05
Other non-ferrous metal ores and concentrates,WA,10013.4489236,-0.03722217765485368,-0.0754000491170809,-0.06634043687192646,-0.02668693941974399,-0.03549418597489736,-0.06400893037613373,-0.06595238631186148,-0.06777121605689349,-0.06798601940439912,-0.043551213101615846,-0.08904954359785144,-0.05587957035403731,-0.03806697769713547,0.0,-0.07776921207164052,-0.04410929471265723,-0.12190079210637385,-0.09067402998291872,0.0,-0.03426667148449357,-0.0693571143877467,-0.03787427715891213,-0.035205005777175884,-0.04077669716663015,-0.03765735547113567,-0.04084366625457336,-0.017139755932594394,-0.11066786222828906,-0.03225961969405265,-0.14468295690877495,-0.10188071880036204,-0.03388546625858139,-0.21526923959732397,-0.052802811636468605,-0.024204374789594228,-0.012603246474504913,-0.014385973278101505,-0.2515000389616517,-0.06604744199926336,0.0,-0.3317457786846684,0.0,0.0,-0.18251389264052295,-0.202844751593688,-0.15621465240058932,0.0,-0.015631432347545497,-0.037878294337691555
Other non-ferrous metal ores and concentrates,WE,252.088120283,-0.011922216764113334,-0.012294886280320445,-0.07256978543628126,-0.006608375769335969,-0.016630583375550644,-0.008560102824262101,-0.012089950872570716,-0.02587810583022894,-0.010140254138513815,-0.007268040163821739,-0.0070928983067608435,-0.047143682375222526,-0.2591521806645687,0.0,-0.007242164687328115,-0.012629703048607983,-0.062207290331552506,-0.009112264314765618,0.0,-0.005859623990414531,-0.006144272543736999,-0.024227028177670862,-0.008896930366135486,-0.03077960862633633,-0.007476152713021233,-0.026570162032393044,-0.010890778156902512,-0.006212163521180681,-0.0007142469760739404,-0.0008973706616855107,-0.001500229490520464,-0.0022007229943273223,-0.0014526431940108306,-0.0022435710094379506,-0.0004676120212695264,-0.0004657439018171153,-0.00028045242162501245,-0.0035126465771649676,-0.006422100872994407,0.0,-0.004642454937239134,0.0,0.0,-0.016089543927967027,-0.0056153119454207066,-0.0027972674234183962,0.0,-0.001411925232406097,-0.000990638565090793
Other non-ferrous metal ores and concentrates,WF,5749.89428572,-0.029048457064651825,-0.1546523262704447,-0.08319878142614684,-0.04033692342324811,-0.029670025429558586,-0.03946374111334573,-0.04861116396361182,-0.061629080855261476,-0.15044527764084517,-0.03229563357785426,-0.1781610123542646,-0.19542487175688608,-0.04024317109830458,0.0,-0.04989557539240011,-0.06457721855376776,-0.07265362492708938,-0.1183309050934564,0.0,-0.0811510305979815,-0.07238897572668401,-0.032968353779514785,-0.24121027493739117,-0.054438432766591285,-0.027205748816831868,-0.036708337427184254,-0.016098410031038818,-0.08856744403347579,-0.011550210188967184,-0.01255426470475659,-0.03691431560786422,-0.019414564696562654,-0.037017596607814666,-0.023222407103798616,-0.012355891605885799,-0.00459344389443453,-0.0011295320022913517,-0.05436633782259653,-0.03807444564189978,0.0,-0.08365964838783092,0.0,0.0,-0.7888104913867378,-0.07103136277672514,-0.030772202364070668,0.0,-1.36032911679518,-0.024438110006855165
Other non-ferrous metal ores and concentrates,WL,1345.23892694,-0.0033898886962563345,-0.006420422063211686,-0.003697529466662148,-0.006124632901856051,-0.0029923852104643146,-0.005935536592164989,-0.008437798708143781,-0.008513835976659341,-0.014164044965422538,-0.004513901679087096,-0.0065317413305078465,-0.005296603550770687,-0.0038793083820301806,0.0,-0.008171694603528432,-0.006479157272658308,-0.004576032762292036,-0.010047928252240927,0.0,-0.011782934363301533,-0.008186921676779898,-0.003998657067601686,-0.008338545740860709,-0.002985140186079403,-0.003969358407890294,-0.003481900832141656,-0.002085317080655776,-0.006839400606218944,-0.006484666227989472,-0.0027678880070288008,-0.00402010205277651,-0.006728715244000871,-0.00712598418662046,-0.04710237640513653,-0.0010274847756050409,-0.009057746050303671,-0.00037721786995994464,-0.005720704499606134,-0.005506709875976267,0.0,-0.009774644202860727,0.0,0.0,-0.0058902631068979755,-0.006710203475106631,-1.1488033748004207,0.0,-0.001654029911827124,-0.0012872635718968737
Other non-ferrous metal ores and concentrates,WM,6204.40207295,-0.014155454525261494,-0.026696958420726172,-0.03673051085317465,-0.02529436970935424,-0.01663942401204793,-0.018584562735582323,-0.016921451027655864,-0.034083117921696784,-0.029154525814695624,-0.012217295545871965,-0.028538607564798636,-0.04307026221505242,-0.014087338125647442,0.0,-0.02292782378884706,-0.022194957049483082,-0.01424829645296767,-0.03576105157845413,0.0,-0.015780335148148784,-0.016437039516827946,-0.013491301319537557,-0.017060211529632503,-0.024929161537169016,-0.010588372803166424,-0.01926989617124121,-0.007382682739830022,-0.0331345291134968,-0.006010763430559096,-0.010271373010314212,-0.011482466442679473,-0.007629830601037313,-0.018510945630239216,-0.011449266512311599,-0.005908155568987299,-0.0030337797637184126,-0.0002809585260010438,-0.029535668884755954,-0.016099471293520937,0.0,-0.03773204896235298,0.0,0.0,-0.04538812429300424,-0.019762017302489727,-0.017925218996642112,0.0,-0.006282972859255546,-0.06528466385550426
Other non-ferrous metal ores and concentrates,ZA,6931.35144794,-0.014545533213145985,-0.042155583437050684,-0.0321195645575436,-0.003376862675966592,-0.01643257274841414,-0.029873884382328016,-0.029266249203591454,-0.02278410691987857,-0.025626289644298205,-0.017987861309877194,-0.03046203577772707,-0.06418105659435858,-0.013652737606810631,0.0,-0.04372634390403219,-0.05446195014956857,-0.01996944136107805,-0.05118853571356053,0.0,-0.032073034496528444,-0.019552745310163794,-0.020287421287907562,-0.031132767839375356,-0.016846746634797738,-0.017966282888578256,-0.019869865740154292,-0.00857765933400359,-0.02309912270230571,-0.005951391827221373,-0.007505768035061732,-0.03524533876873404,-0.007907091988949426,-0.00867470371251394,-0.012844346950024465,-0.010019973406498546,-0.0035005851811339478,-0.0010294906456294198,-0.10085679653649149,-0.021629693472415914,0.0,-0.04554094555958441,0.0,0.0,-22.11601620618221,-0.14142846704023523,-0.018766311463496506,0.0,-0.431096918893165,-0.020695073392330173
Other non-ferrous metal products,AT,2347.26507357,-6.791232771977032,-0.017617351727686126,-0.012492811207952271,-0.0011471922952529807,-0.02905949470165809,-0.033488795642094574,-0.010405786439255736,-0.006580640673815471,-0.007061411140101369,-0.0035694939331041412,-0.014970052706492307,-0.010799422067388681,-0.03601171631064384,0.0,-0.010370295239047391,-0.015390165438092034,-0.008185059227888591,-0.052672758974409074,0.0,-0.006297729561895102,-0.011760961359380692,-0.02060836497401163,-0.006061595849122225,-0.012209971533261723,-0.007262160441641257,-0.09134214918713474,-0.035530308532968936,-0.0050149171793689344,-0.00094796014862438,-0.0008320886729054102,-0.0012945476879746834,-0.0015334571308810465,-0.0010024949473736366,-0.001193210971520809,-0.00037411600926844253,-0.0004471312706577723,-0.00038995190938184,-0.0023935794675865136,-0.01783233113139971,0.0,-0.003030984382507133,0.0,0.0,-0.003263845888404786,-0.008282118185904526,-0.0031307054760899697,0.0,-0.0011242451445151447,-0.0006337365493787394
Other non-ferrous metal products,AU,8247.1376653,-0.014414189244420643,-0.026237145271495295,-0.008778610403801495,-0.005990655943935928,-0.00845845269905745,-0.019086823687784905,-0.020679409240014473,-0.017565089484149282,-0.013739045756803363,-0.014373245125442238,-0.01673946735037591,-0.01683726566121489,-0.008550823418786017,0.0,-0.0484004820331779,-0.012209138180362416,-0.013516559813115052,-0.02960253078654395,0.0,-0.02155941934539711,-0.02789145495600447,-0.008958363052742656,-0.012164824530795901,-0.007035178736049849,-0.011906393714721531,-0.011265154702380549,-0.004433730155874236,-0.11771826282522056,-0.011204226129765255,-0.02923010587148566,-0.01667208496825393,-0.038889314512211316,-0.022374882116157926,-0.00897422839751324,-0.0034181570591525945,-0.003197487177064716,-0.0013431858730215394,-61.24059563909159,-0.014231010644047078,0.0,-0.12714313253245652,0.0,0.0,-0.05834503046938547,-0.10216095527941789,-0.021565164286638395,0.0,-0.006741987742052612,-0.011523391781757698
Other non-ferrous metal products,BE,995.638934937,-0.020855789065365355,-3.44293405943647,-0.014820436976229428,-0.0015475591181023983,-0.004078976602274628,-0.017851704358691566,-0.00939459326691748,-0.012630127561080241,-0.008181591406593592,-0.012834956194969733,-0.018340201242842278,-0.005645145611707149,-0.005708959844538191,0.0,-0.04499964819867414,-0.005039876875962552,-0.004227854987747165,-0.012057715492114525,0.0,-0.0028943125458800447,-0.14120748864955482,-0.005009171601949393,-0.004328210953878829,-0.012127170590432763,-0.003673028401326418,-0.01232158317520048,-0.0048965523948538104,-0.04853019100820233,-0.007403416504332153,-0.023943696869229064,-0.0018581720406110507,-0.08905376848744131,-0.0030644400681072194,-0.005809617829499414,-0.0005248210445457566,-0.01322248303330681,-0.00021786487424668445,-0.03723260606525864,-0.00413849472595078,0.0,-0.10687000494480198,0.0,0.0,-0.01170868807815645,-0.01442852611905434,-0.015441746640544835,0.0,-0.0018525938874709373,-0.0008395129394724927
Other non-ferrous metal products,BG,38.1638716109,-0.0001248366376617995,-0.000238363415588249,-0.16253338654638244,-1.6249542897718127e-05,-8.104960660418995e-05,-0.00011314665105566273,-9.501342719211696e-05,-0.00040199111846977585,-7.799683865062126e-05,-6.134586159620216e-05,-0.0001393156561697126,-0.0007230668308503672,-0.0004301355254888641,0.0,-0.00035006042852341897,-0.00011385672586696009,-0.00017506923896147734,-0.00029912074393469666,0.0,-0.0005279244260380495,-0.00021824432613533394,-0.00022134873031363165,-8.186410802768643e-05,-0.0006365809457074432,-6.982907147233376e-05,-9.639425007368424e-05,-9.626092951008619e-05,-7.554402281277796e-05,-5.52337403497697e-05,-6.0611889117918545e-06,-1.796796184439078e-05,-0.00015884136020414847,-1.0892354808566081e-05,-2.188680178128019e-05,-4.719421301753227e-05,-0.00013652129824945266,-2.2448618722269113e-06,-0.0007627164220247414,-0.0004535819125679813,0.0,-3.099993886444271e-05,0.0,0.0,-0.00015497827146015983,-5.087849283035319e-05,-1.6362593804774056e-05,0.0,-8.563822518611538e-05,-8.501416878769866e-06
Other non-ferrous metal products,BR,1240.42869645,-0.0038237503153259983,-0.004891288276991228,-0.0015294698945793046,-0.0015229346937855896,-0.001959840408256528,-0.003820793734381137,-0.004838261385786278,-0.0022810168389062677,-0.004623477103608016,-0.002032944792437084,-0.004961718331164866,-0.0027289132872473374,-0.0018843964122022396,0.0,-0.005528925806189455,-0.0031660231799633797,-0.0014613416791506705,-0.006820508047020732,0.0,-0.0036700284554693745,-0.005781208713514809,-0.001991022028342407,-0.00471042311273062,-0.0014656814853161208,-0.0026897655250190627,-0.004169988391090113,-0.00106843309456769,-0.004025089022788924,-0.002244332256394747,-0.0015440401451495677,-0.0032558438488926754,-0.0018130874772487907,-0.0023837350151985626,-1.7816942814305787,-0.0005776662335853928,-0.0015961241330846331,-0.0001406733395621441,-0.0066827754894741185,-0.002959484730273869,0.0,-0.010430592956785513,0.0,0.0,-0.007563531667886841,-0.005775796610172323,-0.029509440744893405,0.0,-0.0022960862577033657,-0.0007623990338117854
Other non-ferrous metal products,CA,5070.97444371,-0.02585808010367208,-0.066312774930953,-0.017263351034016716,-0.02182385952009696,-0.018152555555999567,-0.04567453984235098,-0.077193948183858,-0.017265541348760925,-0.025292216370987494,-0.07427783547649035,-0.04200102548752484,-0.06641828462141121,-0.013965566286852098,0.0,-0.06829653011180706,-0.05718876248691621,-0.009636966616857307,-0.03288577217109451,0.0,-0.0342866199590355,-0.03763208770893135,-0.017545192348279295,-0.024891775362311234,-0.010215324571589409,-0.019342093820545973,-0.050251682054039515,-0.0061206108525360976,-0.22476213336934897,-0.08974197916783216,-0.016015925554752678,-0.009797135611441398,-8.482322020068915,-0.017614707344886432,-0.18405028542473073,-0.0022834113547836633,-0.033720867996563465,-0.0004541454661221324,-0.1627909271207115,-0.015776907958977352,0.0,-0.35609068319912557,0.0,0.0,-0.06147259695051767,-0.028908681932105846,-0.04890308985144277,0.0,-0.014910418663030582,-0.002649855946618167
Other non-ferrous metal products,CH,85.0662204307,-0.002861493607521482,-0.003305256350408329,-0.0006224700489111637,-0.00016264836223334411,-0.000859418589258892,-0.00346311149595407,-0.0010913469230807186,-0.0007393765288346177,-0.0006402420716165123,-0.00045497815072344396,-0.002060333450020432,-0.0006876982424044355,-0.0014251040529167337,0.0,-0.0025333420521631684,-0.0011464557849587076,-0.0009621713462626924,-0.00365121543323463,0.0,-0.0008087175515841508,-0.0016069341051641918,-0.0009440680920189015,-0.000867040427266338,-0.0006294034837812326,-0.0005546237202937134,-0.0021822761151086226,-0.0006973027429053548,-0.0012041859980801413,-0.0001976833607490994,-0.0014241007882478014,-0.0001580041343548039,-0.00017808229919873646,-9.950241624003046e-05,-0.0001998259498538254,-4.8092343158167924e-05,-8.187259582465762e-05,-0.00014524484612970216,-0.0003568313807682817,-1.1198629196727112,0.0,-0.0012332818215542497,0.0,0.0,-0.0010269135743764385,-0.0023260187612012574,-0.0002712443171937813,0.0,-0.00018103645587292936,-0.000194908679045282
Other non-ferrous metal products,CN,107887.497313,-0.7855722280324487,-1.0719936759455926,-0.9460500556996163,-0.31014414163334747,-0.7342768959103442,-1.2891406501609841,-0.9446807962507967,-0.7515245958622113,-0.8790333590810472,-1.202234857066939,-1.1164945351633213,-0.6322210387191195,-0.6783566696263226,0.0,-1.0891664512941213,-0.6388956743024449,-0.7201382569095568,-1.2409460759061377,0.0,-0.5047394844520322,-0.7061948137701598,-0.5805381209527045,-0.733508791655126,-0.7509673742602601,-0.6511885736694573,-0.7148271213959974,-0.3874712828852498,-1.1232075940663249,-0.40419620558478364,-1.8474755454954155,-11.07901669874699,-1.1289669637359634,-2.119448193310922,-2.5462837494180905,-0.15677183474667988,-0.2877217848490549,-0.0540587527040712,-11.777529856978047,-0.8479305315417475,0.0,-0.9294377906193841,0.0,0.0,-9.550928518608414,-5.158720632273207,-13.817332903921399,0.0,-1.032070525404573,-0.5542081488472627
Other non-ferrous metal products,CY,16.5829525401,-4.641179841865714e-08,-1.6730081169268798e-07,-6.931511209842818e-08,-0.006510018971849489,-6.061467619884096e-08,-8.268552899843241e-08,-8.895226265054734e-08,-8.919404893459728e-08,-8.867212414063571e-08,-5.5230329419453834e-08,-1.0881364106926393e-07,-1.1446527470143203e-07,-5.0698221355628486e-08,0.0,-4.86174866691828e-06,-1.0097441527915628e-07,-8.582478960948475e-08,-6.036610813978606e-06,0.0,-5.798837346456964e-06,-3.1860211987612045e-07,-5.310402790880341e-08,-8.120540628762852e-08,-6.338425116984545e-08,-4.529034751460702e-08,-3.371129786330065e-08,-2.5055205210265445e-08,-2.791514983918655e-07,-3.773879514304209e-08,-4.1885410940160176e-08,-4.069856983182405e-08,-3.7318989499995765e-08,-5.6215415422459245e-08,-3.869727628620624e-08,-2.8969379956030323e-08,-1.0494047852425164e-08,-9.557225753200179e-09,-1.3028634922546943e-07,-1.0081855544515586e-07,0.0,-1.515626223091481e-07,0.0,0.0,-1.3011918465256388e-07,-1.376177105135471e-06,-6.11159601326295e-08,0.0,-1.703462162222295e-07,-4.19401854174214e-07
Other non-ferrous metal products,CZ,78.1736043364,-0.006251545066146031,-0.002518558230561463,-0.0015976756205631733,-0.00023945453950214766,-0.16579180477877736,-0.004990922253204534,-0.0013637447195479632,-0.0010337654316118256,-0.0008471712048831395,-0.0004452114362452057,-0.0011286462821734622,-0.0010143479402321169,-0.004242947089711553,0.0,-0.001527474142073427,-0.0007899755906646108,-0.001172824386917638,-0.0015908949140458473,0.0,-0.0005243428536494933,-0.005952094071853029,-0.0030532399626108644,-0.0004949797268068419,-0.012653003053343562,-0.000573805300073999,-0.006079314276307035,-0.0035197382531448967,-0.011827859037391577,-0.0001637329777347235,-0.0004969067726891981,-0.00013673713317417788,-0.0003464045774798551,-0.00016610323730285905,-0.000409981030427832,-3.7935522490840106e-05,-5.7984585136685245e-05,-1.9410304641509568e-05,-0.0015113883347746002,-0.0005441104634141546,0.0,-0.011456085074391411,0.0,0.0,-0.0007685143757448963,-0.0006239896153032019,-0.0003507092977800912,0.0,-9.933711103029924e-05,-9.620627440938456e-05
Other non-ferrous metal products,DE,3180.58968756,-2.248838559701308,-0.5629499986771368,-0.07240826249069209,-0.009064887668802517,-0.13563975588025534,-6.595180398526855,-0.2733208341883992,-0.1296596270018609,-0.06427844628555529,-0.15217848691409738,-0.188538145811059,-0.051217812482847444,-0.1517182753426637,0.0,-0.2575336296792375,-0.183434727391941,-0.05730221859892053,-0.20762577414653866,0.0,-0.029689180695080235,-0.8253616298072978,-0.09553923642687631,-0.06506909512874172,-0.1721319944149005,-0.04252783174316567,-0.5633906733032459,-0.11486888675482959,-0.6506473528037272,-0.03706912927047222,-0.10308939558266955,-0.014585308446645713,-0.09634152995153966,-0.017127653733797973,-0.02420602827205798,-0.0034286620837408114,-0.01917288160683369,-0.002297436477958645,-0.1412451290650961,-0.06209625683609783,0.0,-0.6661575648531416,0.0,0.0,-0.04516572272813317,-0.09728231737288608,-0.03609469676174116,0.0,-0.007898566723371676,-0.003663524355943406
Other non-ferrous metal products,DK,163.083370622,-0.00030711622203321247,-0.0005550848622531342,-0.0004866632275013148,-4.389761934024931e-05,-0.0004620602947494075,-0.0008640788613904798,-0.86166105891296,-0.0012016617803627748,-0.00031747035259928493,-0.0005050071243302587,-0.0004891040116295692,-0.0005185122248915654,-0.00037339443162291003,0.0,-0.0007676332034917672,-0.00026048658613254304,-0.0008529475061538622,-0.0005495240258917299,0.0,-0.0004667803245942589,-0.0005477847236411261,-0.0007670384218914432,-0.0002623705818108375,-0.0001716490620274364,-0.001713248235596088,-0.0010489454460055904,-0.00019319256422462372,-0.0007093247698828721,-4.9306958682309866e-05,-0.00014733285913665244,-8.017414526814184e-05,-7.631847758915251e-05,-3.8899509510166935e-05,-6.783746498950851e-05,-2.1503176691716546e-05,-5.244226729314357e-05,-4.721240373098683e-06,-0.00024373246084704697,-0.00031409882374087414,0.0,-0.0001806494714520836,0.0,0.0,-0.00012498338572313386,-0.00025047665340716395,-0.00010374084945519749,0.0,-4.9824875643116856e-05,-1.639604058575049e-05
Other non-ferrous metal products,EE,53.1797544335,-0.0030788823159264038,-0.0016519786514901432,-0.0008355441320207896,-0.00018134809864162914,-0.0004694078201572288,-0.0008084955761811833,-0.0049065278388479945,-4.567147981973367,-0.0004212246255939754,-0.0033331357439925586,-0.0005297540561127794,-0.0017165670151030991,-0.009222828387281827,0.0,-0.0023496983500924896,-0.0005785917045806254,-0.0065730561444046634,-0.0026035025276457033,0.0,-0.0022656960658838116,-0.0015348036304806683,-0.0013501643074327915,-0.0003877126803587385,-0.001084582895638675,-0.0010493166786327776,-0.001860599687329402,-0.0005765416893552911,-0.0010725686904240611,-8.09011251865797e-05,-0.000183070493263294,-0.00014655979189526596,-0.0010954499782366647,-0.00017002636328320643,-0.0004517849286424125,-5.862036957282421e-05,-6.019159704599737e-05,-4.583877833491886e-05,-0.000612828417817842,-0.001122506629198013,0.0,-0.0050538145976608715,0.0,0.0,-0.00036776656779635274,-0.002837539846725414,-0.00021093381786958847,0.0,-0.00015885021331773897,-8.268354876124854e-05
Other non-ferrous metal products,ES,307.586282175,-0.005278141405355952,-0.019423070070431734,-0.004768860908423964,-0.0012007093378805453,-0.007267581325173616,-0.015018419823788015,-0.01024945283250693,-0.002558834090720226,-1.4588332761406568,-0.0054508896878341425,-0.013678946181179897,-0.03944108143088333,-0.003180208628314416,0.0,-0.005212858870116482,-0.007348124970904949,-0.007681428701451128,-0.008114042736624404,0.0,-0.001274198985184997,-0.013434413694712865,-0.0034928635369734437,-0.06976418027610731,-0.00517764481129199,-0.003857464566442011,-0.0047555140933344614,-0.0013969625651129392,-0.012039874523309414,-0.0005889150738041385,-0.001765627291264837,-0.0006492834988252155,-0.0031585721702808533,-0.0005325950451544552,-0.000962464772078317,-0.0002117804873855918,-0.0005376669276700455,-6.00598717319471e-05,-0.017161918736901916,-0.0027094765590200322,0.0,-0.010095130959043568,0.0,0.0,-0.020778896090970923,-0.0025620725870116523,-0.003960614423733148,0.0,-0.0023203948872484435,-0.000339800707691453
Other non-ferrous metal products,FI,1844.39630774,-0.1481652924926054,-0.08940939721332966,-0.017257239288724545,-0.01529478963262873,-0.030875987817422866,-0.07151997643859152,-0.3528570749029915,-0.5100391905364866,-0.02317521939560977,-10.724709294173579,-0.02710561808444909,-0.05408032508694916,-0.020630873468267336,0.0,-0.19848430642414905,-0.06092954879863515,-0.09808425273479864,-0.06415672702485209,0.0,-0.07711585104763137,-0.06513634443530826,-0.04426804266451003,-0.02251007374835615,-0.0182089892783141,-0.11505640385647607,-0.03315484558915873,-0.015240956228533173,-0.05802738256002419,-0.005235339391006874,-0.013054321438519183,-0.005334567249848324,-0.185385826532146,-0.0048953573698530565,-0.006784533439524621,-0.0021707772238967276,-0.0020436855133479995,-0.0015650062391250072,-0.053149254960096454,-0.024619235597595414,0.0,-0.10825050131399752,0.0,0.0,-0.10169203472349346,-0.02841703676761239,-0.013934406223775942,0.0,-0.009527648278771788,-0.002725571628358283
Other non-ferrous metal products,FR,437.845415202,-0.014795099811142461,-0.04980932619691168,-0.00725210215561673,-0.004960736999753809,-0.005958188228986777,-0.017596232804371857,-0.013116674910668789,-0.013130674068997521,-0.014017111566429485,-0.009207046436283227,-2.4077813422430654,-0.017603856222534225,-0.00628742999363584,0.0,-0.02633319467053714,-0.010655953451683705,-0.0057115981841515265,-0.04813784185295809,0.0,-0.014885836087788967,-0.021201273289871658,-0.006654270166172383,-0.012597616212569806,-0.006999458947417551,-0.004539611719208096,-0.006602375177578812,-0.004750295443207314,-0.035280896441798604,-0.0035227142351465218,-0.002965133217768253,-0.001217442455812143,-0.0061944993624614446,-0.0012499310883911353,-0.006051166653021538,-0.0005606992405207945,-0.0038370686363546195,-0.00036537108433578144,-0.012157907246607166,-0.019639102842489372,0.0,-0.016895898955158414,0.0,0.0,-0.013530999485861358,-0.005358894699659661,-0.003600763024459478,0.0,-0.004633002381090437,-0.0006814207196955656
Other non-ferrous metal products,GB,1982.9303035,-0.03379833864472713,-0.08765471099843922,-0.030982955554251877,-0.014184600835670901,-0.04196919113925385,-0.057849731522141776,-0.1364580622285263,-0.02856363168235964,-0.048896451457855795,-0.021972326440172683,-0.08761146195778331,-0.03172433751059258,-0.033617963349377375,0.0,-0.581318981863612,-0.03330799445749193,-0.029183592807962802,-0.10912590044581205,0.0,-0.022002326041292194,-0.221755205798869,-0.05591527154728387,-0.05065508794284588,-0.0329395504414542,-0.040191182302237616,-0.04395746691810477,-0.027155470582315797,-19.41615183577214,-0.00913968434393218,-0.007594865301517939,-0.00790173950513951,-0.04315797890805221,-0.006802762754671184,-0.00903950359534287,-0.0024966527519436517,-0.004898602158363902,-0.0018784281681861086,-0.1160230865885779,-0.03186200410708802,0.0,-0.024133252211475966,0.0,0.0,-0.09688908372344991,-0.029365758023067172,-0.03816641658269359,0.0,-0.008321785487373414,-0.003104363933215627
Other non-ferrous metal products,GR,7.222139281,-3.472320016874472e-05,-4.983021512453277e-05,-0.00032781587255322376,-0.00022887688722327898,-1.64116230498619e-05,-1.9534049472275272e-05,-1.950852920932985e-05,-9.374661425876773e-05,-1.915845606313497e-05,-5.431540317859811e-05,-2.4422081415240886e-05,-0.12608196238437416,-8.606827745969104e-05,0.0,-0.00020575271543359644,-1.3535972575425303e-05,-3.427849147733232e-05,-0.00025254448806087985,0.0,-0.0002327157221275093,-5.674510609122079e-05,-1.2666554273380869e-05,-3.0478082686686405e-05,-0.00011293149009534879,-2.5819161609234307e-05,-7.13337613632011e-05,-1.418770246573877e-05,-1.8693615498226376e-05,-3.4692710647253503e-06,-4.410491996923647e-06,-3.0534934390846335e-06,-5.0355149165289036e-05,-1.2984494436491122e-05,-4.024143284056661e-06,-1.5908048869244264e-06,-1.7729081317767834e-06,-2.3939852100299776e-06,-1.2161473543422502e-05,-0.00012678090481131987,0.0,-0.00010624917696539106,0.0,0.0,-6.135793677076618e-06,-1.0800138286871444e-05,-3.6122498566352738e-06,0.0,-1.0956802184820824e-05,-3.043793170809463e-06
Other non-ferrous metal products,HR,32.8429854961,-2.5648369244413578e-05,-1.3851372121573285e-05,-2.0623857083032326e-05,-5.383111932051889e-07,-9.816263638812225e-06,-1.4591897689961724e-05,-1.1715790002485862e-05,-8.4006808407101e-06,-6.064572789582188e-06,-3.621989454067829e-06,-8.670459339405266e-06,-2.2093634421868894e-05,-0.00010746846469881409,0.0,-1.8290304044182124e-05,-1.303742382876051e-05,-9.947171587894856e-06,-3.706236813317411e-05,0.0,-1.663140919500141e-05,-9.494958980158623e-06,-2.0170796581544177e-05,-5.5288903033963096e-06,-1.66119531644459e-05,-4.9593756759016245e-06,-0.0005885389509335297,-2.1365174068965296e-05,-4.842594639256027e-06,-4.213771024239932e-07,-4.220725860597981e-07,-7.315416668821031e-07,-1.6239493494906644e-06,-5.939124072226021e-07,-9.396760841084285e-07,-4.5483881950571204e-07,-3.6480192620620343e-07,-3.7329610525994477e-07,-1.959572159587052e-06,-1.008975598934688e-05,0.0,-3.251405071933824e-06,0.0,0.0,-2.3058246871860253e-06,-4.021156227374372e-06,-1.4900286901627125e-06,0.0,-1.0764543822013439e-06,-5.990365519316216e-07
Other non-ferrous metal products,HU,5.86612723891,-0.00046704654003591035,-0.00011132592609867084,-3.455813016601063e-05,-1.0896128671510948e-05,-6.832607516412113e-05,-0.0001237654990443232,-3.54699896351119e-05,-2.8808233842923614e-05,-4.0581325634335546e-05,-1.7060344571305366e-05,-2.2873149588600637e-05,-8.033650533148046e-05,-0.002575096833446007,0.0,-8.63126520116706e-05,-2.44165807702237e-05,-0.00011577758908308318,-8.172084654571503e-05,0.0,-6.103570922371825e-05,-0.00011355196454326087,-9.395417846786908e-05,-2.4424534233898e-05,-0.0002488738957210373,-1.5917575997886977e-05,-9.872268392235597e-05,-5.0913668002080665e-05,-3.656303038064442e-05,-4.262094104600276e-06,-7.805185383685064e-06,-2.689560999847851e-06,-1.3267249463376312e-05,-5.966654413991254e-06,-5.911646438642416e-06,-1.5118500650360524e-06,-1.4420538852094736e-06,-7.75572650361747e-07,-6.314092335915363e-06,-1.7138163953977945e-05,0.0,-5.7243692579165385e-05,0.0,0.0,-9.87679855097653e-06,-1.428145690786716e-05,-2.8836791096932946e-05,0.0,-1.1218691360818363e-05,-4.3697553283699796e-06
Other non-ferrous metal products,ID,3412.43337122,-0.009521675699338384,-0.04182351563088834,-0.009573543088758803,-0.008770227150032407,-0.019411258356931013,-0.00572999004139704,-0.33367075725580425,-0.016670197788799246,-0.027870675192051563,-0.010425900545212212,-0.01958780215911042,-0.05449243245359416,-0.01991511352300309,0.0,-0.11919072211810283,-0.04080372262734086,-0.020219910714073343,-0.03417271567122042,0.0,-0.047575058092064505,-0.020290120700255813,-0.017124737225866327,-0.014810191888575111,-0.01876332941719667,-0.011145255180833123,-0.005066820866497208,-0.07066396664695801,-0.009609203876985304,-0.002845851331069604,-0.015263350167883796,-0.006569820773450622,-0.05190399578301545,-0.005761046379076364,-0.002651518686747241,-0.0018461722766945916,-0.01646806701859263,-0.0005024790204087375,-0.0298325874648593,-0.015387923010415416,0.0,-0.029534834007133613,0.0,0.0,-0.0568481383455945,-0.07772193296248821,-0.010109114061703364,0.0,-0.00806948226132748,-0.0023889965621422793
Other non-ferrous metal products,IE,278.103026712,-0.34396657878223436,-0.029945879696351624,-0.0022780914862841214,-0.012679815502392604,-0.0035404711454330093,-0.009081269873020168,-0.007001990173888921,-0.0038422688114474347,-0.007145103603018188,-0.06615199815160609,-0.034440101497520755,-0.0034488231036486267,-0.003079591444888321,0.0,-5.392058244348421,-0.004155275384404965,-0.0035373438341619098,-0.38626468970330075,0.0,-0.003715099547018774,-0.02445351742204619,-0.0066050066800717915,-0.03183303916958288,-0.0029750800405047993,-0.003917570288972355,-0.0027514397009067697,-0.0024989374567523258,-0.09727266529673691,-0.00803249776892129,-0.0009115032088063188,-0.0009594059294152074,-0.04738437194908213,-0.0007750897263867808,-0.003176922692971974,-0.0002497442767028947,-0.0006450410307673922,-0.00017117993300603702,-0.0014391839289719214,-0.0065780581918229,0.0,-0.006612692926535808,0.0,0.0,-0.08534755559102433,-0.004373946473344408,-0.0010187536580456699,0.0,-0.006786353659445025,-0.0003634385557810116
Other non-ferrous metal products,IN,739.575028546,-0.0009734953736211113,-0.0023579938692089805,-0.0010274213785111874,-0.0023102313719093994,-0.00064573710233364,-0.0014022078826371055,-0.0017927086693590721,-0.0025771948226099763,-0.0013094566256207987,-0.001333029212332429,-0.0015654446684219092,-0.001156636042988375,-0.0009415521706952945,0.0,-0.0031173056679516383,-0.001654490696781485,-0.001195029906757195,-0.002491963453436437,0.0,-0.0018883026729797775,-0.0017452377938398653,-0.0007483690374873843,-0.0008108729135235495,-0.0007368981550322692,-0.0008604746930396108,-0.0012530412858449264,-0.0005025530389016955,-0.0022451370630873317,-0.0006421753858561123,-0.0014725059881755271,-0.001884007285187421,-0.0010685125733612742,-0.0020757872821219425,-0.0010618508338563024,-0.05584125164227982,-0.0003382258002069659,-9.355177300260049e-05,-0.010338769845582066,-0.002941830307240504,0.0,-0.004288289775592021,0.0,0.0,-0.013498652695515326,-0.007124398333595841,-0.0072246188884127266,0.0,-0.00198499882889859,-0.0014200340664191396
Other non-ferrous metal products,IT,216.154230784,-0.01491740543832871,-0.027568189433693248,-0.011206178425926942,-0.001568582937605289,-0.0058471437962925605,-0.015957483275371706,-0.004016249792357442,-0.004821806188848677,-0.0074733491428428805,-0.006030671959540642,-0.0129703817352865,-0.008903349714419494,-0.010456912013081816,0.0,-0.007990483176154235,-6.761729815803987,-0.0028929009396209456,-0.011672784859579698,0.0,-0.003191684940291943,-0.04043757899427923,-0.004900349426029949,-0.0032727562034143964,-0.006436018465247256,-0.0033249220906110713,-0.03812727036478819,-0.010296751232073327,-0.016054306427930796,-0.0012206133711460748,-0.0031319498481152974,-0.0007718406443984985,-0.00735054611341002,-0.001113269180421897,-0.001549105606018991,-0.00023900979605216325,-0.0004838116139299781,-0.00011257753065247257,-0.013948573597416787,-0.011886081563814694,0.0,-0.011203616235440063,0.0,0.0,-0.007400548508025905,-0.0029253852378620226,-0.006980174922800452,0.0,-0.0029097751313418687,-0.00045661720358704716
Other non-ferrous metal products,JP,9130.36436044,-0.015615821717687335,-0.041302801140741745,-0.01217848004668349,-0.015281809606667248,-0.015172023899062095,-0.024096525854235957,-0.0995809779946614,-0.028807284725298084,-0.02583662805297693,-0.024584964759476666,-0.03523334968463211,-0.039839332704914604,-0.011553264547822071,0.0,-0.05574596594813104,-0.03041941342020473,-0.022744552434444947,-0.031158095811096024,0.0,-0.026457032891984575,-0.03312478623909804,-0.01252196795392737,-0.023366997754962433,-0.008293365552477125,-0.015213282643802407,-0.01972557171494133,-0.005764518640596244,-0.02229954315888728,-0.015167177486155939,-44.301023257346145,-0.019470785154195945,-0.04917574168046856,-0.054657606732524164,-0.06316091437337526,-0.007198112342320584,-0.016893802159972635,-0.0026729923575851233,-0.7853780571129506,-0.020365037654421814,0.0,-0.07801543912028723,0.0,0.0,-0.3204116940599588,-0.052462684507750205,-0.9202481300073434,0.0,-0.016034221428650408,-0.009529499429240184
Other non-ferrous metal products,KR,2249.7097182,-0.04174152568803552,-0.044667053924559434,-0.00802529518663326,-0.006145888236062302,-0.005807947800314071,-0.022428862128332748,-0.021270147934493423,-0.013134715444962251,-0.09492687405800845,-0.027943120630635296,-0.019616571495305737,-0.013632498703368483,-0.007903073477397337,0.0,-0.020466090645422506,-0.013368183371535624,-0.01012465917985729,-0.018000724841381755,0.0,-0.012464059234301413,-0.014660221416454983,-0.0058436739788929265,-0.010524252498415992,-0.00548099603330467,-0.007172423040115916,-0.007148783945603619,-0.0031341273474889274,-0.0360170669120838,-0.011038785063174204,-0.11799769309332604,-0.012171033885635035,-0.021162657237469504,-6.467631698812412,-0.01675342048653945,-0.0024771446760095176,-0.05002382158662789,-0.0013369051377743434,-0.3957047845809945,-0.008266044406988957,0.0,-0.506951430811637,0.0,0.0,-0.11129087891654421,-0.03236786054623332,-0.23064011999344447,0.0,-0.005985382784281329,-0.005697573469887799
Other non-ferrous metal products,LT,2.30014194562,-1.1964073036034361e-05,-2.3806154576675955e-05,-1.2445418122637149e-05,-1.00336208440632e-06,-1.667107422269939e-05,-2.485564414202264e-05,-6.034824828700308e-05,-0.0004356093554626193,-9.453708258067572e-06,-2.3407159053545597e-05,-2.0336442835717684e-05,-1.9261768486113433e-05,-1.9678238228644433e-05,0.0,-0.00015112059932953102,-8.36844022967333e-06,-0.28079743771288107,-0.0001230034428189352,0.0,-7.464601954982883e-05,-2.343739369888864e-05,-0.00010420151556925625,-1.3067693253091972e-05,-9.2726699754162e-06,-3.179402321787973e-05,-2.7146645645012454e-05,-2.368503000335023e-05,-1.2032917703127367e-05,-1.1558118353146897e-06,-8.34622776927031e-07,-1.0896799000354594e-06,-1.5897564242711535e-05,-1.0360198954017123e-06,-1.5954091725476555e-06,-5.195338976559895e-07,-7.982803108016349e-07,-3.1947436890271616e-07,-4.620431435060847e-06,-4.8079705783611294e-05,0.0,-4.059012460839797e-06,0.0,0.0,-4.3823765015862e-06,-6.11503302182603e-06,-2.114994917190048e-06,0.0,-5.1614615032014205e-06,-7.355346389425525e-07
Other non-ferrous metal products,LU,130.480303718,-0.0023049687457743625,-0.002568973533352772,-0.00597573080170602,-0.00013795756896245093,-0.0024917773634171372,-0.0064024371381631705,-0.004115781387712555,-0.0026932958262205,-0.0029539809431068462,-0.0031692387036951707,-0.01584002331767181,-0.003416995262630734,-0.001361895083855511,0.0,-0.006247157999718598,-0.0019766783236287956,-0.001288271888297163,-0.7457405160996716,0.0,-0.001999695882025859,-0.012110415316368455,-0.002584109664604408,-0.002341126344010195,-0.0013113918380709437,-0.0027010115876381136,-0.0044115164883427,-0.001344547048145576,-0.004391701422227828,-0.00035126542053326416,-0.00041154372225496444,-0.0002245557388883193,-0.008076987606396444,-0.00030139066655680944,-0.0008781477357421376,-0.00017356538495542478,-0.0007181013069285507,-0.0001048090626563971,-0.0047457097879517515,-0.0017548978435227723,0.0,-0.0011351721039831095,0.0,0.0,-0.0016111256851175687,-0.005687731464200173,-0.0010374986941802775,0.0,-0.0006142457949797268,-0.00026090684502092865
Other non-ferrous metal products,LV,18.3392182798,-3.5276797837740724e-05,-7.450311564242885e-05,-5.2648190128590783e-05,-4.401252467159169e-06,-2.3130926936739913e-05,-5.932520671632102e-05,-0.0003752000418062364,-0.0068701517682453325,-1.8500358288854767e-05,-5.269737251962809e-05,-5.6601775593282675e-05,-6.923481095573233e-05,-8.56843352208476e-05,0.0,-0.0005579152893122363,-1.2880914315029001e-05,-0.0012621969058354452,-0.00041002173589761454,0.0,-0.0003228986795194337,-8.090704789782183e-05,-0.00035800270055689527,-2.5479693316207164e-05,-2.1343377636043776e-05,-6.878380323181631e-05,-4.522769183152015e-05,-4.159082743790563e-05,-3.3380052272741795e-05,-2.452373532683912e-06,-3.6179490801650633e-06,-4.340321887477053e-06,-3.1889793297487615e-05,-3.938774495626761e-06,-3.811177176990587e-06,-5.079788308441879e-06,-1.2406643796817089e-05,-1.1510610575271297e-06,-9.132261643281605e-05,-0.00017097181401365183,0.0,-1.0141008396130887e-05,0.0,0.0,-1.2556551510536858e-05,-3.162514410553858e-05,-7.695189497261915e-06,0.0,-2.8198722546598982e-05,-3.5775298460275045e-06
Other non-ferrous metal products,MT,6.6150534653,-3.356319260867883e-07,-7.441096150009238e-05,-2.5455771557139747e-06,-1.2478645831162624e-07,-3.452392577904659e-07,-7.693697860621329e-07,-7.678342731567614e-07,-4.648310441793742e-07,-1.3612567930314064e-06,-2.6780769604184186e-07,-1.8492745717819908e-06,-6.803156228673223e-07,-6.146187473836114e-07,0.0,-1.393482663942392e-06,-4.5622292095995366e-07,-3.386104102208266e-07,-1.5315224035010443e-06,0.0,-1.75892197878342e-05,-1.2924455562668844e-06,-4.2353831358339353e-07,-3.4654601085062206e-07,-2.593275923309842e-07,-3.585458924068038e-07,-4.4091487249688465e-07,-3.1229750894565704e-07,-7.64204134755162e-07,-1.2714048353451812e-07,-6.780301904418442e-08,-9.578078693603493e-08,-1.4549138826057946e-07,-7.353337526533773e-08,-1.3178346574356536e-07,-3.3371090858750706e-08,-6.579818713050358e-08,-1.2945823836277621e-08,-8.30634465153686e-07,-4.3842579491994314e-07,0.0,-3.1783114059220974e-07,0.0,0.0,-3.1386405006843026e-07,-1.4984875736150699e-06,-4.2399016084134737e-07,0.0,-1.9843985134767048e-07,-7.474717415962653e-08
Other non-ferrous metal products,MX,586.352356656,-0.012174511525781447,-0.008054803987879269,-0.004470081637469286,-0.0019965300929258908,-0.0037380929341317166,-0.013712667333361642,-0.007077296968780409,-0.005889657545740977,-0.01524865585353823,-0.0049799211117651735,-0.00853717665885545,-0.006276413814673934,-0.0035734641659501804,0.0,-0.018826034135150896,-0.00608746327811861,-0.0030188162460994213,-0.01086483201656859,0.0,-0.005047194788301394,-0.007137676321934681,-0.004275758454996792,-0.0056758369978294415,-0.003655056601951123,-0.004282375633048173,-0.007659832462597966,-0.0024367245644936527,-0.013557435146457013,-0.02818150703315613,-0.006935526798011876,-0.005473984418494231,-0.017229570695785453,-0.006631889394063621,-0.00917693509815888,-0.0012131890224357231,-3.417324590760129,-0.0002384325836210572,-0.005847128878129126,-0.005342885651604135,0.0,-0.05046422816773113,0.0,0.0,-0.0075571065781618535,-0.01104861471528095,-0.011602792033599667,0.0,-0.001506981714137053,-0.0007619236251333215
Other non-ferrous metal products,NL,884.244336203,-0.001975010792109534,-0.039299144557884136,-0.007291218358908981,-0.0003062426784123674,-0.0024966679968180857,-0.006250696551723413,-0.006943244133577818,-0.0033345883366873532,-0.0032780912541507472,-0.005027324999713712,-0.006382114991299407,-0.003683735635923317,-0.0028128683725624124,0.0,-0.007338189968459307,-0.00194135077862038,-0.0022415272319833797,-0.012518641656054163,0.0,-0.0022403240333972035,-2.7329531996582643,-0.0035741001345074744,-0.0024156180074902246,-0.001597861590864744,-0.0030090758207372095,-0.005038515166813581,-0.0015806606823533193,-0.005668638350094415,-0.0006129022775298347,-0.00039701712650229084,-0.0007123243186677111,-0.0010152954606539742,-0.00046975860168520727,-0.001670417279074182,-0.00023684268431688646,-0.0003236299259843574,-0.00036351294172174065,-0.008196805753676144,-0.0034637308915037965,0.0,-0.0018105333858769277,0.0,0.0,-0.016201148565999697,-0.006631762770056559,-0.006032704026847482,0.0,-0.001446631073009722,-0.00042943706060817464
Other non-ferrous metal products,NO,2239.63949167,-0.02683426866573809,-0.038955431212298136,-0.01994516367264918,-0.003857638643590702,-0.033698573671300656,-0.045732513663391317,-1.8177991619095373,-0.2596097347529703,-0.051531427451425374,-0.24306135284469282,-0.0368659610390238,-0.0197107393609309,-0.019846615568104797,0.0,-0.05386731702372614,-0.022389757428239954,-0.22051447896229598,-0.04839331848254718,0.0,-0.015074201322238119,-0.05662394892911183,-0.05703750712501178,-0.02817034935879474,-0.02401404174617671,-0.23073279693055893,-0.05086329154442572,-0.01254041344358078,-0.09045264793388182,-0.00990970040141084,-0.00614591929398565,-0.005339347413623969,-0.5372032013886766,-0.009049355022433894,-0.028516453212087782,-0.001428627364976429,-0.004646633344041392,-0.0008547247197825839,-0.28166873230646094,-0.0148799149744739,0.0,-0.1201642506889287,0.0,0.0,-0.06249868672365712,-0.017964332996693148,-0.015425495608110105,0.0,-0.005523243846251489,-0.0011588873116020598
Other non-ferrous metal products,PL,4.97194885402,-0.00047876903625871666,-0.00026824901043048864,-0.00029092810818308676,-6.854970444780139e-05,-0.00035845067060711683,-0.0005524110045217522,-0.0005326585964235026,-0.00022177991145577375,-0.00011766843991450723,-0.00011233993799244626,-0.00020953303459072221,-0.00021653586982472655,-0.001997715512033109,0.0,-0.0002809141612001012,-0.00017300072429660832,-0.000869287123353309,-0.00019803877455708792,0.0,-5.787790656888212e-05,-0.0003061215094129584,-3.2496002131807504,-7.152612705882104e-05,-0.00048185360102114515,-0.00014789366361107886,-0.0008133479051818193,-0.00024860368361022297,-0.00030728282986696635,-3.859769979505449e-05,-7.944077341182778e-05,-2.036554049280451e-05,-0.00010222137923772981,-3.600237714567729e-05,-2.501525350982153e-05,-7.194849418883436e-06,-2.1950364514391356e-05,-2.588740085944563e-06,-8.63079959093909e-05,-7.312076987241668e-05,0.0,-0.0006716485813591044,0.0,0.0,-0.00016644482851834109,-9.383881985421501e-05,-7.270291692173278e-05,0.0,-8.36909073768542e-05,-9.871034978670912e-06
Other non-ferrous metal products,PT,198.460827536,-0.00013366959890718228,-0.00032974926159832113,-9.004104064168288e-05,-4.274761881089965e-05,-9.536745349035026e-05,-0.00018831348249234405,-0.00016944632951047448,-9.285776306363659e-05,-0.0009731788146239483,-5.9454641398000145e-05,-0.00018830391443445761,-0.001158826989106107,-6.344278385943791e-05,0.0,-0.00031703752604808535,-0.000604385881311333,-6.452706144690497e-05,-0.00022847499285172056,0.0,-0.0001601290410660752,-0.00016490398805351077,-8.186552774298484e-05,-0.14286732085117188,-5.892903157402064e-05,-6.988949613581621e-05,-7.329681054979674e-05,-3.265858164946674e-05,-0.00012815827391961574,-8.313358232006762e-06,-9.846602888028253e-06,-1.154921637901675e-05,-2.676236944692261e-05,-1.2224515108606604e-05,-3.810332132655113e-05,-5.31155529328681e-06,-2.5092646187043327e-05,-3.4403868592861345e-06,-1.8058683892645225e-05,-8.45344094573399e-05,0.0,-6.775795959984974e-05,0.0,0.0,-4.149945388968858e-05,-5.271008041824824e-05,-5.519900813851591e-05,0.0,-3.7977383195390105e-05,-1.0269681070170338e-05
Other non-ferrous metal products,RO,197.843931035,-0.0007501326239215659,-0.0007038628394849732,-0.002278262583160371,-0.00013490785474534726,-0.0006998479686167468,-0.0007321619967556564,-0.00047266059904625717,-0.0006555564249957296,-0.000438925668276312,-0.00022173785528220984,-0.0007120082331231157,-0.0018199017529458392,-0.0015368943338988847,0.0,-0.0007103603715399974,-0.00045186313833354925,-0.0004824106620846411,-0.001020195812957251,0.0,-0.0007328102531755618,-0.0004505327998302494,-0.0009802949712117458,-0.0004923486052846467,-0.4072670694891276,-0.00021315172237266846,-0.0008086708485550701,-0.0008373523902779084,-0.0003770824851535267,-2.992126228530436e-05,-3.910325246833808e-05,-6.101196017677699e-05,-0.00011942945317564242,-6.675729472973901e-05,-5.5036145098749984e-05,-3.730785423398066e-05,-2.711219106289378e-05,-1.736868079155834e-05,-9.007838716430841e-05,-0.000433581548235715,0.0,-0.00018320259002757062,0.0,0.0,-0.00012105534890873701,-0.00027363647681078785,-8.716888869492936e-05,0.0,-7.915314936872216e-05,-3.57447548532401e-05
Other non-ferrous metal products,RU,15160.348663,-0.005154686874056496,-0.0078002332512207605,-0.010117359951753164,-0.017469147592401556,-0.008174960371185024,-0.006793077200212328,-0.006494111306129113,-0.05073291290293707,-0.011823171889458698,-0.019892200080593097,-0.006622186033712803,-0.02315558234224589,-0.01316749695799999,0.0,-0.03833989837857801,-0.004729030271405418,-0.050489967998658535,-0.01477988427137907,0.0,-0.052546750044400944,-0.0060701890611301644,-0.013974950474583976,-0.0038336471231841343,-0.006331947739913107,-0.003806813606258912,-0.011408146019485354,-0.011700830592309471,-0.0052682605398814315,-0.001921029361684643,-0.0044784619921605425,-0.0027104383403598743,-0.006980811771382708,-0.005019047386420543,-0.0056609108796403145,-0.0008193476788477185,-0.0008713115151631527,-0.0001929689504207084,-0.0099160383241378,-0.006278199052732505,0.0,-0.015857824933975077,0.0,0.0,-0.013731850341721459,-0.024845080534590978,-0.0043939687947707395,0.0,-0.00542122121865285,-0.001063809418031647
Other non-ferrous metal products,SE,129.926596606,-0.035816243745769784,-0.03839907919411224,-0.0018816669446652997,-0.0010685306980732102,-0.0029263243348066764,-0.016949976835256092,-0.03644177003387466,-0.01565722295709344,-0.002951063336203151,-0.05039647276262451,-0.003541904031960802,-0.006791870392716889,-0.0024560045054363077,0.0,-0.009685939514143904,-0.0023146410521147267,-0.006836350488052422,-0.010583849859770924,0.0,-0.006512564755959412,-0.060001482197177256,-0.00357769339348822,-0.0018031400873522662,-0.0037330314845394627,-0.41926205442305997,-0.003899798883222041,-0.0014621236377684661,-0.06892520713347008,-0.0020312013727428295,-0.010113253287384364,-0.0005665652676251192,-0.01624369703012606,-0.0007715676352723455,-0.0016089357269415388,-0.00024300099193237722,-0.004621899546750341,-0.0001908851438125379,-0.028170346135504752,-0.0017738433909338328,0.0,-0.038321518494514796,0.0,0.0,-0.0028494763159601336,-0.002319179132095191,-0.0036226947468648786,0.0,-0.0005873069564171833,-0.00019956662179587708
Other non-ferrous metal products,SI,84.3856620141,-0.0009350788375461124,-0.001565953139652933,-0.00022816894197565343,-1.627331421912457e-05,-0.00017971602318592853,-0.0004569618627688567,-0.0005445378053887176,-0.00022226107404905347,-0.00013410241115768506,-0.0002702443826796224,-0.00020165411524519233,-0.0034181796861853745,-0.0655365903121907,0.0,-0.0006095326798117718,-0.00032835543278998637,-0.00016793001279994638,-0.00045038889061885023,0.0,-0.0005697095138674848,-0.000476534508226039,-0.00025388073976963596,-0.00013752625655980163,-0.00017062178531647738,-0.00010755344162786486,-0.5102261945515861,-0.0002982404346055389,-0.000247857579835782,-2.658528581457397e-05,-4.7488216014630964e-05,-3.447868586459728e-05,-0.0008409535348134868,-2.3258007630606613e-05,-6.272370435652303e-05,-1.27025625003482e-05,-2.098902218266591e-05,-1.6356143164219917e-05,-0.0002820996042931119,-0.00023014365048260827,0.0,-0.0026553338974850795,0.0,0.0,-8.017078272578807e-05,-0.0001175043354284208,-0.00011514815462929334,0.0,-6.739327189408754e-05,-2.2278114262504632e-05
Other non-ferrous metal products,SK,74.5177729002,-0.0005245797664398371,-0.00030450112316397185,-0.0003104463662635234,-5.99078092404953e-05,-0.0025279548619191387,-0.00038159851660704585,-0.0003233635359122301,-0.00024449325713772635,-0.00014664383461325862,-0.00015206852257621437,-0.00028261618681478306,-0.00023919638302699348,-0.000611200697328283,0.0,-0.00039734228377090957,-0.00033453861839459893,-0.00017701964653719154,-0.00047183061320238423,0.0,-0.00030498635955406267,-0.00020308632881202332,-0.0008002227637835931,-0.0001801019958354709,-0.0017249084623616787,-0.00026078803774545,-0.0011643802929350705,-0.13155279063605826,-0.00011697231546566019,-1.3539304185839012e-05,-2.4701483667734305e-05,-2.447398751292943e-05,-9.933541825153544e-05,-4.056462631809147e-05,-2.1292683074726904e-05,-1.0991871876190343e-05,-1.479549787874195e-05,-1.0255636510846657e-05,-3.593672038189772e-05,-0.0001862142392106228,0.0,-0.00014630944737849868,0.0,0.0,-0.00013052167060677983,-0.0001705528800135058,-9.573728506738401e-05,0.0,-2.963792549325614e-05,-1.0374876802461368e-05
Other non-ferrous metal products,TR,88.4607095161,-0.014132204568117668,-0.013511995688165409,-0.04810863910187607,-0.010270894093736225,-0.0029510284551095903,-0.012345495246914254,-0.006488887078515599,-0.009618209332373215,-0.003691227023632354,-0.003914567060869451,-0.0065475993867785,-0.02874461200659882,-0.0090311320843313,0.0,-0.008754509522953681,-0.015823531930832226,-0.003959534320905081,-0.010961086422749853,0.0,-0.009406742153321731,-0.010591637362591905,-0.0043129039752112805,-0.002571991848138235,-0.006534083396208847,-0.002459553388652347,-0.003326424343181195,-0.001979649280788603,-0.019888488855236815,-0.0033944094776923363,-0.00740674701050624,-0.0009407812009766486,-0.006135482860138401,-0.0018452151354451508,-0.0012650762559689647,-0.000899157677557273,-0.003002077038308009,-6.804960684402834e-05,-0.0150423574038762,-0.008799856348061618,0.0,-0.057597338444650564,0.0,0.0,-0.006088150311878651,-0.00215459903638331,-0.0017768480348468855,0.0,-0.001570904934650217,-0.0004341108555655276
Other non-ferrous metal products,TW,2419.88379983,-0.03270255109639858,-0.008073889731417372,-0.005944718183127595,-0.0048293474611446185,-0.0038732134052453177,-0.02666582071394704,-0.015073064780673993,-0.02278040619441317,-0.008471186739664578,-0.05587404581509091,-0.011379744119409878,-0.00741690770047975,-0.005533134628340761,0.0,-0.044042739933053444,-0.02480567797421901,-0.006875869675402907,-0.010615671363301916,0.0,-0.00828595961237511,-0.01630154771284085,-0.00685880770738765,-0.006354620244851003,-0.0039524919608955236,-0.00615887111168486,-0.005432128748514332,-0.0021717511915564716,-0.0702634813548951,-0.011261587349869645,-0.08260783877081952,-0.004015375072395052,-0.03335105857985127,-0.031317471517696455,-0.0198058179155455,-0.0018306748351069944,-0.003744671905844014,-0.0009131801847743098,-0.37550635002468274,-0.010068298057672322,0.0,-44.589806865242046,0.0,0.0,-0.03320563846502208,-0.08614215252167669,-0.016456731788126764,0.0,-0.011871472293879259,-0.005080541684898893
Other non-ferrous metal products,US,6036.18688861,-0.0431596596224887,-0.13960893073053898,-0.11443995659142599,-0.009011462352480973,-0.028834800193282106,-0.07888565365219519,-0.035650787612367986,-0.025852696698688823,-0.06746406831625745,-0.03643035594426345,-0.08553152996020623,-0.07576735522034289,-0.02897960693864282,0.0,-0.06796596030376066,-0.07520907743395064,-0.01906233499889773,-0.042107675529595115,0.0,-0.01720715457944737,-0.038417309326685876,-0.024195737796870606,-0.05143305175906478,-0.019033328411228522,-0.04062172513364505,-0.11250040122753564,-0.013626530989991162,-0.07274119346223258,-2.816308208847329,-0.038323619893241276,-0.017008080713068027,-0.3150748453991147,-0.05275392084148791,-0.13555725372965144,-0.004550378775228306,-0.19170003864072868,-0.0025388385990234522,-0.10789442615797837,-0.03095916882457218,0.0,-0.10999928054290554,0.0,0.0,-0.14357812971730582,-0.059670651037967704,-0.6864456263183996,0.0,-0.01148168715899775,-0.004906985628758331
Other non-ferrous metal products,WA,9486.67232633,-0.15340700648672037,-0.12708368459788363,-0.08324821950553644,-0.043555533902004326,-0.04566964733269925,-0.14503273263328936,-0.12370314551653516,-0.10594988739214782,-0.09341344010919403,-0.09500200765749096,-0.12532736845615983,-0.09644351577778766,-0.05505315705087993,0.0,-0.1352027205754148,-0.21520534284382686,-0.23839069541759744,-0.1261144267849342,0.0,-0.04880543350153347,-0.14815226146201751,-0.08731103895209838,-0.04703606605221848,-0.046648633312435434,-0.058420957308951874,-0.07665228231081116,-0.024534162017401256,-0.3468208180979859,-0.07247270750517937,-0.42685208463757773,-0.12581105693263447,-0.12287593238705641,-0.35426838058894283,-0.07977144291738207,-0.037197469738426144,-0.03551593763825263,-0.037093659889099205,-0.601072929204437,-0.1528616243585336,0.0,-1.312742298982769,0.0,0.0,-0.3120023450668057,-0.2886159202809575,-0.21567008803382787,0.0,-0.02470942523282298,-0.04924006301977306
Other non-ferrous metal products,WE,1511.22181059,-0.013793175043710547,-0.008069239481280053,-0.021741310330457415,-0.0040992977383401035,-0.008294380982249485,-0.009170830215421326,-0.00778014335065869,-0.07321523779065699,-0.005288096727951097,-0.00541543908684667,-0.0037613579490708648,-0.04252603947994456,-0.3423402895321394,0.0,-0.0054282858316496195,-0.012677002447401244,-0.06605755186115567,-0.006194980967440299,0.0,-0.0031381296489557432,-0.008941871671078225,-0.016122443199968608,-0.0044550357370580565,-0.031967487082366415,-0.0038751303902218774,-0.05732664173368908,-0.008752925248637668,-0.009997293429539625,-0.0006303975423975368,-0.0008024278353377597,-0.0017046711667112434,-0.0024567064583378337,-0.0009813189823832734,-0.0018474360007439332,-0.0002588593604964623,-0.0004230603518794509,-0.00018445322677370683,-0.003444714481256194,-0.0038573110073975483,0.0,-0.024560397131743104,0.0,0.0,-0.003345732657572803,-0.0051131120752249595,-0.0013593780816046324,0.0,-0.0007471752715900962,-0.0004999583896277331
Other non-ferrous metal products,WF,3609.65326055,-0.022755690196201293,-0.12663285898048482,-0.08125797159105942,-0.03786147059672352,-0.02405471137962977,-0.0312256349743186,-0.03625500280326556,-0.0494357937419075,-0.14699982110353618,-0.032168704799521365,-0.1820611322828829,-0.3538526804775479,-0.037998044548585116,0.0,-0.04680439719149034,-0.07169956455353911,-0.10144833327102414,-0.07767255386867002,0.0,-0.04967287899267963,-0.07006535922194693,-0.022607350127002178,-0.20683270940275755,-0.03913526437352839,-0.022333140687549418,-0.0269101291710987,-0.011218076369908946,-0.0708912451865816,-0.010917354963582336,-0.009001600390647969,-0.028001646492404417,-0.029709227721535933,-0.028443444935606316,-0.020254938042210395,-0.008976076095902407,-0.004725865102468137,-0.0011930285455007685,-0.06598627714002898,-0.027796685146555943,0.0,-0.07351796597332101,0.0,0.0,-0.4112686544553266,-0.05724329939234803,-0.028782066350468927,0.0,-1.4179965682082154,-0.020552137444441253
Other non-ferrous metal products,WL,2577.23934263,-0.006744464209136014,-0.0108461922919192,-0.00597091441982863,-0.008742573696437841,-0.0054134839222599795,-0.009826893701584656,-0.021839993725784834,-0.012319448799671362,-0.026325534228511638,-0.00784438611606814,-0.010842631911360721,-0.008639204554729071,-0.006709432621774616,0.0,-0.01641945485097584,-0.010765245275319964,-0.008562346386299399,-0.017663650227744715,0.0,-0.019309432151680076,-0.011652044335443559,-0.006003235008786306,-0.015596277688200861,-0.005164815173467296,-0.006542201050673476,-0.005634293568366217,-0.005220501456718606,-0.010110698878440854,-0.010905604944505062,-0.005222518558339902,-0.007371370286605628,-0.01123370481629494,-0.009706655547760987,-0.1256752399422149,-0.0016555594532499146,-0.0143660073254717,-0.000870337703305299,-0.009354328020022272,-0.009484079934962097,0.0,-0.02277148327185031,0.0,0.0,-0.009428576276540713,-0.011737562640119844,-0.8504722595871298,0.0,-0.0027441616863920527,-0.0017276445402740145
Other non-ferrous metal products,WM,4831.48508522,-0.033748573312727306,-0.05241725048769328,-0.050236750837742844,-0.04419078779216046,-0.021216894391733708,-0.043878256759830266,-0.02833548346097866,-0.04306023188261328,-0.04745971359060497,-0.026649126596669983,-0.04177930473569115,-0.056998171116244244,-0.021756844279873157,0.0,-0.039339156473228,-0.09797296753929174,-0.03645797199030588,-0.04880237919509629,0.0,-0.022977123501239375,-0.03557708476788163,-0.03426608542915889,-0.028605789532714535,-0.054483902698869685,-0.015583649122427986,-0.026626228851226886,-0.0098691232258263,-0.0921973526449343,-0.015843124972525616,-0.03349588639432987,-0.01473044672903529,-0.025262834011166427,-0.02799741101036045,-0.022069718367690765,-0.009681684454596643,-0.0051314499341000245,-0.0005677953193342496,-0.0949473182956719,-0.06450650873632091,0.0,-0.26111842556611686,0.0,0.0,-0.07656684372677389,-0.02681024417205892,-0.027840223480088393,0.0,-0.013431361383676886,-0.11296286279882332
Other non-ferrous metal products,ZA,470.138662608,-0.002480231269804202,-0.0054376713624743915,-0.003632681925606949,-0.0005960455363052125,-0.00221259069291711,-0.004747079023681082,-0.004947540109612877,-0.0029184592389679734,-0.004766108386481407,-0.00912565214950571,-0.00477813204382752,-0.006820761048239658,-0.001773027029248663,0.0,-0.011940584039594065,-0.015613032850928514,-0.004406046812580312,-0.007427924299363436,0.0,-0.006971042121146777,-0.003627414149812195,-0.0029316610660832213,-0.008978277392902877,-0.0024572665399102836,-0.0034911017798523927,-0.0019468376548482799,-0.0010421401213407755,-0.003826869874028124,-0.0009817693055008685,-0.0012478905856501139,-0.004521843990076339,-0.001026824649464697,-0.00112128752013293,-0.006118151851758776,-0.001032709612962295,-0.0003674042023152478,-0.00023896695121176958,-0.008958843249172985,-0.0026446438208825745,0.0,-0.00796628134928107,0.0,0.0,-3.1200111974252387,-0.010745926029920081,-0.001711402789712761,0.0,-0.16489362394438672,-0.002083809446876091
Precious metal ores and concentrates,AT,0.224596926339,-1.0003390776784867e-05,-2.026490299359828e-08,-1.2734171924276524e-08,-3.5601354836480656e-09,-5.211650952908482e-08,-4.5606694111810044e-08,-1.3650505061416138e-08,-1.2316633803987804e-08,-8.411922609347324e-09,-7.2407503075093275e-09,-1.166558626354261e-08,-2.476368195041054e-08,-5.927265274162518e-08,0.0,-2.0147562573675052e-08,-1.649963911914027e-08,-1.6936078399565626e-08,-9.689053402143035e-08,0.0,-2.4066062430931624e-08,-2.0552354907181685e-08,-2.0688718693439854e-08,-9.80270085431771e-09,-2.6123352054114895e-08,-8.026385329972682e-09,-3.823441974959342e-08,-6.170397677064688e-08,-1.0107006475651506e-08,-1.3676276889215205e-09,-9.752626500921976e-10,-1.3722498821376204e-09,-2.977605318190419e-09,-1.4496286575701093e-09,-1.613979896349785e-09,-8.150991959611091e-10,-1.064707330716912e-09,-2.091890448070973e-09,-3.297207630353502e-09,-2.7931357175465808e-08,0.0,-2.5096192577373387e-09,0.0,0.0,-2.9900800084059435e-09,-7.50493753374566e-09,-2.043521244795921e-09,0.0,-2.8071313210079077e-09,-1.0039002767137897e-09
Precious metal ores and concentrates,AU,16535.068323,-0.0024008040682730377,-0.0031174799405742385,-0.0015871470654923996,-0.0006944225076789588,-0.001478295926724429,-0.0026643682840098736,-0.003403059847737313,-0.0029701617384071807,-0.002614402605515254,-0.002225386766470381,-0.0031214807981560645,-0.003922600020263536,-0.0015259749208892859,0.0,-0.005888419965160808,-0.002159962164885965,-0.0023754086437563454,-0.004391088278039425,0.0,-0.0025041458227364195,-0.0033035239705840502,-0.001785505650653415,-0.002319349170472407,-0.001293087118244383,-0.002290675649639978,-0.0024169269683936697,-0.0007926764186633884,-0.004477391226136196,-0.0015176719682611847,-0.0025569388652387096,-0.0030174371781844364,-0.0012512858074189255,-0.002480191185714357,-0.0009780508109479933,-0.0005405494007937154,-0.000520468084745503,-0.00013668243773566223,-4.62047255628201,-0.0026874397780692837,0.0,-0.007889824695798481,0.0,0.0,-0.005746880929946203,-0.016544781233142618,-0.0030969577938586455,0.0,-0.0007528068103440133,-0.0007899905892422498
Precious metal ores and concentrates,BE,0.0596354797942,-1.81695876798313e-07,-4.385091515694329e-05,-1.9235325690519322e-07,-3.8901608146820384e-08,-2.486563067210844e-07,-3.646582677068211e-07,-2.404862140907938e-07,-2.358443942771103e-07,-1.7345470084986348e-07,-2.1558995643983767e-07,-7.339361888326692e-07,-5.738734722633902e-07,-1.4310386973600105e-07,0.0,-7.093409620800055e-07,-1.302488764021496e-07,-1.9511497859023933e-07,-4.1884620325924143e-07,0.0,-1.4529114292220184e-07,-6.914473614397851e-07,-3.3031943222216045e-07,-3.4781580783895663e-07,-2.0124805047546712e-07,-1.824733085064125e-07,-1.2080540391538102e-07,-1.4209396024017417e-07,-2.406307767229018e-07,-8.829082192261714e-08,-4.998419915649316e-08,-1.5792363085115552e-07,-7.023028944505957e-08,-4.318263657623691e-08,-5.99653742557325e-08,-3.568147597183042e-08,-3.604730616508891e-08,-7.51177126758444e-09,-8.184431052438035e-08,-3.0480836127424833e-07,0.0,-1.9544971627120938e-07,0.0,0.0,-1.8652694375020696e-07,-3.0068396572298715e-06,-7.962139477952374e-08,0.0,-2.0024370663223687e-07,-1.0317026065001722e-07
Precious metal ores and concentrates,BG,219.383484118,-0.00016769087681721827,-0.00023856691553715342,-0.5747468553195704,-1.7912698627502106e-05,-0.00015259418046107133,-0.00017483200948657327,-0.0002541518118094287,-0.0003111165661324313,-0.00011946644783222196,-8.393490956797714e-05,-0.00015295664577891644,-0.003705354432927682,-0.0005326230264798873,0.0,-0.000540618770163828,-0.0001865055592493821,-0.00026075148044735387,-0.0005415971309123897,0.0,-0.0005790449551354856,-0.00017736384721686143,-0.00025161365575814834,-0.00011369072214585031,-0.001291153910776336,-7.477943441020996e-05,-0.0002492438689548537,-0.00016497697394460373,-0.00013594229872115324,-1.802985711251295e-05,-1.163577198754151e-05,-2.5440924495792485e-05,-6.813558963207804e-05,-1.8470293307824454e-05,-2.2468009640503814e-05,-3.58651893060141e-05,-2.8120529461413184e-05,-8.633041446021415e-06,-0.00014703926470637183,-0.00022100012220882152,0.0,-5.251966802539844e-05,0.0,0.0,-7.361057376901634e-05,-0.00013869025402043537,-3.388611051569495e-05,0.0,-7.453205639663665e-05,-2.2498886671336983e-05
Precious metal ores and concentrates,BR,1277.13264863,-0.00022365984454539192,-0.000379759682583696,-0.00012907057133540171,-0.00012098811353231236,-0.00015359702486207374,-0.0002806821076466388,-0.000302537129759243,-0.00017962041652514084,-0.0003340749315089506,-0.00017295514766714988,-0.00033262369166916236,-0.0001929145666733704,-0.0001374832017145414,0.0,-0.000385569188848422,-0.00023326357737023045,-0.0001125564527571354,-0.0005334500258968434,0.0,-0.00026370925944562345,-0.0004634785692041823,-0.00015162611393318155,-0.0003609447060486597,-0.00012369030387102817,-0.0001700760716288137,-0.0002572420522676245,-8.18463971956917e-05,-0.0002323005397929524,-0.0001868468907725518,-0.00012368646046687716,-0.0002866598493943209,-0.00012625520264285739,-0.00022221289664975068,-0.09309801668704487,-4.978152267901117e-05,-0.00013331415347378196,-1.3489704647802733e-05,-0.0007439653815175599,-0.00023418002574432937,0.0,-0.0006116527391731006,0.0,0.0,-0.0005571209169818885,-0.0004569456268847761,-0.003147331955573885,0.0,-0.0001635118718528771,-5.900932323707677e-05
Precious metal ores and concentrates,CA,1002.65544268,-0.00021773437041760208,-0.00031428077350943473,-0.00017618389374314934,-4.8345702477735804e-05,-0.0001651823682761616,-0.0002791698771071534,-0.0002527383364175672,-0.00018528352169460435,-0.00023674508944171208,-0.00014913194258074004,-0.00032872731711971077,-0.00021460829913676598,-0.00011940877816349578,0.0,-0.00037960496642490594,-0.000186488088500632,-0.0001279234353391375,-0.0003749723627364625,0.0,-0.00011588862828982362,-0.00021291018754831926,-0.00014752787852094382,-0.0002821624688463735,-0.00013340851203305976,-0.00020279190550062955,-0.0003291471820176774,-7.990932579804885e-05,-0.0005295569934163318,-0.0007821384717085076,-0.0001311869869867277,-0.00014282321901460304,-0.175394729281705,-0.00024742692789960755,-0.0004720140230907925,-3.631536445599526e-05,-0.0006184070991901411,-9.424936831792824e-06,-0.0002722887387112412,-0.00020676920100521037,0.0,-0.0007509614147701054,0.0,0.0,-0.00028532396834362326,-0.0005111467318024851,-0.00043866734999267016,0.0,-5.2800212466208936e-05,-3.2804518132706586e-05
Precious metal ores and concentrates,CH,0.0,0.0,0.0,0.0,0.0,0.0,0.0,0.0,0.0,0.0,0.0,0.0,0.0,0.0,0.0,0.0,0.0,0.0,0.0,0.0,0.0,0.0,0.0,0.0,0.0,0.0,0.0,0.0,0.0,0.0,0.0,0.0,0.0,0.0,0.0,0.0,0.0,0.0,0.0,0.0,0.0,0.0,0.0,0.0,0.0,0.0,0.0,0.0,0.0,0.0
Precious metal ores and concentrates,CN,31293.5798994,-0.020264603362379886,-0.026459119575144678,-0.042642344440536134,-0.007341902376450141,-0.0183761243557187,-0.03377285621638633,-0.02449683419123766,-0.01686747722210692,-0.03883805612886369,-0.027547501705920237,-0.026514241312950118,-0.01209112169729975,-0.01506796845932309,0.0,-0.024209923891279413,-0.01624644575191332,-0.016867435330341685,-0.03108713738787426,0.0,-0.011524168314288192,-0.016628978023533386,-0.014672295727097563,-0.015303836135926919,-0.018962948640615956,-0.01520376630554292,-0.018146261760797235,-0.008698038249529933,-0.024358816059914037,-0.011566361081788414,-0.05212583727034831,-0.3553670686762504,-0.02757824035151072,-0.05617437223741584,-0.034897495374024014,-0.003530940120436478,-0.03055469045479267,-0.0010877543585027184,-0.17718085903552022,-0.02146574374280216,0.0,-0.021430616417803285,0.0,0.0,-0.07986479291012472,-0.13477950323633758,-4.605529212266955,0.0,-0.010767263800040039,-0.014872431723726818
Precious metal ores and concentrates,CY,0.0011773021885,-5.820612239438263e-12,-1.794373134875295e-11,-9.102265869927465e-12,-7.10557220147041e-07,-7.461127737692962e-12,-9.55885544437681e-12,-1.0306281353374953e-11,-1.0902439723799836e-11,-1.1122235802380546e-11,-7.140111519556997e-12,-1.2521023851341602e-11,-1.4050773025044384e-11,-6.1596538456039794e-12,0.0,-5.328407471168821e-10,-1.1743067868932965e-11,-1.1142562388134904e-11,-6.863804857526933e-10,0.0,-8.488440299388613e-10,-3.2383544768776904e-11,-6.369397511359266e-12,-1.0177976563352077e-11,-8.675053387729134e-12,-5.583802951601798e-12,-4.414491022058013e-12,-2.989488462399468e-12,-3.290056529928366e-11,-4.294193076203251e-12,-6.362897779101114e-12,-6.0628915492445885e-12,-4.495230737148596e-12,-7.815807756652293e-12,-5.3914067765778726e-12,-3.6426919005369375e-12,-1.2462717271266017e-12,-1.0632361858865925e-12,-1.5580025051777106e-11,-1.0789814413691907e-11,0.0,-2.338963447184168e-11,0.0,0.0,-1.7237579176927592e-11,-2.342817073342308e-10,-9.018602062307703e-12,0.0,-1.6012927061388538e-11,-6.925250880495762e-11
Precious metal ores and concentrates,CZ,1.16809572089,-2.8295183940408196e-06,-1.2344425357059503e-06,-1.2041651149323822e-06,-1.0310902950213328e-07,-0.00016083932531303437,-3.147323057950422e-06,-1.1072006369912134e-06,-1.4965653548735382e-06,-6.512347424292797e-07,-4.072951005722289e-07,-1.2926437695244557e-06,-1.4473500874836937e-06,-2.1178371499664687e-06,0.0,-1.3265666515414321e-06,-5.656801965296511e-07,-1.8508438756859922e-06,-4.190315059682319e-06,0.0,-5.237878439953314e-07,-1.0023952578226591e-06,-5.276545610037234e-06,-1.5613017174675537e-06,-1.8671347564993939e-06,-5.552131790933423e-07,-1.8839935987825877e-06,-4.4199267618786804e-06,-7.075251545397728e-07,-6.793317689976653e-08,-1.0336214206764323e-07,-2.022492400725632e-07,-9.907682609431251e-08,-1.2763909181902907e-07,-8.764727858304672e-08,-4.1368734214597206e-08,-6.116847071375416e-08,-1.6791810262299573e-08,-1.1796327875822026e-07,-9.575388870957472e-07,0.0,-2.418807453345567e-07,0.0,0.0,-2.9366816775985243e-07,-1.2790908621686627e-06,-1.528634777133429e-07,0.0,-1.1869323603253066e-07,-5.9038838141692086e-08
Precious metal ores and concentrates,DE,0.616363009224,-1.1325225671899286e-05,-3.3510091218508315e-05,-3.933072807819642e-05,-3.1958308072494867e-07,-7.664968729160958e-06,-6.585081316624616e-05,-5.807108182469103e-06,-4.325588767977908e-06,-4.220537255605049e-06,-5.408725240402851e-06,-9.368695484448863e-06,-3.4372969116167086e-06,-4.862109861453114e-06,0.0,-4.399980853104987e-06,-1.1450839653093838e-05,-2.936164492738923e-06,-7.3730267167506595e-06,0.0,-1.2061985250698845e-06,-7.749600858150895e-06,-8.639330171802193e-06,-2.8533382786308943e-06,-4.465029335420234e-06,-5.105043266655741e-06,-1.061445852163152e-05,-4.510805617533716e-06,-4.163728913625962e-06,-4.687654401763532e-07,-9.582688558036693e-07,-4.10232519970141e-07,-9.021116462354791e-07,-4.822281315048336e-07,-1.2010626493514881e-06,-1.1011741792207934e-07,-4.56037684914834e-07,-7.146915789739536e-08,-1.8192338073676265e-06,-3.8598524681787104e-06,0.0,-4.205121708796663e-06,0.0,0.0,-3.8453492896866725e-06,-2.593287580323633e-06,-2.8414752844972343e-05,0.0,-2.8000217243743477e-07,-1.168582724010793e-07
Precious metal ores and concentrates,DK,1.05330603817,-4.3899912449663236e-07,-6.839611543031158e-07,-1.2029694794583063e-06,-2.1912587115955907e-07,-1.008446875537134e-06,-1.2355678450037903e-06,-0.0010426301714820472,-1.4734736371133922e-06,-6.660295438898409e-07,-6.269213744794246e-07,-6.309200723853006e-07,-2.19025817525083e-06,-1.4625341137447378e-06,0.0,-2.0471185101368736e-06,-4.1538830935064805e-07,-4.811987594393818e-06,-8.26513491390582e-07,0.0,-4.376792385846978e-06,-1.282097238005833e-06,-1.2324157033963917e-06,-3.603241535705824e-07,-3.0758391400480635e-07,-4.753067592442784e-06,-2.664834984858444e-07,-3.130884174985362e-07,-6.972201330924941e-07,-1.7172593220228484e-07,-7.392204459923206e-08,-2.576347258146045e-07,-3.5185007040694883e-07,-8.77234557383105e-08,-1.850972679012889e-07,-8.350499297649369e-08,-2.281334510747481e-07,-1.7058124793405706e-08,-1.0863173424741668e-06,-1.0073263903053246e-06,0.0,-1.7833107894724748e-07,0.0,0.0,-5.613264167274149e-07,-1.0941239387213214e-06,-1.3242371396640796e-07,0.0,-4.067850765052673e-07,-1.8010858878762606e-07
Precious metal ores and concentrates,EE,0.199509963783,-8.201841638767616e-10,-1.9091807236879836e-09,-7.079157026075002e-10,-8.883648729482684e-11,-1.071503611659086e-09,-1.260483420511563e-09,-7.772014771636165e-09,-8.942663232625595e-06,-8.395081846091859e-10,-7.508093442433432e-09,-1.2535250149939553e-09,-2.1531216566360972e-09,-1.3687615569605896e-09,0.0,-6.535372588927325e-09,-5.680725330559207e-10,-3.6130220622561094e-08,-4.472092139803342e-09,0.0,-3.4625542355323695e-09,-1.301088490109854e-09,-3.837941853815974e-09,-6.684281488178242e-10,-6.421884676349638e-10,-3.0183704692678645e-09,-9.273829628656899e-10,-1.3847705877282193e-09,-1.065783976730729e-09,-7.255743247312614e-11,-8.285182276441661e-11,-1.254872016074729e-10,-7.088669843988823e-10,-9.673641834010476e-11,-1.0906293281654785e-10,-8.099800214595477e-11,-2.03645908322272e-10,-7.900135296625024e-11,-2.724055172658169e-10,-1.4720737134509897e-09,0.0,-3.9843875173383073e-10,0.0,0.0,-3.8317282435215814e-10,-3.1839040125718518e-09,-2.1871938919238342e-10,0.0,-2.8850932096078444e-10,-1.1677655219330682e-10
Precious metal ores and concentrates,ES,0.586391346551,-4.5784983054798455e-09,-1.3258793901293906e-08,-3.512104349376063e-09,-3.893945662277247e-09,-5.9258540043065225e-09,-6.245344049029159e-09,-6.591034946246297e-09,-5.124217123987702e-09,-5.091316909690153e-07,-2.3705793139741573e-09,-1.4706197909573312e-08,-8.705042103682659e-09,-7.686063878435056e-09,0.0,-1.7671798882231404e-08,-6.152337829938725e-09,-6.453669436914622e-09,-1.922478334088522e-08,0.0,-7.472895345209297e-09,-9.561560297975514e-09,-4.317873405964594e-09,-5.8553807088786335e-08,-4.9980064885957146e-09,-3.7043935651123054e-09,-2.339016704335984e-09,-2.346020505638257e-09,-7.3076034436993315e-09,-7.830385710853827e-10,-5.04553671972076e-10,-1.1384697458492429e-09,-2.1855185355542465e-09,-8.895618721625351e-10,-2.3436625220683997e-09,-3.4232895353036324e-10,-4.990849782147334e-10,-1.8841696741643562e-10,-1.3151590003930931e-09,-9.044249020442625e-09,0.0,-1.9134020840958342e-09,0.0,0.0,-1.740957805475022e-09,-3.995591284961857e-09,-1.8857360776894745e-09,0.0,-3.53564535978202e-09,-1.0001920819213067e-09
Precious metal ores and concentrates,FI,26.1642864178,-5.754998455771676e-06,-1.671579816428437e-05,-4.445782908665271e-06,-1.416191724063786e-05,-1.0562181302554648e-05,-1.0108421070663085e-05,-3.3862273123303435e-05,-0.000218582027662144,-6.920383301629094e-06,-0.006939354797308414,-6.360259017561545e-06,-1.0166123407681617e-05,-8.688267820199722e-06,0.0,-3.7279413217343216e-05,-4.135979653627358e-06,-5.972453729483854e-05,-2.9666147936484105e-05,0.0,-2.376702269908893e-05,-1.1076824147351133e-05,-1.094276002693008e-05,-6.661351638238175e-06,-5.341709578514074e-06,-2.213509777372612e-05,-4.072466504563845e-06,-3.3570219217031957e-06,-9.535236961251818e-06,-1.1143629072664104e-06,-1.6132483754321866e-06,-2.2479912440357748e-06,-4.704034280503768e-06,-3.6071168866585963e-06,-1.7447269261723232e-06,-6.4769396568958e-07,-5.134704510971243e-07,-7.46230234299666e-07,-2.314162331008065e-06,-1.6434825806940966e-05,0.0,-3.510876523371491e-06,0.0,0.0,-2.08317544613918e-06,-9.122015556903371e-06,-2.2925142727668013e-06,0.0,-1.9899026880255277e-06,-5.986945729689127e-07
Precious metal ores and concentrates,FR,0.0,0.0,0.0,0.0,0.0,0.0,0.0,0.0,0.0,0.0,0.0,0.0,0.0,0.0,0.0,0.0,0.0,0.0,0.0,0.0,0.0,0.0,0.0,0.0,0.0,0.0,0.0,0.0,0.0,0.0,0.0,0.0,0.0,0.0,0.0,0.0,0.0,0.0,0.0,0.0,0.0,0.0,0.0,0.0,0.0,0.0,0.0,0.0,0.0,0.0
Precious metal ores and concentrates,GB,6.61384960226,-3.0452171900050394e-06,-8.203680826848251e-06,-7.533457428636504e-06,-2.1470720699853445e-06,-4.510238988569513e-06,-9.685469066981633e-06,-1.7186238443364318e-05,-5.889430614742635e-06,-1.3234486494097474e-05,-4.623492625713749e-06,-7.484905556851934e-05,-1.0506422369523953e-05,-1.591169328560187e-05,0.0,-5.332146480974692e-05,-6.829618510523299e-06,-6.9445361735449564e-06,-1.3110678208693825e-05,0.0,-5.918024988276855e-06,-0.0024482923955116537,-4.551479542422982e-06,-8.346758280933969e-06,-3.5221043894242088e-06,-5.266031985921517e-06,-2.959998285542628e-06,-2.0172531502577795e-06,-0.004383280947788452,-4.346358748434128e-06,-1.6891236202577049e-06,-4.111848087743433e-06,-2.6205119776174547e-06,-2.208915670695162e-06,-8.795574668084155e-06,-1.2651510725950527e-06,-1.973330249285279e-06,-4.17202309400046e-07,-6.010795908458535e-06,-3.962698078216332e-06,0.0,-6.7464689278037624e-06,0.0,0.0,-0.0009918555825889695,-2.40363653036963e-05,-7.218809216434405e-05,0.0,-6.545023050633394e-05,-4.606259450631643e-06
Precious metal ores and concentrates,GR,0.00970457128421,-1.6769418922455643e-08,-2.238670463870038e-08,-8.408366940476583e-08,-2.1480101131806238e-08,-6.161849222935582e-08,-1.4412872137688572e-07,-2.5170232425805823e-08,-2.2860182083443694e-07,-1.7954628665313405e-08,-5.7262587662350203e-08,-2.3908426432525276e-08,-3.1177644013157294e-06,-1.2696239428579077e-06,0.0,-3.284905375583375e-08,-3.859142601782123e-06,-1.0304685601673364e-06,-2.909290174007222e-08,0.0,-2.155080471338086e-08,-1.6693357320180913e-08,-5.291959885245885e-07,-1.2249717175813027e-08,-7.190517857228174e-08,-1.4200593999328596e-08,-3.6071923267010877e-08,-1.9211306217055105e-08,-1.199182198722665e-08,-4.646309247217707e-09,-3.388739100824598e-09,-2.630596797953901e-08,-7.1519283413310335e-09,-5.74511521353374e-09,-8.305855066245163e-09,-2.6223124219921217e-09,-1.8095700201733217e-09,-6.82909590859298e-10,-3.0723746459726586e-08,-4.111473574030611e-08,0.0,-1.1987010292176894e-07,0.0,0.0,-1.500231879181328e-08,-1.4227767307587759e-07,-7.708776205388788e-09,0.0,-7.915517551875078e-09,-1.0845346283704795e-08
Precious metal ores and concentrates,HR,0.252260356885,-1.2572155168273564e-07,-1.4607372821569663e-07,-1.415793768570352e-07,-2.1921293981712234e-08,-7.668647372992985e-08,-6.329960953351948e-08,-1.670293908103251e-07,-7.150239430320159e-07,-9.945164084974936e-08,-3.150588855623877e-07,-7.64763056266079e-08,-2.0695313398868017e-07,-2.334776813571541e-06,0.0,-2.391443755047754e-06,-6.64283594818897e-08,-2.5143430236703744e-07,-2.5980297933550605e-06,0.0,-1.491736091353959e-06,-2.899831805622088e-07,-1.061688707563616e-07,-1.4783735222206185e-07,-8.471308348130349e-08,-1.2659174716217304e-07,-6.673979873774096e-07,-8.441134418338622e-08,-8.521666432514528e-08,-1.1925014215720568e-08,-5.999071008552104e-09,-1.1478861525027157e-08,-2.698433830564549e-07,-8.094226654856134e-09,-1.6614117144742608e-08,-8.548813259851286e-09,-8.98186193466698e-09,-5.372945071958411e-09,-5.10157168374016e-08,-1.001198309342087e-06,0.0,-3.887679632682731e-08,0.0,0.0,-3.1831668672123585e-08,-4.284708309751664e-08,-3.083550005237365e-08,0.0,-1.382424304279735e-07,-2.4528015871818406e-08
Precious metal ores and concentrates,HU,0.291623952868,-2.583949127243585e-06,-6.171028211258825e-07,-1.9803047627643157e-07,-5.819741438117045e-08,-3.583189008155669e-07,-6.652171845467457e-07,-1.9879492481168586e-07,-1.5091578945026657e-07,-2.1943781261790774e-07,-9.210549023183097e-08,-1.0879730122271572e-07,-4.4688525241679276e-07,-1.3460110757293898e-05,0.0,-4.7404444244679865e-07,-1.4486268417906198e-07,-6.340672306507908e-07,-4.3622468062357153e-07,0.0,-3.3336466841004977e-07,-6.197234220459211e-07,-4.868740099342913e-07,-1.3066358624485395e-07,-1.3515631225726855e-06,-8.41622418662528e-08,-4.0634111084440685e-07,-2.2064169565174336e-07,-2.009694310006163e-07,-2.3217672111669824e-08,-4.293900119918609e-08,-1.3914102855398815e-08,-7.386007424673263e-08,-3.164119765820321e-08,-3.186966844332444e-08,-7.971972869442706e-09,-7.826122827039986e-09,-3.9016474128185765e-09,-3.401517723483929e-08,-8.756990261189958e-08,0.0,-3.185845594591773e-07,0.0,0.0,-5.220910429360711e-08,-7.393716370409326e-08,-1.6494140037722333e-07,0.0,-6.229222203268894e-08,-2.3098331531432523e-08
Precious metal ores and concentrates,ID,1150.81147058,-0.00011334245652272416,-0.0002706667430350013,-0.0001731877520260281,-0.00015502913166384817,-9.562763533418438e-05,-0.00015111825461885527,-0.00022236029016842464,-0.00025799778728224877,-0.00024338100548815196,-0.00018656167860187296,-0.00019937439657486872,-0.00034788760171413957,-0.0001373450727524471,0.0,-0.00041476220439016646,-0.00015150564130509515,-0.00020890565730737477,-0.0005480381410171445,0.0,-0.0006016092739122315,-0.0002687338893228812,-9.439450611574474e-05,-0.00010849529528345049,-0.00010645542679217942,-0.00012077129821696084,-9.672809450510123e-05,-6.787163483774174e-05,-0.00022553881515242975,-6.874186216193226e-05,-0.0003484978180904183,-0.0004152012753122541,-0.00010845113943950653,-0.00028878263390563237,-0.00010272299246124823,-8.867522742122813e-05,-2.8917760707004466e-05,-2.0025309436004325e-05,-0.0006598410895208005,-0.00024019785685180386,0.0,-0.000991577599048141,0.0,0.0,-0.0003433904643016352,-0.005479993436818311,-0.0002501767542696304,0.0,-0.00013240290371752803,-0.00011633200625428902
Precious metal ores and concentrates,IE,13.884597128,-1.6492248863661566e-06,-6.881229700835957e-06,-3.68347273420181e-07,-3.367232551559474e-05,-1.1352077258698547e-06,-1.5701538132428457e-06,-1.8166442012512825e-06,-3.59923517071685e-06,-1.0907800870429677e-06,-5.037385941371189e-06,-2.310147654937618e-06,-9.895160166999292e-07,-9.057091963666325e-07,0.0,-0.004944630903985562,-9.435037645941682e-07,-3.5663357104025184e-05,-0.0003372865999140473,0.0,-3.1700724311928207e-06,-3.80121032932957e-05,-2.3024707379860912e-06,-3.592501086322487e-06,-6.702208732245258e-07,-3.4304444656036783e-06,-3.107346219040918e-07,-4.1669788829146423e-07,-2.737092096043859e-05,-3.9348499545221883e-07,-6.470354084332919e-07,-1.981380595254417e-07,-1.8251701639382592e-06,-9.979540551080063e-07,-2.0968783205937274e-07,-9.839643762328399e-08,-8.460730745212381e-08,-4.6044529184838496e-08,-1.494003136241767e-06,-1.0033567345049611e-05,0.0,-2.993849054165894e-07,0.0,0.0,-6.254127168274893e-07,-8.043039318769114e-07,-3.066342457037096e-07,0.0,-3.0244145945015354e-07,-1.3540987745417006e-07
Precious metal ores and concentrates,IN,95.2775830004,-0.0001065478967668189,-0.00031503540705148455,-9.451660640824354e-05,-0.0008576597006905804,-0.00011424698251740897,-0.0001921326338057423,-0.0002769942412595833,-0.0004357600928653896,-0.00018008888661908212,-0.00040981834319706153,-0.0001681904349830512,-0.000244140887776182,-0.00017477933515229984,0.0,-0.0013141461818242167,-0.00016132856141111315,-0.00026065098229040366,-0.000659058080657908,0.0,-0.0006729356356672129,-0.00027422694187211836,-8.28512934662825e-05,-0.00013893265028781703,-0.00011312497549267866,-0.00010772679003497232,-5.9841809915457405e-05,-9.722099927356534e-05,-0.0003829804752394902,-4.048587527461123e-05,-0.00011641203342914653,-8.561965748526131e-05,-0.00013763287775783527,-0.00020571019230327463,-4.683620555630951e-05,-0.0021005439082605873,-1.9524379199946242e-05,-5.18939770291442e-05,-0.00016403353193020855,-0.00029617507417321247,0.0,-0.00019352728813639894,0.0,0.0,-0.00017894955177164606,-0.00039056919851999787,-0.00012948609045825712,0.0,-9.975974217236089e-05,-8.054595686127502e-05
Precious metal ores and concentrates,IT,2.16232312827,-5.799689958562025e-06,-2.0774885441770273e-05,-2.992692301192269e-05,-1.5137254301384663e-07,-1.0959887489522434e-06,-4.421739068636951e-06,-1.571945574029477e-06,-1.106771287819399e-06,-7.2820647158964905e-06,-1.383516073316488e-06,-6.507355205235873e-06,-6.366909248449226e-06,-2.4073894612462183e-06,0.0,-1.2007105763099931e-06,-0.0003262269615751889,-8.951568604487048e-07,-2.4307462044641764e-06,0.0,-3.271479145805595e-07,-3.048808618189439e-06,-2.248852006828252e-06,-8.2757877967432e-07,-1.1074776528120384e-06,-2.921123883102861e-06,-1.0025653855040391e-05,-2.221999727724999e-06,-2.713528312160443e-06,-2.542448331533806e-07,-5.875426545921795e-07,-9.671581849794354e-08,-4.3260668835530153e-07,-2.651634592484577e-07,-4.190617305365452e-07,-3.8254634395039686e-08,-3.619093912519523e-07,-1.8687869885516754e-08,-9.761243387277244e-07,-1.4796110336992269e-06,0.0,-1.4037316392467846e-06,0.0,0.0,-7.507990290891921e-07,-4.7220383853278897e-07,-1.0417110005426621e-05,0.0,-2.917691033898489e-07,-6.101715574689015e-08
Precious metal ores and concentrates,JP,321.305999056,-3.9625103150727915e-06,-1.024819831520095e-05,-3.1622351764734327e-06,-1.6647483718983578e-05,-3.7424055398841523e-06,-5.2094796955124985e-06,-1.5492635473881897e-05,-1.0582650699561016e-05,-4.782630638437476e-06,-9.42594725555109e-06,-5.016578365636344e-06,-8.112218697172633e-06,-4.690357533434951e-06,0.0,-4.0943709923582103e-05,-5.849348759241508e-06,-7.122597201034543e-06,-2.244840910486004e-05,0.0,-1.9608116455920332e-05,-1.9960167839347088e-05,-3.032896588879663e-06,-3.5844914848365553e-06,-3.7943558677071985e-06,-6.549043533974396e-06,-2.466926901662016e-06,-3.313154545548578e-06,-9.592287337674903e-06,-5.4120842797279355e-06,-0.10398056734626374,-5.994992255775603e-06,-6.8832997517925165e-06,-1.245189399782983e-05,-2.4223988364111772e-06,-1.064479321977929e-06,-1.647268678600512e-06,-6.757047014121706e-07,-5.009669827994883e-05,-1.4881845521692243e-05,0.0,-1.7101370430724853e-05,0.0,0.0,-7.70845967997711e-06,-2.6935317895346364e-05,-1.678630464230323e-05,0.0,-1.5092621623427312e-06,-7.7506485951051e-06
Precious metal ores and concentrates,KR,12.5498354014,-5.4012937562007486e-06,-1.6363467720171962e-05,-1.883756734915807e-05,-1.3583081255633478e-05,-7.788425926565987e-06,-8.084122324520519e-06,-1.582607755043007e-05,-2.2405608058909423e-05,-1.0813125137660623e-05,-1.0082452539613836e-05,-1.2697451061768058e-05,-3.0903845335694936e-05,-1.3250564040128712e-05,0.0,-2.773825731209928e-05,-1.2737200658661531e-05,-2.048120268595993e-05,-1.2955888427985854e-05,0.0,-2.8922732786275993e-05,-1.818535756464841e-05,-1.3541082435633413e-05,-7.5949750326561695e-06,-6.7683535427143364e-06,-7.319871239220278e-06,-3.891201478439071e-06,-4.075043799931287e-06,-2.002418515866398e-05,-1.1275190749944744e-05,-0.00018070825450450888,-1.1517094246196959e-05,-1.1597257550143451e-05,-0.0004960958830667118,-2.2898589184931942e-05,-8.253946290189203e-06,-8.082335714637157e-06,-1.5826468415881747e-06,-5.208777328783027e-05,-1.779629307482524e-05,0.0,-2.8583254041508e-05,0.0,0.0,-3.4150811912963256e-05,-9.480604609994141e-05,-1.677421640078964e-05,0.0,-1.5951880510581297e-05,-3.4587928365166635e-05
Precious metal ores and concentrates,LT,0.0,0.0,0.0,0.0,0.0,0.0,0.0,0.0,0.0,0.0,0.0,0.0,0.0,0.0,0.0,0.0,0.0,0.0,0.0,0.0,0.0,0.0,0.0,0.0,0.0,0.0,0.0,0.0,0.0,0.0,0.0,0.0,0.0,0.0,0.0,0.0,0.0,0.0,0.0,0.0,0.0,0.0,0.0,0.0,0.0,0.0,0.0,0.0,0.0,0.0
Precious metal ores and concentrates,LU,0.0,0.0,0.0,0.0,0.0,0.0,0.0,0.0,0.0,0.0,0.0,0.0,0.0,0.0,0.0,0.0,0.0,0.0,0.0,0.0,0.0,0.0,0.0,0.0,0.0,0.0,0.0,0.0,0.0,0.0,0.0,0.0,0.0,0.0,0.0,0.0,0.0,0.0,0.0,0.0,0.0,0.0,0.0,0.0,0.0,0.0,0.0,0.0,0.0,0.0
Precious metal ores and concentrates,LV,0.288578180197,-1.5191335563033497e-09,-4.939774775705863e-09,-2.0133554714375477e-09,-2.1636521161305476e-10,-8.651742125821938e-10,-2.1586503470609105e-09,-1.2174772174372689e-08,-2.280853022703976e-07,-9.772842065650174e-10,-2.29204272735492e-09,-2.0030929725738003e-09,-1.7607348467185878e-08,-6.255428124707685e-09,0.0,-9.769738765947104e-09,-5.006989123446976e-10,-2.031098337189855e-07,-1.190740646321298e-08,0.0,-1.4273717375285543e-08,-3.86815327306686e-09,-7.731305473551027e-09,-9.237486206055629e-10,-1.386985369079066e-09,-2.5659097804414656e-09,-1.597304677297407e-09,-1.641785786829586e-09,-1.621065424640933e-09,-1.1061693064358905e-10,-1.3441334919671264e-10,-1.6270764998346988e-10,-7.405682592289573e-10,-1.8875704622945242e-10,-1.6423937130804997e-10,-1.6325762919251107e-10,-2.5313637366282423e-10,-1.620678719943383e-10,-1.7338306365858056e-09,-3.818218003881643e-09,0.0,-3.7702133306588733e-10,0.0,0.0,-5.171590519736101e-10,-1.173574673660549e-09,-3.5814883080897774e-10,0.0,-1.0650396974665617e-09,-2.613088449583185e-10
Precious metal ores and concentrates,MT,0.0118139001101,-9.797450471668944e-12,-2.153412040857551e-10,-5.342797796914466e-11,-1.0368277218701178e-11,-1.1228881324905769e-11,-1.921508386111398e-11,-1.654827734887006e-10,-8.591486042828468e-11,-2.0573323057238907e-11,-9.508517165753332e-12,-3.324357466841875e-11,-9.43177314851366e-10,-2.3925612193642184e-10,0.0,-8.936512069734759e-10,-1.7457379579003196e-11,-5.1292358607254855e-11,-4.434126663256736e-10,0.0,-1.625850526566198e-07,-1.1671125941398605e-10,-2.2538651767988156e-11,-1.7120571817592615e-11,-2.5360550994416762e-11,-1.589010023374234e-11,-3.2606822378609606e-11,-1.898427163349614e-11,-1.5463100368913498e-10,-4.943934539011733e-12,-5.688805399451857e-12,-6.570285576213332e-12,-6.684921016212978e-12,-6.416773047044415e-12,-9.46177116391445e-12,-2.276704958824814e-12,-3.2997755079964008e-12,-1.7415903649371236e-12,-4.579556156766155e-11,-1.0077305465383332e-10,0.0,-1.707518571019506e-11,0.0,0.0,-1.904759575218814e-11,-6.839781143824675e-11,-2.29784708011013e-11,0.0,-5.116244840529909e-11,-3.385247488217485e-11
Precious metal ores and concentrates,MX,6063.01189935,-0.00045431098070036275,-0.000649161319555334,-0.00038545851989454173,-0.00011238793312336564,-0.0003148044430231687,-0.0007283669480785503,-0.000458445133432369,-0.0005848741471663766,-0.0009226136016077843,-0.00023701413432433027,-0.0007049411277718202,-0.0008946386514425778,-0.00028910298240680696,0.0,-0.0007679905210603122,-0.00035666836831178757,-0.00023814750461435277,-0.0011005012838966744,0.0,-0.0003643487271969016,-0.0005583516707465376,-0.0004226288774917852,-0.0004908108553124599,-0.0003453109618757433,-0.0003237573199889075,-0.0007171339987922616,-0.0002266982357855438,-0.0003908641181874271,-0.0015750558605565528,-0.00028691975189260136,-0.00033951570502274735,-0.000722516512157292,-0.0005108610328317449,-0.0006435812701418879,-7.55984498491878e-05,-0.1582376042626851,-2.2476749367942586e-05,-0.0003523897298780738,-0.00043432167723378223,0.0,-0.0010302671553412935,0.0,0.0,-0.0004907883355744321,-0.0006823562415806326,-0.0007099799216559405,0.0,-0.0001066715357514986,-5.7013447323241095e-05
Precious metal ores and concentrates,NL,0.0,0.0,0.0,0.0,0.0,0.0,0.0,0.0,0.0,0.0,0.0,0.0,0.0,0.0,0.0,0.0,0.0,0.0,0.0,0.0,0.0,0.0,0.0,0.0,0.0,0.0,0.0,0.0,0.0,0.0,0.0,0.0,0.0,0.0,0.0,0.0,0.0,0.0,0.0,0.0,0.0,0.0,0.0,0.0,0.0,0.0,0.0,0.0,0.0,0.0
Precious metal ores and concentrates,NO,5.26401554874,-1.1273172462488623e-07,-2.3831215502103437e-07,-1.556074536834158e-07,-4.966204693676298e-08,-2.324075133484658e-07,-2.2269926274049237e-07,-3.816265379201856e-05,-1.426176056861677e-06,-2.781545144788961e-07,-5.415060011062025e-07,-1.637169806520228e-07,-1.805498918722118e-07,-1.2633154701611585e-07,0.0,-6.729928330289936e-07,-1.324618204334118e-07,-1.3943900160510762e-06,-6.781373031839576e-07,0.0,-4.2487393119716093e-07,-4.2552414722748766e-07,-3.8776228911307246e-07,-1.3911369320188377e-07,-1.5292489376414906e-07,-2.7253971296413507e-06,-1.7885991925380013e-07,-8.797993238777785e-08,-3.2138590017725583e-07,-5.280136181323366e-08,-3.7084530199014275e-08,-1.0095941552044323e-07,-1.639144578273524e-07,-5.050437807556476e-08,-8.705904661423005e-08,-2.6472921277532118e-08,-1.8498156534854532e-08,-8.33141190770809e-08,-1.0701668717685094e-07,-2.2235669564166408e-07,0.0,-1.4025593756838861e-07,0.0,0.0,-1.4055980179845426e-07,-1.2893779949183179e-06,-8.124135970307681e-08,0.0,-1.4777729372022147e-07,-2.6759524260092653e-08
Precious metal ores and concentrates,PL,58.7977558565,-4.9799973739703414e-05,-5.955482741053441e-05,-0.00015369617870257565,-2.3150519017208975e-05,-0.00011562827520331798,-8.404478962957914e-05,-8.14383406818165e-05,-9.901077705250717e-05,-4.321547098540083e-05,-2.8624728256871775e-05,-5.900902825191187e-05,-0.00012014253558542902,-0.0013202968795852,0.0,-4.2806983828442165e-05,-5.7517165900094496e-05,-0.00016820215586947317,-5.299189423836569e-05,0.0,-2.0769914862206337e-05,-3.903272369449014e-05,-0.00979998964906253,-3.010507162714178e-05,-6.771339457608764e-05,-4.610750662782909e-05,-0.00011326267829839094,-6.799441554743137e-05,-3.970477982810392e-05,-3.627630080650362e-06,-6.041941548164691e-06,-8.590283663563297e-06,-7.84991443570176e-06,-8.484058188507368e-06,-9.485416628879879e-06,-2.393572424013621e-06,-2.6530382283212813e-06,-9.183299367770078e-07,-1.1978315807883975e-05,-2.801902612052607e-05,0.0,-3.302732145740006e-05,0.0,0.0,-8.300954046885099e-05,-4.2953042257322424e-05,-2.868066438614447e-05,0.0,-5.574221366930365e-05,-4.760527539916481e-06
Precious metal ores and concentrates,PT,0.430449916575,-7.89036271434591e-08,-1.098339458867071e-06,-1.101335133507534e-07,-1.5043004121948542e-07,-3.22502582355082e-07,-3.469546609698478e-07,-3.611700980775893e-07,-1.708003072861904e-07,-8.188495128003916e-07,-8.894070616944671e-08,-2.0679302189812125e-07,-7.745201376432959e-06,-1.7257648510404112e-07,0.0,-4.756988749603303e-07,-2.0846394268312807e-06,-2.2376532405770333e-07,-6.627463591623408e-07,0.0,-3.470463788756305e-07,-4.5912158283624447e-07,-1.3638132050311786e-07,-0.0001783692061878861,-1.4449983885237727e-07,-9.753711007677043e-08,-5.065545672396357e-08,-5.843293685735796e-08,-1.9117489019315566e-07,-3.3751541241680946e-08,-1.3570155475069877e-08,-4.897064071913007e-08,-9.218664115252404e-08,-3.11081595333847e-08,-4.8694008480252926e-08,-1.7138748600617263e-08,-1.2830962264258448e-08,-1.2990314123960145e-08,-3.35022205407043e-08,-3.4918544030455826e-07,0.0,-4.890080055757351e-08,0.0,0.0,-4.771707511471005e-08,-2.4419097172005614e-07,-5.372995419197472e-08,0.0,-1.3234851376996576e-07,-7.616434748690218e-08
Precious metal ores and concentrates,RO,159.928178492,-0.0003279425202156711,-0.0003684386717233284,-0.0012215043807226346,-7.503124732013282e-05,-0.0003072776388253966,-0.0002946110060681462,-0.0003539403734736691,-0.0003217149888143473,-0.00021091314156415706,-9.580303398461344e-05,-0.00034858584017354705,-0.0008727378568497746,-0.0011898885094660846,0.0,-0.00037468827114116586,-0.00023585963856488626,-0.000242660882058075,-0.0005407791119287699,0.0,-0.0004278238937389572,-0.0002843104407352648,-0.0004279409653291828,-0.00018402548904802654,-0.7535384057790921,-0.00010665815030685794,-0.0004228574229447915,-0.00038551125594950514,-0.00017652313579506293,-1.653860546850121e-05,-1.8433122800209435e-05,-2.3877067211328376e-05,-7.510450634885616e-05,-3.2547816083898455e-05,-3.2795579598966444e-05,-3.2382112522418625e-05,-1.696256239917068e-05,-1.46980573847165e-05,-4.512446308277167e-05,-0.0002040878900457054,0.0,-0.00014486505779934812,0.0,0.0,-7.42947811746514e-05,-0.00011122151319846572,-3.973429413858798e-05,0.0,-6.468419828390078e-05,-1.9947802073817672e-05
Precious metal ores and concentrates,RU,4729.41297697,-0.0007991994166729276,-0.0011594939217821948,-0.0017695389710125264,-0.0028962978239614767,-0.0016443721682958426,-0.0010825077062460654,-0.0010524330819893588,-0.0060679612736381,-0.0008522010590863452,-0.0017352328488363675,-0.0009561427181530461,-0.0020916307187529163,-0.0019086193452546695,0.0,-0.0017693270329689574,-0.0006634679524137571,-0.0078087654226158916,-0.001455214211177037,0.0,-0.001646512280553403,-0.0009140361065177917,-0.0020731205343360636,-0.0004987276982996782,-0.0012181638948413644,-0.0006454550110237059,-0.0018444435776318656,-0.002490875510803519,-0.000673200275685549,-0.00012066028302273776,-0.00028048184591241175,-0.00030700070048229026,-0.00027867244729038566,-0.00046386481873293516,-0.00027400229027307725,-0.00011009567883946344,-0.0001237457213469352,-1.1241652166542144e-05,-0.0010925228152533736,-0.0009376144351126483,0.0,-0.0012981293428101556,0.0,0.0,-0.0005572506190238368,-0.004231798774042581,-0.0005384039612952603,0.0,-0.00020834596092240694,-0.00012043809870948865
Precious metal ores and concentrates,SE,62.5951309483,-1.4594561000788551e-05,-4.360816996403729e-05,-1.5081153467493615e-05,-7.440139093282499e-05,-2.222279765952352e-05,-3.7471062935396465e-05,-0.0004873982652427631,-0.0001264542411602654,-1.6480367261405706e-05,-9.580437103998135e-05,-2.6249140934497565e-05,-0.0002378216277157923,-6.14208862931345e-05,0.0,-4.5915511285855786e-05,-1.5531649492024603e-05,-7.82758042843399e-05,-4.503455774804835e-05,0.0,-5.885037239686715e-05,-2.2129851426347375e-05,-4.0535117169580805e-05,-1.3208679051565657e-05,-1.2334230842666667e-05,-0.005802820345838245,-1.6865367325962475e-05,-1.069366383160712e-05,-3.978859829225362e-05,-2.300865853090735e-06,-3.987592075571117e-06,-3.870302973469883e-06,-5.5355705220665755e-06,-8.09516139232343e-06,-9.842629556657667e-06,-1.0737882758994536e-06,-1.167280027013865e-06,-6.697375466194368e-07,-5.462926135495957e-06,-1.24959342782578e-05,0.0,-9.38251477168995e-06,0.0,0.0,-0.0001049344261258411,-2.3750396591975516e-05,-2.0695199442541764e-05,0.0,-9.705873839214678e-06,-2.345135024750711e-06
Precious metal ores and concentrates,SI,0.683890682819,-3.935914019364404e-07,-4.68026168920084e-08,-7.225792977866188e-08,-1.892743727063132e-09,-4.6206734538288954e-08,-8.279714191060762e-08,-7.816619428671516e-08,-8.972446828389338e-08,-5.7169150298143437e-08,-2.9565652203088514e-08,-4.926737596799413e-08,-5.008400228934654e-07,-1.023750634817128e-05,0.0,-1.482426590046565e-07,-5.670250345914642e-08,-3.759030810382453e-08,-1.4584229428663457e-07,0.0,-1.000650750492423e-07,-3.723925643279282e-08,-3.466308026682119e-08,-9.199048292958742e-08,-4.456570781963699e-08,-4.966603488175335e-08,-2.40980493189454e-05,-9.066790107503161e-08,-1.9281067775837575e-08,-2.1493543550332753e-09,-1.6458946522386198e-09,-5.227081088930896e-09,-1.9790989230512643e-08,-1.7335006563198285e-09,-4.027227686657767e-09,-2.4564848950448028e-09,-2.003023894137416e-09,-2.376594956969291e-09,-9.253010816141882e-09,-8.714929993770169e-08,0.0,-1.9481006801384425e-08,0.0,0.0,-7.47162519147283e-09,-2.245996716714421e-08,-1.5305641874824098e-08,0.0,-8.61263433937598e-09,-4.909179021622561e-09
Precious metal ores and concentrates,SK,33.8812478538,-1.7021034663715757e-05,-1.1753678158828405e-05,-7.84285241522183e-05,-1.3465075915639747e-06,-8.743387484563994e-05,-1.2793808781067552e-05,-1.5164211118113874e-05,-1.2231629763278178e-05,-6.491764161074917e-06,-9.979444194867404e-06,-8.886716359358239e-06,-1.1014666694045897e-05,-3.376008782309817e-05,0.0,-1.3583715260994628e-05,-1.9489514643872304e-05,-8.766279118866433e-06,-1.5681504137397336e-05,0.0,-9.017880253368418e-06,-8.591069830840144e-06,-3.211910826241393e-05,-8.421168429566871e-06,-1.3518756305050323e-05,-1.4973112325860365e-05,-2.2886890106469767e-05,-0.03017686431677965,-4.5494416539060654e-06,-5.642062211500775e-07,-1.2216567192519094e-06,-1.2038645919921543e-06,-3.900757261866559e-06,-1.6429497947625556e-06,-9.364855579662822e-07,-3.9804979004349014e-07,-8.328377131419195e-07,-2.9675980882568333e-07,-1.6383893626278573e-06,-6.655902667768185e-06,0.0,-3.977093360730563e-06,0.0,0.0,-1.933244572198075e-06,-1.3508408204402526e-05,-5.961332278874023e-06,0.0,-1.5574154134176804e-06,-6.537219300083463e-07
Precious metal ores and concentrates,TR,448.294900128,-0.0007020765503996368,-0.0012264867646418255,-0.004393294774086633,-0.0008220273238348893,-0.0008396073208881852,-0.0009231487792398227,-0.0013033554047551838,-0.0022963608075798688,-0.0011111925711569093,-0.0005494057478333662,-0.0014666228656335504,-0.002513400723970903,-0.0010964020163329313,0.0,-0.0009971859771289704,-0.0008410488101033976,-0.0007989556568042502,-0.0015658813817976578,0.0,-0.0009433044107504851,-0.0006830161471987198,-0.0008859013871657195,-0.0009065375499495787,-0.0014734745897367883,-0.0005719237874233761,-0.0011193884505778262,-0.0005395969527941245,-0.0013133937060918522,-0.00016425585126794408,-0.00018035494180497394,-0.0003005096285860356,-0.0003172427044552474,-0.0004497688323369877,-0.0003909202758594066,-0.00010233543905167307,-0.00014336842221025715,-1.8902871611457156e-05,-0.0005570938003310336,-0.0007617999294504327,0.0,-0.0008980417947830415,0.0,0.0,-0.0011883395748847616,-0.0012272034552791617,-0.0010627404757995581,0.0,-0.0006237327194547762,-0.0007550290042424441
Precious metal ores and concentrates,TW,106.39520664,-2.863389650289362e-06,-2.118778046832793e-06,-2.441392797842544e-06,-8.257181065329872e-06,-2.6183739338836294e-06,-3.998321942831259e-06,-2.5612288142718546e-06,-3.4528486779036127e-06,-2.241407307531444e-06,-3.0820954847422243e-06,-3.580210239307618e-06,-2.1395975887098805e-06,-2.2983681619094257e-06,0.0,-6.109577875754916e-06,-2.0135904519560303e-06,-2.948385829618738e-06,-5.03883332312633e-06,0.0,-3.1603524462120224e-06,-2.466812961045974e-06,-2.0201347462668285e-06,-1.732439038462057e-06,-2.1429435655353915e-06,-2.3241853611496486e-06,-2.9715079774861773e-06,-1.3780223630885208e-06,-2.6042970073016225e-06,-1.0409654183460523e-06,-5.36117582992167e-06,-7.279174024869024e-07,-1.815100877328247e-06,-7.498753845125645e-06,-2.8185877209557906e-06,-3.864621708909589e-07,-4.758534275389841e-07,-1.6681185114243437e-07,-2.01402302978786e-05,-5.244019044907929e-06,0.0,-0.10336172102393397,0.0,0.0,-8.663534728165006e-06,-1.0031705827983867e-05,-5.89640186552666e-06,0.0,-1.4677575456618436e-06,-1.3421757385340504e-06
Precious metal ores and concentrates,US,5244.8748625,-0.009208624515784497,-0.010237639362781832,-0.006315848795087322,-0.0025872862895432456,-0.008749075083676672,-0.0105551261622527,-0.00959815716926574,-0.007433422491513643,-0.027458614760389723,-0.007042027051603374,-0.012883972928678324,-0.014917803745370158,-0.00762795794297127,0.0,-0.022387291921834265,-0.007318841541776376,-0.0055862814187424975,-0.013996174662589646,0.0,-0.005208336896029354,-0.009284341848498289,-0.005817214228994189,-0.017159171022050588,-0.006022225348121855,-0.00781175992786207,-0.013087770363484798,-0.0027843012090896075,-0.014164642101697714,-0.7432943667751445,-0.007743734578768168,-0.01017850081529104,-0.06825891645460339,-0.008849085143215474,-0.028257371659965384,-0.0018820057449901383,-0.0399491233372935,-0.0014285128152013383,-0.03787298882208507,-0.01602873855375516,0.0,-0.04203413693711776,0.0,0.0,-0.0606106907521463,-0.040509118785262296,-0.11146869945484617,0.0,-0.006834890867837328,-0.0032932382651169535
Precious metal ores and concentrates,WA,5361.41258664,-0.002600572756893007,-0.005665512842591172,-0.005726763111497738,-0.0026204845708260897,-0.0023514973208089507,-0.004082693732898371,-0.00481915202434072,-0.00563098276573056,-0.0050134369684694665,-0.0036587369794403627,-0.005813319376303751,-0.006273388268423267,-0.0027516284121733574,0.0,-0.006237215118468509,-0.003703976425748158,-0.008598892822229934,-0.007347378924360442,0.0,-0.002693408143829325,-0.005665723727326476,-0.002577030443481972,-0.0026552918441261147,-0.0024216278849961462,-0.003516737332418623,-0.0027982799394177843,-0.0012504879345288421,-0.008413824555948185,-0.00242371474194803,-0.012866064049983911,-0.007742364959046426,-0.003309188553321851,-0.015845778921332317,-0.005356156056161255,-0.001727063542046014,-0.0010360547822600608,-0.0014684880099045145,-0.023316817452704655,-0.005481886186078876,0.0,-0.0291367358913992,0.0,0.0,-0.016013238349807567,-0.015587154928128304,-0.01452833097147879,0.0,-0.0014363612561942396,-0.004194054129630054
Precious metal ores and concentrates,WE,1027.41969893,-0.00020015459154115929,-0.00021424129786754866,-0.000971614023873132,-0.000209704288343941,-0.00024820664408437503,-0.00013836438618068244,-0.00020652760413529498,-0.0004071072756177428,-0.00015453563185945907,-0.00011392455238179875,-0.00011338028167963916,-0.00128204074627371,-0.01665526658209531,0.0,-0.00016544385558657284,-0.0001858475821280194,-0.0009277117170570693,-0.00020339924619180877,0.0,-0.00012102609617992282,-0.00011825294328730739,-0.00039963930838144134,-0.00012397526039090861,-0.00044060384449343864,-0.00011068876063630514,-0.0004538329021168136,-0.0001822440012654584,-9.591245808949415e-05,-1.2733885264346803e-05,-1.6512063686150673e-05,-2.516202500500349e-05,-5.28936721482481e-05,-3.1620950780385865e-05,-3.2367173706133506e-05,-7.784233139124056e-06,-9.682483435823528e-06,-6.7133816922812065e-06,-4.9499776928026154e-05,-0.00014021830237612745,0.0,-7.313233419391953e-05,0.0,0.0,-9.026825739388725e-05,-8.419121442256352e-05,-4.685970528702683e-05,0.0,-1.9848622228782466e-05,-1.3835689032806332e-05
Precious metal ores and concentrates,WF,4978.89014367,-0.0006961459812075113,-0.004176467086799012,-0.0018059436156884867,-0.0015207892205276268,-0.0006348112864825028,-0.0008645906975940818,-0.0011813231931906104,-0.0019260182334371397,-0.004108825041959844,-0.0009388621822997836,-0.0044014765909802505,-0.002957555252936365,-0.0008199715226143448,0.0,-0.0013436813421977294,-0.00197075123748219,-0.0014200887445885114,-0.002417199106931469,0.0,-0.0015888027393599743,-0.0018276296925532193,-0.0006373737914014763,-0.006997381540773856,-0.0010725557243483526,-0.0007307218609248878,-0.0008552705269379221,-0.0003592974183700726,-0.0022083581451042126,-0.0003189865917374877,-0.00029093251687927087,-0.0009948835088151595,-0.00043718560581934866,-0.0009302254916232842,-0.0006871046109008023,-0.00029151528009775706,-0.00011929844840078243,-3.403367068791458e-05,-0.0012882393511821082,-0.001255438236795223,0.0,-0.0021653917591965,0.0,0.0,-0.02251577810723544,-0.0018209401644188768,-0.0008516702705541019,0.0,-0.046549715857407976,-0.0006759176097100184
Precious metal ores and concentrates,WL,5035.74139347,-0.0012813195961081198,-0.0023156452425748585,-0.0017847415169676862,-0.002086770678868485,-0.0010875879787521005,-0.0020632512749527094,-0.0028435644318230355,-0.0027771229196102785,-0.005148224924891001,-0.001496561383200777,-0.0025085089190433466,-0.0014326584089058023,-0.0011799044832176702,0.0,-0.0030692107660079903,-0.0019571181863294283,-0.0013895270116759772,-0.004043953098080092,0.0,-0.0019350146211204692,-0.0026665788343099035,-0.0014996969572622675,-0.0027729239594627003,-0.0011516707722774896,-0.001463592696198049,-0.001513762195320383,-0.0007338625687952009,-0.002065807106218369,-0.002105139631150352,-0.0009762131002783013,-0.0014029842367449838,-0.0019108165063985998,-0.0023995653208338233,-0.017017290136422152,-0.0003278514498993304,-0.0034176645027604166,-0.0002212821707594126,-0.001794106540103102,-0.0016918689148234017,0.0,-0.00466796024252633,0.0,0.0,-0.002993794003039181,-0.0022744469769122927,-0.4267766462440085,0.0,-0.00048676281381868547,-0.0003698302203313628
Precious metal ores and concentrates,WM,9046.22537066,-0.00998089699033467,-0.019786650130248804,-0.024031751906611772,-0.02175098647616239,-0.011509935022696833,-0.011899856350938098,-0.01143759406494486,-0.02833410696235137,-0.019779810004127783,-0.009362340022524378,-0.019598272325675677,-0.025833280381957906,-0.009378134412953881,0.0,-0.018715709952085026,-0.01526003265474176,-0.011564222317295966,-0.024157309684599435,0.0,-0.010649427852237646,-0.011043843258983808,-0.00832651515906768,-0.011824617638802836,-0.014285245658423372,-0.007863594273306072,-0.013740284474475693,-0.004749252968831159,-0.022777812476086425,-0.004062409519920705,-0.006920832171886495,-0.007934719724196902,-0.006097875175679974,-0.013008777844056746,-0.008762692371152037,-0.003911817865096764,-0.0020751162699705595,-0.00021162056797934895,-0.02080800455733465,-0.012063879658082826,0.0,-0.028593418582923708,0.0,0.0,-0.039490388160928924,-0.01480608687402344,-0.013454885261868058,0.0,-0.004664757825771149,-0.04938157546715729
Precious metal ores and concentrates,ZA,9956.0165112,-0.000125603511435483,-0.0004618405030556292,-0.0003883171741000482,-3.2298752532794287e-05,-0.00014656621543850554,-0.0002163311017524532,-0.00026234106905558295,-0.00020694468248948444,-0.0002203442568812322,-0.00018494569274530044,-0.0002327815788862115,-0.0004203716203677222,-0.00012911116913899033,0.0,-0.0004902635087414833,-0.0005580186018960717,-0.0001648450385708551,-0.0006214019425488443,0.0,-0.00046322582443986425,-0.00022073435442197798,-0.00015780692475891238,-0.00028440721306808653,-0.00012120749850172291,-0.00015542664521282648,-9.326489850338169e-05,-6.91418488038014e-05,-0.00031502795173657746,-4.1242396987175096e-05,-4.985964619519607e-05,-0.00013582858653549568,-7.904954240341814e-05,-5.636941644126032e-05,-0.0001113155112116001,-5.62401388409646e-05,-4.7180812211567126e-05,-1.1026392257791154e-05,-0.0004600133400905478,-0.00020572721140651103,0.0,-0.0003060147778436437,0.0,0.0,-43.20776420571887,-0.0004721610079567277,-0.00011641098588277546,0.0,-0.006395324762769449,-0.00012078752843064853
Precious metals,AT,431.98955364,-0.31660607455690926,-0.001989919125485253,-0.0020143088148986505,-0.00012903052068629394,-0.005120770496929398,-0.0055030926106950885,-0.0016960334409282488,-0.0008732305029310941,-0.0008890280249303551,-0.0004847025981065782,-0.002265732273009946,-0.0040574047906237086,-0.0045464849644308745,0.0,-0.001239804841563016,-0.002208592870544434,-0.0011156692456715698,-0.004001902774460162,0.0,-0.000715067922058207,-0.001835672063032095,-0.00281050871183603,-0.0008077318049925885,-0.0032618833277117307,-0.0010499275784649174,-0.013906126179464249,-0.004663982618147912,-0.0006869410670009074,-0.00010653101189737385,-0.00010203249900288442,-0.0001392386230324697,-0.0001985732496999942,-0.00011105621274753323,-0.00016628041687053198,-4.616892687598787e-05,-5.3342366273405884e-05,-4.3524261201775214e-05,-0.00027692724756466994,-0.0020832928253252505,0.0,-0.0004255316797544443,0.0,0.0,-0.0002476539547712729,-0.0008956575688973252,-0.0004273139346855842,0.0,-0.000128173696958382,-7.01296089025429e-05
Precious metals,AU,12106.8858076,-0.014847613578540158,-0.019266914758925436,-0.009065677860711963,-0.005010612681969484,-0.009292562436209304,-0.015214001584675955,-0.020091550861398483,-0.017552543151583323,-0.014940338062918166,-0.013350414732781217,-0.017870705908682463,-0.022123018423204376,-0.008795567064732954,0.0,-0.039726935065542444,-0.014735771574047799,-0.01374368247475402,-0.026932504836697426,0.0,-0.015775096661420372,-0.019535201922688723,-0.010136368875736075,-0.013392973128974476,-0.007321519212329109,-0.013207962370694574,-0.013379443716768242,-0.0045855618400798825,-0.02641060939894604,-0.008532679427538072,-0.014627453989928514,-0.01687740975570385,-0.007375094499002818,-0.016074398184406962,-0.005830613286163911,-0.0031445601971956927,-0.0032010320239160557,-0.0008185651185991759,-27.56284822898428,-0.01976269550754542,0.0,-0.04457832769631499,0.0,0.0,-0.04329656354925045,-0.09133120535639448,-0.023886327762723127,0.0,-0.004882036425656789,-0.004647798909809502
Precious metals,BE,6330.01169096,-0.015815452668098546,-9.108012306442435,-0.04083864767182254,-0.003911461183405881,-0.02355630179612051,-0.04422237427385271,-0.08755446409436554,-0.020674229511033346,-0.023560446363597862,-0.01965132568090013,-0.11869836703748765,-0.04657722757603005,-0.018594092820195713,0.0,-0.08027058704892383,-0.028399557872133878,-0.017998388700782537,-0.04850890112705051,0.0,-0.016254356008243858,-0.06516724015979554,-0.028006510225004555,-0.022093969011802318,-0.015494668713793442,-0.01830207574985095,-0.031806443943484405,-0.1255239040244564,-0.02862954447613981,-0.004527712310227785,-0.004988669051838433,-0.006947726094586483,-0.005276216797240558,-0.005686778680423807,-0.007532582705376173,-0.0021416644860917677,-0.003599039340037921,-0.0006645742075391763,-0.009260801753204545,-0.021120022625760147,0.0,-0.019200819711889285,0.0,0.0,-0.027963845044839765,-0.11271453352966199,-0.0198795516290093,0.0,-0.009404244790892049,-0.0042704757923233225
Precious metals,BG,12.9031640053,-2.0161785369795187e-05,-3.84491630013536e-05,-0.017564965667960838,-2.1560572604950018e-06,-1.2160246286457283e-05,-1.363878053939884e-05,-2.2591152284110477e-05,-8.785520061926035e-05,-9.878901651695744e-06,-2.9737822357604773e-05,-1.7831555479869383e-05,-0.00015412775272071182,-4.809876722149023e-05,0.0,-0.0001660446310034953,-1.629596711859901e-05,-2.7922603523960243e-05,-0.00015735251538154555,0.0,-0.00014600377334382175,-4.023756593939199e-05,-2.140554772340749e-05,-1.6511106025914365e-05,-8.16260809683673e-05,-1.4788232181507144e-05,-1.149879309963751e-05,-1.4240599046015332e-05,-1.2959021747867271e-05,-4.2647014009766205e-06,-1.1486992068975233e-06,-2.2235521672610793e-06,-3.2643725408193237e-05,-2.1083343990783465e-06,-2.538296099210592e-06,-4.473056878449086e-06,-8.350328890470745e-06,-6.279524858330715e-07,-4.744165379364405e-05,-0.00010433287733113614,0.0,-3.668357187863502e-06,0.0,0.0,-1.1998313235267613e-05,-9.096844529914277e-06,-2.573983713835548e-06,0.0,-1.010574121324006e-05,-1.6752146492956083e-06
Precious metals,BR,1933.75253075,-0.003299843851101568,-0.0780735462217072,-0.010712312539000972,-0.0012911961172409573,-0.0023706163319526913,-0.009747646057823517,-0.006879472336110808,-0.0026957815422145506,-0.003556553286187037,-0.0018606402284958503,-0.005027674203751866,-0.0027572094947997173,-0.0017558641582183063,0.0,-0.004816338338069148,-0.006119079659384345,-0.0015699386099137511,-0.014497398206333698,0.0,-0.0028768210738132354,-0.006155623631512633,-0.0021475495734977713,-0.003693336223113353,-0.0013542354708984824,-0.0022928721147017824,-0.003440104122169285,-0.0029613205202837097,-0.0030480258583770866,-0.002628375841071612,-0.0012709733520604263,-0.002489291517952658,-0.0021223899988572757,-0.0022920674887503194,-0.9919823741278646,-0.00045319778404648975,-0.0035379400706468476,-0.00012459813943677348,-0.007551071620305789,-0.003275383590836813,0.0,-0.006884024665096927,0.0,0.0,-0.30712583707919794,-0.005460775253065727,-0.02569911372985538,0.0,-0.0017894315858679084,-0.0005826535710710877
Precious metals,CA,959.760921551,-0.004137990708897572,-0.016012629060609317,-0.004746458020823602,-0.004553126813695934,-0.004163540166868042,-0.005992164169924789,-0.007069861892682955,-0.004606408327702235,-0.0063504707319354215,-0.004244952106223904,-0.006404378479425293,-0.025975951100249823,-0.0031264192329890595,0.0,-0.016836674553512947,-0.011726600992451864,-0.0038396071781862714,-0.011384438821450453,0.0,-0.007253326193198876,-0.007649540723817953,-0.0045032833238770435,-0.006338375180603687,-0.002817318838119182,-0.003816157061798093,-0.0056896217801969875,-0.0017794449443402714,-0.011791277953619738,-0.014787006116961791,-0.003063996670464355,-0.0031472880099198746,-3.2218770752952226,-0.004494497312908476,-0.012482492602990164,-0.0009041823269085948,-0.1657124353117148,-0.00025511291955378484,-0.00550006502019027,-0.006356298967097063,0.0,-0.015587378014627153,0.0,0.0,-0.012222479937490293,-0.01289602244263198,-0.08980982578036872,0.0,-0.0015360181896581669,-0.0007898631011993154
Precious metals,CH,6242.76289241,-0.09741618991119155,-5.366358242616451,-0.08735504367593556,-0.020702944331871267,-0.09754522703662875,-0.13119027335262104,-0.29537974885100193,-0.12166405611426075,-0.11863831062397813,-0.10781939040679928,-0.25061648803182673,-0.16459401834794504,-0.1846006768357008,0.0,-0.2560040071258598,-5.340191857778153,-0.11049023169639101,-0.5984642308574387,0.0,-0.0710193886315819,-0.13713485324982663,-0.1610116773563193,-0.06647372610633555,-0.052595272741421374,-0.09186501951229656,-0.17232045220838071,-0.13301120078245277,-0.0710238854298457,-0.07053403120300222,-0.017876703258482514,-0.020254860466024784,-0.025881733343303133,-0.03018852965159813,-0.26614967428428965,-0.00680943600381863,-0.3931871110149261,-0.004664108210734559,-0.1555971230769307,-28.136398834773242,0.0,-0.1622919278206655,0.0,0.0,-0.8826615297118605,-0.21016389236493838,-0.10694688025805699,0.0,-0.026346644868629462,-0.01420005346684041
Precious metals,CN,78281.1418865,-1.3172989964563648,-5.0201093092577995,-7.695981258659882,-0.6203291252070373,-1.1994831731562743,-2.3390910439781853,-1.8675419047605821,-1.302320911860019,-2.187549532398683,-1.8575776132555482,-1.929467500084186,-1.3254506472205672,-1.1528007817282402,0.0,-2.0251345476964793,-4.183000210035015,-1.2189895192153506,-2.496671337428386,0.0,-0.9734874192059713,-1.2946896974192625,-1.0641265638427106,-1.051848222090904,-1.222092751394431,-1.0411666601586356,-1.203448222704039,-0.6828284696357525,-2.2294260118400646,-1.5060782999754827,-8.26677080576772,-20.703909792060134,-4.881204210299503,-4.241069747863466,-2.7207420653384973,-0.28071939797304146,-3.917195541213124,-0.0908041642600916,-29.933986494016224,-13.16114864676709,0.0,-2.3362217879236176,0.0,0.0,-228.04220888520697,-9.162943573419238,-190.75169465859705,0.0,-0.8277247824843804,-0.9583279280898312
Precious metals,CY,11.5361457214,-1.2680184290703031e-06,-5.044455511976228e-06,-1.1875668724953226e-06,-0.025041986767745387,-1.967181846012512e-06,-2.3886695861578947e-06,-3.2337681316342964e-06,-2.3584196120053597e-06,-2.0718252034864377e-06,-1.1744959297893382e-06,-2.8973445378665154e-06,-3.220871998037351e-06,-1.3531330626590705e-06,0.0,-0.00023818297766602174,-1.558206404745884e-06,-1.839535732769788e-06,-0.00019499018481104307,0.0,-0.0001457231012858983,-1.8835516444955006e-05,-1.6608189662852955e-06,-1.9008551328546776e-06,-1.0891430171355894e-06,-1.263036324366189e-06,-6.330328879763726e-07,-8.880758894917655e-07,-1.0758830404667112e-05,-1.7049200480974836e-06,-5.522031471862311e-07,-5.833070454946344e-07,-1.0961963522766103e-06,-6.982009603049495e-07,-5.484788494194898e-07,-3.0729611317725677e-07,-2.4774924259884365e-07,-4.2122190201842977e-07,-1.2316523604944334e-06,-2.837718329267654e-06,0.0,-1.3377551643094854e-06,0.0,0.0,-1.284140283515475e-06,-7.383326005560537e-06,-7.088557517705152e-07,0.0,-1.5649519279590324e-06,-2.0150080090984904e-06
Precious metals,CZ,641.878242841,-0.005457787880175342,-0.002274700242014349,-0.002398089017684637,-0.00017205018881844968,-0.3627095074502451,-0.005811426810089851,-0.0024407525798462518,-0.0017545440236599538,-0.0009870275731811793,-0.0006316298116900922,-0.003159270850526762,-0.0011710158003814725,-0.003245759161849827,0.0,-0.0016280960962144432,-0.002339153633706194,-0.0012695294929918283,-0.0026876663512217995,0.0,-0.0006625998154726307,-0.0013559721403636892,-0.01062328140661815,-0.0009208219076951184,-0.0017439916803902442,-0.001526471614121506,-0.011256226597845533,-0.009026867372629763,-0.0010375783754211978,-8.173526781532243e-05,-0.00012047593858079136,-0.00015387802328160736,-0.00021157367313465953,-0.00021348958867696007,-0.00020726971392300282,-5.0742740247519935e-05,-8.024831858614173e-05,-2.7251654541277275e-05,-0.00025051446155942395,-0.0010296104317532987,0.0,-0.0006514042206035358,0.0,0.0,-0.0005194470259167503,-0.0013582092180731329,-0.0004823876436030227,0.0,-0.00012701745925321949,-7.716091118867037e-05
Precious metals,DE,2051.87708873,-0.1139974143661071,-0.9579069802951099,-1.3866894842942665,-0.004317259865599244,-0.09371417692960608,-1.0117716458069144,-0.07147165250420437,-0.09882823989939549,-0.022435785304500716,-0.01773397823329765,-0.0575123305083719,-0.050338668181721946,-0.04144145782830677,0.0,-0.06750933025235722,-0.40909348187305883,-0.025223369603703662,-0.14201619941243823,0.0,-0.013773734146732202,-0.1277201523334819,-0.0693394448709687,-0.01932072729224681,-0.02143502866301789,-0.03257435927754204,-0.07363932554503536,-0.16263486787848672,-0.023209502272392612,-0.011056896085031872,-0.004476294479002781,-0.006392396862791464,-0.10760210328750959,-0.005870515966713975,-0.00848066682065847,-0.0014975713958581061,-0.0713848916677333,-0.000984534615869532,-0.2970148003177466,-0.1358507812101954,0.0,-0.015649390262461173,0.0,0.0,-6.160823980686148,-0.05888522988357337,-0.05103731757374443,0.0,-0.006353233690492421,-0.002216543996095578
Precious metals,DK,106.715224681,-0.00018852888867341104,-0.00035818205332538455,-0.00031532566213362276,-7.61601571108152e-05,-0.00035611100232908494,-0.0005225169387881219,-0.42229692149280446,-0.01298232580083815,-0.0002177630413127367,-0.0003758223780652323,-0.0003392160336191649,-0.00035848173320482385,-0.00024905516876868694,0.0,-0.004977858581336093,-0.00045606604757671235,-0.0005497815129315831,-0.0006922048161958675,0.0,-0.00035967840415347576,-0.0004187297419672416,-0.000567427561919019,-0.00017747858544309806,-0.00013491524346908348,-0.0011757545447004581,-0.0004976608229467158,-0.00013646598074204013,-0.0003241277972269115,-3.1907310564613954e-05,-2.2637093254071125e-05,-6.279839995584713e-05,-5.2686655951226424e-05,-3.0212917075314236e-05,-4.851179240513531e-05,-1.554028370144546e-05,-3.6325827767930706e-05,-4.122663199545833e-06,-0.00016412149542023772,-0.0002686771941801861,0.0,-9.064498370711297e-05,0.0,0.0,-0.00010948305665924358,-0.00019513991263799953,-6.972541360846412e-05,0.0,-3.994101112920482e-05,-1.3079739149371361e-05
Precious metals,EE,47.8082615223,-1.6473347240644617e-05,-7.96925750623733e-05,-1.1591992947219557e-05,-1.920428522505915e-06,-1.2531576438784459e-05,-1.7285480930264032e-05,-0.0001248156003081907,-0.249204473590919,-1.0590090012350445e-05,-7.523751094083838e-05,-1.905379880156498e-05,-2.8422668892229e-05,-2.3002148961176376e-05,0.0,-0.00013993866412845244,-2.1560800227175716e-05,-0.00022923158386054966,-0.00014072630520627302,0.0,-0.0001196984645048583,-3.65082009027102e-05,-0.0001056102793445391,-1.301598966683643e-05,-1.2316894049978313e-05,-3.813298352473827e-05,-1.447993433641197e-05,-1.6155214436482785e-05,-1.4983401581956557e-05,-1.5773260960734635e-06,-1.6758296583101611e-06,-2.710611458202079e-06,-1.586051655024048e-05,-2.009188231071073e-06,-2.2151227259300192e-06,-1.8992572442735996e-06,-1.640881406692757e-06,-1.4635526619938256e-06,-7.2133936025782445e-06,-6.333413674053005e-05,0.0,-9.551434154926405e-06,0.0,0.0,-6.858389052493446e-06,-0.00010300684224139958,-4.531149082688488e-06,0.0,-5.914938158935176e-06,-2.453823338592177e-06
Precious metals,ES,593.30847805,-0.0028612362441144084,-0.013451567022025336,-0.0047318751587803,-0.0007225780175132157,-0.008469667536246369,-0.015073533236030145,-0.009318887705114215,-0.0016662278702766168,-0.45540049658702203,-0.0020074067366879877,-0.02229562559391264,-0.05156784558678027,-0.00233271475129718,0.0,-0.003323041958907504,-0.06763918568006332,-0.008665071722861515,-0.006320388611105341,0.0,-0.0012597488557134584,-0.005761580478692875,-0.003443376495037455,-0.07131278282332758,-0.00551682858255425,-0.0026052651395555844,-0.00310462905080014,-0.0011392961404055296,-0.0035767264722997992,-0.00025922467810385937,-0.00018934525932187655,-0.00043936366035395453,-0.00041902975938159235,-0.0004938396309083748,-0.0007649192214308803,-0.00016689043584746494,-0.00025621296930674806,-5.2747437412629156e-05,-0.0005841143101820249,-0.004025753326141231,0.0,-0.0009340002737236149,0.0,0.0,-0.005227594215635819,-0.0019652530922962654,-0.0038241777072423335,0.0,-0.001139084374048731,-0.00027688463641684503
Precious metals,FI,123.415818548,-0.0013317357650388792,-0.004310905649233771,-0.0002393971175128907,-0.00030429105575980676,-0.0075825473152267555,-0.0014063969445044532,-0.007839230456293327,-0.013974393323960723,-0.00041691475091457694,-0.12387064852018854,-0.0004122503085020386,-0.0009529458126716678,-0.0003541701316490752,0.0,-0.0009330957230959678,-0.0008765433976770389,-0.0606588260940227,-0.0016718262208793612,0.0,-0.000627634358819276,-0.0017446798290435754,-0.0011818227128396004,-0.0013060093756660097,-0.0007048832805127047,-0.0012659826650440844,-0.000310422098394758,-0.00026782737045812186,-0.00039763979507489934,-4.2956956384212846e-05,-3.8339637947423844e-05,-7.685538989356102e-05,-0.00012693403470443547,-5.7863357687169276e-05,-8.501479742932373e-05,-3.591278678277662e-05,-2.5973815249371094e-05,-2.963625161094238e-05,-8.215747762252274e-05,-0.0005691533627377096,0.0,-0.00013147452569631498,0.0,0.0,-0.00011931483610640506,-0.0004073434983176785,-0.0006044053981671754,0.0,-0.00011442988575032028,-3.3756206141804744e-05
Precious metals,FR,344.46628024,-0.0016207905520498886,-0.010749471530795219,-0.0025342075190425487,-0.001453271959353141,-0.0029547939927429445,-0.003146922301269061,-0.0032320476889103372,-0.0018024734674331497,-0.010520061968513772,-0.001069809002087766,-0.2744971692485857,-0.004813238593842473,-0.0016628173612787754,0.0,-0.005822605082304024,-0.0373815313804109,-0.001290111916966762,-0.009662369299603919,0.0,-0.004814839161362646,-0.0038775300031125295,-0.0019385093786662307,-0.004036081876170838,-0.0015832368758133912,-0.0011733725773649998,-0.001698244517457276,-0.0013283232469779365,-0.001916434146497026,-0.0003079322171860795,-0.00023889731019212986,-0.00034632427732266783,-0.0006090276212391394,-0.0003247250284348507,-0.00043168727395304025,-0.00011397137583954515,-0.0005099987565039915,-9.954848435049073e-05,-0.0009432060452103055,-0.0178045500839645,0.0,-0.0006447553527817175,0.0,0.0,-0.009072695777935189,-0.0014656571780755244,-0.0005819160651537965,0.0,-0.0010933899707795836,-0.00016893428372427937
Precious metals,GB,1932.54659012,-0.018184011018284433,-0.212499912665108,-0.03301070187815098,-0.007463523220392836,-0.02558584278296066,-0.03283480628118895,-0.0588066356305988,-0.03146445979002085,-0.08075681565305971,-0.050219655956886024,-0.025769792627437074,-0.047615207609219855,-0.012718254221879041,0.0,-0.16476254085984607,-0.253606621032736,-0.023266277696056454,-0.05170060859457644,0.0,-0.008876504705342257,-0.06203085147359267,-0.1720109063015309,-0.02148280341709317,-0.008690706163599252,-0.02947710890224029,-0.02154854641081122,-0.05300160772441011,-1.483124802058559,-0.030042202043053787,-0.004377734045389091,-0.0030356616159782153,-0.009538993829351583,-0.008418768462178537,-0.07216281579728227,-0.001463328035539115,-0.1320976924248436,-0.0005053517724007267,-0.0928700794480622,-0.05377943658202298,0.0,-0.011593316559616146,0.0,0.0,-3.5661448041009702,-0.013211535682138061,-0.021226742827733222,0.0,-0.0036470444449961956,-0.0012367467521198433
Precious metals,GR,39.9209803836,-2.9827901755974458e-05,-4.436023221171343e-05,-0.0005166652971673914,-0.00014732512222992967,-1.7784654196985068e-05,-1.815344303593291e-05,-1.8915850151644694e-05,-6.958801009322485e-05,-2.133707728910594e-05,-3.943874867353104e-05,-2.5234697767842268e-05,-0.10399833900146727,-4.946706103648036e-05,0.0,-0.00012029774015173733,-9.633649528634063e-05,-2.8143385327508567e-05,-0.00015766501424937482,0.0,-0.000151535941241298,-4.613231469113158e-05,-1.8955976404997034e-05,-3.116786974686119e-05,-9.735695083051152e-05,-2.2244139694003184e-05,-3.1029099275378036e-05,-1.360507528585634e-05,-1.6458482588669022e-05,-4.628026105341002e-06,-2.809612025251908e-06,-3.77047122879919e-06,-2.950163007907673e-05,-9.998509035837185e-06,-3.97272622361114e-06,-3.976460241751252e-06,-5.37330087029015e-06,-1.2228720579579375e-05,-2.790813672255908e-05,-8.9630350247006e-05,0.0,-1.4518608807680093e-05,0.0,0.0,-1.2575540249308237e-05,-1.4568156462922776e-05,-3.5449722660792636e-06,0.0,-1.1129098603612315e-05,-6.325902313529491e-06
Precious metals,HR,4.9323643821,-2.1190921725464337e-05,-1.1899394060535156e-05,-1.4321330359668479e-05,-5.667672999537633e-07,-8.670213765579018e-06,-1.0618293345711819e-05,-1.9097116851765928e-05,-2.071262037480062e-05,-5.66417122343312e-06,-9.53903107809758e-06,-6.811527605620715e-06,-2.2203727687266588e-05,-7.992355825997068e-05,0.0,-4.77950545650274e-05,-1.486545995335235e-05,-1.0001675399870052e-05,-5.2512365067442166e-05,0.0,-3.681566495390479e-05,-1.2820341992411486e-05,-1.5103419238529034e-05,-6.684108641975578e-06,-1.1949721702947662e-05,-5.779864732218205e-06,-0.000342701615364799,-1.4643830341137292e-05,-4.6348152338169164e-06,-4.918361982586443e-07,-4.2482245978103065e-07,-8.72282690263515e-07,-4.557782347153123e-06,-5.52074030535413e-07,-8.576691408757871e-07,-5.862340770895623e-07,-4.5141328644117065e-07,-3.4385203769961483e-07,-2.1284897546048865e-06,-2.9958153516502323e-05,0.0,-2.6736034005564445e-06,0.0,0.0,-2.440589804782077e-06,-8.007382306171222e-06,-1.5088960691405322e-06,0.0,-1.7323619267491092e-06,-1.1236377783945208e-06
Precious metals,HU,40.124811989,-0.0003564272921688431,-0.0004987182783440197,-0.0002290295114505241,-2.906852283801918e-05,-0.0007308446024715165,-0.0005924928551597517,-0.00021083713010562163,-0.00012197923945197689,-0.00016659322583214398,-0.00011604317421841602,-0.000149911772012405,-0.0005022017096068649,-0.011931312167604352,0.0,-0.0001491602657305665,-0.00020538608281374452,-0.0007753106582173781,-0.00026304669191989943,0.0,-0.00011229540127803304,-0.00027976015516970927,-0.0006491638408033305,-9.637720757314756e-05,-0.0015832324324539856,-0.00014659618449614585,-0.0004015263975304656,-0.0003717989664969176,-0.0002262580343264702,-1.035645415845039e-05,-1.1957308177122199e-05,-2.2229804366761278e-05,-2.2126907957028513e-05,-2.1480117439919745e-05,-2.1085295323715893e-05,-1.643003822818614e-05,-5.378339502614978e-06,-6.920797437806293e-06,-1.8617896280200548e-05,-9.501098328316191e-05,0.0,-3.829235582392239e-05,0.0,0.0,-2.5290747728928525e-05,-0.00019307474340703938,-2.9546674170754292e-05,0.0,-4.99984393955431e-05,-2.7702453150828544e-05
Precious metals,ID,782.79789284,-0.000508295926416176,-0.0015331445278807527,-0.0006560774935204568,-0.0013664474546409644,-0.0004289640809560728,-0.0006175315694861264,-0.001318973658231255,-0.0014422652606861446,-0.00095592502492879,-0.0009750757302749915,-0.0008260430492077948,-0.0014975705600844325,-0.0006487645475075403,0.0,-0.002740868534434026,-0.0008259537464053997,-0.001001424642754631,-0.0029356899441914854,0.0,-0.0034966300378504182,-0.0018518410743276479,-0.00041513190866741617,-0.0005210247441728834,-0.0004799373020250512,-0.0006275792578394501,-0.00035953038279008933,-0.0003480919717496508,-0.0009199257017706484,-0.00027974122229085057,-0.0013225527397179833,-0.0015865166911925835,-0.0006420019907013059,-0.001661494715681541,-0.00041733423351754547,-0.0003873738270877816,-0.00015718877926435522,-0.00010221274191349279,-0.006441458840635456,-0.0017262415990534866,0.0,-0.004914129430824361,0.0,0.0,-0.005081541569957364,-0.020494560949613046,-0.0013342845593638701,0.0,-0.0005379476020435882,-0.0004383652476711762
Precious metals,IE,131.144829528,-0.0003062857330558161,-0.0012537459186685784,-0.0001661466439600642,-0.0038954549037418904,-0.0004191592346818102,-0.0005780588124215395,-0.0014247303070252077,-0.000499915935693084,-0.0002453421468295534,-0.0007050950139257976,-0.0003783009397026358,-0.0003666909772290042,-0.00021042022237760863,0.0,-0.3930797072110689,-0.00022055714929215402,-0.0007962187700175335,-0.027616535085327104,0.0,-0.0004051671030481969,-0.005348134288427296,-0.0013945644203486492,-0.0005658491645973972,-0.00243425590758385,-0.0005507983373184326,-9.0601398830952e-05,-0.00017567314010635476,-0.0034798367617471736,-7.059148752783204e-05,-7.034143808859056e-05,-3.951984132238556e-05,-0.00022072750569818574,-9.066312052285715e-05,-3.8408590499254226e-05,-2.587556281853592e-05,-2.7539751841740343e-05,-1.0658493186372108e-05,-0.00020052706768263363,-0.0012045217765835603,0.0,-0.0004098526944987674,0.0,0.0,-0.0003888183961786928,-0.00020380928729592013,-0.00012058787589644609,0.0,-8.358314106830069e-05,-2.433321294308083e-05
Precious metals,IN,12080.32286,-0.014314576295824865,-0.05718413390985338,-0.018636401938413504,-0.009955306705278557,-0.009910834048482316,-0.020510505657492788,-0.026412620145461117,-0.02442793314103825,-0.02011087796681479,-0.015893482724292137,-0.022982264365006968,-0.016797101468474157,-0.01234803388064187,0.0,-0.025392315819599703,-0.04993970524359563,-0.015157459820518644,-0.02898485748099053,0.0,-0.016827820205517225,-0.03368315859540615,-0.013929979818559063,-0.012258460613309066,-0.010838497062286574,-0.01224749448868934,-0.02168638545474701,-0.007578876283971346,-0.03334193220739698,-0.018543567938813673,-0.025660972002788638,-0.04081477905831732,-0.015095993912197962,-0.03321971799735792,-0.03384594444722469,-0.6392697278602077,-0.010185820026819925,-0.0014830046513394477,-0.4259479808034751,-0.12691493388439268,0.0,-0.07926554908253884,0.0,0.0,-0.879479488404031,-0.16912947083280266,-0.18104815887506495,0.0,-0.047498452622036044,-0.021457824194527266
Precious metals,IT,5000.17382965,-0.028197084248482936,-0.15333328868760074,-0.03969936132728367,-0.010461862595332798,-0.05160473968137839,-0.039772372291866795,-0.15308330184297653,-0.02540720693100976,-0.06438500272663492,-0.01801621086937255,-0.091015662739736,-0.12450483641487045,-0.03939689054911327,0.0,-0.08754376327626275,-7.600212037882248,-0.014938162659667532,-0.05273624115115269,0.0,-0.030175723589190788,-0.04426463455491747,-0.03771711532556685,-0.027591513040588548,-0.023488844475142604,-0.025997578973016914,-0.15221049622038815,-0.027192108530045608,-0.02055154994224128,-0.005909263164381102,-0.004771747723629902,-0.003022657883612258,-0.0045230500077051644,-0.004495653528492661,-0.021249014526615005,-0.0009913668243776352,-0.008643841028511144,-0.0004083387216709544,-0.007244541904048832,-0.11467286828294548,0.0,-0.015036906841146972,0.0,0.0,-0.2964832358777926,-0.012394857651948702,-0.015142787429034733,0.0,-0.01584209600262764,-0.00175995632222824
Precious metals,JP,2615.48830221,-0.004760529427560072,-0.07524267953646918,-0.008463763883445484,-0.008065363667480478,-0.004674915570414327,-0.00994634111892698,-0.03685667671484523,-0.011083023782334424,-0.008266424864977648,-0.007536839491706554,-0.010011207092932973,-0.009227243522588666,-0.003925131888420043,0.0,-0.02011856280921428,-0.021841920832882705,-0.008157101509908818,-0.019288765363506596,0.0,-0.008948787176890596,-0.01046468525860022,-0.004496285291016681,-0.004470845516999366,-0.00297552994145131,-0.005854817877809433,-0.006208644006620421,-0.004247926852598325,-0.007448772527965347,-0.0118240357328987,-12.072508131723195,-0.004731875307051053,-0.017886812897462273,-0.16879995573282092,-0.03474048345952492,-0.0010929576547950089,-0.07614075274838947,-0.000423426573523127,-0.43445662088477144,-0.01920705970204546,0.0,-0.03853967026459589,0.0,0.0,-4.330637843354898,-0.01658687275225837,-0.30581210125766634,0.0,-0.0032540457999774325,-0.0028387141979874905
Precious metals,KR,5296.25884916,-0.006156304049700068,-0.045841232729363544,-0.01608603254729505,-0.005381749468075867,-0.004817654927301057,-0.015243622685121756,-0.03912244610191435,-0.01059361221479813,-0.009685554723805724,-0.006387733557576757,-0.00992280440538562,-0.0099846642918597,-0.00487953775146761,0.0,-0.013650057108369182,-0.03454063809266527,-0.00688864113368447,-0.015762660192568254,0.0,-0.009994442791479064,-0.008642930489372374,-0.005171750954338959,-0.00503546859447585,-0.0034812927124874262,-0.006315254212432908,-0.005109617085886953,-0.004024130450718932,-0.009632038974195178,-0.010751426292198453,-0.06785277853631341,-0.007563916099354673,-0.018417215524614363,-3.4514694456384727,-0.014578276304305766,-0.0013304389363064607,-0.1169142873759296,-0.0006492969198865421,-0.47340160193804254,-0.06311304312109814,0.0,-0.04035881438007114,0.0,0.0,-0.3539691064471228,-0.02641183891477347,-0.1771637979989675,0.0,-0.002212337141817847,-0.0037270594907416353
Precious metals,LT,13.7990973301,-2.9189348367236214e-06,-5.45073754475783e-06,-2.885119014883316e-06,-2.3762079516370363e-07,-3.9568719565428055e-06,-6.193865918466742e-06,-1.515261206257061e-05,-0.0001080106977628113,-2.1643982649785564e-06,-4.992971675338959e-06,-5.413686095456257e-06,-4.2116171814491824e-06,-4.519779411454621e-06,0.0,-3.827995616636689e-05,-2.052144438626244e-06,-0.04436235956878456,-2.8549114565247263e-05,0.0,-1.5160106737964991e-05,-5.234930326049197e-06,-2.6421936073173757e-05,-3.2053555073322905e-06,-2.1281063189671213e-06,-7.662937789442215e-06,-5.315305668255671e-06,-3.898999514010015e-06,-2.96096919432611e-06,-2.872481723133505e-07,-2.1140245991519612e-07,-2.6606946786569676e-07,-4.232649811654552e-06,-2.543480561551242e-07,-3.804244803193549e-07,-1.2012899418962046e-07,-2.0056769968454505e-07,-5.878981252477392e-08,-1.1277256224952716e-06,-1.0688621906773453e-05,0.0,-9.091007764128215e-07,0.0,0.0,-1.1485457509880968e-06,-1.4785913420705998e-06,-4.619475295623015e-07,0.0,-1.064279684629205e-06,-1.659201776448377e-07
Precious metals,LU,493.4491273,-0.003989872936749412,-0.005957517524305202,-0.012265888836015515,-0.0003696325243286277,-0.006339891631574325,-0.01433212628471649,-0.00929439483954032,-0.005957672758702488,-0.006532827570983608,-0.006392350932568329,-0.04450605195616684,-0.009015608893491199,-0.0032998624619926284,0.0,-0.01014887379292875,-0.00979991510143451,-0.0030266110900047296,-1.2167099411848699,0.0,-0.004220627839305214,-0.02310181220099924,-0.007428402534307243,-0.005920964893996739,-0.002403770068951672,-0.005959396951806384,-0.009384513405688907,-0.023575033126461257,-0.011102621635785197,-0.0008013346179055488,-0.0006163915737184596,-0.0005446035460306443,-0.002303986306830184,-0.0006724201732440856,-0.002717246746972125,-0.00040431442483538624,-0.0010560299264188902,-0.00021994948835366918,-0.0020081091694107442,-0.004115259044888444,0.0,-0.0023295633288414265,0.0,0.0,-0.004173190662269849,-0.013855819842664211,-0.005703088164665011,0.0,-0.002621046635553046,-0.0016526932838959293
Precious metals,LV,10.0154160332,-3.7679153309732263e-07,-1.8240450065826763e-06,-4.278933700433368e-07,-5.5743308338454147e-08,-1.1375709892201199e-07,-2.0479222829694824e-07,-7.566826230974165e-07,-9.422036958762032e-06,-1.5194594280523463e-07,-2.954576752630646e-07,-4.4472244798802e-07,-6.695524711432367e-07,-8.535144407422599e-07,0.0,-5.276602320732213e-06,-9.256351162811721e-08,-7.944477413963638e-06,-4.912109349383616e-06,0.0,-5.1939647362591046e-06,-1.383415421418758e-06,-5.599318844304801e-07,-2.34835643537732e-07,-3.188600562708524e-07,-3.7325075705315876e-07,-1.379241051768562e-07,-5.02079836396408e-07,-3.6874201000829853e-07,-3.8152365159331666e-08,-2.8508064090536635e-08,-3.4199141303084425e-08,-3.273986105499315e-07,-4.8226788640340805e-08,-3.1255477939405775e-08,-4.5672585146117873e-08,-8.079036443924072e-08,-3.127289398555678e-08,-6.608844059395847e-07,-2.0832070298895224e-06,0.0,-7.113015854950768e-08,0.0,0.0,-1.0956947575817184e-07,-2.1319270955881704e-07,-7.209188981298166e-08,0.0,-4.335121125232517e-07,-6.817371463683188e-08
Precious metals,MT,9.61231054641,-1.3560280611829669e-07,-1.691939147681872e-06,-5.638137353972603e-07,-9.097534696831583e-08,-1.590071724980666e-07,-2.902431242095344e-07,-1.6348797344003505e-06,-2.2699360145924674e-06,-2.3925447152272997e-07,-1.2347491742245043e-07,-6.18672758858231e-07,-6.590475118808323e-06,-8.664487015866399e-07,0.0,-7.705481237520672e-06,-1.8325479520081725e-07,-9.842233931774302e-07,-1.2380004898050619e-05,0.0,-0.0031271446007576785,-1.6686056352248923e-06,-3.7040650341412046e-07,-1.9796952776983947e-07,-3.1911172207430533e-07,-2.802879112795113e-07,-1.899317232870928e-07,-2.0422339723828972e-07,-7.068386603579357e-07,-6.082235215218172e-08,-6.197083967791402e-08,-6.517774312693457e-08,-7.141154689821801e-08,-8.294451871931031e-08,-1.387247316730669e-07,-3.250919308143907e-08,-5.529238693002877e-08,-3.1050349835525494e-08,-9.43096595581901e-07,-3.0418812824954293e-06,0.0,-2.2111888699085122e-07,0.0,0.0,-2.698961628670524e-07,-3.6632281061226923e-07,-3.416859781313873e-07,0.0,-6.339427880170002e-07,-5.054390063862488e-07
Precious metals,MX,10339.3428406,-0.02960224115251054,-0.04007440718782557,-0.02567428044195073,-0.006884847145065954,-0.02134823640919468,-0.047276392844563794,-0.0339539080365201,-0.03262120347702785,-0.07000629713533336,-0.01813671438556519,-0.04669551175439595,-0.03970617203489739,-0.01958219317308823,0.0,-0.048807791531068685,-0.03246852291938053,-0.013913084370756643,-0.05570241246516702,0.0,-0.022280861615271284,-0.029180082060875634,-0.02606581958795948,-0.03239909932900231,-0.01938915626084831,-0.019732103277109534,-0.043627416182819484,-0.013334305163981031,-0.025022453252273123,-0.12140464802158629,-0.023613144724613438,-0.035241184689767786,-0.0560592649252571,-0.046901075115135894,-0.047346128201214616,-0.006122591282056799,-6.790898731811019,-0.001228967029876508,-0.026647237169826716,-0.03025215973728295,0.0,-0.06766100573928828,0.0,0.0,-0.0668541415802748,-0.07046287929200959,-0.06511271726005337,0.0,-0.00873024662731922,-0.004574969785898107
Precious metals,NL,897.819756195,-0.0014006270241735236,-0.014713007830726857,-0.0012788261240934138,-0.00019225264005967577,-0.0014179986544427042,-0.003138017842486632,-0.00394765769027509,-0.0018560924803956618,-0.0016562580366862078,-0.002368375951973314,-0.003077109597123069,-0.002150290143841651,-0.001505717668937629,0.0,-0.00528768727442201,-0.009109875027483632,-0.0012844736385670705,-0.007388812345686713,0.0,-0.0013440547218055406,-0.5717493919241721,-0.0020545496324141056,-0.0014650642425844231,-0.0008936442335810901,-0.0016200794027325916,-0.002438428984871811,-0.0009937024063021058,-0.002943168116080422,-0.0008419501845802012,-0.000203853961299975,-0.0003969744527602172,-0.001557113206090202,-0.00026876191889399536,-0.0008869842467560952,-0.00013331644590150688,-0.001446354293256361,-0.00015069898450999298,-0.0010443293331172155,-0.002587021020117638,0.0,-0.0011672824842938643,0.0,0.0,-0.0014284055509076344,-0.004426847888908192,-0.00897848300408614,0.0,-0.0007781373534092478,-0.00026388264812777834
Precious metals,NO,603.33387898,-0.00400408313039876,-0.0050844853576808,-0.0019986357604459206,-0.0012327984350443417,-0.003029153793410492,-0.003502324330467806,-0.45821889629023543,-0.022127025706577697,-0.005292876701100626,-0.008459197650650705,-0.002994449208102481,-0.006567029047131899,-0.002012723662906623,0.0,-0.006276151569441312,-0.008910229089080238,-0.01742206041675927,-0.0041867929778642435,0.0,-0.0035679891362741085,-0.00520927730287973,-0.005253802672985688,-0.002679356049583218,-0.00198039642422429,-0.03241770034502622,-0.004119729635023953,-0.0012295374324741849,-0.0039682335874708895,-0.00028267352098227907,-0.00041898580141392543,-0.0004397648646184172,-0.001024055759908623,-0.000605876995089472,-0.001389308523363082,-0.000128322771625239,-0.00019292119664844967,-8.77193722294853e-05,-0.0010785058720685881,-0.0015150699533547373,0.0,-0.0013611614312118107,0.0,0.0,-0.010309714065776581,-0.001595801032807959,-0.0012875280730141377,0.0,-0.0015666396108469974,-9.092872285470733e-05
Precious metals,PL,3033.9660952,-0.01850488830335441,-0.014086213679041913,-0.013477236027241159,-0.0014613093854081822,-0.02792184242109078,-0.016600867051012956,-0.020585932958926707,-0.039050603716059375,-0.0066119910890547135,-0.004109751135080074,-0.013649840809541212,-0.007369420884605776,-0.012902441115503652,0.0,-0.022959743400036453,-0.11361515550776011,-0.0141942827911408,-0.011430683686938467,0.0,-0.002761259458152688,-0.007180261404335379,-0.621723670722494,-0.003444667334400016,-0.0056688779717183795,-0.009480606421264692,-0.029111480377659316,-0.014546693370831245,-0.004095759146852797,-0.0004532648756080787,-0.0005699089370280461,-0.0010497870088215485,-0.0008455414389068938,-0.001161263816800589,-0.001407929239395501,-0.0002540219122878701,-0.0005551004166458037,-0.00013151003618149077,-0.0015243981865463783,-0.005890339299767215,0.0,-0.0028502858192480975,0.0,0.0,-0.00774429390872464,-0.005957159891189297,-0.0030480767523579253,0.0,-0.0008659505582282164,-0.0003325557573192495
Precious metals,PT,95.2533474085,-3.7696267993566195e-05,-0.0007464305233269326,-4.533726441169464e-05,-4.805326059785138e-05,-0.000220196806978021,-0.00021987887227799334,-0.00014140754786359235,-5.2954174123544144e-05,-0.000321872171094525,-3.4292576364437076e-05,-8.559677587294456e-05,-0.005715260645677393,-3.958137803767685e-05,0.0,-0.00016363913643169568,-0.0017262334845522908,-0.00010390110540113154,-0.00030560966201799395,0.0,-0.00010322937129212733,-0.0002470517561241265,-6.435448793141759e-05,-0.028786605182346953,-5.5027418285596976e-05,-4.143010439193145e-05,-2.216834174532961e-05,-2.084989900557439e-05,-8.068531482286249e-05,-4.306198912106269e-06,-4.039614886896651e-06,-5.945185794354446e-06,-2.6463600630736337e-05,-8.987387064849536e-06,-1.4035734235719443e-05,-4.9977106712846775e-06,-3.066230873971396e-06,-3.860082842647287e-06,-1.0714488268018078e-05,-8.430402538453102e-05,0.0,-1.516719836290785e-05,0.0,0.0,-1.7082211486787965e-05,-3.222590617212295e-05,-2.6465653652458845e-05,0.0,-4.4789392978440866e-05,-6.377203678388143e-06
Precious metals,RO,7.15160394856,-0.0001431182247836095,-0.00017401436095761493,-0.00011774125341086283,-0.00019265463580531232,-0.0001149690077622118,-3.783189776357352e-05,-0.00035212706197042373,-0.00026182272636714616,-4.341818799395348e-05,-0.00011035390514041879,-0.00017388481616890434,-0.00010960232424536843,-0.00019088923095733143,0.0,-0.0005529797100113331,-6.0095988319549484e-05,-9.937669028771759e-05,-0.0005811946032496611,0.0,-0.0004693518339502829,-0.00013494180961619296,-5.420433218120206e-05,-6.358566447101895e-05,-0.001504220322874167,-5.895680152474561e-05,-2.0125923135884928e-05,-0.0002004203693619718,-4.2333271225465e-05,-7.139884897224992e-06,-8.319698995163848e-06,-5.516506286177738e-06,-0.00013447171847176,-2.02625345708909e-05,-6.8665073852450376e-06,-7.332588079165468e-06,-1.4106670440481401e-05,-1.461283476609539e-06,-2.9438526542607684e-05,-0.00032045569228121996,0.0,-4.065502170040071e-05,0.0,0.0,-2.8564805520483513e-05,-2.5913472766056576e-05,-8.278358799092284e-06,0.0,-3.561251911254502e-05,-6.645190350337342e-06
Precious metals,RU,8062.82762775,-0.002727139146593647,-0.004029343914214918,-0.00586239413888377,-0.010155536414938895,-0.005389639469749014,-0.0042343847838036556,-0.0038829232457594865,-0.02565532054313571,-0.00425521521487633,-0.007405976247663089,-0.0035720297919041607,-0.007567182815884998,-0.005985418427046057,0.0,-0.009374456839931069,-0.0027753084476153313,-0.028616525754243435,-0.005269344898383614,0.0,-0.012103863119609402,-0.0032480168958853944,-0.007176244218136162,-0.0018611348753422787,-0.003801924711283072,-0.002161451833887499,-0.00521034322906368,-0.007835346237451113,-0.002575046171524505,-0.0005844342167690047,-0.0015220951341010159,-0.0010930931336644708,-0.0015603965506527932,-0.0020513464533117908,-0.0015306038724940993,-0.0004282120090316742,-0.00044393835418631456,-4.5321831044258124e-05,-0.003362980190706606,-0.0037359513641347162,0.0,-0.003573556119842619,0.0,0.0,-0.0025208512000724553,-0.013239845782897457,-0.0017452045067591529,0.0,-0.0012085699334824567,-0.00039917744254117993
Precious metals,SE,273.659063767,-0.0002760769125177862,-0.0005583793594203484,-0.00017404587782550324,-0.0001789574110064218,-0.00036363099674736324,-0.0004320409228245353,-0.0037386292486454534,-0.009059876214545638,-0.0002178357858269244,-0.005850528210153667,-0.0003837323584610784,-0.00044214935209618464,-0.0003013281766714301,0.0,-0.0009154024257625483,-0.0005350610223725813,-0.0009213285280323783,-0.0007177608192179997,0.0,-0.0007284308399359774,-0.0004452105380319249,-0.0005629967161688612,-0.00021930537011566182,-0.0001629949281561676,-0.05581798263578535,-0.0002807514723374919,-0.00017529481351584778,-0.0004903053804147058,-4.210459648200283e-05,-4.016016601539446e-05,-4.638560368474193e-05,-9.738054049849445e-05,-5.5098775475182664e-05,-5.2323749825407155e-05,-2.2635426958136017e-05,-1.9670399966979353e-05,-3.4164499774679676e-05,-0.00010411404824481797,-0.00029957719239351397,0.0,-0.00010744620717938725,0.0,0.0,-0.00014287793253165272,-0.00025870634647112494,-7.917255178098514e-05,0.0,-5.6657270392787164e-05,-2.0281397707133022e-05
Precious metals,SI,22.8944420583,-0.0006707874687903023,-4.7552886035228797e-05,-0.00011590460885486993,-1.1184055749274416e-06,-3.42911915309039e-05,-3.833724766953365e-05,-2.2988584054937288e-05,-0.0001037463393545471,-0.00010834775336626238,-1.4111266466624779e-05,-7.199482386511987e-05,-0.00021231805856116665,-0.00441305249362011,0.0,-3.9132155792184984e-05,-6.392154308506384e-05,-2.948056462975348e-05,-4.659914212519902e-05,0.0,-2.8517997047066323e-05,-1.8351598374130665e-05,-2.5245366088617984e-05,-0.00018751255961594774,-6.576132844954555e-05,-8.63761903493414e-05,-0.0017649028364177541,-0.00015812992590178956,-1.5474594598798354e-05,-1.4837249705784399e-06,-9.56661610274208e-07,-4.281870787804592e-06,-8.129286024991445e-06,-1.094227700743652e-06,-2.9070051896353496e-06,-1.5017574420065829e-06,-1.2676232994873703e-06,-1.1179253295876624e-06,-8.173601112677071e-06,-3.7721115020057816e-05,0.0,-2.035194994314765e-05,0.0,0.0,-4.4615897986400565e-06,-2.0086726300787173e-05,-2.720738931905808e-05,0.0,-3.0302812019847486e-06,-3.3450485693665447e-06
Precious metals,SK,389.761316499,-0.00159503166707158,-0.00120473959197784,-0.0013044437876684166,-0.0002273605658660788,-0.03940571003209571,-0.002104731007141209,-0.0010136096142590969,-0.0011390777691237652,-0.0007313519876810409,-0.0005009201861422376,-0.001439735911564865,-0.0008447420992907766,-0.0028626410590053,0.0,-0.00162041975588672,-0.00083563666602028,-0.0009842407653227194,-0.0018680025675879386,0.0,-0.0013460059949548361,-0.0008125343681580199,-0.010502145807608252,-0.0006167449263120179,-0.0014241026220921161,-0.0006311882131483368,-0.004874622440274741,-0.5470048839271286,-0.000542507386784966,-8.386348693709525e-05,-0.0001819800166542087,-0.00018209705991490487,-0.0002780139955847737,-0.0002322589362950022,-0.00012136386280671852,-5.855838520625388e-05,-6.427668959772709e-05,-4.220727145037846e-05,-0.00019743750061198257,-0.000945087775833736,0.0,-0.00035592143463178855,0.0,0.0,-0.0003191839222162524,-0.0010762364356122467,-0.00031938441046823056,0.0,-0.00013641307129957036,-5.936177434382544e-05
Precious metals,TR,2030.01896419,-0.010335487868234215,-0.41031872118741014,-0.07291834239092167,-0.008982075023901788,-0.01365802698407334,-0.04387374366584992,-0.02722745027064872,-0.16674335358326897,-0.017347308797757373,-0.006266937406406637,-0.020065873925739202,-0.2517798684304624,-0.029583025084577955,0.0,-0.015239802987824924,-0.0883633751347321,-0.020430604811501236,-0.05781152888015689,0.0,-0.0072289481598510116,-0.02312974899789606,-0.011844426295326917,-0.008232131601918505,-0.008741126125121788,-0.008040222219123667,-0.011271327715875459,-0.018277654931001804,-0.01479634098463918,-0.0062839669414298995,-0.003721533649057545,-0.003051059075954462,-0.011482113712531853,-0.004450573990768732,-0.013867742311623537,-0.0031380486073114794,-0.010771631375212289,-0.00028975638682850907,-0.06416611043594694,-0.1907236678564718,0.0,-0.016593221940155847,0.0,0.0,-2.9788771780125196,-0.01563272646228511,-0.0731756935130439,0.0,-0.006197010626450307,-0.004805052457852509
Precious metals,TW,1629.34734269,-0.0024155349941823332,-0.044801757215255436,-0.004300216824167766,-0.002414197344606214,-0.0018894948749408832,-0.004306798101295578,-0.004710685299224572,-0.002927172400514247,-0.002990218957583943,-0.0027403425251323987,-0.004155529216586626,-0.003213546998950676,-0.002471096592598355,0.0,-0.006750740593485262,-0.04707374664344038,-0.002385209314314542,-0.00737860893921748,0.0,-0.0028586427246608767,-0.002958792972671119,-0.0025005964847051427,-0.0022884101574475978,-0.0013775304533803234,-0.0020815399225622,-0.0023017459149469346,-0.0017944556900736043,-0.003980578036385167,-0.00558319944764631,-0.03344686103008298,-0.001637461967683519,-0.008623974802446813,-0.011207599951357271,-0.00848347467436234,-0.00067689593997708,-0.005642845837428307,-0.00026057170739252777,-0.09204386249400952,-0.211037261784585,0.0,-4.277830555152196,0.0,0.0,-2.7676401680562313,-0.037170389456356166,-0.006757362020607007,0.0,-0.0020652903034373265,-0.001839304100906716
Precious metals,US,14041.6696796,-0.06829072532429806,-0.5655108773441705,-0.18901568413153957,-0.009218997640206431,-0.05280457728813782,-0.14310858085393846,-0.09187033877289189,-0.048153381370247265,-0.07653394172077084,-0.05290987334788839,-0.1280895694276421,-0.09429490688963779,-0.04129676058494251,0.0,-0.09517055528979977,-0.3428592138535762,-0.02924010310285015,-0.11150473066536151,0.0,-0.026768401350118334,-0.06155266887556027,-0.06033835941791377,-0.05890387005595021,-0.02926425340413709,-0.05742543380489503,-0.15230497616534977,-0.03184672190526447,-0.1009909419206415,-2.349847230108971,-0.06264024272501016,-0.03151663034971683,-0.4022112501587813,-0.09262309952829717,-0.22520344067164638,-0.007383866277309799,-1.028005919123658,-0.003958309109536574,-0.1251949166686672,-0.1020979857282602,0.0,-0.16161297898960592,0.0,0.0,-4.364372112287137,-0.1055691101800537,-0.8449378770878038,0.0,-0.0141899090709493,-0.00798028755864063
Precious metals,WA,6069.69738121,-0.04720144911204872,-0.7524281454681994,-0.10381878404221248,-0.02407440924204741,-0.03517526617524383,-0.07853585488631686,-0.07566868038245089,-0.057500532496520984,-0.05468621216099897,-0.038768452992110576,-0.07849688696939054,-0.07425006209649365,-0.034314986828401034,0.0,-0.08439776959797925,-0.44227778029272585,-0.061214780331204276,-0.14566647721733794,0.0,-0.03129628823169701,-0.0645852003818069,-0.04476827260398129,-0.029283007049385336,-0.023553121674203814,-0.03431489580691484,-0.04409343440962913,-0.034874205454197026,-0.1729963037266115,-0.13371104015415997,-1.2824817099789045,-0.0747980762155124,-0.20729639348226453,-0.3866723368809926,-0.06626752287968497,-0.016547285117472693,-0.12638287093188197,-0.011976323244091232,-2.651004527103355,-1.2359171072666857,0.0,-1.4062420946088494,0.0,0.0,-19.15348552929241,-0.1533592224709502,-0.5557747448720567,0.0,-0.021490372028693926,-0.02317622619214526
Precious metals,WE,1107.51054316,-0.0007921797151678634,-0.0009555557262629873,-0.0021187817694355688,-0.00038574013122100425,-0.000798597753111427,-0.0005001707831440718,-0.0006518355166478765,-0.004813351055333948,-0.0005340816578497345,-0.00043626875861154106,-0.00036731522240296535,-0.004578586609502548,-0.03562097997170893,0.0,-0.00044899580626173727,-0.0034898514882825333,-0.006759209250120667,-0.0005697669251695316,0.0,-0.00029443518333886157,-0.0003335620789051491,-0.001716313054133822,-0.0004630354355531184,-0.00135983395218347,-0.0003714670228043624,-0.001534819583995668,-0.0007449976670025406,-0.00026673509748467906,-4.610663135147077e-05,-5.766277773453339e-05,-0.00018194936846120349,-0.00011718880576618341,-0.00010330490969417391,-0.00016564129778283006,-2.4810397119297774e-05,-2.9249985657717013e-05,-1.827250555521686e-05,-0.00021408912208386436,-0.0005193499784478956,0.0,-0.00021280436390420547,0.0,0.0,-0.03667985545985725,-0.0005591587507876127,-0.0001209987385113892,0.0,-8.123642464038586e-05,-4.522333205152368e-05
Precious metals,WF,3362.06823474,-0.0034211875327603697,-0.022182625425236302,-0.011907832437653735,-0.006831280129174915,-0.0033427044805052976,-0.004608355635835129,-0.005281293605305592,-0.007368505985245955,-0.02380141203690708,-0.00502797984381943,-0.024600392183646222,-0.043595730399248335,-0.005248580541717211,0.0,-0.006121863740210507,-0.014318927860419212,-0.012949454430515435,-0.011062732986964283,0.0,-0.0069829332704197476,-0.009087202764102888,-0.003206194935169561,-0.03173704715434111,-0.005708282422741756,-0.0032910853901145184,-0.003924566769657945,-0.001670027527705435,-0.010252650543602658,-0.0015764800656975933,-0.0012801320444516633,-0.004306506474596864,-0.0035861007496927715,-0.0040466789211324496,-0.0029804560196878688,-0.0013116001832396537,-0.0007002402460817314,-0.00016029501346250446,-0.007173026111103302,-0.0054510004621761395,0.0,-0.010230917273517819,0.0,0.0,-0.08618706599071949,-0.008491626925864977,-0.005779573218442893,0.0,-0.24666738934093918,-0.0034220395449302866
Precious metals,WL,4917.10573963,-0.007255632131562,-0.01269671993715929,-0.008035688617556222,-0.01021394235785951,-0.006133857495510316,-0.011462698553316823,-0.024504246174932312,-0.013998822830922549,-0.030354785978918455,-0.009003378709746266,-0.013241666726340985,-0.009332833651450044,-0.007354880617158138,0.0,-0.01802762365784263,-0.011718682793002711,-0.009337743818096156,-0.020655645489201863,0.0,-0.018631602395320884,-0.014490426562996858,-0.007632392847374718,-0.018249731071319438,-0.0058201446141556805,-0.007782062151021828,-0.006806156842477004,-0.005453587773361191,-0.011496283575059772,-0.012959753164373018,-0.005603679670518994,-0.009220283309814881,-0.011964727076029316,-0.013007361538892741,-0.16644927405184157,-0.0019047065666928746,-0.018675588282025205,-0.0010381850015893906,-0.010248367466567954,-0.01013778553456633,0.0,-0.024033722401376096,0.0,0.0,-0.012466648977491963,-0.014977700912173885,-4.334437980084304,0.0,-0.0030714034167270425,-0.002058801270458052
Precious metals,WM,4272.16953103,-0.006836962796559033,-0.22309350537786807,-0.018847471036586842,-0.01364232619306135,-0.008636971804203473,-0.011448435015299902,-0.03979484763127067,-0.019581095905904344,-0.014143972667147262,-0.007745707865471548,-0.015804989341973375,-0.027028848245052892,-0.007542875199946296,0.0,-0.01968200511720091,-0.10685080045211555,-0.00814787445146015,-0.04203781989533702,0.0,-0.007918349217277375,-0.011875521559823788,-0.00938360412184786,-0.009277813811743916,-0.007257924598042115,-0.00604728164246826,-0.009341869342863112,-0.025973049959196377,-0.038735192038591784,-0.008172428384312534,-0.009648117874944403,-0.004900231932261236,-0.008305458203061318,-0.008360332693216262,-0.019819020850752142,-0.013296953138138968,-0.009134310516610011,-0.00028038180183251506,-0.03701635246097323,-0.15945246732788776,0.0,-0.03211637873906966,0.0,0.0,-2.092815928966459,-0.014066960981356623,-0.1889830416698389,0.0,-0.016052883166907242,-0.018398734881764772
Precious metals,ZA,3609.80924937,-0.0034779345240445385,-0.012047780616233275,-0.007448741946757842,-0.001116495702451338,-0.0042985234230773104,-0.006229375307286256,-0.007858008457332975,-0.00652753380874171,-0.006086538690023295,-0.004943674224160045,-0.007682290396387753,-0.010262833845930894,-0.004564696770704859,0.0,-0.023210544417025452,-0.013453637059513428,-0.004884593206367959,-0.025627298871172932,0.0,-0.025298911299966118,-0.006098309609123249,-0.004320990100049141,-0.00688782803301021,-0.002909484145643492,-0.005546167500395202,-0.0032616101205639185,-0.002568413953728713,-0.007345011316453645,-0.0009368100144738896,-0.001390536862334348,-0.0029598785997185443,-0.0019500908038937324,-0.0016869213385696626,-0.002595829287309753,-0.0013346000193347049,-0.0009569282534090751,-0.00030305762891164105,-0.011974578954854062,-0.004930893952685346,0.0,-0.010228126888029694,0.0,0.0,-505.8055419235086,-0.010049233591051773,-0.0026005729525170724,0.0,-0.1542369353714903,-0.0028767129599305045
