Shock_Industry,Shock_Country,Shock_Output_EUR,abs_AT_EUR,abs_BE_EUR,abs_BG_EUR,abs_CY_EUR,abs_CZ_EUR,abs_DE_EUR,abs_DK_EUR,abs_EE_EUR,abs_ES_EUR,abs_FI_EUR,abs_FR_EUR,abs_GR_EUR,abs_HR_EUR,abs_HU_EUR,abs_IE_EUR,abs_IT_EUR,abs_LT_EUR,abs_LU_EUR,abs_LV_EUR,abs_MT_EUR,abs_NL_EUR,abs_PL_EUR,abs_PT_EUR,abs_RO_EUR,abs_SE_EUR,abs_SI_EUR,abs_SK_EUR,abs_GB_EUR,abs_US_EUR,abs_JP_EUR,abs_CN_EUR,abs_CA_EUR,abs_KR_EUR,abs_BR_EUR,abs_IN_EUR,abs_MX_EUR,abs_RU_EUR,abs_AU_EUR,abs_CH_EUR,abs_TR_EUR,abs_TW_EUR,abs_NO_EUR,abs_ID_EUR,abs_ZA_EUR,abs_WA_EUR,abs_WL_EUR,abs_WE_EUR,abs_WF_EUR,abs_WM_EUR
Aluminium and aluminium products,AT,5941.34155147,-81.81920676564144,-0.4922190236959329,-0.6034340223005861,-0.08949367835357247,-4.25632361181791,-4.318133076675532,-0.43395436342653143,-0.051814385956039724,-0.08294617679087489,-0.07993497799964541,-0.21494261396002037,-0.11018527086157377,-0.4577843633676193,-15.739537075684527,-0.13053689223229412,-0.06320344428098727,-0.13019429474582978,-0.2781666545889175,-0.10115074975505794,-0.1037668572378938,-0.4002648169419047,-0.3914329384462215,-0.047439793070438115,-0.11573637214082773,-0.05771456554847071,-10.609489474484715,-0.19450553115678304,-0.3151894875395053,-0.006346498399068624,-0.008298224375802871,-0.018718420197294222,-0.014869233280043305,-0.026008615781359417,-0.013526823387945832,-0.006931680237623931,-0.006670121289531416,-0.0010467872432448184,-0.02194208371097391,-2.7770743431492533,-0.19573912881798386,-0.04248542547183811,-0.09610796410088071,-0.0318294975421436,-0.008292368999124493,-0.012539230381738951,-0.013535534417243984,-0.2153193429986763,-0.006837929018291186,-0.010015818642204645
Aluminium and aluminium products,AU,10788.8621591,-0.023689315926934816,-0.01708055493989498,-0.010842227930142818,-0.017450261656761893,-0.01314669506555403,-0.031022093784706408,-0.01579708229182965,-0.00739018726345682,-0.014184916022780469,-0.022397121501867883,-0.010907697750313868,-0.14755964597881913,-0.01065002469070041,-0.011373058507335547,-0.02424101168840584,-0.00873177262239955,-0.007795995872005717,-0.016074103786802404,-0.011294418178185788,-0.008510854422873582,-0.024141076747155505,-0.013172169240511011,-0.009142166682450993,-0.007100013945562617,-0.008361847695300937,-0.01124373790857993,-0.008178757821183692,-0.03707501424454345,-0.004027182584288542,-0.011908354307100128,-0.06853943667197253,-0.00741506996639371,-0.14626317974184425,-0.020104729238615702,-0.016496087225763713,-0.006365144410450792,-0.0020220867538126835,-25.163756799473642,-0.010276198207116291,-0.013109965521172854,-0.011842810625473158,-0.006519701749177303,-0.019630155469550083,-0.004654990400595598,-0.06742003338636629,-0.020086606355858776,-0.013767222319452065,-0.005842689577955259,-0.14502000809852209
Aluminium and aluminium products,BE,5247.38034134,-0.4674389261549549,-42.32469777031593,-0.6824815704330925,-0.10429294490387453,-0.19630886357806196,-1.2542801033360131,-0.42591461755791116,-0.050129154875530234,-0.21965881449844202,-0.2504267128116971,-0.6374603462507745,-0.14137999135927076,-0.07625002668778277,-0.13103864961545275,-0.1363961129000381,-0.0510450507278589,-0.07784676594381622,-0.4835219511149371,-0.06323266995501149,-0.056543351980509755,-4.0528051458288346,-0.17806814781777158,-0.2250066916647047,-0.054773465715557454,-0.061898032321034864,-0.11527864948312401,-0.04370882932270596,-0.4238407946633165,-0.011973707989415121,-0.014983250226868458,-0.032371603532416166,-0.02542430814182647,-0.03031061262748917,-0.0208675422945398,-0.00883505779559181,-0.011966142623372629,-0.002287652790103019,-0.03904862110290127,-0.18421658243193817,-0.12967689115830555,-0.017923448923546265,-0.1373302053854718,-0.014867746521238035,-0.027608603833573164,-0.01968997520446917,-0.020867132870347024,-0.11686140605365382,-0.012996237919291404,-0.030899372999526806
Aluminium and aluminium products,BG,1519.97837587,-0.020540589276254687,-0.13552343483472507,-44.087711325456326,-0.2323886298363301,-0.08480538453461646,-0.017723594015244447,-0.009882632189130042,-0.022116965520244045,-0.005708381755457604,-0.009239878317913838,-0.005402222480987795,-1.0249132471110516,-0.18553396839345124,-0.05410871108794979,-0.007344753758956666,-0.028867786550812014,-0.012540034747181334,-0.007563121471668271,-0.015116631107197683,-0.004815734017317783,-0.011779444502129291,-0.02060326914295647,-0.005313059341605075,-0.8063287997572365,-0.004569276275942641,-0.05141642285380194,-0.034376334243722856,-0.010717931068780788,-0.0006514074045169123,-0.0010356654453919298,-0.0018109255790302295,-0.002605311591918657,-0.004385210653120532,-0.0017383105579822464,-0.0028010171096000316,-0.0011504012110967212,-0.00022786263310794195,-0.0040124663296027575,-0.007930431835035641,-0.4486391656504376,-0.020467062130831562,-0.0033696719573006735,-0.0066526528992255,-0.0019321741629561707,-0.004559691728274906,-0.0017452899343836433,-0.4027404485068251,-0.0015656072713556277,-0.004930832598763305
Aluminium and aluminium products,BR,9914.80918982,-0.03240421158249132,-0.03048223159212889,-0.013018069732974553,-0.014668007282383738,-0.01901252321974949,-0.05246890697404006,-0.027774394075705793,-0.007200687171703367,-0.03070354568271972,-0.026267756146589483,-0.018302235038047072,-0.02461203454211165,-0.016121162762052544,-0.01636276172648258,-0.02083388994495786,-0.0149049733349622,-0.012104271907005639,-0.020130235833956456,-0.013178088340663278,-0.012729431683049793,-0.03364528980579814,-0.01367902838368003,-0.027807481662293777,-0.010768956869134764,-0.011887105913048292,-0.015297377353443452,-0.007305344353127916,-0.044820554002533416,-0.011589771857303244,-0.015394883019776337,-0.04101838880618398,-0.04131203629564785,-0.03457877407329621,-12.352197942757995,-0.012276878048838062,-0.05712212148528065,-0.0006899193481970211,-0.28569916714803206,-0.01663573609376547,-0.03314273655436604,-0.00543525442628929,-0.009398554389243093,-0.00883463287843343,-0.009281983374336155,-0.02005423587930059,-12.344547594596424,-0.020237922515490992,-0.009651519268023809,-0.05380500028245685
Aluminium and aluminium products,CA,20401.1714152,-2.271936054986497,-3.040187702099164,-1.320230959369462,-0.4061910380517425,-0.6642106457613914,-2.7132216923082138,-0.9832122890505098,-0.19966207774856506,-0.7857079216015657,-1.7070195599433826,-0.6794779005533393,-0.43235733864943143,-0.8110638067255767,-0.697867895632682,-0.7540342910385438,-0.2582037265431203,-0.22405473745827295,-0.7677832332943347,-0.3172651900537311,-0.22099748943383965,-1.6644928588001746,-0.3951996480378345,-0.6336172260149097,-0.26398587663454504,-0.3874077138949309,-0.6125785785359764,-0.131244957764686,-1.5283128330557068,-4.169490132862351,-0.34053024708630375,-2.70638958345348,-4.537569695211895,-1.7755163154553146,-14.104810290266474,-0.19389888731591076,-2.050111073100472,-0.02727998598031486,-2.3493058991319056,-0.546727030388733,-2.7975008845454927,-0.08242987870148695,-0.29380799018456505,-0.17115535152433614,-0.18033011237352842,-0.4452461092994632,-14.09876838169474,-0.7508107145920153,-0.08275712439093501,-0.4444925920045499
Aluminium and aluminium products,CH,664.221654607,-1.0781821064834238,-0.02798098588717867,-0.013104796814328043,-0.0068038889563212706,-0.12450466966613317,-0.5190786181651809,-0.03183246768974317,-0.0052405107530498745,-0.011387352796228213,-0.009590260251223089,-0.45427651506905425,-0.006329667533883035,-0.03194757273981334,-0.05753277731095313,-0.017779974596498337,-0.0162655485472812,-0.008712059344736487,-0.02639611957013999,-0.007713839011879597,-0.01326770317325172,-0.025633924084518554,-0.017810504339258456,-0.010129728575857158,-0.022568288292530617,-0.00606669347133947,-0.04467574396309957,-0.0078136899994453,-0.04409565449547362,-0.0013590887950234234,-0.001753225327398306,-0.0033989046578619814,-0.002624671925043825,-0.0027531817021146355,-0.004484536015102641,-0.0014693968860416476,-0.0013575985644012723,-0.00012896955911884418,-0.0029779436402101404,-0.030091848180948743,-0.013894326126865506,-0.0029718676555605746,-0.00743780541175753,-0.0033518201372902874,-0.0009633240640199262,-0.002727821961049159,-0.00448528166942107,-0.4625513070815128,-0.001155051470075517,-0.00197540818767454
Aluminium and aluminium products,CN,267795.177986,-4.537163382344329,-3.8535563489265523,-2.4751763022696807,-1.9544401440732477,-2.4929101970914394,-5.723695180450973,-3.2507375737826902,-1.58483474970127,-2.453909582583129,-9.530188384826417,-2.8867865778467903,-13.431389317691355,-1.6902955502878512,-2.199819578211392,-2.302187670596856,-2.0472229817090755,-1.5032453655315543,-2.6101682642752886,-1.680778660398319,-1.451468841328364,-3.1778496313554565,-1.8843321150400882,-2.1350549295330756,-1.7430415221807198,-2.9336420883819687,-1.8253469748818554,-1.1233791154711192,-4.363528965119585,-1.0181379634803844,-7.376145926422995,-582.8969828825466,-2.3998402503621072,-16.46101816849378,-2.717474121714132,-1.5997377734403633,-1.8218208959542948,-1.3901277563642678,-9.894587858267965,-2.198440203848887,-5.630228253982424,-0.46175360577069857,-1.0903254696320477,-2.4295095293000024,-2.34291410570504,-22.646771314972344,-2.718772819868606,-11.218300404776581,-3.723627423814953,-7.871379560368596
Aluminium and aluminium products,CY,202.027361746,-2.7338061730761333e-05,-7.034676521483001e-05,-9.461622781754681e-05,-32.32224649931824,-1.7245951445731325e-05,-3.098423142410854e-05,-8.002102542610282e-05,-6.737758430907906e-05,-9.144933509161557e-06,-3.0243640184385573e-05,-1.480467701582432e-05,-0.000925762331356623,-6.858859391116329e-05,-0.0001016405602267897,-4.595804534883902e-05,-7.458627935139191e-06,-1.7270451831657937e-05,-2.3932881565772754e-05,-0.0002877877245088443,-6.3429917948991845e-06,-0.0003320022348188827,-3.0298314698048725e-05,-1.3043058759837157e-05,-2.902882798364187e-05,-1.601598548035466e-05,-9.177559886428402e-05,-9.397351886648509e-05,-0.00010699563795315812,-3.7108286524189864e-06,-8.529507835444077e-06,-8.567888777416053e-06,-1.0527861363448336e-05,-1.0613950419070264e-05,-1.16650548577075e-05,-7.3450638918669964e-06,-9.980018845331236e-06,-9.672679076377446e-07,-4.034611829117722e-05,-9.784918656563275e-06,-2.0903643655290653e-05,-0.0003198837509362767,-3.770011164654164e-05,-1.6782067355476756e-05,-3.984287410863532e-06,-2.282303525664585e-05,-1.1659901047287242e-05,-7.272913824096574e-05,-3.188652969093053e-06,-1.697400567485942e-05
Aluminium and aluminium products,CZ,4464.35318131,-0.39826923469372755,-0.08354918936171865,-0.3414615459252767,-0.022585657705918364,-0.18207579819343758,-0.4695119961429572,-0.14514313385112246,-0.02433724769392277,-0.031544389570329366,-0.04377109286389422,-0.08223466721779842,-0.04514162706978763,-0.17987295831973799,-0.1999380903646366,-0.032059685077391924,-0.019998369420783486,-0.1744774601103742,-0.08136018930878018,-0.01894193430791683,-0.023934939325201805,-0.10854721445885165,-0.6132529961486047,-0.023945467905507816,-0.04926697604256463,-0.030068521323329024,-0.08324226394936123,-0.1877331550514707,-0.06749703523082548,-0.002196825413649399,-0.00371029554392273,-0.010325846106436585,-0.005320249917547658,-0.01171748915137993,-0.005130929362564442,-0.00211849331938151,-0.00198705663930564,-0.00048115829324914294,-0.0073568317550249855,-0.12577896273590092,-0.12364772977609177,-0.013518902890152012,-0.04288997978886233,-0.0061104089616545645,-0.002497053977777333,-0.004911117579723236,-0.005133065758470377,-0.36337296997823604,-0.0033756050704681264,-0.0034421931740625552
Aluminium and aluminium products,DE,29109.7538681,-8.144588773297428,-2.8506196246170252,-1.4930271459729856,-0.4595611460754107,-9.639323292684715,-66.55882457857003,-16.597577010792513,-0.1666950767877912,-0.6024382226832062,-0.44431271641355913,-1.8291884351750949,-0.2936702033300556,-0.8894049875262054,-1.1737197817660752,-0.6057700504978681,-0.27944465414573344,-0.48198029303690426,-9.424384127916783,-0.2356233740623351,-0.26547191617127885,-6.038796057700031,-1.5331972076703675,-0.2947896846381403,-0.22521469920098391,-0.923294658484701,-0.9163775190169209,-0.2111478889212068,-1.626401788824112,-0.01691143827218189,-0.029269431019866947,-0.08263620265086377,-0.11065757842265643,-0.0680468253390122,-0.05152532148728232,-0.022279380305433,-0.022018883647677658,-0.004500696829398067,-0.07910456735593265,-7.576298013824031,-0.7075703471099376,-0.07784608926228342,-2.7002667255050046,-0.02793016036866508,-0.03793664333486553,-0.04798671642315799,-0.051559564219285585,-0.6241520230559324,-0.024311919082122296,-0.04098145393828126
Aluminium and aluminium products,DK,1842.84710324,-0.0735533077707569,-0.05268051392512014,-0.1946917012775529,-0.01117418008689965,-0.02965650531518241,-0.14288957729354906,-0.05842700611116702,-0.032602794378888654,-0.015326853819363629,-0.07174368926699023,-0.0176157189288311,-0.014201614438358797,-0.03198083857540392,-0.025148307489872415,-0.016015800774062207,-0.005499835555322796,-0.030098102784537374,-0.02736520278238132,-0.01815357058625065,-0.00809285233488064,-0.06673199657674417,-0.038050774490858516,-0.008401300502208124,-0.011176586503563823,-0.13443513078895022,-0.0220239405214465,-0.00853285984555382,-0.02998042639418282,-0.001151544789411052,-0.0016355546376727406,-0.005018671263875628,-0.009572463795696023,-0.002956962232154148,-0.0018744898303257348,-0.0011623145065497741,-0.0012579732324563026,-0.0006127441679752907,-0.0034644395546788794,-0.02266527291444932,-0.019774442011891442,-0.007226995147440241,-0.27052863112943804,-0.006679242876865816,-0.0012755816828163215,-0.0024619948665324507,-0.0018807553621395228,-0.020268821579637646,-0.0011144330281899412,-0.0016427960441770793
Aluminium and aluminium products,EE,101.53719116,-0.000589526956417663,-0.0009509268664180202,-0.00045890589092942205,-0.001632218430823028,-0.0004339401377697661,-0.0009438152933088087,-0.0010087168655978284,-0.018048259592668037,-9.854046299602436e-05,-0.16285403090134715,-0.0002363608454244693,-0.0005164147111583152,-0.0009655262608120548,-0.0008353248792764722,-0.0007602169059221613,-6.46118287452605e-05,-0.0027721759858911348,-0.00047077787262850203,-0.11348120828918215,-5.516262350632468e-05,-0.0014286216357182564,-0.0032907507859054725,-0.0001411873662232154,-0.00034613144721132007,-0.0008366225736967967,-0.00025889030574097953,-0.0008726188720212915,-0.0009459598404914579,-4.748608031750293e-05,-4.074360954823402e-05,-4.527336522445658e-05,-0.00019668283893774146,-0.00015094123354776165,-7.151579715948672e-05,-6.664077882548918e-05,-9.142255852395237e-05,-2.7432317934620062e-05,-0.0003249848333537607,-0.00021076265925876593,-0.00014657678470254306,-0.0016919672476270473,-0.0005644020281517586,-9.041282673697341e-05,-9.895797942975812e-05,-0.00010848567079428148,-7.166744612995189e-05,-0.0008422243248128941,-9.003705679304145e-05,-7.019840616650141e-05
Aluminium and aluminium products,ES,8208.21094615,-0.17679578785890102,-0.20952764637888585,-0.362152081108076,-0.06271540873011273,-0.08881734482300647,-0.27652239336689766,-0.13387061540845635,-0.027051333363787854,-21.83209681690165,-0.11300796052222764,-1.0864849530334495,-0.24632381587005725,-0.11591755721674687,-0.09340934180410154,-0.15982533429853266,-0.05650995831631812,-0.03171425005504361,-0.14430331923709824,-0.04350143546034715,-0.056822658627070206,-0.32026400306923586,-0.0625077196710234,-5.172639108184693,-0.074324903065389,-0.03157060186015327,-0.08000982157785787,-0.03698031533856939,-0.40305776740143384,-0.00705207917513632,-0.008120550685334304,-0.027445765806997587,-0.01950871600850888,-0.0993421531205557,-0.016134597527911486,-0.009685702429751152,-0.016882342583271096,-0.0013051628532651247,-0.027824409608711895,-0.10069086090464649,-0.48684266348598537,-0.012010779313958431,-0.04734000987859331,-0.013287281516174339,-0.012069139010541326,-0.01803895417775297,-0.016190924325519863,-0.13641687230022692,-0.05569383876337363,-0.03607209218786941
Aluminium and aluminium products,FI,752.680853488,-0.010438755297920177,-0.008795103256509278,-0.006771821335883225,-0.004524486892087872,-0.004918942982872625,-0.014722694249364416,-0.013812763121158665,-0.39742480313776396,-0.002537669469909979,-9.326564850609385,-0.004328139362015086,-0.0026818317493850184,-0.004326828122299089,-0.004480554098876989,-0.004153105875029149,-0.0015471805913906268,-0.01810417797913513,-0.004963810686039238,-0.013402204533410764,-0.0014362400374149753,-0.011025540528151015,-0.010560407762287621,-0.0026626422516365317,-0.0027658496051322173,-0.600734214122801,-0.003012468513656689,-0.004333354281856782,-0.007418450571303523,-0.00044818653856870054,-0.0006114435571741885,-0.0013346735818578824,-0.013801036275410227,-0.0012612563811863042,-0.0005885645465402675,-0.0007278947777478261,-0.000625762870818008,-0.06384500990415604,-0.0012946364126944468,-0.003725048205071313,-0.002381062496516239,-0.00875349121607969,-0.02714563914459562,-0.002978663258746038,-0.00047456082618051073,-0.0011598590423356116,-0.0005899231923340571,-0.003859064134137891,-0.00039741273788499544,-0.0022942808809986717
Aluminium and aluminium products,FR,8846.32397853,-0.2991474519155402,-3.0385915099652054,-0.15939070053806825,-0.04570163560680498,-0.1300748475358062,-0.705179506521282,-0.18843979342706732,-0.049248170189521615,-1.9621402486077646,-0.33047784298953015,-24.50128436706194,-0.32688673768721155,-0.09312551075090376,-0.11809850432560577,-0.1224759309066097,-0.1494970434434495,-0.06135544977169067,-3.7578823083464816,-0.030049486804528267,-0.0806546775255748,-0.32317782986008986,-0.12514570031865535,-0.3522143592908615,-0.08116901044802655,-0.060661489512191545,-0.12601788971588235,-0.041775692833311145,-1.648671735653956,-0.011904075214790658,-0.009546675915156405,-0.021545283470420944,-0.058469919894878056,-0.018021234973962668,-0.008740979932038942,-0.007468272468183809,-0.011557408708373676,-0.003022888328404634,-0.014869194128400987,-3.2025301379900006,-0.11964679626677213,-0.015613908831981918,-0.057958369756464095,-0.008453914962521254,-0.009244296054794725,-0.015934619857412718,-0.008793137534005006,-0.10506295220943306,-0.02044104057398864,-0.0210704703036417
Aluminium and aluminium products,GB,13378.5976996,-0.3081755468236021,-4.334025719801791,-0.0756487032478068,-0.11829964951248503,-2.3077052826388544,-0.22016646675527762,-0.17353967851891566,-0.07585304691882216,-0.11341867479968996,-0.3025710344108996,-1.7399643468567338,-0.07088650768866371,-0.0850511890091291,-0.13242153943713195,-26.411872654636717,-0.08056900677190475,-0.06747107339182266,-9.53761596474984,-0.05880689226985448,-0.05549033663617538,-3.9840482276270284,-0.1164312704561332,-0.1280930410584917,-0.097565037159253,-0.10742525902403362,-0.09197577411650035,-0.05695094291019755,-71.27340458928879,-0.045660037198301445,-0.03596424773184157,-0.044984260532727915,-0.03851722241416138,-0.03087540033948464,-0.01619659339836542,-0.0327827253671388,-0.043721345530811334,-0.003249298534025383,-0.0649020498198984,-0.09149610146199119,-0.0964720780510553,-0.01951000779377242,-1.3965722346145604,-0.038800451466846866,-0.015827987423487823,-0.031386601449441096,-0.01631553233768635,-0.1554825352735188,-0.010869240033059616,-0.03361172071773369
Aluminium and aluminium products,GR,2553.08976835,-0.04460692146478082,-0.07317781236070078,-1.343694812188263,-0.18345236679333563,-0.06929860766074848,-0.058886780340686874,-0.029604586328269743,-0.022988533564354558,-0.0261447586007025,-0.03291079826792262,-0.03216966214537937,-1.173470560761865,-0.06649256380419667,-4.029455796144939,-0.05318638249549053,-0.02659328306207052,-0.022499787428394945,-0.03496445931704412,-0.02767260910266092,-0.018702916991047987,-0.04923450244229126,-0.02849691018455715,-0.02459229414298058,-0.1182429461155571,-0.01113869839357293,-4.6411506737594825,-0.044037486190803776,-0.11174991299036288,-0.0032163705122472746,-0.004471530751691947,-0.011599176809022864,-0.005759890831542098,-0.013412359200561696,-0.006804551896318505,-0.008832088033579362,-0.01952659594413089,-0.0005303791818999296,-0.015750398054971117,-0.023836871900565743,-0.2708292704545174,-0.030064303772771767,-0.011667266365384295,-0.0296468191094378,-0.007321156905397977,-0.011839901570448511,-0.006821300847256107,-2.716465422194753,-0.009561029272410183,-0.01412829003142286
Aluminium and aluminium products,HR,560.379064274,-0.04308155012607659,-0.00705785641332784,-0.04551719396385026,-0.012764689652512389,-0.010812539645420106,-0.015106670182590955,-0.006774422269510651,-0.00455874569331969,-0.0022160518827115095,-0.0044568843596393,-0.005824080783179968,-0.03094646495049985,-0.14342323532338236,-0.03766646552236661,-0.006397168670339066,-0.002271368956915332,-0.006699721847621321,-0.0060658622722001366,-0.009122303958078106,-0.001932668621277418,-0.007980893042766096,-0.01429098754514696,-0.0019312210612189946,-0.014824531693409112,-0.002797484427370511,-0.010129695696472969,-0.02874451475591586,-0.00792031548756154,-0.0003427391696370613,-0.0007009647058722597,-0.0006849291242766485,-0.0011277975369423823,-0.0017663410191771998,-0.0006683493599112854,-0.0014643219885991994,-0.0005277713200269039,-0.00014975573475430168,-0.0022623581213615782,-0.005328270294470718,-0.0029356263559287862,-0.011929051152683327,-0.002156636870195997,-0.002010840987269681,-0.0008087172319953678,-0.0025075012653538713,-0.0006691093244233774,-2.1034138455492895,-0.0009041634493744594,-0.0016621057106914997
Aluminium and aluminium products,HU,286.469504551,-0.017219245028280372,-0.0018875602447574649,-0.002921336482098016,-0.0016283149545491854,-0.0035077412801629085,-0.0027992310001703066,-0.0015276492055094676,-0.0008134815487002885,-0.00046547430732120555,-0.0006065240722533654,-0.0007233055706168035,-0.001316742699406119,-0.057157483935500526,-0.003391713155692283,-0.0005580141640384943,-0.00045142016558210305,-0.0013813495458457612,-0.0009433259776796824,-0.0016576886346594713,-0.0004906397024808321,-0.0021409831823375925,-0.0032500456098931256,-0.000538742571104947,-0.024814458550640166,-0.00039861550194435284,-0.001727332748522309,-0.11607441362070518,-0.0007896407180367391,-9.039973162098308e-05,-0.0001649398013799872,-0.00020520656420158537,-0.0003364080049570599,-0.0006637228479460944,-0.00013586528188846286,-0.00014524170012560465,-9.385998027532063e-05,-1.6993867834145293e-05,-0.00022758350890664735,-0.00113365870065712,-0.0005615620077394329,-0.0011543965471726009,-0.0004621269618417031,-0.0005143241916813933,-0.0001511542337797121,-0.00032486908598829454,-0.00013606100928445418,-0.01333421361534989,-0.00016546501991273832,-0.00019721221988942475
Aluminium and aluminium products,ID,2586.29818798,-0.031669142518878354,-0.03339755227156199,-0.014693956697411246,-0.030217340954727286,-0.02477891091439084,-0.0830542068359886,-0.026886063339425052,-0.007158181283404117,-0.022974050060066687,-0.014832388416450246,-0.025543869341563268,-0.16447958637376983,-0.011312475416472872,-0.015240796863944915,-0.09296712299904882,-0.006953485830341679,-0.007371913047450195,-0.04851441689670067,-0.017442993245151726,-0.006355879797047514,-0.038423056620713235,-0.009472791741192137,-0.011330988039017317,-0.006222732684066923,-0.009758825793750404,-0.012397332606512393,-0.008411677982406567,-0.2402127322810835,-0.012243872206297197,-0.0366551577695146,-0.1533345897317691,-0.011275087692621507,-0.3592962888972229,-0.02198657169369343,-0.020927054926635127,-0.010998538495976814,-0.0019531154026794714,-0.22521231969313227,-0.015819306941632427,-0.022585864362970377,-0.012305048428608965,-0.011179096527952084,-1.0298822545099413,-0.00936148601277761,-0.07157792364518374,-0.02197714922336619,-0.015602483164849839,-0.009138738964773494,-0.04044932257346565
Aluminium and aluminium products,IE,879.068440269,-0.0034407526560882294,-0.009343171695845144,-0.002940324520222613,-0.002518119556491597,-0.005471957703260976,-0.006080613573322623,-0.0036789397576415016,-0.0018062458673567933,-0.004005040501892728,-0.0025467360492866767,-0.005320435155275183,-0.0033185895138418946,-0.002630291455343377,-0.0031100850189303194,-0.024438859554930206,-0.0017788470091154387,-0.0020217685497580266,-0.01064296708400925,-0.0020732234741870094,-0.001314532776475867,-0.008021888787036673,-0.004493617187537104,-0.004978750286510078,-0.003004439292664485,-0.0022092978049963,-0.0018509474859482586,-0.0017423279958906452,-0.9725907692168557,-0.0008526028059977715,-0.0005605125503035264,-0.00092081762635025,-0.0025327120845775,-0.0009508443099587239,-0.0005440197841292144,-0.0004019723034500215,-0.0007499427964775616,-4.304613166522382e-05,-0.0005957745533242102,-0.002218910359480756,-0.003046980969113428,-0.0007479595599735658,-0.002482845243699504,-0.0008229561842535831,-0.0006260457011366801,-0.0023651274982959512,-0.0005455457086992934,-0.003791381307872799,-0.0006892740817838115,-0.0017874907317228742
Aluminium and aluminium products,IN,13943.6830579,-0.16585971687208784,-0.30817086061585885,-0.12726641875262476,-1.0599475970722512,-0.09705421254216694,-0.22944417347840343,-0.13046150438477203,-0.052409515287857214,-0.13111905822175757,-0.18167488990617373,-0.11715325968355739,-0.1389889601983819,-0.06655038800146026,-0.09175633907659701,-0.26482049141062736,-0.07683275140717777,-0.05098502954486379,-0.1548156873580731,-0.06107186082104885,-0.04878580702216872,-0.28852691286277127,-0.07443368008302896,-0.13771515492447298,-0.05135818680779826,-0.09304892401456391,-0.07378224822793544,-0.04331023215729807,-0.6426909305473407,-0.055519064060570854,-0.1764647624343316,-0.335234313710822,-0.0889784485247127,-0.4758961095416957,-0.1095199068183695,-6.999516311989498,-0.06121431376088354,-0.007334070025933784,-3.1092666520939476,-0.07324895168494769,-0.2177728183928122,-0.03384031964844126,-0.05450327256662445,-0.09486194174234122,-0.18743255060603745,-1.0496265206890796,-0.10959431478567422,-0.10684276951072909,-0.051226176841166794,-1.0193334322214267
Aluminium and aluminium products,IT,11485.2948435,-1.3957218159409748,-0.5806906943711081,-1.6878495429492475,-0.7347340225793256,-1.511216528044766,-1.3682643965969938,-0.390881769680476,-0.055552794045353744,-0.36743192029961586,-0.19757912991812773,-0.903615248951005,-0.5279261466289561,-0.7294315698706867,-0.42349248508825643,-0.13838436380698063,-2.7370171014763245,-0.14613117271195905,-0.26037037046472616,-0.07718831144147109,-6.86330337170825,-0.6434491727955934,-0.36995896326197103,-0.16261561967555901,-0.1511055291755252,-0.06482383223035262,-4.7967657559828,-0.09109289974814654,-0.33348443379913106,-0.011664749215530412,-0.01815254063062469,-0.054545260752984985,-0.020672856570761074,-0.11371591299309725,-0.022658764908038947,-0.021496572587452346,-0.011559148242718224,-0.0024261808570400236,-0.08059898763709464,-3.061800139742279,-0.435503193545786,-0.023896874485049246,-0.11453865670025529,-0.01640933134195456,-0.027613543902052947,-0.033672221501600666,-0.022691573407593615,-2.0050708509232287,-0.05293596789833114,-0.03881160384069905
Aluminium and aluminium products,JP,22875.3451004,-0.20506374902917748,-0.1031339440575491,-0.06677936059609951,-0.16583062778018864,-0.07479986427432594,-0.22217023347324485,-0.08407259981184709,-0.0503323881693274,-0.2288371725924074,-0.5047660818250815,-0.11689513134768788,-0.0879020325886182,-0.0536264249615478,-0.07906417036431442,-0.13150159606071973,-0.03864993274439172,-0.07193234514372696,-0.09558604901215985,-0.06545531604090365,-0.05897087154187063,-0.13190749969264096,-0.03822181338706841,-0.08112418508926905,-0.025501697850365736,-0.06491614442925853,-0.0859721977439307,-0.031348295732846254,-0.290747672666083,-0.03563613295197875,-14.203632587914704,-0.44836855716423374,-0.06945866158668694,-1.3828619140451452,-0.4913030972517037,-0.0610035063616844,-0.05076167442858015,-0.006601951683791235,-1.568654428509549,-0.07012715645447022,-0.12889983360110174,-0.0329312935443574,-0.029964980452057737,-0.07653309603709181,-0.058090080343659554,-0.13466911476703525,-0.49118637532735404,-0.08856411054662675,-0.05485981375607488,-0.10834934534464571
Aluminium and aluminium products,KR,8309.49105106,-0.19705002370977473,-0.26488797214109744,-0.11644149455421866,-0.2653315766534467,-0.09980126352618951,-0.3641335116623168,-0.12752097349025582,-0.04221878729490852,-0.08287356198855086,-0.17598733525383883,-0.14021752432473136,-0.09674382848580794,-0.047946497618907735,-0.06406521590815123,-0.22624385616862636,-0.03866592473974193,-0.060136451029219794,-0.15622821542367749,-0.049291472708277384,-0.029855724453439203,-0.1523681398287694,-0.07376268975566565,-0.05936530627056335,-0.03152176705535279,-0.04558616414785476,-0.05384520595369877,-0.03694414185421214,-0.5757429549155701,-0.08825978123156471,-0.27098908547391437,-0.6114628234892525,-0.08489026577115276,-165.7035574442939,-0.0687052659467227,-0.22440372653476864,-0.23940363661251848,-0.005049620607812081,-1.2757571053464878,-0.07796942232638468,-0.1491290791117094,-0.01995105527403095,-0.044500584684039564,-0.058413437185718044,-0.04430274672410731,-0.3107337016751992,-0.06902819163474065,-0.06459006591304141,-0.027304296948868472,-0.20016562359268195
Aluminium and aluminium products,LT,6.93599649202,-0.0003348283837314441,-0.0003231353143255099,-0.0005583941043587001,-0.00046362690031002317,-0.0006980033855456494,-0.0004289498955213889,-0.00035050495917802424,-0.0122169904066319,-0.00011452430886076543,-0.0007998342877399803,-0.00015076633172782892,-0.0004681485023158997,-0.0010072123061863805,-0.0010421992914662979,-0.0002155250073960775,-9.742055958754657e-05,-0.0022422529077956313,-0.0002181314969521023,-0.12054371654410934,-8.757813087271407e-05,-0.00038570682968403137,-0.009279642338091091,-0.00014707021269303304,-0.00040905993969679767,-0.0031427341144086344,-0.00029427590293036186,-0.0006218079303595796,-0.0003100980146200632,-1.9329660642225662e-05,-3.173031616020547e-05,-5.0873850866586714e-05,-0.000155416481400522,-7.698911914066658e-05,-2.8455030314220777e-05,-3.8352732786286947e-05,-3.916787814159604e-05,-0.00013247291123420115,-0.00014976177468496618,-0.000182413510854479,-0.0001536877958170292,-0.000648908326790159,-0.00016059485078295552,-0.00019542388233466187,-4.726867647162804e-05,-6.836382143840607e-05,-2.8560182072586118e-05,-0.0006823152374990556,-4.810943898292656e-05,-4.096670605522422e-05
Aluminium and aluminium products,LU,74.0640426448,-0.02414574206861756,-0.061978089010139695,-0.0346134120137487,-0.003199118799593226,-0.011317506172904135,-0.05339892899514231,-0.020505696322665724,-0.005789879918532541,-0.009784881613158438,-0.010701531745226468,-0.026232046340109727,-0.0053915121662470545,-0.003839877537681579,-0.005979954072068759,-0.010422932966927714,-0.0019862191857295624,-0.004758183850585123,-0.015315670522888191,-0.0023277876793527893,-0.002603654693862975,-0.11043814677041888,-0.010047744151416405,-0.009257713211480173,-0.0027207358151699872,-0.0026583769345828842,-0.005197090267918702,-0.002486677400544879,-0.023836505643095217,-0.0006334355241482211,-0.0017225187007529213,-0.0013340409108788746,-0.0009327889796979999,-0.0034657938343621232,-0.0008061245824301023,-0.0005678429478054457,-0.0007240289542183193,-0.0001031846554168032,-0.0029505029571166167,-0.011104087853746168,-0.009241929388668907,-0.0014921069809550446,-0.005986341308507864,-0.0012399854646260933,-0.000980084196344836,-0.0012437237458429702,-0.0008052585900280276,-0.004570313172730008,-0.0006246804452013746,-0.0008670997140906771
Aluminium and aluminium products,LV,296.259954279,-0.0004337613780169528,-0.0007852914588986668,-0.0006827774717934541,-0.0025272845921987096,-0.0003813790681609455,-0.00034632569210389,-0.00040974141677571207,-0.6973240029517271,-0.00011876479941964934,-0.001028775515303868,-0.0002544953665147755,-0.0009473439428684023,-0.0016669331447415668,-0.0013367898415721812,-0.0010018162380277112,-9.710567887774845e-05,-0.08626741689832186,-0.000479733925143006,-0.23670343385613152,-8.308890300195995e-05,-0.0010618271374421553,-0.004386453500323369,-0.0001659364812353999,-0.000560401604777803,-0.0016621348980082062,-0.000387677730319402,-0.0015952158762187298,-0.001648856168368921,-4.5792224721977685e-05,-7.78223714104373e-05,-6.705746627693233e-05,-0.00013939104024129168,-0.00012626432093542728,-7.980931060325361e-05,-8.095092389204291e-05,-0.00013714290085177478,-6.998341856609824e-05,-0.0006093481390610794,-0.00016563884947652337,-0.00013444097254326773,-0.005422629645632562,-0.00029025167700171066,-0.00024444899277747403,-0.0001443284097993194,-0.0004369691048507653,-8.023573280593757e-05,-0.0012304684071599594,-0.00011895468308070654,-0.00016054825363198227
Aluminium and aluminium products,MT,0.00497401513167,-4.192877208636921e-08,-1.857489518988299e-08,-2.260130063632484e-08,-2.7407645895897115e-07,-1.6752067690199343e-08,-1.7460966367171245e-08,-1.058808155551653e-08,-1.454184668716444e-08,-3.7353331029504436e-09,-7.362301457847326e-09,-1.3766039720991928e-08,-3.196481008619657e-08,-1.2601943854796805e-07,-7.386076370656361e-08,-2.1626989606451313e-08,-3.707848579093947e-09,-5.423008648852513e-09,-1.1466302367066608e-08,-5.973930393214939e-08,-3.0309205510079294e-09,-2.4680217589261707e-08,-8.731400101765752e-09,-4.769650399540102e-09,-3.466202057346923e-08,-1.0817744923843653e-08,-1.7816461478193595e-08,-1.5619218267386963e-07,-4.005107667841018e-08,-1.1849355335285475e-09,-1.9611124476305895e-09,-2.142353940835545e-09,-4.267676786500492e-09,-3.5080440365614383e-09,-6.0478257737259145e-09,-1.4482742575272624e-09,-2.082498876103548e-08,-2.5984645807219094e-10,-1.5840031327808906e-08,-6.39048658746773e-09,-4.388359041379916e-09,-6.583344214651116e-07,-1.775027237922253e-08,-6.491166927535414e-09,-2.0540569832446557e-09,-6.562614971728851e-09,-6.501201843840195e-09,-3.7832392626520734e-08,-3.042332133040553e-09,-4.236407766908347e-09
Aluminium and aluminium products,MX,5745.06290448,-0.13513061996656142,-0.08972943248732883,-0.05721130518687457,-0.03256288425920566,-0.04403209458359482,-0.1385830082731774,-0.06260272821587312,-0.01864142809046326,-0.07377036418557374,-0.04983127827958966,-0.040432699345059796,-0.02378991097790583,-0.032174709054621865,-0.04063049238043018,-0.027724035762651977,-0.028015803551170473,-0.02773992073910519,-0.040887644247297496,-0.023432296067691157,-0.02220365906688635,-0.06053678318009517,-0.031154026510823392,-0.05596721929463504,-0.020356048670329443,-0.024616136018494758,-0.03595384305940528,-0.01797792785840971,-0.055116423749539074,-0.16396320792748353,-0.03203231347661824,-0.18543679305330962,-0.1709931131024918,-0.24138181923790486,-0.04861809174133199,-0.024105473991990103,-31.846073218654336,-0.0013479839375235884,-0.037575778827840314,-0.0380755896667192,-0.05702277229395944,-0.013178982874776585,-0.020091236876625743,-0.030675247273274534,-0.012882245827533145,-0.0652626092858935,-0.06827555572680369,-0.02809814906890268,-0.006084134191479778,-0.03927900511525532
Aluminium and aluminium products,NL,3870.86435818,-0.3162595247890372,-3.972631982621193,-0.3771426256409518,-2.9367826975663376,-0.14400143342170746,-1.731005437936992,-6.585298324302443,-0.04683267947461053,-0.24072020915070338,-0.2538590454288671,-0.16911090858667588,-0.07721937399025029,-0.1427292982201,-0.15226582831633323,-0.20365780120198598,-0.022879936487646916,-0.05922029321790555,-0.18693629303639903,-0.06373663087173817,-0.027099113224138615,-37.90353901481699,-0.12368197732545315,-0.15153607807372496,-0.04891021020280908,-0.058638960588113735,-0.0931653004181875,-0.04663468003219991,-0.6534748071932495,-0.006676469149610825,-0.012387332509484284,-0.04397362064241153,-0.017358114622773493,-0.027974259232449096,-0.036660462091416976,-0.009956774618508002,-0.013606189811607265,-0.002804663385718544,-0.061839719996393476,-0.11059630687729723,-0.1613459176347306,-0.012790424229042585,-2.833931719305999,-0.016390975040975708,-0.013003751569495398,-0.025748815787167346,-0.03657592586473011,-0.25998362389908897,-0.02073329295753265,-0.020183570554629226
Aluminium and aluminium products,NO,4042.99806768,-0.022381965328796095,-0.011949737883649536,-0.016684442939526672,-0.010627459069277066,-0.007511952675171349,-0.1194684531458369,-0.6774395029061782,-0.025037981134266925,-0.028138040339048546,-0.1714290814958347,-0.006618371434722779,-0.005258776194514001,-0.01470450127666188,-0.007938251980521118,-0.01662710230362849,-0.002645023734002082,-0.021113327217424895,-0.010043829279643677,-0.013693959638271531,-0.002599851204705697,-0.18419552025153496,-0.012909227500019344,-0.010986145871727577,-0.005642929726725371,-0.5605551175442279,-0.0053733429787925875,-0.006196746282317329,-0.06626048266273095,-0.0025434928505587147,-0.0016600582364062132,-0.00416721311252409,-0.014276257383035207,-0.003194846358274551,-0.06197750963719587,-0.001843475332322085,-0.004285608512334581,-0.0016160099499512245,-0.007255527316423319,-0.005077743294759449,-0.004542528766838007,-0.007880459582619976,-0.01562121086317591,-0.008804354475659514,-0.0014836004070890735,-0.0028241954228784153,-0.06195466059378708,-0.006600322793227444,-0.0011899196044119428,-0.0019140633023656138
Aluminium and aluminium products,PL,6503.02267632,-0.23817684295109284,-0.1492810517308193,-0.6076735372941415,-0.05471066315135106,-0.2295970081719754,-0.5870252170757092,-0.21358060187315944,-0.1818664568559977,-0.0704525273414442,-0.11141047094954325,-0.09506159506070111,-0.07236142598314917,-0.16307082252029165,-0.13086353116998992,-0.03350664873250914,-0.029466340843136662,-4.523124277401142,-0.09342674414965497,-0.16224104945615436,-0.03884897314797195,-0.19240126721413472,-17.654538865006817,-0.045625921412948627,-0.06494987844920883,-0.2863214973282259,-0.09026385079893981,-0.10112097740698325,-0.07030711153929675,-0.0037287874840266576,-0.00959627856619171,-0.025116457834419247,-0.010650191866666409,-0.056134996960268926,-0.007583044343062967,-0.005793545191219697,-0.0037316174519782266,-0.0013244818067896515,-0.022326838452056783,-0.09023324569599495,-0.13451395239370378,-0.017888495558326875,-0.07743396591566289,-0.01982483112227403,-0.005210278335408061,-0.010398926318124401,-0.007587102982750273,-0.38481663266847377,-0.006694265714445012,-0.010034902858079984
Aluminium and aluminium products,PT,1201.85724097,-0.00712435353210537,-0.010857780772704169,-0.015278779203732691,-0.002795755359404961,-0.0028642633029516158,-0.00934656057836904,-0.00452447127668085,-0.0012238057464485218,-0.35422813585990154,-0.0038433047149243494,-0.009210811089250044,-0.005400715638743044,-0.00340017848369705,-0.003764820024673933,-0.0024362610349755033,-0.0016206023053963227,-0.0019351440995402417,-0.0031959156994340104,-0.0021093003028053747,-0.002191851665593532,-0.00714165236240329,-0.0030077251475454634,-7.229326029540321,-0.001975917209383309,-0.0014648386143280986,-0.0036142307404810913,-0.002045497632930237,-0.0046196104307484305,-0.00021029290861292665,-0.00044760555084280166,-0.0008609582738561113,-0.0009745760193697881,-0.0012308093036132338,-0.001649374308888386,-0.0004011999069230296,-0.0013362155219967143,-4.467555655036458e-05,-0.0009343492705003381,-0.003005040852039453,-0.007153396299006074,-0.0023506748108029036,-0.001484064616011533,-0.001296443325980348,-0.0006958715415838932,-0.0006328592265714537,-0.001651573748359132,-0.0037441203966433138,-0.0009032132647266225,-0.001762352668060631
Aluminium and aluminium products,RO,1296.42742076,-0.027862084053908276,-0.009970343415627175,-0.22467041616481948,-0.015943694044952612,-0.015509570919625978,-0.019616931415750383,-0.010003087904718846,-0.008359002607492746,-0.004996271277931993,-0.005366230622375924,-0.008715726481916873,-0.06432717767161808,-0.0488919733894931,-0.22154128942262571,-0.005343398362432834,-0.007275954261542437,-0.011508870404638605,-0.007728117219318862,-0.009110237859869811,-0.005999902305306359,-0.011411192911722984,-0.029258407412959073,-0.005018500653852901,-0.9849979904214917,-0.0037931838182029185,-0.016239915014848037,-0.04400831025467092,-0.009187516516774345,-0.00047839846793338117,-0.001190123460105652,-0.00195094044898214,-0.0016563222874259695,-0.0038945369853613083,-0.0017867302135396634,-0.002383861946144852,-0.0010696785623247086,-0.00017504666256155287,-0.0028909263757029096,-0.029268069308410492,-0.020987626130775438,-0.00847777223412422,-0.003081013383365192,-0.012091829596111358,-0.001077769741978095,-0.003160972830737978,-0.0017898729833915603,-0.11758879127644575,-0.0007035025197388913,-0.002265375734289222
Aluminium and aluminium products,RU,17915.3872454,-0.028295108357763263,-0.022020322346877137,-0.04792925775337271,-0.18065070972635003,-0.04140133105785284,-0.03718756965114545,-0.02642376412007968,-0.09958512139197874,-0.010244446773251564,-0.0815541782965188,-0.01380570472698476,-0.08135247272210093,-0.13764810199350946,-0.15396512560638642,-0.01799517613924746,-0.01247642231006901,-1.8488212763007061,-0.01949206107740782,-1.1836960044310039,-0.010289312571689071,-0.028628124945147566,-0.053169888478832396,-0.010078884144632977,-0.04956139156679516,-0.017089155750745485,-0.03718769844583922,-0.06365330899653021,-0.03347976306141609,-0.002936391115104341,-0.011047416182993987,-0.01968622187557451,-0.025476434304417324,-0.025858160796796,-0.00917508569291217,-0.006393609176780581,-0.004863603111175648,-0.0011934949454040324,-0.026529918108150946,-0.01926623833159702,-0.032591830459551316,-0.033962575653300436,-0.00851643064354293,-0.008864878769511964,-0.004034108960600207,-0.1245704109909892,-0.009186779976869633,-0.12373551353969627,-0.004438122066091732,-0.01169158133984239
Aluminium and aluminium products,SE,3090.46542881,-0.07466661203531975,-0.08015951396685615,-0.06330056347215104,-0.03989606256796487,-0.03760500066013773,-0.13641979859233883,-2.263462318889501,-0.0713714302856743,-0.019451366057952484,-0.42881883236965984,-0.02353994868200941,-0.019362775245973674,-0.02949096569247114,-0.025193353135917213,-0.0469404006685105,-0.011562062155447259,-2.0154123451263364,-0.04076590547080575,-0.04022449698156635,-0.012269419593933567,-0.1063997114497046,-0.13169979423435088,-0.021717382929447675,-0.017499337591413304,-0.632447760125346,-0.020492772421774955,-0.020950768656419715,-0.09298469691268041,-0.003886096692598832,-0.004616504025433607,-0.006703760620050385,-0.0910649957466853,-0.006590739712691657,-0.003524586235238804,-0.003362026429103287,-0.00486893478292537,-0.003377145972801292,-0.012212997898720377,-0.02655348167395954,-0.024604880477168373,-0.01307933419308387,-1.5002047723643845,-0.011171281636031967,-0.003516198616698005,-0.006576803515468741,-0.00353913470052414,-0.026745206665875626,-0.0022923096553942256,-0.0037301963180674724
Aluminium and aluminium products,SI,2312.04475031,-3.820221344275124,-0.024742936635122764,-0.9815951185624716,-0.03304348160751824,-0.08791537710337693,-0.14249168034678006,-0.02748323539184063,-0.013731035648679536,-0.008317212507808456,-0.01645084509864775,-0.017306322372974144,-1.8641871913215702,-14.770445464453264,-0.2416797504759704,-0.016739150386557246,-0.016828602305404783,-0.02677915870168913,-0.02111544800503286,-0.02751508745418052,-0.016342944739202333,-0.025219025488998056,-0.08059299755949792,-0.006669915178818639,-0.029008414272012013,-0.00858865635235322,-0.15495646516806047,-0.042732418057518984,-0.02366601933841681,-0.0011692325646411373,-0.0020234449875532307,-0.002655023328913825,-0.007615454592602489,-0.01791191398521292,-0.0025554253188539394,-0.0035861580858959335,-0.001928732418801263,-0.0002514434716324172,-0.0626936709531295,-0.05298169487120775,-0.019845084501646033,-0.04438717702771029,-0.0075869789702077955,-0.007799302818815467,-0.0044271037157701115,-0.004403671953142995,-0.002571248541703136,-1.9611777108669384,-0.006975015081371351,-0.008081770587689554
Aluminium and aluminium products,SK,2260.89388142,-0.07166115345659785,-0.015572569858087413,-0.03341702428722183,-0.009464505525292828,-1.4384809374990077,-0.07686937848564301,-0.02429611214357685,-0.005061842287830815,-0.008553663939012,-0.00618281842516419,-0.013679556451698466,-0.02995760886002762,-0.049799816013379704,-0.029704823000657278,-0.005271836884759142,-0.004070281657115923,-0.02855432119109625,-0.015059334854199304,-0.008267890464134465,-0.006680951479630373,-0.014743186178728258,-0.523389378259836,-0.004166565909495297,-0.009732784835566829,-0.005394781851072623,-0.017278792616628312,-0.015165057549200113,-0.014368597965423885,-0.00036528631702262304,-0.0006620597745402467,-0.0017995358994126812,-0.0013823015743080153,-0.004276174224506706,-0.0016973133146900646,-0.0009526810646337926,-0.0005921966878239735,-8.478938981999938e-05,-0.0022730326207993303,-0.01601786266490025,-0.015016466470582426,-0.0060157710516993874,-0.0063102408831531755,-0.004147613225830438,-0.0006427107755858317,-0.0009789717662201706,-0.0016975543907890775,-0.10870335688862572,-0.0006031776403501426,-0.0007774633535352033
Aluminium and aluminium products,TR,9962.96552508,-0.375861624128048,-0.2559784209039006,-0.9806262124896988,-1.0009785486648257,-0.12528930746413136,-0.4233420404487774,-0.16190575533211932,-0.04419330237175523,-0.15515591539407897,-0.07129988067364831,-0.11862017235726066,-0.3215518980546889,-0.126195509060913,-0.20320021708061364,-0.11899742965942939,-0.06057313795861686,-0.08294182696786716,-0.12539026163008157,-0.06450412813243175,-0.06067270012285853,-0.26154872245302824,-0.0774467887747891,-0.09801649443906164,-0.12916026600855948,-0.03348798689382424,-0.17062209471528267,-0.04778741025799746,-0.2616387965250384,-0.01567612407427875,-0.036889350048455526,-0.12604574606349894,-0.02442439019818339,-0.4157621006120791,-0.023698141439123344,-0.09168635797331443,-0.028188241125187072,-0.0018508039683424197,-0.22844701453560634,-0.10429036475914434,-33.24710580015881,-0.022974236499432525,-0.04802363342013592,-0.04709447652212419,-0.02262576888794215,-0.15637707584692506,-0.023746627724154576,-0.28620569612990376,-0.022690826811693827,-0.13672051338117397
Aluminium and aluminium products,TW,9319.81261143,-0.005723533485138304,-0.007071226167070385,-0.008054327719160453,-0.018796512082036372,-0.00549981662905896,-0.004266223543438491,-0.004991915733912873,-0.00996453823694212,-0.003951565369149985,-0.009269857045317199,-0.004182098928763973,-0.005674474814699219,-0.009161629632081409,-0.006732718575467448,-0.008960252315719903,-0.0028870326073824936,-0.006301265019550625,-0.00617684358251258,-0.014617876468135851,-0.0031654908811648004,-0.007331802217160956,-0.00571412901742078,-0.006838059413777771,-0.004713317223157164,-0.0045178248830407795,-0.004100407470911431,-0.009999960115592696,-0.008524738736674633,-0.002884133321970669,-0.005711803592752373,-0.0025642865933244953,-0.009870806993081552,-0.0074611009041280285,-0.0024582752998381263,-0.003089521752132254,-0.0035033664381477377,-0.0001474053525980414,-0.009411166943314462,-0.004077657006053953,-0.00565193347838051,-3.194184967260732,-0.002439610026543064,-0.02352830760955121,-0.0045892910492037675,-0.004569657902678139,-0.002464736508696278,-0.006300503331613483,-0.0029772129760701808,-0.0025119805272050344
Aluminium and aluminium products,US,110792.994735,-2.620557422389507,-1.6187429360298802,-1.7474766478230424,-0.3660705386294448,-0.6338531817811224,-2.173178688205431,-0.8952020764937298,-0.17335498671787453,-0.683333698577061,-0.7634770653456547,-0.7682803156916609,-0.34167859003392703,-0.43231746033097257,-0.7386954667777258,-0.7775543201203796,-0.34091080586451383,-0.2629669937689817,-0.7267205139885888,-0.3929187487782715,-0.24608366458879324,-1.4019378147671235,-0.34426923823434125,-0.5229570312480865,-0.2495969294800643,-0.3821609707754494,-0.6636435600779056,-0.14522916238087738,-1.826358492604662,-11.673900645900416,-0.6420900250808425,-0.9413710649166811,-4.316717900277524,-2.582217711281612,-1.7566404580704371,-0.2114477391881681,-4.6038771198545305,-0.015749357826371022,-0.9975305337820545,-0.5370380265449185,-1.66979821117925,-0.08610519602670083,-0.2947274972806124,-0.17214579896436738,-0.38391833044795814,-0.6989196405814615,-1.7585590436792584,-0.49285287242973574,-0.09114422768155155,-0.8266004136627043
Aluminium and aluminium products,WA,23768.5900005,-1.1478427135386693,-1.5219899013657148,-0.5814862689613177,-2.4763331668212043,-0.5163195451039466,-1.586490335586835,-0.6232065448625399,-0.1889038458106698,-0.8728128271704138,-1.0524249007457493,-0.9988932588298383,-0.6281969351988367,-0.2793042885199934,-0.4900182488619188,-1.6644320409899833,-0.2056425446711416,-0.25668988419223454,-0.9646566925708143,-0.38317371182460436,-0.20172277940896474,-1.227727622385354,-0.4415303833300731,-0.42515377189290443,-0.1527923192496825,-0.23080708119523455,-0.44555698533410154,-0.1295374888349838,-4.298405514794997,-0.44910085068771555,-1.3189837619111773,-4.4820763872764555,-0.30804478300274024,-10.344925098215976,-0.7787582090178025,-0.6550715000900031,-0.3067355230189932,-0.031142419531781054,-5.140992201605819,-0.41468671650882116,-1.4370019516574446,-0.17494292455053057,-0.2598662619833541,-0.4201463382061403,-0.4753887554993511,-3.4352796370593235,-0.7787447984538112,-0.6072861342324979,-0.26287405209940434,-0.7417624347891978
Aluminium and aluminium products,WE,4791.31875552,-0.2246449911047721,-0.07452950271577968,-0.6551121131853771,-0.07254257884302871,-0.21075084458961685,-0.220597706094804,-0.08527234399304907,-0.15451601559720982,-0.03937994527564352,-0.032393312948258604,-0.032620695129888,-0.444250642411658,-1.0887487211815932,-1.1415859140266331,-0.019329678939404,-0.032871801431038204,-0.10802921611584843,-0.053176575389071556,-0.4028836594697938,-0.03290583286376027,-0.06906380130278159,-0.25891806697739606,-0.02868763201601857,-0.24382404407072608,-0.026382294086954035,-0.3005314818665107,-0.3465142468388669,-0.0775643018168658,-0.002433250600467637,-0.005037711165465884,-0.035414936703691176,-0.008470218589243532,-0.018562291227625878,-0.18046778896968285,-0.00897752109036046,-0.0044862796464218944,-0.0022796443769133273,-0.06669424670118651,-0.08176192314210426,-0.24445194964553904,-0.014648058215624291,-0.01773592128878562,-0.016351023989466404,-0.00391670362222956,-0.017094785795720276,-0.1803633069142883,-3.4485519201188253,-0.003922127003364784,-0.014506336544257275
Aluminium and aluminium products,WF,8032.46962605,-0.06246743960067135,-0.09297117682560825,-0.12502338438847926,-1.6951012434836825,-0.02932988037750211,-0.0812664111733356,-0.039858338829823786,-0.016515606643064607,-0.1830999256833931,-0.02674531559603633,-0.14426738298940778,-0.08108385066822453,-0.028017430162045935,-0.03623916098309023,-0.03216370635697823,-0.035072605658437395,-0.01501075785724726,-0.04610957309884552,-0.08505987202868805,-0.03712079083978272,-0.09700976779370586,-0.02485450520527976,-0.2064220968145595,-0.020711259818445012,-0.011099556964429306,-0.04339090248235126,-0.012256798958788964,-0.073997808121871,-0.004695972381704365,-0.013923287752507254,-0.2361626935023275,-0.014253899410407157,-0.17892279847197753,-0.03710645541568611,-0.02678555228257965,-0.008912534487448472,-0.001441059874300024,-0.06272201772341456,-0.04618485619828743,-0.20651964202808554,-0.008685948363154521,-0.014540333908383472,-0.015972100256554947,-0.6232052866505419,-0.04815360802659287,-0.03708703831986177,-0.04056782325475995,-1.5062491035538015,-0.1311393441998812
Aluminium and aluminium products,WL,9275.39526692,-0.3573949564543769,-0.1757404153265966,-0.11009494873391922,-0.13602332517505264,-0.13169584909916343,-0.4197403749591051,-0.18970517732696618,-0.04348003219850759,-0.49998090697484443,-0.1644918983055618,-0.18171341516703748,-0.13374831676938617,-0.17856796307504375,-0.12008761024560594,-0.08934367748868303,-0.10660105039386253,-0.06315669054479454,-0.12732300463358617,-0.13142039137466724,-0.12127384163213815,-0.30192293076334753,-0.09204300523220092,-0.26580104842141994,-0.05539460909961657,-0.07760952118189615,-0.14280620516062872,-0.046414749344225244,-0.17694878795528574,-0.07613421486100154,-0.10147898254003758,-1.0630796031891108,-0.2868507730878385,-1.1835582997759497,-1.2208440146389041,-0.06459321152075254,-0.9111081321053011,-0.005188115329635685,-0.5197835049659651,-0.1380233231115291,-0.3162877222569102,-0.04128929095388739,-0.06186810046049925,-0.08707194143787945,-0.03368851431168397,-0.14735953711818411,-1.221121187781668,-0.1450878924964346,-0.0227909387031188,-0.11763611294008003
Aluminium and aluminium products,WM,19937.1975904,-0.6490349060988144,-0.49931140096294446,-0.4553755187267749,-2.8273586380186173,-0.25797030057709325,-0.8605550247902461,-0.3591570972983925,-0.08216849358480054,-0.37846932085632756,-0.21078825974276075,-0.397980374148022,-0.3462652194278148,-0.19589561288981702,-0.3781840743866778,-0.29687933419392626,-0.23306580371796576,-0.11164663678484067,-0.2879882979953668,-0.12533580563525085,-0.18339509378105767,-0.6878912552987927,-0.1655672175466515,-0.3486252341240124,-0.1843366375806425,-0.10850155439877956,-0.4085309686981514,-0.07321812058342422,-0.6356261627695334,-0.07186073162370624,-0.16459136172655958,-1.316014862411193,-0.10621417317077296,-1.4222192830193363,-0.20056422609475433,-0.3389491965591197,-0.058177615118845345,-0.00796657254729515,-3.994926128141578,-0.24166709130058064,-3.0069130448004273,-0.03581643184196736,-0.11582443648808298,-0.10669450096815225,-0.13365024675765408,-0.4708285285146023,-0.2005671192614285,-0.40333527897979055,-0.1366499894268992,-0.7482543853839828
Aluminium and aluminium products,ZA,1122.58615792,-0.007957478606852308,-0.00931800718077823,-0.008421964057685439,-0.016328568853772034,-0.006353644065988141,-0.012450754259412253,-0.008168568217505728,-0.00568423279030917,-0.006124416382614065,-0.02240360614383277,-0.0074356651244927964,-0.010069268088261434,-0.007594568492250923,-0.00598228084059906,-0.007733166400244643,-0.003974940944653348,-0.005148417491177522,-0.0075591520275051245,-0.009947890864836103,-0.0030289598091033567,-0.008643643428789701,-0.006152569849228186,-0.007467424115745451,-0.005128444040237265,-0.005763902726817135,-0.004270307925490704,-0.00854320807143276,-0.01060473144871161,-0.0013146854299058192,-0.005098459221475221,-0.007312730087210709,-0.005678869846607419,-0.00916230854949575,-0.003821192435874023,-0.00411067395024428,-0.002084941029699383,-0.00031295095626453543,-0.013181311196287463,-0.005480783272305916,-0.010191362173840028,-0.02489916713614196,-0.0031839707739888825,-0.01360472212204655,-2.983750711540701,-0.006232200023900204,-0.004381917788507315,-0.0059108812232819795,-0.1776430368591789,-0.0628895400678277
Aluminium ores and concentrates,AT,0.0,0.0,0.0,0.0,0.0,0.0,0.0,0.0,0.0,0.0,0.0,0.0,0.0,0.0,0.0,0.0,0.0,0.0,0.0,0.0,0.0,0.0,0.0,0.0,0.0,0.0,0.0,0.0,0.0,0.0,0.0,0.0,0.0,0.0,-0.0,0.0,0.0,0.0,0.0,0.0,0.0,0.0,0.0,0.0,0.0,0.0,0.0,0.0,0.0,0.0
Aluminium ores and concentrates,AU,195.049181364,-0.0009709607624591256,-0.0009653302898818986,-0.0007122232166775071,-0.0010407972382809327,-0.0007440703986194146,-0.0011603240174872897,-0.0009226810626496814,-0.0006283088844529497,-0.0005508665246264537,-0.0018349788117338157,-0.0006992462546963994,-0.011161853081973904,-0.0006129266279195133,-0.0006264036897622384,-0.0009530970189768167,-0.0008625350738960974,-0.0006103095931077228,-0.0007830208673894245,-0.0008652192590395833,-0.0006692099056508135,-0.0011348123686391923,-0.0008506749457593321,-0.0006753478149802548,-0.0006558966241048829,-0.0006943762933389279,-0.0007058440133094816,-0.0005789703313174564,-0.0011849671446577063,-0.0003131988304995171,-0.0009724124528970416,-0.0019002175545308267,-0.0008198587475382412,-0.004699943488471698,-0.001477094205544923,-0.0016757811971956707,-0.0005267183348737453,-0.00020271366915470534,-0.9007643835987149,-0.0006726510553620957,-0.0011724314387052625,-0.001029378106898484,-0.00037463684963340863,-0.0013454751152305446,-0.0005230445799903511,-0.007313261311549179,-0.0014758502525594904,-0.0007208163867355275,-0.0006577702596334206,-0.024502237944812277
Aluminium ores and concentrates,BE,0.0,0.0,0.0,0.0,0.0,0.0,0.0,0.0,0.0,0.0,0.0,0.0,0.0,0.0,0.0,0.0,0.0,0.0,0.0,0.0,0.0,0.0,0.0,0.0,0.0,0.0,0.0,0.0,0.0,0.0,0.0,0.0,0.0,0.0,-0.0,0.0,0.0,0.0,0.0,0.0,0.0,0.0,0.0,0.0,0.0,0.0,0.0,0.0,0.0,0.0
Aluminium ores and concentrates,BG,0.0,0.0,0.0,0.0,0.0,0.0,0.0,0.0,0.0,0.0,0.0,0.0,0.0,0.0,0.0,0.0,0.0,0.0,0.0,0.0,0.0,0.0,0.0,0.0,0.0,0.0,0.0,0.0,0.0,0.0,0.0,0.0,0.0,0.0,-0.0,0.0,0.0,0.0,0.0,0.0,0.0,0.0,0.0,0.0,0.0,0.0,0.0,0.0,0.0,0.0
Aluminium ores and concentrates,BR,112.667555839,-3.40163317739142e-05,-3.194461222299636e-05,-1.368218138754738e-05,-1.542382916165043e-05,-1.998082365093731e-05,-5.5177760322453e-05,-2.920031468490677e-05,-7.562876756459903e-06,-3.220379783381995e-05,-2.7622314615363632e-05,-1.9196516347677374e-05,-2.5887582046368715e-05,-1.692449044440286e-05,-1.7153491045159812e-05,-2.1932090055642467e-05,-1.5621112225351565e-05,-1.2726850885768496e-05,-2.116596680653451e-05,-1.3853487866020263e-05,-1.3371862386415786e-05,-3.5360924497776185e-05,-1.4377837646866791e-05,-2.916190712127333e-05,-1.1306429547319838e-05,-1.249465984618359e-05,-1.6064597922747095e-05,-7.65933664127937e-06,-4.7196559781389225e-05,-1.2104678197647562e-05,-1.6178697187428008e-05,-4.3118132108710164e-05,-4.3400130503852046e-05,-3.6269272505854776e-05,-0.013038120048896856,-1.2912941384200714e-05,-5.998378538453337e-05,-7.246115876822943e-07,-0.0003011480883027112,-1.74772068964693e-05,-3.485102570711791e-05,-5.704345198442635e-06,-9.882945791061606e-06,-9.249833263615726e-06,-9.717786030004838e-06,-2.1018103890595282e-05,-0.013029774147625961,-2.0763312196157012e-05,-1.0152543950919023e-05,-5.652880034937128e-05
Aluminium ores and concentrates,CA,0.0,0.0,0.0,0.0,0.0,0.0,0.0,0.0,0.0,0.0,0.0,0.0,0.0,0.0,0.0,0.0,0.0,0.0,0.0,0.0,0.0,0.0,0.0,0.0,0.0,0.0,0.0,0.0,0.0,0.0,0.0,0.0,0.0,0.0,-0.0,0.0,0.0,0.0,0.0,0.0,0.0,0.0,0.0,0.0,0.0,0.0,0.0,0.0,0.0,0.0
Aluminium ores and concentrates,CH,0.0,0.0,0.0,0.0,0.0,0.0,0.0,0.0,0.0,0.0,0.0,0.0,0.0,0.0,0.0,0.0,0.0,0.0,0.0,0.0,0.0,0.0,0.0,0.0,0.0,0.0,0.0,0.0,0.0,0.0,0.0,0.0,0.0,0.0,-0.0,0.0,0.0,0.0,0.0,0.0,0.0,0.0,0.0,0.0,0.0,0.0,0.0,0.0,0.0,0.0
Aluminium ores and concentrates,CN,40.7705556849,-0.00026967240205506593,-0.00034819814084453534,-0.0002711873626631123,-0.0003318965436255243,-0.0002753923344407338,-0.0003789134978180696,-0.00031042735530594146,-0.00018193142355993369,-0.00023276954257522698,-0.00039416742260117216,-0.00022605453631416794,-0.0004647732231520609,-0.0002042233703946117,-0.00024670864275319864,-0.0002843169355383778,-0.000191730003523515,-0.00028647801916619744,-0.00023905668267490356,-0.0003622358279576551,-0.00014231469732708558,-0.0003495227829458237,-0.00022608238203566502,-0.00028262531320792135,-0.0002228664084176252,-0.00018268503925099504,-0.00017590442947816888,-0.0001347720248548275,-0.00037587500553609384,-0.00010200168089967532,-0.00041543329234618274,-0.0183788141473713,-0.0004938472091061049,-0.0006192818204503731,-0.001383652385246402,-0.00017499684472230184,-0.0008225076781373127,-0.0002031461932686206,-0.0005008020095532837,-0.00018252907859000992,-0.000605683801823135,-8.199038919561894e-05,-0.00010789759609043453,-0.00028373769391454117,-0.0003252593100233097,-0.0012007514961573297,-0.0013792419093146787,-0.0004269201311415096,-0.0008371425954802664,-0.0013858819620319633
Aluminium ores and concentrates,CY,0.0,0.0,0.0,0.0,0.0,0.0,0.0,0.0,0.0,0.0,0.0,0.0,0.0,0.0,0.0,0.0,0.0,0.0,0.0,0.0,0.0,0.0,0.0,0.0,0.0,0.0,0.0,0.0,0.0,0.0,0.0,0.0,0.0,0.0,-0.0,0.0,0.0,0.0,0.0,0.0,0.0,0.0,0.0,0.0,0.0,0.0,0.0,0.0,0.0,0.0
Aluminium ores and concentrates,CZ,46.4150990011,-0.00016534560585111272,-7.322243067895396e-05,-0.00012763678816415553,-1.4113167751576585e-05,-8.907706433592698e-05,-0.00015035687797154275,-5.714578184757395e-05,-3.6325749792668e-05,-2.547229168876848e-05,-3.4727398611118656e-05,-3.0519038374312026e-05,-2.5735932830620023e-05,-4.7446963001209374e-05,-0.00012505237189025615,-1.167803795935767e-05,-2.853027599919695e-05,-7.580252124017303e-05,-3.429512599933638e-05,-1.997249845590988e-05,-1.5398982699254714e-05,-6.566602075868812e-05,-0.0001835195171620914,-2.6977505284457713e-05,-7.789972022507284e-05,-1.6295973357932665e-05,-3.9169713963358355e-05,-0.00013425535702081,-1.9998755718354503e-05,-1.4820101440803636e-06,-3.849478364791624e-06,-5.16439432414911e-06,-7.74777422845452e-06,-1.3170833684940404e-05,-3.0728233303952694e-06,-2.1935936451710826e-06,-2.2705380957581435e-06,-4.844028878472843e-07,-5.270925537862469e-06,-6.518449914516024e-05,-3.192151864043395e-05,-2.1086478029213423e-05,-1.4058526538174869e-05,-1.3518903488521623e-05,-5.260195639388103e-06,-8.280243601327915e-06,-3.0764655210233064e-06,-0.00027981684725401516,-2.1348367687726807e-06,-5.6707352382463704e-06
Aluminium ores and concentrates,DE,0.0,0.0,0.0,0.0,0.0,0.0,0.0,0.0,0.0,0.0,0.0,0.0,0.0,0.0,0.0,0.0,0.0,0.0,0.0,0.0,0.0,0.0,0.0,0.0,0.0,0.0,0.0,0.0,0.0,0.0,0.0,0.0,0.0,0.0,-0.0,0.0,0.0,0.0,0.0,0.0,0.0,0.0,0.0,0.0,0.0,0.0,0.0,0.0,0.0,0.0
Aluminium ores and concentrates,DK,0.0,0.0,0.0,0.0,0.0,0.0,0.0,0.0,0.0,0.0,0.0,0.0,0.0,0.0,0.0,0.0,0.0,0.0,0.0,0.0,0.0,0.0,0.0,0.0,0.0,0.0,0.0,0.0,0.0,0.0,0.0,0.0,0.0,0.0,-0.0,0.0,0.0,0.0,0.0,0.0,0.0,0.0,0.0,0.0,0.0,0.0,0.0,0.0,0.0,0.0
Aluminium ores and concentrates,EE,0.0,0.0,0.0,0.0,0.0,0.0,0.0,0.0,0.0,0.0,0.0,0.0,0.0,0.0,0.0,0.0,0.0,0.0,0.0,0.0,0.0,0.0,0.0,0.0,0.0,0.0,0.0,0.0,0.0,0.0,0.0,0.0,0.0,0.0,-0.0,0.0,0.0,0.0,0.0,0.0,0.0,0.0,0.0,0.0,0.0,0.0,0.0,0.0,0.0,0.0
Aluminium ores and concentrates,ES,0.0,0.0,0.0,0.0,0.0,0.0,0.0,0.0,0.0,0.0,0.0,0.0,0.0,0.0,0.0,0.0,0.0,0.0,0.0,0.0,0.0,0.0,0.0,0.0,0.0,0.0,0.0,0.0,0.0,0.0,0.0,0.0,0.0,0.0,-0.0,0.0,0.0,0.0,0.0,0.0,0.0,0.0,0.0,0.0,0.0,0.0,0.0,0.0,0.0,0.0
Aluminium ores and concentrates,FI,0.0,0.0,0.0,0.0,0.0,0.0,0.0,0.0,0.0,0.0,0.0,0.0,0.0,0.0,0.0,0.0,0.0,0.0,0.0,0.0,0.0,0.0,0.0,0.0,0.0,0.0,0.0,0.0,0.0,0.0,0.0,0.0,0.0,0.0,-0.0,0.0,0.0,0.0,0.0,0.0,0.0,0.0,0.0,0.0,0.0,0.0,0.0,0.0,0.0,0.0
Aluminium ores and concentrates,FR,116.879161532,-0.0001783238150325868,-0.002371062580957941,-0.00014244439559897443,-6.855279698223382e-05,-0.00018916543221952776,-0.0004648132333964598,-0.00021060515340413737,-0.0001224973231317574,-0.0014900406189829597,-0.00010575089905426683,-0.0036721502028693636,-0.00011808561496919879,-0.00014068537384948296,-0.0001243080977457013,-0.0001321330101617963,-0.00019010081863345384,-0.00012732404533544352,-0.0031636795791068536,-0.00022331144379055312,-0.00010060784831724241,-0.0002557412796941125,-0.000215344071927906,-0.00037112908340944525,-0.0001846752889419924,-8.501252174332379e-05,-0.00010675603959444459,-0.00014997595484821148,-0.0013061371819997375,-1.4800159703465432e-05,-2.561698715979514e-05,-4.166814955817419e-05,-0.0007212352767575773,-5.0735840778466104e-05,-2.1611538949440757e-05,-2.1883368874560448e-05,-1.9568675004072927e-05,-2.2947899708672875e-06,-0.001199368668889763,-0.0027003250529402402,-6.742725185617572e-05,-8.068858919301692e-05,-7.070913374807749e-05,-6.471795078759937e-05,-2.8143086014525836e-05,-6.479898986255686e-05,-2.16372730179724e-05,-0.0001109383564310867,-6.77080880458602e-05,-0.00014446125814784086
Aluminium ores and concentrates,GB,0.0,0.0,0.0,0.0,0.0,0.0,0.0,0.0,0.0,0.0,0.0,0.0,0.0,0.0,0.0,0.0,0.0,0.0,0.0,0.0,0.0,0.0,0.0,0.0,0.0,0.0,0.0,0.0,0.0,0.0,0.0,0.0,0.0,0.0,-0.0,0.0,0.0,0.0,0.0,0.0,0.0,0.0,0.0,0.0,0.0,0.0,0.0,0.0,0.0,0.0
Aluminium ores and concentrates,GR,80.6884676189,-4.7084244060429356e-05,-5.452040096844717e-05,-0.0004603434355181734,-0.0003225079586438013,-5.711640319196117e-05,-4.291462511259492e-05,-3.6983297100584126e-05,-4.51627439082294e-05,-3.1134663940745146e-05,-3.2837074482455886e-05,-3.0622954082356325e-05,-0.03483495499777241,-0.00010054354698285211,-0.0006597682197852027,-4.090773519498569e-05,-3.522774092839316e-05,-3.2803784950608375e-05,-3.437765396113955e-05,-0.0001097529914500782,-2.5793453352679916e-05,-5.403828536686628e-05,-5.24764072898079e-05,-4.053078429117764e-05,-9.740250295256427e-05,-1.750432174624814e-05,-0.0006895858934319696,-7.081154354789404e-05,-5.129500572445748e-05,-4.640266629837689e-06,-6.995840143983017e-06,-1.3392630188453265e-05,-1.0209476248077899e-05,-2.1430050287658477e-05,-8.824153128894527e-06,-1.1998727838538489e-05,-6.3718623395171956e-06,-9.281055251174314e-07,-1.8396747030821935e-05,-3.0902622314808e-05,-9.222937736764608e-05,-7.577267366842362e-05,-1.45376448384063e-05,-2.1773353244364505e-05,-1.4325786321341923e-05,-1.9708184020708046e-05,-8.842436874295913e-06,-0.0004392452844899812,-1.2905648257049118e-05,-6.905007612611989e-05
Aluminium ores and concentrates,HR,2.40123949261,-5.395099588538848e-07,-2.8873416645250955e-07,-3.964350676930765e-06,-2.6617369714218615e-07,-2.9187963233838895e-06,-3.9204245766155584e-07,-5.331463493201778e-07,-2.6326408878316184e-06,-2.1712104033732874e-07,-3.187424786439531e-07,-1.7714606890651088e-07,-7.48960060998747e-06,-1.8268328842907906e-05,-2.15402316919846e-05,-7.804632955958171e-08,-3.9302031752087856e-07,-8.296775632010539e-07,-3.5625169752408786e-07,-8.37504995392257e-06,-1.6130793317219682e-07,-2.2656637058603503e-07,-1.3123939204294414e-06,-3.3970172689809126e-07,-4.342957738680022e-06,-3.1815498685579016e-07,-3.924392172876776e-06,-6.9811447917779205e-06,-1.3638734414872455e-07,-1.6356977076864675e-08,-4.50173709243707e-08,-7.520438844657488e-08,-7.574780990424814e-08,-9.558468617168257e-08,-6.501415332454314e-08,-5.579311311717668e-08,-2.2611012266434995e-08,-4.215094286633742e-08,-6.636859351311157e-08,-8.66545555623774e-07,-4.628115886822478e-07,-1.2007832469547436e-07,-7.22962507277583e-08,-1.5370108158410258e-07,-3.184124816030788e-08,-2.208447554380331e-07,-6.500829196908241e-08,-5.493816515947981e-05,-3.217294974530235e-08,-1.3218216625300848e-07
Aluminium ores and concentrates,HU,25.9433227911,-0.00015868065216166985,-1.2248651498251811e-05,-2.4596873429325816e-05,-1.1611205665788417e-05,-3.134749615609155e-05,-2.8970339737320543e-05,-1.713052297001215e-05,-6.689584431663599e-06,-5.7009023819422276e-06,-8.107886515512789e-06,-7.45183771509166e-06,-1.1221574794066512e-05,-0.0005367960782113852,-3.068358358426934e-05,-4.633154818691395e-06,-7.535076070418064e-06,-1.4102514577122249e-05,-1.0840793844150498e-05,-1.059336866236117e-05,-6.9457070307127026e-06,-1.448586307150578e-05,-3.5913136554586825e-05,-7.4019085590658005e-06,-0.00021020317839446108,-4.538794879146329e-06,-1.6447988475378525e-05,-0.0010952772913817757,-6.992442123446069e-06,-5.51466391907925e-07,-1.994712864449348e-06,-2.662708003373663e-06,-5.366479069717859e-06,-4.720216387663205e-06,-1.4060968901264317e-06,-1.4616513916916738e-06,-8.463645036827607e-07,-1.3221908093324012e-07,-2.246689441947272e-06,-1.3275601378069995e-05,-5.667988873792618e-06,-7.976086204148677e-06,-4.392454566513074e-06,-6.890509433758677e-06,-1.205928801694134e-06,-1.8381150587975216e-06,-1.4090718815995163e-06,-0.0001217397701335184,-1.1067490260872708e-06,-1.3521004976646224e-06
Aluminium ores and concentrates,ID,0.897727817423,-3.752464829126878e-08,-5.839474129497724e-08,-5.0815322162724014e-08,-8.234151754484093e-08,-3.113597780687532e-08,-4.295662380575525e-08,-3.685559182018451e-08,-3.1993605578825435e-08,-3.9322711533523294e-08,-5.364395394003788e-08,-3.5824166784427376e-08,-1.6400313761214451e-06,-4.058080132063539e-08,-4.477717998857238e-08,-5.008290593239225e-08,-3.085958910744279e-08,-2.7596970256356483e-08,-3.6485936521516974e-08,-7.929021179482775e-08,-2.2290361827670094e-08,-5.933136655764662e-08,-3.1492165100731585e-08,-5.817356951236936e-08,-3.1825804923641665e-08,-2.5725808612002318e-08,-3.424292107500843e-08,-3.735985677752589e-08,-6.069967378897282e-08,-1.4225611522616777e-08,-7.716411515214288e-08,-1.4040853797347134e-07,-7.946148956041231e-08,-2.480747525706811e-07,-1.8523314434416843e-07,-1.312985506310772e-07,-5.7281508444652545e-08,-1.582997756685481e-08,-5.786292839960075e-07,-2.6051820386499585e-08,-1.0558522275479258e-07,-5.31387865979249e-08,-1.6388012308451013e-08,-7.104872900279905e-05,-1.1617079491912826e-07,-7.497909903546809e-07,-1.8497256183389445e-07,-4.674703678202336e-08,-3.2409098452089017e-07,-3.621570962657773e-07
Aluminium ores and concentrates,IE,0.0,0.0,0.0,0.0,0.0,0.0,0.0,0.0,0.0,0.0,0.0,0.0,0.0,0.0,0.0,0.0,0.0,0.0,0.0,0.0,0.0,0.0,0.0,0.0,0.0,0.0,0.0,0.0,0.0,0.0,0.0,0.0,0.0,0.0,-0.0,0.0,0.0,0.0,0.0,0.0,0.0,0.0,0.0,0.0,0.0,0.0,0.0,0.0,0.0,0.0
Aluminium ores and concentrates,IN,63.3039500456,-4.122555322527516e-05,-5.275733095354843e-05,-2.4411290445674023e-05,-3.454492670742408e-05,-2.7577930072134614e-05,-4.7972822441743426e-05,-3.303152097069876e-05,-2.676709774056263e-05,-2.9105313403349588e-05,-4.048481921319727e-05,-2.7505939008091117e-05,-0.00011004881144742598,-3.0388479490038702e-05,-3.441322219879498e-05,-2.6705031386477946e-05,-3.270689625968253e-05,-2.1192845141574382e-05,-2.6895980551604647e-05,-3.343132526397849e-05,-2.1722090046473705e-05,-4.108168250954681e-05,-2.1848343171819664e-05,-3.1711313712851556e-05,-2.497127811726636e-05,-1.5128652578160934e-05,-2.526750577316725e-05,-2.151450570496382e-05,-4.033838399036187e-05,-1.3630782677368078e-05,-5.614799512897233e-05,-7.486494169894519e-05,-4.62787189529773e-05,-0.00010994200396329616,-3.716106030596563e-05,-0.010043522969967427,-1.939635189258502e-05,-3.350171087297923e-06,-0.003620643763176058,-2.4661393837247865e-05,-6.668887563332084e-05,-1.9715176201090814e-05,-1.1825254561130268e-05,-5.497474455341007e-05,-0.00012238190794211466,-0.00020499032338065423,-3.7121002691420674e-05,-7.32126019379909e-05,-2.900996610718575e-05,-0.0004444506247613443
Aluminium ores and concentrates,IT,345.382371744,-0.002515467713869771,-0.0012150552671214895,-0.004008668431527226,-0.0006330991687782911,-0.0049143006370402755,-0.003351844589384505,-0.0011105216581887547,-0.0003449285339642679,-0.0011699244829044889,-0.0020288761964314924,-0.0028625218120581406,-0.0018032392276062163,-0.0013403578396324546,-0.0011263080022760016,-0.000295364613851561,-0.18957472281225116,-0.0006001185256918218,-0.0008525499406615032,-0.0003753066538477967,-0.022537756691489302,-0.001070043411327461,-0.0009662403737748332,-0.0006481939823030979,-0.0010251583530744158,-0.00035191852617927284,-0.015357821385806804,-0.00045929737327206924,-0.0006772227759099141,-7.480888627198887e-05,-0.00018185259147960025,-0.00020308375957649074,-0.0002198522067062179,-0.00046174585921271547,-9.136878432174218e-05,-0.00012016756713890787,-8.700671237752925e-05,-2.416403418320221e-05,-0.0043377416392628414,-0.010068105872322125,-0.0011885250669808713,-0.0001275817619470144,-0.0003169301225520916,-0.00011761785043294678,-0.0001077483686146959,-0.0002657069151087885,-9.255584888349643e-05,-0.00637704897994865,-0.00012993796262346605,-0.0005615715244237084
Aluminium ores and concentrates,JP,0.0,0.0,0.0,0.0,0.0,0.0,0.0,0.0,0.0,0.0,0.0,0.0,0.0,0.0,0.0,0.0,0.0,0.0,0.0,0.0,0.0,0.0,0.0,0.0,0.0,0.0,0.0,0.0,0.0,0.0,0.0,0.0,0.0,0.0,-0.0,0.0,0.0,0.0,0.0,0.0,0.0,0.0,0.0,0.0,0.0,0.0,0.0,0.0,0.0,0.0
Aluminium ores and concentrates,KR,0.0,0.0,0.0,0.0,0.0,0.0,0.0,0.0,0.0,0.0,0.0,0.0,0.0,0.0,0.0,0.0,0.0,0.0,0.0,0.0,0.0,0.0,0.0,0.0,0.0,0.0,0.0,0.0,0.0,0.0,0.0,0.0,0.0,0.0,-0.0,0.0,0.0,0.0,0.0,0.0,0.0,0.0,0.0,0.0,0.0,0.0,0.0,0.0,0.0,0.0
Aluminium ores and concentrates,LT,0.0,0.0,0.0,0.0,0.0,0.0,0.0,0.0,0.0,0.0,0.0,0.0,0.0,0.0,0.0,0.0,0.0,0.0,0.0,0.0,0.0,0.0,0.0,0.0,0.0,0.0,0.0,0.0,0.0,0.0,0.0,0.0,0.0,0.0,-0.0,0.0,0.0,0.0,0.0,0.0,0.0,0.0,0.0,0.0,0.0,0.0,0.0,0.0,0.0,0.0
Aluminium ores and concentrates,LU,0.0,0.0,0.0,0.0,0.0,0.0,0.0,0.0,0.0,0.0,0.0,0.0,0.0,0.0,0.0,0.0,0.0,0.0,0.0,0.0,0.0,0.0,0.0,0.0,0.0,0.0,0.0,0.0,0.0,0.0,0.0,0.0,0.0,0.0,-0.0,0.0,0.0,0.0,0.0,0.0,0.0,0.0,0.0,0.0,0.0,0.0,0.0,0.0,0.0,0.0
Aluminium ores and concentrates,LV,0.0,0.0,0.0,0.0,0.0,0.0,0.0,0.0,0.0,0.0,0.0,0.0,0.0,0.0,0.0,0.0,0.0,0.0,0.0,0.0,0.0,0.0,0.0,0.0,0.0,0.0,0.0,0.0,0.0,0.0,0.0,0.0,0.0,0.0,-0.0,0.0,0.0,0.0,0.0,0.0,0.0,0.0,0.0,0.0,0.0,0.0,0.0,0.0,0.0,0.0
Aluminium ores and concentrates,MT,0.0,0.0,0.0,0.0,0.0,0.0,0.0,0.0,0.0,0.0,0.0,0.0,0.0,0.0,0.0,0.0,0.0,0.0,0.0,0.0,0.0,0.0,0.0,0.0,0.0,0.0,0.0,0.0,0.0,0.0,0.0,0.0,0.0,0.0,-0.0,0.0,0.0,0.0,0.0,0.0,0.0,0.0,0.0,0.0,0.0,0.0,0.0,0.0,0.0,0.0
Aluminium ores and concentrates,MX,0.0,0.0,0.0,0.0,0.0,0.0,0.0,0.0,0.0,0.0,0.0,0.0,0.0,0.0,0.0,0.0,0.0,0.0,0.0,0.0,0.0,0.0,0.0,0.0,0.0,0.0,0.0,0.0,0.0,0.0,0.0,0.0,0.0,0.0,-0.0,0.0,0.0,0.0,0.0,0.0,0.0,0.0,0.0,0.0,0.0,0.0,0.0,0.0,0.0,0.0
Aluminium ores and concentrates,NL,0.0,0.0,0.0,0.0,0.0,0.0,0.0,0.0,0.0,0.0,0.0,0.0,0.0,0.0,0.0,0.0,0.0,0.0,0.0,0.0,0.0,0.0,0.0,0.0,0.0,0.0,0.0,0.0,0.0,0.0,0.0,0.0,0.0,0.0,-0.0,0.0,0.0,0.0,0.0,0.0,0.0,0.0,0.0,0.0,0.0,0.0,0.0,0.0,0.0,0.0
Aluminium ores and concentrates,NO,0.0,0.0,0.0,0.0,0.0,0.0,0.0,0.0,0.0,0.0,0.0,0.0,0.0,0.0,0.0,0.0,0.0,0.0,0.0,0.0,0.0,0.0,0.0,0.0,0.0,0.0,0.0,0.0,0.0,0.0,0.0,0.0,0.0,0.0,-0.0,0.0,0.0,0.0,0.0,0.0,0.0,0.0,0.0,0.0,0.0,0.0,0.0,0.0,0.0,0.0
Aluminium ores and concentrates,PL,0.0,0.0,0.0,0.0,0.0,0.0,0.0,0.0,0.0,0.0,0.0,0.0,0.0,0.0,0.0,0.0,0.0,0.0,0.0,0.0,0.0,0.0,0.0,0.0,0.0,0.0,0.0,0.0,0.0,0.0,0.0,0.0,0.0,0.0,-0.0,0.0,0.0,0.0,0.0,0.0,0.0,0.0,0.0,0.0,0.0,0.0,0.0,0.0,0.0,0.0
Aluminium ores and concentrates,PT,0.0,0.0,0.0,0.0,0.0,0.0,0.0,0.0,0.0,0.0,0.0,0.0,0.0,0.0,0.0,0.0,0.0,0.0,0.0,0.0,0.0,0.0,0.0,0.0,0.0,0.0,0.0,0.0,0.0,0.0,0.0,0.0,0.0,0.0,-0.0,0.0,0.0,0.0,0.0,0.0,0.0,0.0,0.0,0.0,0.0,0.0,0.0,0.0,0.0,0.0
Aluminium ores and concentrates,RO,0.0,0.0,0.0,0.0,0.0,0.0,0.0,0.0,0.0,0.0,0.0,0.0,0.0,0.0,0.0,0.0,0.0,0.0,0.0,0.0,0.0,0.0,0.0,0.0,0.0,0.0,0.0,0.0,0.0,0.0,0.0,0.0,0.0,0.0,-0.0,0.0,0.0,0.0,0.0,0.0,0.0,0.0,0.0,0.0,0.0,0.0,0.0,0.0,0.0,0.0
Aluminium ores and concentrates,RU,87.5289640466,-1.4677731042560786e-05,-1.1716019830960393e-05,-2.876806935915282e-05,-0.00013102826978513048,-2.500347757618199e-05,-1.4612853529819744e-05,-1.3320601112701163e-05,-0.0001156438720610652,-5.840608146792956e-06,-2.8884903037007903e-05,-8.789740775998705e-06,-3.405449078874919e-05,-7.31757833376156e-05,-7.845709502253837e-05,-9.762918935054018e-06,-6.3617069447565285e-06,-0.0001554623044875162,-1.067453364512473e-05,-0.0002845308037691881,-5.0072452823853075e-06,-1.5534585426640424e-05,-3.4546090901369566e-05,-6.605358797907679e-06,-2.502143082830345e-05,-1.1571443287546472e-05,-1.8723507788368076e-05,-4.2079943082199304e-05,-1.4482072481997009e-05,-1.5955253522256458e-06,-4.172342994154924e-06,-7.525648518134225e-06,-4.6586696336286215e-06,-8.68216013533376e-06,-5.0455413912614834e-06,-6.659444734856224e-06,-2.888987818208064e-06,-7.846887739389165e-07,-5.229031166237694e-06,-1.0260259778033112e-05,-1.860191793857517e-05,-2.0681891097710226e-05,-4.940517807386979e-06,-1.0254979109003496e-05,-5.1177849371788555e-06,-2.135442510971014e-05,-5.05275074305953e-06,-3.5642459247259594e-05,-2.76072176574718e-06,-2.7162210351361494e-05
Aluminium ores and concentrates,SE,0.0,0.0,0.0,0.0,0.0,0.0,0.0,0.0,0.0,0.0,0.0,0.0,0.0,0.0,0.0,0.0,0.0,0.0,0.0,0.0,0.0,0.0,0.0,0.0,0.0,0.0,0.0,0.0,0.0,0.0,0.0,0.0,0.0,0.0,-0.0,0.0,0.0,0.0,0.0,0.0,0.0,0.0,0.0,0.0,0.0,0.0,0.0,0.0,0.0,0.0
Aluminium ores and concentrates,SI,0.0,0.0,0.0,0.0,0.0,0.0,0.0,0.0,0.0,0.0,0.0,0.0,0.0,0.0,0.0,0.0,0.0,0.0,0.0,0.0,0.0,0.0,0.0,0.0,0.0,0.0,0.0,0.0,0.0,0.0,0.0,0.0,0.0,0.0,-0.0,0.0,0.0,0.0,0.0,0.0,0.0,0.0,0.0,0.0,0.0,0.0,0.0,0.0,0.0,0.0
Aluminium ores and concentrates,SK,0.0,0.0,0.0,0.0,0.0,0.0,0.0,0.0,0.0,0.0,0.0,0.0,0.0,0.0,0.0,0.0,0.0,0.0,0.0,0.0,0.0,0.0,0.0,0.0,0.0,0.0,0.0,0.0,0.0,0.0,0.0,0.0,0.0,0.0,-0.0,0.0,0.0,0.0,0.0,0.0,0.0,0.0,0.0,0.0,0.0,0.0,0.0,0.0,0.0,0.0
Aluminium ores and concentrates,TR,277.745383024,-0.0018690405587236897,-0.0024788813166413083,-0.008847039149028,-0.004203559685926982,-0.0011470802262819057,-0.002470186044289347,-0.0011252177471123262,-0.0011088412922212003,-0.0014467033282515326,-0.001866616285689374,-0.0013465994516303741,-0.005288407131440984,-0.0013461542202375888,-0.0018347062479491406,-0.0008879037814303252,-0.0005834080539911312,-0.000938768380646404,-0.0010389238133481935,-0.0009434019803384769,-0.0006481402308295845,-0.0016147519200096635,-0.0011586567233163778,-0.000909632859560066,-0.0013298702971635864,-0.0010577958026098894,-0.0012934439234303862,-0.0006361058927601827,-0.0020236034039693603,-0.00030389552496426465,-0.0005714836387591139,-0.0006759879496361734,-0.0002371288697898242,-0.002439747107267231,-0.0005085541796731018,-0.0004216401141898555,-0.00024864365247592664,-3.072579303388363e-05,-0.0011442518163286652,-0.0009382746936604783,-0.5753211391743398,-0.0002504446777431759,-0.00036756403483130545,-0.000515245660189953,-0.00043242951124967586,-0.0012979264978264808,-0.0005093097962168994,-0.0029829563310452803,-0.0003599779214004165,-0.0025645881554842947
Aluminium ores and concentrates,TW,240.735987175,-0.0005421273496140846,-0.0007288267883948014,-0.0004414775553040048,-0.00282232306246151,-0.0004901522653964054,-0.000539627129720957,-0.0005697510595915424,-0.00076610398510852,-0.0003922462568102306,-0.0008744298084381153,-0.0005094718871880934,-0.0004554862556872699,-0.0006243689169416264,-0.0004933676687642324,-0.0009967699266619648,-0.00024091727011224268,-0.0004194819234537281,-0.0007350341685360861,-0.0009483981100629588,-0.0002760746672332167,-0.0007957809864488468,-0.0005153152446630542,-0.0005238436279189326,-0.00037218549967949806,-0.00035486643093504916,-0.0003418349601824092,-0.0006951495495836181,-0.0009010498941178524,-0.0001714328303931746,-0.002527321213417271,-0.0004224525034940911,-0.00043240803263323326,-0.0012693862504943312,-0.0002569396040195306,-0.00021659258581363124,-0.0001717521981260296,-1.574765205911997e-05,-0.0004767946899434423,-0.0004504029290409619,-0.0004276506512370146,-0.9050040512220433,-0.0002578197167830708,-0.005375195933523931,-0.00015322446090067828,-0.0007082959732618246,-0.0002570115069343442,-0.0004960886733538622,-0.00014974617981691667,-0.00020149936772964668
Aluminium ores and concentrates,US,61.6295336059,-0.00024936771970202396,-0.00020288974664447448,-0.0001250755344521638,-7.187669113171883e-05,-0.000191626393604376,-0.0004283959825165082,-0.0002676828916914357,-6.349359458452114e-05,-0.00012576013936268113,-0.00018423317102024352,-0.00013886404021629667,-0.00010073854957545902,-8.589258240727373e-05,-0.00010389500429693646,-0.0001090221180598059,-0.00013460613643503152,-8.203195262931066e-05,-0.00018526586673103763,-0.00028781365099740544,-9.950737200825021e-05,-0.00019321972989195103,-0.00013404431753271274,-0.0001742101505859741,-0.0001151943735036022,-9.724476934764603e-05,-0.00011383921352267436,-7.613340428862383e-05,-0.00021065669359956806,-0.0013077360796128596,-0.00019257158427435502,-0.0002389923982959452,-0.0032481205799777795,-0.0003190879776502035,-0.00012903199385920069,-9.587413097117421e-05,-0.0012758324816445398,-4.697805961391084e-06,-0.0001820707240531432,-0.00016644855861820386,-0.00019863002517079084,-7.801793054116342e-05,-7.23834567875117e-05,-7.29552531266307e-05,-4.9762562102423075e-05,-0.0002170225515717505,-0.00013023556095548977,-0.00012443793904088298,-3.299344788153578e-05,-0.0002447737350845852
Aluminium ores and concentrates,WA,445.836642213,-0.002735308067150955,-0.0036283604095242584,-0.0013799974886831913,-0.005904949507526073,-0.0012281404728051236,-0.0037834655336953264,-0.0014829863940428948,-0.00043304777104008214,-0.0020804938039807935,-0.0025038254289737358,-0.0023796843982163865,-0.0014686267688288626,-0.00065514209873605,-0.001158404546991597,-0.003968238917064205,-0.00048641457221820555,-0.0006064837255379681,-0.002298524518340574,-0.0008965043556081665,-0.0004787506569667657,-0.0029254396322984377,-0.0010493478924631012,-0.0010106529742592153,-0.00035959231278303287,-0.0005452332073673958,-0.0010588575687488773,-0.0002995869260511553,-0.010259465700638817,-0.0010699043536685035,-0.0031257166247032992,-0.010687552412577038,-0.0007262874094298516,-0.02468134187515983,-0.0018168127489138102,-0.0015402002611554744,-0.0007281338976640779,-7.267184682313501e-05,-0.012241178845619724,-0.0009864098525426857,-0.003414278211906417,-0.0004027358792847654,-0.0006181762869994367,-0.0009475340505851042,-0.0011292291120850058,-0.007018645645066717,-0.0018168030752651124,-0.0014341051308559497,-0.0006243132435657022,-0.0017236572195469474
Aluminium ores and concentrates,WE,144.010694731,-0.0003598595287082619,-0.0001426732282370454,-0.0013450856147508047,-0.00012940297123425074,-0.0006388881878723261,-0.0003351280890460054,-0.00018488772681415525,-0.0015138438881897912,-9.386613255440284e-05,-0.00014974475749828008,-7.492504444153234e-05,-0.0014849641092899008,-0.0035412107430339754,-0.0040011538196718845,-3.7200489023644166e-05,-0.00010738314482263324,-0.0004187186271811908,-0.00011833570074419692,-0.001327635596492062,-9.297469852797393e-05,-0.0001219520520411129,-0.0005791368975858625,-9.035209242596913e-05,-0.0009179035900046178,-8.707487499746286e-05,-0.0008994170958863798,-0.0012962124143777096,-0.00011361697628480185,-6.386331879410934e-06,-1.7442986178972797e-05,-5.9325349343024213e-05,-2.4977715922797192e-05,-5.1301045774601885e-05,-0.0002172973567596487,-2.0483633231245346e-05,-1.0422003380190128e-05,-8.572354038983912e-06,-9.426770462378522e-05,-0.00022647603076823665,-0.0005308881528430428,-4.23092523254092e-05,-3.661873952200639e-05,-5.252929949191045e-05,-1.0185907674036474e-05,-6.336805122014367e-05,-0.00021718517857400162,-0.052024324340534424,-1.0883851443703487e-05,-4.30997175946929e-05
Aluminium ores and concentrates,WF,353.253815291,-0.0011317453432936715,-0.001642821425849004,-0.0022360092258246855,-0.028466852630952402,-0.0006431064497421825,-0.0014836883718227442,-0.0007383290484970736,-0.0005485173399068068,-0.0030917215744874263,-0.0005502481641917243,-0.0024569574155296112,-0.0015197870284055911,-0.0008834523475934013,-0.001047416962854148,-0.0007344183630464878,-0.0006405960819920432,-0.0013269337964238012,-0.0008777534599954123,-0.0017418757773016483,-0.0006443982297336907,-0.00171863768087686,-0.001673187309521935,-0.0034666996603900484,-0.0004877210352730416,-0.000279902051768912,-0.0008317570996160823,-0.00044720522168999915,-0.0014655957214753886,-9.278772934619592e-05,-0.00025386610879679937,-0.00397551345388197,-0.0002788991891574894,-0.0030041729429122095,-0.0006080441798481113,-0.00045508019183718824,-0.0001878628013432272,-2.4626260221168938e-05,-0.0011592106603740503,-0.0008258019531356169,-0.003537406251797921,-0.000343218933220734,-0.00027588234456304116,-0.0003087075653538118,-0.022182609191419907,-0.0007884895132474781,-0.0006086284175985903,-0.0020102729594679066,-0.024217160648580212,-0.002654652153855564
Aluminium ores and concentrates,WL,421.783559222,-0.0010634334410540055,-0.0005198953230217079,-0.0003250922949083798,-0.00039927184562861784,-0.0003899983179180156,-0.0012489108308272668,-0.0005625217952183987,-0.0001264584028237575,-0.0014858113276773322,-0.0004838069100691976,-0.0005392456897822442,-0.0003936650337968678,-0.0005295730043975693,-0.00035448019008630613,-0.00026372437585788416,-0.0003141326380286134,-0.00018596455452871754,-0.00037702512644384223,-0.00038308751143887346,-0.0003595555933152162,-0.0008972736645338265,-0.00027147730957483934,-0.0007853748231675908,-0.0001623366264352741,-0.000225596166390485,-0.00042354234407656054,-0.00013522979313252299,-0.000524505826869379,-0.00022230675462457777,-0.00029884180510459903,-0.0031688363805054934,-0.0008316327238375176,-0.003529404431669574,-0.0036147540187951624,-0.00019050310402433604,-0.002335882673114202,-1.526209852039112e-05,-0.0015497261364722079,-0.0004092218535072465,-0.0009338905826066845,-0.00012062114082061837,-0.00018309205300930567,-0.0002549227826914087,-9.889691548592465e-05,-0.0004325018014448449,-0.0036164855969132476,-0.0004296912703481135,-6.566097917076809e-05,-0.00032117834088756165
Aluminium ores and concentrates,WM,0.0,0.0,0.0,0.0,0.0,0.0,0.0,0.0,0.0,0.0,0.0,0.0,0.0,0.0,0.0,0.0,0.0,0.0,0.0,0.0,0.0,0.0,0.0,0.0,0.0,0.0,0.0,0.0,0.0,0.0,0.0,0.0,0.0,0.0,-0.0,0.0,0.0,0.0,0.0,0.0,0.0,0.0,0.0,0.0,0.0,0.0,0.0,0.0,0.0,0.0
Aluminium ores and concentrates,ZA,0.0,0.0,0.0,0.0,0.0,0.0,0.0,0.0,0.0,0.0,0.0,0.0,0.0,0.0,0.0,0.0,0.0,0.0,0.0,0.0,0.0,0.0,0.0,0.0,0.0,0.0,0.0,0.0,0.0,0.0,0.0,0.0,0.0,0.0,-0.0,0.0,0.0,0.0,0.0,0.0,0.0,0.0,0.0,0.0,0.0,0.0,0.0,0.0,0.0,0.0
Basic iron and steel and of ferro-alloys and first products thereof,AT,4977.55358866,-31.084596198782133,-0.47049521691838175,-0.4396698477691006,-0.18431410167658815,-5.940340438290029,-5.318619520301794,-0.5801052140347325,-0.15961671430257382,-0.11192421426970993,-0.2394605711885937,-0.23718175897824406,-0.17412364651309084,-0.6871914334290617,-21.512186752947432,-0.08942264948987327,-0.20540721396103434,-1.2768783684475868,-0.3593865297073265,-0.28009898228617097,-0.284371941367168,-0.31719950677003167,-1.736297109557541,-0.09555325531440975,-0.3882115671838271,-0.16296396154899445,-14.55407106768084,-0.7626075362899637,-0.1733470871495134,-0.02683428551143014,-0.029901667193962055,-0.030257670056267005,-0.04862708609356342,-0.06498811634728943,-0.03042949284152911,-0.018199039226918068,-0.020933742654835556,-0.0030950484512887624,-0.416532978560521,-3.8618076975069666,-0.20102135804560328,-0.1569776436651871,-0.12838173975760594,-0.1794054918321456,-0.023025964047531364,-0.036851961174586896,-0.03045599089865228,-0.44743842949288015,-0.015620798928713686,-0.052910594690622495
Basic iron and steel and of ferro-alloys and first products thereof,AU,11920.5249421,-0.04551846295657152,-0.07926270785644846,-0.037037862954534685,-0.04637877664856993,-0.03608094882049128,-0.0640039205744083,-0.045746804035756,-0.03835420370025125,-0.031147356066165647,-0.10199727712536868,-0.034169970944097315,-0.4736578804547044,-0.029851906270270727,-0.03291641407171751,-0.04898130419233766,-0.04111814759039197,-0.038687459976531474,-0.03994896265794542,-0.04580052036590881,-0.03205762969282564,-0.053808452407181816,-0.05905190742209187,-0.03684995944578937,-0.026863956378615998,-0.035035175751348596,-0.03666798178952658,-0.029532800632628003,-0.07249403232561341,-0.016054709463321385,-0.0782883867446358,-0.12898857684660803,-0.03489398583806685,-0.2127158711355419,-0.06614190203793688,-0.0758184842447713,-0.028243124923090675,-0.008646127603079982,-29.507331213885855,-0.03317308924750661,-0.10073673680463822,-0.037851325866862115,-0.01845923221686739,-0.10570218273687361,-0.04938869026603658,-0.317537378875483,-0.06609058778351894,-0.037672501928171356,-0.024718447444269646,-0.6899370599010497
Basic iron and steel and of ferro-alloys and first products thereof,BE,8769.98102638,-0.4009450693968289,-43.09966148120522,-0.6784369580193538,-0.12873077910798142,-0.42468715088050085,-1.6732242985449965,-0.686846349410563,-0.1466744043619485,-0.46795695656879543,-0.4989923001918166,-1.4278905592453406,-0.22931500358682413,-0.15364912209940831,-0.1837444692949033,-0.16318526902319166,-0.14491337086323935,-0.2591892724574595,-0.8888509183861214,-0.21148584983328236,-0.16924435691718814,-3.755568309723259,-0.42327812054071884,-0.34570353150308436,-0.14379521054015915,-0.1487306177593118,-0.20274710965466142,-0.11959814629948287,-0.543987754705489,-0.02219581606603636,-0.12653509458886938,-0.07598483913665718,-0.06020067831184332,-0.3224257427698494,-0.06871738758568828,-0.050013539409858185,-0.02457739710230546,-0.0053092990160704765,-0.3125274843406384,-0.5505721659562388,-0.4747827735199246,-0.05137184928324136,-0.17531576153201156,-0.04688515720548977,-0.06152724275769478,-0.07588310359710258,-0.0687782197730939,-0.21417309257636244,-0.03445241434946595,-0.0786886779029646
Basic iron and steel and of ferro-alloys and first products thereof,BG,335.866242412,-0.0036458668099520596,-0.018921907526365276,-3.701913820981124,-0.033250521263277655,-0.012401508398583151,-0.0031789990668539213,-0.002180077477571143,-0.004740391013069293,-0.0010810584047929396,-0.002975265534927253,-0.0014633900701712995,-0.18920414633851299,-0.029846945680079277,-0.013982047318249449,-0.0014589215989128765,-0.004688656644884981,-0.0031135797599241457,-0.0016961580456217238,-0.0031275733513818596,-0.001230241434231824,-0.002486008326670047,-0.004759115084172567,-0.0012120231480308825,-0.11563842003986284,-0.0011421872058878155,-0.011902070162259509,-0.011047435169266586,-0.0020061899010461255,-0.00012886767988931456,-0.000269452907759194,-0.0004470917591703059,-0.0007474320163918282,-0.000879261411526176,-0.00035390443839633995,-0.0006840971547254983,-0.0002310033172714238,-8.306253326851719e-05,-0.000829964805089554,-0.0018675344777993378,-0.062333718092607085,-0.004512760154259808,-0.0007888408986648433,-0.0014893387370333072,-0.00039169668350915815,-0.002154595043946278,-0.00035526331173238375,-0.05758983517905226,-0.00041655569554980713,-0.0034298354579884727
Basic iron and steel and of ferro-alloys and first products thereof,BR,50470.2685827,-0.5038054723992762,-0.4629139142765653,-0.29227537279660465,-0.29677996734564194,-0.3782642542105549,-0.7965636232948233,-0.5045625560162234,-0.1637263919159783,-0.5357539704740052,-0.5636857288188631,-0.35137398924646635,-0.3548300436798375,-0.2464473977252373,-0.29420922633046825,-0.27070472108387633,-0.3645397124207642,-0.3269793387995025,-0.34974545022114084,-0.29733045035978695,-0.3270636408889743,-0.47724780008725437,-0.3888493202861248,-0.6585782899972963,-0.3053356192320856,-0.25338823161841534,-0.33408677905157924,-0.16009399401074137,-0.4906756940279662,-0.24360653757910475,-0.4529260111511299,-0.6921174013853597,-0.6425773744075863,-1.3011696538490034,-16.05135035021035,-0.1897937558612351,-0.781899639225122,-0.013883818665913402,-9.794868236438568,-0.3622185437389403,-0.8003944301364232,-0.13660117936783558,-0.16920376062074982,-0.17339888357243502,-0.11461594035894374,-0.3824725883882931,-16.017810811236505,-0.4472111594122657,-0.07546059059281716,-1.0841797231845947
Basic iron and steel and of ferro-alloys and first products thereof,CA,32211.5883643,-1.384710169780906,-1.6225460074913525,-0.797155019222083,-0.9166569064789707,-0.9866914689010684,-1.7531153413326077,-1.1055574819591487,-0.5000075282569881,-1.4315253240834893,-1.8102986218481958,-1.0958568454099438,-0.6386299735912531,-0.7063760386623282,-0.9450403540407625,-1.2394578163558394,-0.7810511152627942,-0.7169265202386917,-1.086497544873651,-1.961990792241982,-0.8842022764082297,-1.0932644846374633,-0.9657528525808307,-1.8006391172603264,-1.0935876979224473,-0.7534877490843308,-1.067757382561165,-0.6515846873574767,-2.468961049122323,-6.306891036676061,-1.7127336839938043,-0.9942134326654639,-19.9113614091049,-4.149389353680231,-0.9605613748442496,-0.2796153574088254,-4.959102479681553,-0.02689045563139082,-1.551660204538381,-0.9733621031002692,-4.13799755156929,-0.6451275931589022,-0.42305202989615714,-1.3742347670988566,-0.21096488503826802,-0.6099565220857899,-0.9660758736256639,-0.8498504677437847,-0.15325556461708478,-0.5083605908128181
Basic iron and steel and of ferro-alloys and first products thereof,CH,1235.22634818,-1.8770980494598004,-0.03650261544630603,-0.021992049760732043,-0.011485991693304814,-0.22729024472794054,-0.8893171570012864,-0.0514198383719973,-0.011822837709299023,-0.01596183755104408,-0.02838752883309681,-0.807841296178405,-0.01066698352849355,-0.05364796942592783,-0.12395937895672886,-0.013434785159898984,-0.02680775752748225,-0.017021806855342058,-0.03669548953385941,-0.0173390253099601,-0.03046184973061616,-0.03661303025325845,-0.030786564322307045,-0.01784124087128644,-0.04352385697390042,-0.011591124414079565,-0.09781667583888011,-0.016203936702747817,-0.03073702577611989,-0.0018931447512158068,-0.00313530209326309,-0.004594090226766845,-0.003958717393730695,-0.004952027920825763,-0.0035208717489701507,-0.001856647702828671,-0.001838716144140623,-0.0003279261804326861,-0.00509972809887818,-0.056974832789844235,-0.01152568989586903,-0.006421052062645006,-0.012248090008898604,-0.008313061012387237,-0.001734462466809477,-0.004720776094629768,-0.0035231839063465217,-0.817680237097369,-0.0014955662753422512,-0.003406203148764613
Basic iron and steel and of ferro-alloys and first products thereof,CN,1576271.53014,-8.076968044655622,-6.292009175230858,-11.896566747762554,-3.3296231097562905,-6.0083439547541495,-12.720043376652212,-7.95375532293211,-3.1154502255056333,-3.8997877692003526,-18.000353700846137,-5.447207115908926,-8.774001727763459,-3.5603144134509863,-4.576179547703206,-3.0856379160013447,-4.310593567261084,-3.987457023435115,-5.398496963100359,-3.124725226105767,-4.37723302586185,-5.9059765532018496,-4.969048680242094,-3.7735961301242686,-5.312031681231091,-4.500226890451008,-4.634666515488156,-2.2201424670750707,-6.03391968940486,-1.7977383827785205,-27.61056997632503,-290.6170552263264,-4.253628410123348,-31.909333357103126,-3.7112748424021373,-2.688993196943163,-2.578203175349017,-1.4699512199245028,-19.54507585834485,-5.649764865898715,-6.992913355100508,-0.9987968978781219,-2.474191940245905,-8.345537324164503,-4.364367312845258,-18.97334156433114,-3.7500347613879903,-7.26031620420486,-3.5679131694137842,-10.30125645591401
Basic iron and steel and of ferro-alloys and first products thereof,CY,78.4887814687,-8.470783855352214e-05,-0.00013814731463211683,-0.00026078310951638375,-0.9295753238826123,-5.476216090857649e-05,-6.519385353261126e-05,-8.292209910141718e-05,-0.00015495171078818958,-3.4457178263662104e-05,-6.204854488582048e-05,-5.400441609978284e-05,-0.002370983875091101,-0.00020004231061346905,-0.0003083325341243854,-0.00016300198053501922,-2.700895665627878e-05,-5.073728221641072e-05,-8.508776595760509e-05,-0.0006740383121694535,-2.380505835361661e-05,-0.00022827229115323936,-8.342353211710917e-05,-4.806268172995076e-05,-8.968744418222229e-05,-4.4964706738228085e-05,-0.0002953154734783843,-0.00028443566236899574,-0.0004795982023921358,-1.5594392818440987e-05,-2.1340262134911975e-05,-2.1104127086853756e-05,-4.339007005785492e-05,-3.194237930547134e-05,-3.622295819664066e-05,-2.531140944537145e-05,-2.6654083085190155e-05,-1.9154683557220767e-06,-9.974596516748563e-05,-3.449982671418748e-05,-7.120861461496724e-05,-0.0011250960162311557,-4.5939615157679734e-05,-6.561082814461817e-05,-1.4275827332726675e-05,-5.693005719934872e-05,-3.626043385290361e-05,-0.0002310271882781714,-9.535581306918975e-06,-5.603722857510335e-05
Basic iron and steel and of ferro-alloys and first products thereof,CZ,6906.19443192,-0.484291699394193,-0.1699141936929977,-0.5279336283343735,-0.04196136688797356,-0.41043960916897476,-0.8882604231201936,-0.32994183273783,-0.12228212999985395,-0.09887627465472389,-0.26142959480210437,-0.1821280041388898,-0.08118518788081663,-0.20619155982569357,-0.39295852805394166,-0.04530937857750448,-0.09139790427404239,-0.9346393547995486,-0.20874164261353284,-0.08240169227690555,-0.1522251034632397,-0.16932784310654808,-2.169561846764159,-0.06679325900546128,-0.1768601830605378,-0.11004418783373614,-0.1942149646069821,-0.4517938791106875,-0.09912216506662262,-0.005009784846836894,-0.019977320264346794,-0.020474425309435836,-0.015413791699165657,-0.052170608528337055,-0.008278569619496787,-0.007365355723259873,-0.0058157116219218685,-0.0026078086279155413,-0.04118071007509383,-0.341318822828605,-0.15194177224292665,-0.04902915207623241,-0.07638500806315633,-0.02023568817698147,-0.007621029989719667,-0.01628559523151534,-0.0082978071739231,-0.7887517408095377,-0.010714720007950674,-0.011558397858748876
Basic iron and steel and of ferro-alloys and first products thereof,DE,98371.3301901,-17.720842913460036,-7.176178116677861,-3.7912757329062394,-0.7408854730013039,-27.629179272905645,-104.86841657997459,-46.735149912285785,-1.1383163130384382,-1.9545054302259879,-6.101333720262377,-5.707224199190724,-0.9467685404890293,-1.8328603727589998,-2.871971394924234,-0.8447222945814346,-1.3521858644068936,-2.7192587497823366,-26.689563228335942,-1.5212241893608796,-1.8085709453228975,-14.279022241735438,-6.108035063664943,-1.3522415787807163,-1.094530531122048,-3.417986505489873,-2.874162513413505,-1.1410678415511453,-2.0110649487684538,-0.10082466321041099,-0.2207277909607995,-0.3256173487280672,-0.4920625818791887,-0.36915634407066916,-0.22569828078753995,-0.09869537847273759,-0.1060336294896106,-0.05751243825676492,-0.5349014855822444,-22.10240025709318,-1.1411972025613715,-0.36790391836403574,-7.55336220574859,-0.1426058549471891,-0.13604115950579443,-0.2192714512841666,-0.22588939561500243,-1.8216571216172315,-0.11409348076488332,-0.17333096935839631
Basic iron and steel and of ferro-alloys and first products thereof,DK,2254.42555552,-0.026828181941165995,-0.02531689409759264,-0.06621169009230331,-0.01116244235244209,-0.026617531647248376,-0.08550877965939972,-0.05126711809704236,-0.058765250588515214,-0.020044756026185245,-0.19314219324744566,-0.02030633730492949,-0.01203464477341628,-0.016994296394318396,-0.022581162203325397,-0.014180948784446082,-0.007404507720673923,-0.0406398624086644,-0.025667112415359544,-0.02637135582902028,-0.013783148251177225,-0.04386298524034027,-0.050758368344605544,-0.01262902953798363,-0.009171367245183134,-0.1172196724069774,-0.02492339731274337,-0.011512245427091675,-0.023654517889743334,-0.0010421563953037212,-0.0022507838503378693,-0.0038492198934428875,-0.012825563182169873,-0.005200191586236086,-0.0019074358373237707,-0.0016129228506215206,-0.0015127685221412446,-0.0017270617173444885,-0.005735350861338744,-0.023245217630836815,-0.009620233027948486,-0.00936256639307301,-0.20051495584309195,-0.008537497617747586,-0.001862438385422651,-0.003156988289779349,-0.001913848606896451,-0.02148409889622312,-0.0014247597138656294,-0.0019963848784591794
Basic iron and steel and of ferro-alloys and first products thereof,EE,554.86917086,-0.0011076032761160517,-0.0017687712399220591,-0.0012132180204205,-0.004736229873918746,-0.0011209114552401802,-0.0019955266639340666,-0.0015685794850478928,-0.055291362605049944,-0.0004075335494430898,-0.1422577400604448,-0.0011881421011944928,-0.0015741248990117722,-0.0023484101514070197,-0.001812259704195271,-0.0020565484961810976,-0.00020820899915360342,-0.008660295547841104,-0.001440135003250925,-0.11816304073368611,-0.00020519837395874098,-0.002420675824456935,-0.011704050015725486,-0.0004611376291445639,-0.0009363074384227982,-0.003027407001707436,-0.0006306242479287423,-0.0024158978182474977,-0.0025477733830083335,-0.00012052075463116035,-0.00015568224983789086,-0.00013063956578239158,-0.0005562499814472418,-0.0005501514584652795,-0.000228066221532329,-0.00021288212943096317,-0.0002788409681801733,-0.0001722026073695466,-0.001069061418822427,-0.0007156667385930118,-0.0004936622357244391,-0.00546445649228793,-0.0007706754923188403,-0.00025202972993791016,-0.00031220197804760874,-0.0003075645625791744,-0.00022872021896079697,-0.001531296396528993,-0.0003331963029555742,-0.00022486549437751444
Basic iron and steel and of ferro-alloys and first products thereof,ES,32815.4783877,-0.3060089588283022,-0.5658363253952433,-0.40817554431866315,-0.11060346973958174,-0.30401155023469856,-0.7020505017692641,-0.3591933037721962,-0.1097255053370692,-39.74771366103454,-0.7053251675527518,-2.412132502823187,-0.5718807777307644,-0.18075344100831517,-0.19264088842697855,-0.2685530833890076,-0.19006381453026785,-0.20078078234427857,-0.5207108707016012,-0.1319569881453162,-0.34139491328288163,-0.36234912738100916,-0.33855508200089324,-11.103826207091977,-0.5893478652061992,-0.1271855789964126,-0.3147300763129551,-0.10310626997605082,-0.6409361686691121,-0.022922480232443365,-0.11473513919175125,-0.07462108911503212,-0.05585430645718726,-0.20698474686711396,-0.03611626365808302,-0.0341436824393902,-0.03396128240855018,-0.00720000994546249,-0.35889976659647266,-0.5078676142029578,-1.027397206953099,-0.04979039400285786,-0.10785886304383711,-0.06336714696024079,-0.03445339265573546,-0.06428357299994303,-0.03639976377764907,-0.2656211469536034,-0.10734019660767619,-0.09470476771525367
Basic iron and steel and of ferro-alloys and first products thereof,FI,9327.9240438,-0.12602851492610667,-0.1469657175380386,-0.12866019581946517,-0.06028914398000762,-0.09892883068930154,-0.2789027491694523,-0.2590241290605763,-5.813989214699302,-0.10169086798237885,-118.09168065852155,-0.09038099773557987,-0.04283072620146152,-0.06519474752585612,-0.06402774960867048,-0.0602504907787269,-0.03059973604819851,-0.2662464677518723,-0.0990282874190989,-0.19048377989924234,-0.05077042128296093,-0.14900765267645932,-0.2733989700621271,-0.13713239640196379,-0.05120193801964364,-9.733833997720165,-0.06322665610497867,-0.051170697354999316,-0.12773706341633292,-0.011181740616668552,-0.014840300947555616,-0.018732460169715484,-0.09795059723933891,-0.028468778197475855,-0.011741081456946384,-0.011498334027700782,-0.008443525621032793,-1.0296903598701748,-0.026201014161718855,-0.08769746670235774,-0.054293088874779405,-0.08189669041282138,-0.44326951719921304,-0.03035589586293125,-0.011254904142999024,-0.01541133227911866,-0.011763734887516301,-0.06957305097311602,-0.006434634245081754,-0.0180464634464591
Basic iron and steel and of ferro-alloys and first products thereof,FR,36902.145357,-0.8887520952850269,-10.827568614015767,-0.6872403219850187,-0.16885970896713332,-0.7824756094184497,-2.764486986525899,-0.967468915298808,-0.21625270683086353,-7.132761214013439,-0.8951970105914665,-51.1533811839403,-0.4476765316576775,-0.32725751829729804,-0.40053448591405816,-0.33507666262577496,-1.0637160258778504,-0.5732120102402369,-13.464631140846928,-0.17576133838881947,-0.6434415324975232,-1.0526121550653247,-0.98311566870013,-1.770015843544547,-0.7308245222538731,-0.2739018626340561,-0.6067252938672081,-0.23285339740419653,-5.465011886567385,-0.038958671485682966,-0.06452263178904909,-0.12415172322731333,-0.6059214050812085,-0.10421794857675624,-0.04686499403327849,-0.04553044327258833,-0.04548713983050675,-0.00906857848405884,-0.8302280955995106,-11.645163346045132,-0.3559216446029011,-0.08452379099921171,-0.2515166293683752,-0.055302928638657704,-0.06370750259910801,-0.08927029888511759,-0.04735177552075773,-0.4806053612177107,-0.10409993854810105,-0.14789777273818183
Basic iron and steel and of ferro-alloys and first products thereof,GB,23626.7865492,-0.6736826272621541,-3.4697527880891395,-0.6356225853046176,-1.0796758143480947,-1.7972188298358622,-1.4982090506630048,-0.7969683231648306,-0.2350194100660696,-1.2756632698333643,-1.5793396418439078,-1.825541599305214,-0.21832963067153632,-0.227316765866195,-0.3514547164394013,-15.608673322936017,-0.2323979693245883,-0.42492137837510974,-6.075333878127101,-0.18141317462711185,-0.3293526296990152,-2.890148773097785,-0.6888514225558464,-1.5474765248199505,-0.30917893093400745,-0.3319954077008056,-0.4102171587522197,-0.12959157609969008,-36.333263454525515,-0.07612082080140822,-0.382366070243771,-0.15335236019434023,-0.1117581247009923,-0.381425607788205,-0.06490050147285457,-0.06345716254255435,-0.07610292612983112,-0.01507775373456418,-0.7189415937423183,-0.5550241485044871,-1.0998186511816839,-0.04581670486141582,-1.0219653013797747,-0.05755310987490807,-0.06863159241778832,-0.1052383083314885,-0.06524892717283402,-0.3974568847583182,-0.06495021750691819,-0.14542474826345944
Basic iron and steel and of ferro-alloys and first products thereof,GR,4002.74669845,-0.04654466459279689,-0.07805916423611114,-1.38714680780949,-0.188594728070831,-0.07573054932802734,-0.05654030654258812,-0.03614602943818097,-0.034100177775409975,-0.03978418283955321,-0.07895531950105206,-0.05387640259490546,-1.271670677380289,-0.08718569706617306,-3.9626086438104338,-0.03712084336343583,-0.03616922185510806,-0.02803105917835737,-0.03908348715063074,-0.03485807610900382,-0.0323477015049121,-0.04196595955857886,-0.036948140150026836,-0.03378381565775306,-0.1719317901068918,-0.017656990346657624,-4.549054970773486,-0.06355086728116333,-0.056798516558094286,-0.00692145094733838,-0.006670123241100543,-0.009697419358272698,-0.007649587304703556,-0.01615531796166564,-0.00664908595395056,-0.006756136310498733,-0.0071776513438135655,-0.0009538304245782931,-0.01826503809303377,-0.03897146132016558,-0.28492854326529105,-0.0410668286263932,-0.013032660083101553,-0.041982067091937914,-0.0074031934822286665,-0.01189629691313077,-0.006658776443090117,-2.6731173280197384,-0.00743620874663243,-0.013258599439012869
Basic iron and steel and of ferro-alloys and first products thereof,HR,779.62247634,-0.008030230546399078,-0.0030913404559148694,-0.018585263636177327,-0.005377291815872062,-0.004934470454867793,-0.004250058176736894,-0.003095878714494116,-0.002140831808112241,-0.000765166160089493,-0.004017866324766372,-0.0015859701677309228,-0.009516058924314813,-0.031234677499845626,-0.019708062675531032,-0.002002435015885835,-0.001005657522007949,-0.00423827342602791,-0.002101790675543325,-0.004382176589883184,-0.0011426453767163466,-0.0037904142040045136,-0.00638103617742152,-0.0009194769103061076,-0.007349341073726807,-0.0021630467061135267,-0.004844019276082043,-0.015354426026049934,-0.0029894446076778433,-0.00015171959448709963,-0.00034945392148988576,-0.0003286622309786411,-0.0007050842420546257,-0.000895186656263638,-0.0003448105290157817,-0.0005418450638351235,-0.00024496492188913986,-7.960632995625504e-05,-0.001026417297759207,-0.0021969398817887334,-0.0013405084495160511,-0.006025429041354193,-0.0010878786581919224,-0.0010530967031319725,-0.000342801187935552,-0.0012311826152797889,-0.00034527359065033935,-1.4975047229906011,-0.00032006949189326194,-0.0007867132875803647
Basic iron and steel and of ferro-alloys and first products thereof,HU,573.651510555,-0.09871678682856751,-0.008821543957370505,-0.015618008890600969,-0.009943433393247316,-0.021454188030493062,-0.01453951889780347,-0.010007230279838252,-0.0060507220078295015,-0.003134679281619332,-0.006357158382495446,-0.0040644657224780745,-0.00839843840508831,-0.33863128729643005,-0.021550688828590743,-0.003552394547083722,-0.0032136877132905107,-0.010666017411321895,-0.005886676823491076,-0.011320341636505638,-0.003300990242028923,-0.012722102175055584,-0.021073821857436406,-0.003871573229623967,-0.21688039439939485,-0.003657540560101366,-0.010800133875706778,-0.6898733081143693,-0.0046699301154187085,-0.0005773671102148978,-0.001156148346540061,-0.0013571222041543944,-0.002303393018100373,-0.0030519234155264524,-0.0008854032324242156,-0.0010331372863756783,-0.0006483918739237951,-0.00012156276757530768,-0.0015379766034252487,-0.00718877763495467,-0.00290568556603761,-0.007931370668710427,-0.003165501625831327,-0.003531515311468663,-0.0011175805973816719,-0.0023047540798749044,-0.0008867578540630013,-0.08074615978398297,-0.0013167894493313992,-0.0014711802544971951
Basic iron and steel and of ferro-alloys and first products thereof,ID,28063.8922122,-0.21854744008532379,-0.2490398607387176,-0.2648763077137878,-0.40618920251069623,-0.17125629704980339,-0.26271267840813683,-0.19576418888894573,-0.173485184590965,-0.15101225535493296,-0.3208524982671086,-0.1646720600857112,-6.802723417543941,-0.2648648010029873,-0.2716745393569341,-0.22527625210973387,-0.1426505710540934,-0.17467460222484849,-0.18100072761047015,-0.44630741272685104,-0.1181021474732543,-0.2522479780116138,-0.21394000110855446,-0.16572245498619825,-0.15678566416883033,-0.14495656344351332,-0.19104734674687257,-0.24075070032811638,-0.3679242590866226,-0.08486827702345315,-1.7928769014726882,-0.7835958476200555,-0.28902593511536695,-1.9621948878883073,-0.8110432054038753,-0.5708984819398986,-0.21689069643252268,-0.06555466269776276,-25.035686839446743,-0.14173406650271483,-0.3815081263039406,-0.34001032528289876,-0.08582774270909509,-51.936464846202156,-0.16840019496517358,-2.613558390739622,-0.8102237666011535,-0.2624326500918826,-0.21893204214385842,-2.6690837252554114
Basic iron and steel and of ferro-alloys and first products thereof,IE,304.716491426,-0.0032021808007452342,-0.006459773350301824,-0.0026889234713949237,-0.003958152013612673,-0.0035368403808151445,-0.004986948058799832,-0.003686092866789657,-0.002298162178393086,-0.006520109249617491,-0.003780907186595756,-0.004349063063752948,-0.0019398059462433432,-0.0022239877795782324,-0.002529676781977668,-0.013969763364333442,-0.0020551822441363474,-0.0022644490914785985,-0.006938676850672237,-0.002732853284429926,-0.00253977551479707,-0.006464564976404723,-0.0037007250436091863,-0.011436353334007615,-0.003482163978450932,-0.0016936814447374756,-0.002582787775871414,-0.0017060795725304591,-0.2605009590515852,-0.0006142560648398727,-0.0006914724256598387,-0.0007948968827653971,-0.0022585999959944952,-0.0011162795053847215,-0.0003570642634979697,-0.00035013741662260787,-0.0004865502819705211,-4.9494142051068e-05,-0.0008465914120612479,-0.002756911602122,-0.003935289021432593,-0.0010004199229280304,-0.002016728466995223,-0.002092704109504315,-0.0007720736115313791,-0.0012260168807113974,-0.000357934577119503,-0.013351808926443722,-0.00035921706811941424,-0.0008556240975523
Basic iron and steel and of ferro-alloys and first products thereof,IN,168511.250647,-1.4915772147477055,-2.8426336626287716,-2.0882848239622107,-10.865102925785708,-1.0177108402832793,-2.3639488780513815,-1.4263423832416415,-0.59194508188701,-1.1496527519385773,-2.3266369857369176,-1.1687456115747836,-2.044431056259356,-0.6724007277808668,-0.9145537463063035,-2.777976094727368,-0.6426723300948355,-1.8549831032348965,-1.5935509398353354,-0.6862160328600369,-0.4458523762297666,-3.1920624306563474,-2.5113827093335117,-1.3643865208864896,-0.5633877996269567,-0.8272185992179328,-0.7155409549970684,-0.4658784403030699,-6.709629600819402,-0.5550908227316059,-2.5677726266968555,-2.2776947974760953,-0.9509834541083816,-5.817806515469647,-0.765981201857938,-23.55908531522229,-0.5675409322650025,-0.08477431338726045,-61.00978930704395,-0.7146715278490052,-1.3339657516673327,-0.4300489915399504,-0.6174646102086118,-1.0906537323739915,-1.9589956456896627,-5.606904162112362,-0.7672229800314962,-1.3460797209005653,-0.7122836932028496,-8.228572017384792
Basic iron and steel and of ferro-alloys and first products thereof,IT,54736.4503124,-2.4646666820608916,-1.1460367914217464,-3.9034545977027677,-0.47802916626379033,-5.939619825621985,-3.614651421883903,-1.0455800067294367,-0.32771110854457514,-1.3412533811908378,-2.5921729148395,-3.4491778183835287,-1.8403645176090477,-1.2370291996224974,-1.0223013169130801,-0.26179952996833555,-8.440345467640155,-0.5312891669959362,-0.8746043949022775,-0.32476304257671684,-28.67131091209546,-0.9099621933494049,-0.9348571554663678,-0.6507864770747198,-0.6809967313021305,-0.39172171161925046,-19.384141400990544,-0.3763224344965903,-0.6593257568290208,-0.05744442421063292,-0.20008424364070412,-0.13633359240776968,-0.09654872160824068,-0.5071552862897019,-0.07501540948883399,-0.09617493668443787,-0.06375537549229536,-0.02527752070366055,-0.49879251091022286,-12.647343409519834,-1.3669832280868905,-0.09863929952737559,-0.30047945435545187,-0.10071843899325944,-0.08513624827540593,-0.14774962795097726,-0.07602020347696697,-7.8402095774779115,-0.11493054220740423,-0.16772261619508783
Basic iron and steel and of ferro-alloys and first products thereof,JP,205709.449824,-0.43081719667652685,-0.33363134283734425,-0.330242919635129,-0.2766416937761446,-0.3234228500291231,-0.4786631142854333,-0.3136597877302699,-0.22542511904484902,-0.1940779296336195,-1.045620403929955,-0.2323406905287131,-0.7598406107419615,-0.21489677866648688,-0.2708705554033558,-0.28225769172038956,-0.16600664850706662,-0.35392193588645965,-0.24905922868091834,-0.307875260840149,-0.13125685588900968,-0.33240164995406724,-0.5239910116322473,-0.1754112989643909,-0.18672861065604363,-0.2302449827192238,-0.1779399928209977,-0.29017845542327014,-0.42496728953779833,-0.18017562434245735,-177.42609613361316,-0.8963162509907668,-0.7675504259445245,-6.508145707848382,-0.6777514459768056,-0.2695526412428412,-0.2224000112582186,-0.035284338293638286,-33.56795109716513,-0.21325666561713366,-0.4013043785043853,-0.3095637441971836,-0.12762209615758818,-0.781647200460852,-0.20582377389552137,-1.1549514696168195,-0.6775164752578543,-0.4124096340990886,-0.28292769789513045,-3.0445308722402507
Basic iron and steel and of ferro-alloys and first products thereof,KR,164202.162798,-0.4532515101794034,-0.5355943683004,-0.5207851098855565,-0.3597032265432101,-0.3801954512015475,-0.662597825278195,-0.42124293774955657,-0.3041939931787977,-0.28893214556742736,-1.3397324533341026,-0.4080440495270302,-0.7744685916112513,-0.2975798411722107,-0.3103347682131266,-0.296021056411835,-0.20942796522401444,-0.40274390181864944,-0.34841930545254945,-0.3731508373698076,-0.1902961770140913,-0.39170903584281125,-0.480414052821742,-0.2698936921680986,-0.2453680379110994,-0.28024522126892315,-0.24504934978715837,-0.23961811670797534,-0.5478048908152381,-0.2964119689775672,-8.283877695276908,-1.7653544808083936,-0.5577570956580661,-218.5970057269947,-0.3076787231363265,-0.31126487376913353,-0.314600660388912,-0.0352299758574824,-18.38063505817383,-0.2973707201816833,-0.5031547242025999,-0.21341372201886583,-0.15066113076922039,-0.6161390450186642,-0.31648180662633835,-1.129161322922915,-0.3104268707275878,-0.3664496868721234,-0.20706449522697928,-2.0682620741074063
Basic iron and steel and of ferro-alloys and first products thereof,LT,10.5462183967,-3.721852213981366e-05,-3.6671954547467004e-05,-6.14484998262298e-05,-4.91242167381803e-05,-7.576370794908736e-05,-4.98784607473452e-05,-3.987747111609992e-05,-0.0026427835895786495,-1.2773841324199995e-05,-9.017439360179957e-05,-1.7096835472053448e-05,-5.365138341007465e-05,-0.00011687734237710518,-0.00012158944637426309,-2.721367130298779e-05,-1.0892293634369337e-05,-0.00046647712257541084,-2.579058119155115e-05,-0.15529631705699787,-9.707513872041675e-06,-4.2950849574690106e-05,-0.010054168573031009,-1.651314138639386e-05,-4.625026215311569e-05,-0.0038012583729499644,-3.399448855682326e-05,-7.279665328916251e-05,-3.692603005984736e-05,-2.1954295658023157e-06,-3.9618561492944975e-06,-5.961106832517086e-06,-3.6105970463844235e-05,-9.298830629768146e-06,-3.5210778326548527e-06,-4.76004330085397e-06,-5.484584272678527e-06,-0.00016323843293626094,-2.4986150334484398e-05,-2.070440429732739e-05,-1.749082949806257e-05,-8.675419203363764e-05,-1.821131737095457e-05,-2.1729680515312326e-05,-5.421399611378462e-06,-9.747289614497218e-06,-3.5382107031025806e-06,-8.137903805777611e-05,-5.921368059706381e-06,-5.9408338417239e-06
Basic iron and steel and of ferro-alloys and first products thereof,LU,608.192509525,-0.017446685706445347,-0.5022088999374096,-0.058991317902983266,-0.007851502949910098,-0.011317180605499808,-0.1512666433966797,-0.29314137991198197,-0.02572895567120401,-0.006524445650537903,-0.013813763039979499,-0.05746597552070562,-0.02861654778756314,-0.007507651758825507,-0.0069729188233226425,-0.0160609250442855,-0.003325798284215873,-0.009490264457188351,-0.014991569157390689,-0.007257408163121205,-0.002430041404075497,-1.5555977532254528,-0.009547854415173368,-0.008218102685244406,-0.0050238442451385375,-0.009805640984743218,-0.0045112984656314374,-0.008206443840671311,-0.059938285138960705,-0.0007351204151652581,-0.0010605965410135163,-0.0016272344232534086,-0.002118192775444605,-0.002139612347581805,-0.002503612065759856,-0.0011992265617417135,-0.0012603849070390997,-0.0001519270881471078,-0.0032550863044109027,-0.008940794801636611,-0.004994876300761366,-0.005716197126045602,-0.1246802334051251,-0.0038820907658599336,-0.0033622531805658053,-0.0019969565555529095,-0.002504418000413718,-0.009688726405819657,-0.002564173535379695,-0.001979795069420334
Basic iron and steel and of ferro-alloys and first products thereof,LV,1876.6383336,-0.0015916764474129025,-0.002680234096132041,-0.002558594389732498,-0.009264580871714894,-0.0013665474701626593,-0.0012627804624613592,-0.001470383489066028,-2.3663483347623515,-0.0004252882971428093,-0.005052694616892912,-0.0008944493142975887,-0.003393261776118878,-0.006077398187645587,-0.004875987789238629,-0.003184510113671412,-0.00034712973804880355,-0.2931680153937671,-0.0015796192281928411,-1.2307302492605308,-0.0002987959416367001,-0.0036146760787761053,-0.015077228895634594,-0.000591425581593352,-0.0020735178158576605,-0.0054762407965828885,-0.0014090145644199458,-0.005786059127887473,-0.005269395275277185,-0.00015363720695572413,-0.0002923475540699168,-0.00024118466253890387,-0.0004961416825253269,-0.0004926166948272836,-0.0003168003670199854,-0.0002757019790802008,-0.0004576256990460097,-0.000226168122410616,-0.002073388268551519,-0.000602333031809036,-0.000486521057665862,-0.022096937017271723,-0.0010141247930712117,-0.000965820103900504,-0.0004871529965590885,-0.0013482514229885617,-0.00031811818994509843,-0.005162488770888222,-0.00040183382241291797,-0.0005253646171500055
Basic iron and steel and of ferro-alloys and first products thereof,MT,0.0552715504823,-9.224973280691663e-07,-3.1427429675735193e-06,-8.653927055871568e-07,-2.3232797604632684e-05,-3.71288006437904e-07,-8.551624746474598e-07,-2.0558543660906274e-06,-8.549336865263148e-07,-1.7113128846386638e-07,-6.610330860563815e-07,-4.4121144343255814e-07,-4.823827209969074e-07,-2.2530988523785227e-06,-5.084679040706196e-07,-8.6770291276422e-07,-1.270962432703444e-07,-3.5026085343579404e-07,-5.133374981377211e-07,-4.735730557064331e-06,-1.0789721740187093e-07,-4.9645524936206645e-06,-6.10372276338743e-07,-2.3091351613089588e-07,-8.962337800196077e-07,-4.4580395252630315e-07,-2.629602414451127e-07,-3.921574075474843e-06,-1.2693602498159475e-06,-4.00085103640982e-08,-9.834882194629442e-08,-1.0275420732804086e-07,-1.1048453595252309e-07,-1.5504133719018973e-07,-1.151831675956717e-07,-8.628050770232851e-08,-1.689782369133819e-07,-1.20592845425974e-08,-8.282992685586874e-07,-2.0930348458455545e-07,-2.3683695560858427e-07,-7.2986631921217885e-06,-9.967185151518186e-07,-1.9203557769547367e-07,-9.619185026058417e-08,-3.3144171208395655e-07,-1.1565287644856443e-07,-7.960537396229001e-07,-1.019513542594636e-07,-1.737987535320847e-07
Basic iron and steel and of ferro-alloys and first products thereof,MX,35841.4611981,-0.42087590095005395,-0.2946975201758037,-0.2865641793945535,-0.156949614498437,-0.23471836421014744,-0.5083597915992816,-0.29191713725856844,-0.08666725903665971,-0.3271354106148704,-0.33354912704869893,-0.20402892838360875,-0.14211721077022427,-0.14216816141436628,-0.17681216371739847,-0.13510873470307722,-0.18349400352087805,-0.16075626252125713,-0.20479632691282493,-0.15512528246586965,-0.14909990910146986,-0.27343340155883955,-0.21917355137712075,-0.27547084929356647,-0.21028080623809284,-0.1492473237948696,-0.17768019496860052,-0.10010097079246619,-0.23895841296433448,-0.9951876057292595,-0.6497691935402344,-0.7932750511452638,-1.0719338798577436,-0.8781116113901871,-0.2233566002462089,-0.10192644559117975,-203.80072707233518,-0.007984229639545502,-0.6169805975070549,-0.2035375450112876,-0.23607071076004826,-0.0862162691789549,-0.08906687983471019,-0.16122506049306443,-0.05189159220269822,-0.22673028024449954,-0.4535049685711085,-0.16460145475842852,-0.03273725642507458,-0.18559338515471804
Basic iron and steel and of ferro-alloys and first products thereof,NL,1512.33123068,-0.17058453113507394,-1.073578507571871,-0.11635193078389178,-0.343827365114462,-0.20600391922243996,-0.8829864918856892,-1.5785122222321886,-0.18731190245477974,-0.14207147322333943,-2.905798093756125,-0.17661108993145916,-0.058773584586698444,-0.07554413893901271,-0.08897247740292114,-0.11251516206858336,-0.041213325614922476,-0.10386486637082845,-0.22928436481513007,-0.06280470779695424,-0.07873684815028514,-5.442742707654363,-0.1892003123900081,-0.19501468672184566,-0.05114419138731312,-0.2846571756273606,-0.10029655758830644,-0.043595175365375355,-0.28082852051667745,-0.008624508592940488,-0.030348707173835445,-0.03144081346088822,-0.021847189893753963,-0.046079238478094746,-0.022952837995530745,-0.011862358848365478,-0.015463927908347268,-0.025862334700394535,-0.06036093870719627,-0.18913278958384527,-0.1231929661499726,-0.017883452527784234,-0.630098797213948,-0.021757032426243855,-0.03772714706934746,-0.03998477526608215,-0.023019941805087294,-0.13251135041541476,-0.011990377259673628,-0.024532460253612894
Basic iron and steel and of ferro-alloys and first products thereof,NO,1853.1917373,-0.008085319620061145,-0.008804789827271908,-0.006997843394186512,-0.00883073499005625,-0.006472797129003326,-0.12691447451504412,-0.7497109623271304,-0.01613314785513755,-0.006889952993208581,-0.07476773843277598,-0.005301695595728329,-0.0042815517185042125,-0.007429242061047732,-0.006983048604780942,-0.011006276957366804,-0.0025027320110883725,-0.017285422454944434,-0.007812145085527895,-0.013916040429558765,-0.0027022368062063293,-0.19704030564184086,-0.015072123050788819,-0.009872686384225799,-0.005332196367730168,-0.6127863018451861,-0.004099679133441013,-0.005557422805871507,-0.06024971421568029,-0.0011065582169487054,-0.0033663316417338494,-0.0026910907402491646,-0.004741940646694733,-0.0026910828110931805,-0.012147478512765774,-0.0013236976171491443,-0.002578354493019384,-0.0007853011168552733,-0.0031159891412726724,-0.004619182340887225,-0.0057094868397471075,-0.006759026054885225,-0.010777153424047909,-0.005689344777718646,-0.0012716781769752832,-0.0027579437829747897,-0.01215714781635903,-0.006087644673652956,-0.0012090697967443661,-0.0035396038048129685
Basic iron and steel and of ferro-alloys and first products thereof,PL,27952.3792189,-0.4761630923430545,-0.37298541379255007,-0.760793038273201,-0.11486667235229618,-0.7687167381661165,-1.607677191552284,-0.5681769536486182,-0.6413110198284453,-0.24708628343725644,-0.8973369952450421,-0.2995416343163549,-0.1897865015508913,-0.3807439466261624,-0.36877379520500864,-0.07685941321674827,-0.12460460899288318,-13.565334304945438,-0.32632441954169383,-0.5982427672693034,-0.22706772274581244,-0.34335473193581834,-38.373899792607936,-0.16853248149583983,-0.22680463758439956,-0.8806088261172851,-0.28932133529809845,-0.297527339068846,-0.1585369468329663,-0.010303732302636818,-0.035143262421841306,-0.058192686349904495,-0.03195534358590499,-0.12008977229861141,-0.01966145220866835,-0.021627985252644463,-0.012045185491023546,-0.009056233823456881,-0.0894241397667026,-0.3600950565198436,-0.233393499003564,-0.05852645008074576,-0.16045396997020417,-0.054662902498904584,-0.027569500150284223,-0.035020854747556035,-0.019728000744080806,-1.245307282398072,-0.1007842782278761,-0.031223670542754708
Basic iron and steel and of ferro-alloys and first products thereof,PT,4069.19439044,-0.047423465773553226,-0.08549511470369092,-0.05229192611017202,-0.055618114261755384,-0.04750065307032239,-0.10058797852487254,-0.05789038368711458,-0.027206365072768055,-2.905409869538573,-0.23757502759134735,-0.17660345151115772,-0.11544837158995208,-0.03503948389962031,-0.028665061134690962,-0.0577192762551596,-0.029753572012038383,-0.036975890624293795,-0.07784147285668226,-0.02868866864387296,-0.0587204584306451,-0.05452195494009874,-0.06154381737770503,-40.62248830293326,-0.03432262228605402,-0.03474574670912587,-0.05186942520344221,-0.036952024838525464,-0.12227285287294631,-0.006142872125699467,-0.07515828782088134,-0.013374989012893305,-0.013786084915282769,-0.0630977731096468,-0.01595607215176095,-0.008721137063903865,-0.006976184635821879,-0.0022980530669969423,-0.04854778675960196,-0.07339441744272136,-0.17937562381554437,-0.05041169925190282,-0.02144169918650057,-0.08263368199207077,-0.009898511890205172,-0.014718945831151195,-0.015977611168377117,-0.04423572650173975,-0.00936519899104624,-0.016399133831863175
Basic iron and steel and of ferro-alloys and first products thereof,RO,4659.14739212,-0.21984293480972308,-0.1054200226201629,-1.6188539961041972,-0.26729334787398956,-0.15554824142401516,-0.189994800619767,-0.10519919823626857,-0.08457142202206439,-0.07100809083991041,-0.12900847262061785,-0.1123152196297073,-0.5917585034719015,-0.37690449866545156,-1.8966626985489723,-0.05023115185860973,-0.09469730293957229,-0.13302163929463579,-0.08156180606317852,-0.14152163578293653,-0.10720176534985093,-0.10271871420029577,-0.27717896605902465,-0.06708893247472138,-13.875946146530941,-0.09541245087684495,-0.2280070771196095,-0.3404499828058655,-0.08727173940778225,-0.006077455726152344,-0.021909840667515022,-0.023680231306427435,-0.022049926474573014,-0.14092257288955853,-0.09249758087933857,-0.048042244279813975,-0.015118664902402344,-0.002072398831657749,-0.11403104742660662,-0.2810784076673152,-0.23897846184002086,-0.08600612684263542,-0.03849636674861807,-0.10151308707328212,-0.013600134618675137,-0.027295550839150997,-0.09248005806914104,-0.8199569559886573,-0.009088252998176527,-0.02970172344710689
Basic iron and steel and of ferro-alloys and first products thereof,RU,68916.0077572,-0.10482078775918177,-0.10910436063528364,-0.21835039359231592,-0.5228531444637512,-0.17192684306538697,-0.1849817340755308,-0.12279355222349644,-0.45199133451611706,-0.058257021015241855,-0.6753921695035354,-0.07383751737317133,-0.2948398380414893,-0.5762502405851954,-0.6399756583848666,-0.07090394350458944,-0.04941645773473437,-3.104267476053198,-0.08932625122366482,-2.11553667016207,-0.055272791484267586,-0.11532904976284947,-0.256255827912036,-0.04732640485967359,-0.17749517799350617,-0.09757296207585929,-0.16474485360701496,-0.2526502865802691,-0.1359635883845739,-0.02156034931871625,-0.2663803849143892,-0.1283122605970159,-0.06955804210912042,-0.3147702297575789,-0.05089618214004324,-0.03699718872959653,-0.02652032918633184,-0.008042246677010773,-0.23812993618264763,-0.0928060632608409,-0.17544554368298923,-0.07668832091386098,-0.03983588035130302,-0.046431807009110475,-0.020163724053683232,-0.3176135451718101,-0.051230809308772364,-0.8141932639808167,-0.016649923544919242,-0.05929137161063627
Basic iron and steel and of ferro-alloys and first products thereof,SE,10261.0187758,-0.3149760519028763,-0.3747387283027705,-0.22860047969941572,-0.15225425401405263,-0.2994477786952128,-0.7758247204209049,-13.856957330680377,-0.7001509463427349,-0.23492012225544479,-6.488199739221389,-0.32213530673523527,-0.0992119173693668,-0.14725193672796302,-0.16920524446013777,-0.29182329967277104,-0.09005169802855037,-12.42841118145782,-0.33450284447023776,-0.377747436796717,-0.14879220039358165,-0.36881479181231935,-0.9889303465971429,-0.22908784439659263,-0.1768724350193863,-8.283949464608227,-0.17544840134290687,-0.12949446804026585,-0.6039401179620989,-0.017317226024555238,-0.043151316902269504,-0.04294924030813707,-1.0729216564929138,-0.09550659147499739,-0.02506966858084999,-0.023995264226341833,-0.019755467979715717,-0.05637766879978207,-0.20363221124670067,-0.26346269330857897,-0.115988840037806,-0.09632728831213455,-9.21923712133972,-0.09264807382991763,-0.022414754392334545,-0.04540564092156976,-0.0251340698732468,-0.1585776431762487,-0.015424040059894548,-0.03548381915974599
Basic iron and steel and of ferro-alloys and first products thereof,SI,2288.56302977,-3.712958441478146,-0.032408270719277155,-0.9821074734804697,-0.05035520672988052,-0.09771970435967994,-0.1412349487486294,-0.03796896715716978,-0.025818292402645687,-0.012294421888900842,-0.03941342947728956,-0.027349003862629662,-1.8540060073740243,-14.596869985469343,-0.2647404626579323,-0.02189892258454394,-0.02493015713046951,-0.03716083073216853,-0.029489609600002447,-0.05498079076048795,-0.03264636905997528,-0.03562240839846431,-0.08286048656740233,-0.010867613117868748,-0.04908742247813877,-0.015643120244701013,-0.16482039507016055,-0.08354176522852037,-0.031346846769087236,-0.0018232455377409256,-0.005433405267911353,-0.003390693538884853,-0.013229914612019455,-0.07028047050994508,-0.003672963832219657,-0.0040147311955558785,-0.0031773770722021456,-0.0005080401452581537,-0.03779799695919055,-0.06409896227795676,-0.0302145827452814,-0.09276168880268386,-0.011175363015727066,-0.013998560425199032,-0.005483513561422355,-0.006400914366103509,-0.003690230285059296,-1.9306954938608287,-0.005706906167836545,-0.007429560625293343
Basic iron and steel and of ferro-alloys and first products thereof,SK,1007.32881893,-0.0554900679645327,-0.021774004277194493,-0.0355046059795885,-0.022697239572683305,-2.4030366314777734,-0.07162492667095828,-0.033321396608933095,-0.02118230587853591,-0.012206136156747033,-0.023540922483468587,-0.023796223381761232,-0.04880250787951273,-0.061376252605969864,-0.04981344598416217,-0.007608451034797169,-0.009423344941282786,-0.10180196770996977,-0.02368256366542955,-0.025559526336590817,-0.016181459080535372,-0.020081514502560384,-0.9449884470903771,-0.01206562840314916,-0.04363985531929269,-0.013163600906849076,-0.023038469505976877,-0.08008370608083358,-0.014025949421954995,-0.0014259290332458581,-0.0026538970341884603,-0.002550913722083462,-0.0038946528531631545,-0.0180132235712061,-0.002658870248912075,-0.0019725983541922652,-0.0015099404852714539,-0.0002911087438429547,-0.009017008006283307,-0.027707172132245543,-0.016135899127131773,-0.024415969774485194,-0.008757678538261803,-0.014721015578687633,-0.002560441003473646,-0.002956047473485226,-0.0026624481697920966,-0.1854550933064737,-0.00299934406987436,-0.0023786522530678325
Basic iron and steel and of ferro-alloys and first products thereof,TR,74268.365993,-0.3815711614081311,-0.7019457068550133,-2.1162860481110592,-0.5358455879776302,-0.3303788044256875,-0.65187752813749,-0.3433255074160632,-0.4713024694547945,-0.5680458317668362,-0.937529894788587,-0.5762845555581084,-0.9618988100104959,-0.36566050216597434,-0.48042334857147684,-0.32657184963996877,-0.2199660283623488,-0.3661983001482606,-0.38262763151069246,-0.3675436274226672,-0.2371650988529709,-0.36240515005350904,-0.49273213668344207,-0.27969288663970365,-0.4704332023599501,-0.16352363356017363,-0.36098617995194054,-0.16948958876095047,-0.7531091692930051,-0.15572079899648372,-0.25819594480930746,-0.17523360427932283,-0.084946813127139,-0.6965254298986857,-0.07794601574227436,-0.08540971518579188,-0.07822667162386536,-0.01026782528940231,-0.33846284653457487,-0.34042720500468093,-55.94831365882879,-0.06415204696498956,-0.12121660454915756,-0.1334777098357653,-0.05458095568095174,-0.2876144133145118,-0.07825389755442919,-0.964906220916406,-0.10742481936325893,-0.1767123823151933
Basic iron and steel and of ferro-alloys and first products thereof,TW,100727.499584,-0.00851222803452265,-0.010515957877628938,-0.008394908084191823,-0.025759207068334424,-0.007194552961455265,-0.007241545761168367,-0.008992592986825835,-0.017019687217532813,-0.005472117479952654,-0.028593210917368092,-0.0066378657440310926,-0.006234689557617756,-0.010070037364899627,-0.007445074187611925,-0.01116705166731376,-0.003927463321688525,-0.013707787894489419,-0.00907824909436873,-0.014719005646947015,-0.004438911133846729,-0.011267820425311307,-0.008707558071541492,-0.008727960967023765,-0.005609463880798106,-0.010415427030582725,-0.005417441143764009,-0.011719181643729868,-0.010910229144241685,-0.0027363669634191054,-0.010983239201186218,-0.00368922357413777,-0.013806170479276547,-0.012853277074287836,-0.002830958111716926,-0.002784657079636666,-0.0033336251084789452,-0.00022461546725935748,-0.00938597394760289,-0.006409284633181008,-0.007746592508921981,-7.900769482774367,-0.004211534654759752,-0.06156931111411794,-0.003967036370737972,-0.006517135663996664,-0.002836738335709574,-0.0075242669779148575,-0.0028276546084975754,-0.00283418907681795
Basic iron and steel and of ferro-alloys and first products thereof,US,205998.706778,-4.1495466764218945,-3.427064717069591,-2.7930095860622166,-0.9746020260393521,-2.30827496556794,-5.215608629332423,-3.078154142904074,-1.0081537983377513,-2.327434447094334,-5.896141245985114,-2.297635254834915,-1.4888299451361644,-1.4462752354059578,-2.1566851411946306,-2.4340415619233613,-1.4323078255399009,-1.8813533831575535,-2.4494379770211205,-2.74511656091235,-1.4131271379380022,-3.034438934958946,-2.589618986508388,-3.2368851434153667,-1.449696603090355,-3.70570683178997,-2.0517088987804586,-0.8083255943769734,-4.524334975778859,-124.6782774665716,-6.351855832746677,-2.565901065117896,-24.072097985171354,-9.161972239909968,-4.202857813012677,-0.8901381962991501,-26.58676931769646,-0.08591387212130885,-5.837423097102041,-2.0526597970011973,-6.844544129228112,-0.5079943245548768,-1.0779928073428666,-0.8349986976645,-1.02990565038193,-1.9381823617048375,-4.229114798882776,-2.1397598335619104,-0.7039500591981492,-2.9196723338412722
Basic iron and steel and of ferro-alloys and first products thereof,WA,145998.414141,-2.4548844780044385,-3.4732519373595343,-3.100546481412133,-2.8569983956133664,-2.043984569661546,-4.112584925171533,-2.5743901559126474,-1.4859692574814136,-2.4550102664586704,-5.9779186939640745,-2.630719721436464,-3.5683404233596185,-1.9387046644303454,-2.3426065478053153,-2.675393535324129,-1.7719342395270092,-3.328485969773039,-2.381106945312211,-3.0877342299270505,-1.507940107878304,-2.576412636503469,-3.8571240524292336,-1.9528034970749095,-1.2323207093642636,-1.8299834239651063,-1.858740677553221,-1.0916228860885493,-5.903041163568111,-2.5993841236193385,-48.5357964284129,-12.687891122653001,-1.6972248565770518,-34.25295793848577,-4.913936045902565,-2.9644614050172162,-1.4041899835416756,-0.1863944273500885,-30.974955222099872,-1.9188794147137378,-10.983197468333042,-1.3386618861428388,-0.9580868339996804,-3.93171953698927,-1.3289118012577175,-19.618320195272144,-4.917586512011832,-3.639205352739151,-0.7661550872425293,-5.25835077444974
Basic iron and steel and of ferro-alloys and first products thereof,WE,14739.812353,-0.5909142139144884,-0.2657789091053029,-2.627188230619249,-0.2724950443301033,-1.4707977356834565,-0.5672408134483219,-0.4010736930188647,-1.5311393369777064,-0.2547383693854526,-0.7734264429032495,-0.19810890256008531,-3.5085116495175583,-7.80266310597816,-9.18781370637208,-0.10425730932966673,-0.2724617329770229,-1.2593810169324953,-0.2699365289707568,-2.8698347010577367,-0.3485361952862829,-0.22742512439058193,-1.9846888911035085,-0.20726648908786077,-2.393879020170654,-0.25982721351749044,-2.3335467653287885,-2.912827207978009,-0.19359715617575932,-0.025448150144860876,-0.08057185358364047,-0.13225644584661225,-0.0918377533959837,-0.22217793589808188,-0.1265981066485139,-0.05309473892602846,-0.035918359111063655,-0.023328548325214915,-0.30724607263241893,-0.5689677075343575,-1.4716861259716463,-0.14080294556963788,-0.08856840885616199,-0.1701255547540952,-0.03259177245975283,-0.17432216429774888,-0.1266254571739635,-18.839294454898184,-0.03277297473954741,-0.1237437849328095
Basic iron and steel and of ferro-alloys and first products thereof,WF,27799.8163563,-0.049669187467421806,-0.0902461302211499,-0.12187776594671643,-0.26143030086318264,-0.043001368687968715,-0.06501902464027291,-0.044228559609053704,-0.06833044706886537,-0.1576106339218284,-0.0647463356977763,-0.09313248328919314,-0.15856366199754937,-0.06687749433123046,-0.07770952252926976,-0.03719221476807207,-0.06387917800748867,-0.10082974840645592,-0.048503292799938605,-0.19985739330219907,-0.043621140538904514,-0.0648846231008428,-0.13084225415462672,-0.2789888938683742,-0.0594413753499985,-0.028867245208499842,-0.05075085464248737,-0.039423330133973734,-0.06125936779632022,-0.01149317422059012,-0.039406209873390954,-0.08964883165550924,-0.034686571268225046,-0.0843490555148842,-0.05739419845292243,-0.047466487337419636,-0.01742362452644317,-0.0022048473238579372,-0.04478964848571187,-0.050170710310174484,-0.24740004831704995,-0.02659694346315868,-0.01726470981610774,-0.03903585963656179,-1.9393406304398846,-0.12278084796917597,-0.05739905388626379,-0.15240328319830224,-8.801628449260006,-0.32547213306985295
Basic iron and steel and of ferro-alloys and first products thereof,WL,28642.6043567,-0.2951077316811281,-0.41526195248384795,-0.4093208170407634,-0.2914447061116837,-0.26807634155076504,-0.5340209687916964,-0.3236572905600503,-0.17152414565901408,-1.0501177896955427,-0.6766550621832361,-0.3510462843926169,-0.34729783706012296,-0.3516396662156872,-0.4665126295146583,-0.17386402653163657,-0.18987338472327478,-0.22004838143045397,-0.25973487401949324,-0.30894407377242583,-0.20910733699543393,-0.304786115469606,-0.2651644112551695,-0.7452488168948709,-0.23749706701657713,-0.20284082613712812,-0.3339822572797072,-0.1748371389822283,-0.32074257451432403,-0.32878717798527735,-1.460787024182996,-1.0835248976180964,-0.4823400029574552,-1.266181357308754,-0.8567842659054252,-0.10483947051274389,-3.2096497590327373,-0.012715989569182795,-0.897778911941784,-0.2653912040738854,-4.064466390782489,-0.08796010196895637,-0.10871376949953312,-0.2143451144942078,-0.09775818915042797,-0.2221592168035451,-0.9013304300086152,-0.7396266522740906,-0.0488329294535719,-0.24298096394537497
Basic iron and steel and of ferro-alloys and first products thereof,WM,77625.4967214,-0.31208852584580915,-0.44582717904612923,-0.9810507844523993,-0.5618753825835114,-0.2312677064641476,-0.3986477471229732,-0.2616913549023466,-0.15047046837713707,-0.3322388947315773,-0.4114668122358522,-0.2733580154548202,-0.433739784357763,-0.20914204215805018,-0.28868474720423376,-0.19007918281260355,-0.3939864122744808,-0.35801020627607694,-0.20622805086553073,-0.20778588567701875,-0.2532588133607439,-0.3309349204587342,-0.4385362435645382,-0.35990132912860934,-0.33723639270606537,-0.15920671257199898,-0.29324137581370197,-0.13604908204130176,-0.3269913392481732,-0.06298725879708841,-0.22054623633861264,-0.35602603907730834,-0.2058509940810188,-0.3537543175197646,-0.16535704361294712,-0.2222824000872496,-0.09048577766552596,-0.008309512378572597,-0.8874923055991648,-0.23130905124776005,-1.7788353524678646,-0.056865610656575985,-0.09810429970150603,-0.16064485222046684,-0.2652970934024492,-0.5359862118050472,-0.16577057140850276,-0.3388830516570681,-0.12732312126649728,-3.2927753660538626
Basic iron and steel and of ferro-alloys and first products thereof,ZA,18732.4655732,-0.023731713765892167,-0.04394670588135099,-0.05914742163879587,-0.028553436871917446,-0.021087665356482817,-0.05427268551504333,-0.02913584080435873,-0.013271593824864602,-0.024648835707931124,-0.09566698175633684,-0.031179227752569316,-0.06268132747177993,-0.01590827495480114,-0.015630254458974573,-0.019625797593873378,-0.03906861444912994,-0.01609436050338333,-0.025353332376201493,-0.018982738328700142,-0.012468537303045243,-0.029753625833079316,-0.018286451162678286,-0.024135256684954722,-0.0127933091597592,-0.01841607702572903,-0.015334490354761511,-0.014922201755279122,-0.029176666748596303,-0.005172820864821814,-0.02154737759403257,-0.03102794754878437,-0.014199126178908601,-0.03866515680832716,-0.054031785836577216,-0.02273195183446855,-0.00834421425165643,-0.0014025616697849938,-0.06562917122006026,-0.02087171434755885,-0.04976768131124436,-0.038754677587786494,-0.009502895328333413,-0.015261936046764053,-4.32694889227171,-0.02584588207884548,-0.05407976232493136,-0.017217641995758134,-0.16241070404737765,-0.13327217831142854
Copper ores and concentrates,AT,0.0,0.0,0.0,0.0,0.0,0.0,0.0,0.0,0.0,0.0,0.0,0.0,0.0,0.0,0.0,0.0,0.0,0.0,0.0,0.0,0.0,0.0,0.0,0.0,0.0,0.0,0.0,0.0,0.0,0.0,0.0,0.0,0.0,0.0,-0.0,0.0,0.0,0.0,0.0,0.0,0.0,0.0,0.0,0.0,0.0,0.0,0.0,0.0,0.0,0.0
Copper ores and concentrates,AU,1217.54166304,-0.0002885861322555623,-0.00029579036593900434,-0.00022203118458548465,-0.00032519484698145313,-0.00023133089411989783,-0.00035287445509692226,-0.00028141776319409603,-0.00019608566351680699,-0.00017057175754701454,-0.000545245388389513,-0.00021320384917522322,-0.003149590691911702,-0.00018735837817075357,-0.00018739418491394664,-0.00030794770917047347,-0.00026942720204942264,-0.0001909925347398045,-0.00024494436139743333,-0.0002620297486448383,-0.0002095999879560236,-0.00034816585570957324,-0.00026925141858466734,-0.0002099663278003629,-0.00019947843928382647,-0.00022144679708552175,-0.00021720798177509264,-0.00018141826803567593,-0.0003710780351534026,-8.45574679160722e-05,-0.00029855345890291714,-0.0005743799301545305,-0.00021737876599133,-0.001352006364086065,-0.00042960802926782953,-0.00045610065715993717,-0.00015555705795504714,-5.3676522821062945e-05,-0.3394842778217105,-0.0002073227823603762,-0.0003380941896687861,-0.0003255064688816118,-0.0001162687463909068,-0.00041465128259270573,-0.00015072863513202614,-0.001981105601178282,-0.00042920428501187644,-0.00021768550800036038,-0.00017126796910879073,-0.005772759847172084
Copper ores and concentrates,BE,0.0,0.0,0.0,0.0,0.0,0.0,0.0,0.0,0.0,0.0,0.0,0.0,0.0,0.0,0.0,0.0,0.0,0.0,0.0,0.0,0.0,0.0,0.0,0.0,0.0,0.0,0.0,0.0,0.0,0.0,0.0,0.0,0.0,0.0,-0.0,0.0,0.0,0.0,0.0,0.0,0.0,0.0,0.0,0.0,0.0,0.0,0.0,0.0,0.0,0.0
Copper ores and concentrates,BG,4689.66355003,-0.010441497213701741,-0.04800424741691517,-5.420606190028483,-0.10158354675635692,-0.03145338545146401,-0.008961116733123553,-0.00678209808803547,-0.010617386351880682,-0.0031704984160291446,-0.007948945912261004,-0.004310235458370976,-0.35934798533741763,-0.07123402270745523,-0.030464137003102677,-0.005943633201055803,-0.011425229684540125,-0.007510629025023551,-0.005623476137160591,-0.01399048816514041,-0.002979300945744576,-0.008253741410854346,-0.011354845002786055,-0.004090729620384028,-0.2746092865835102,-0.004205027029341788,-0.022200011447570275,-0.02155560529368264,-0.007507845278265206,-0.0005450530725088813,-0.0010370502672799372,-0.001318419870868147,-0.0021495296255518914,-0.004013115919121386,-0.00160662069916639,-0.002557581810517298,-0.0010449357945798714,-0.00027431647354612466,-0.0031574439666293003,-0.005120493188383992,-0.1428909444603009,-0.028622961873414454,-0.0025650090825224572,-0.01900871485949283,-0.0017024983132006317,-0.007032932803272069,-0.001610320101836184,-0.13667698987762913,-0.0021861669354100357,-0.007829687317582547
Copper ores and concentrates,BR,164.578921747,-1.5545708773196785e-05,-1.8424385929607213e-05,-2.4903299781638758e-05,-1.7209766643232984e-05,-1.2113426344617944e-05,-2.3984049677957802e-05,-2.171756860830198e-05,-9.221218580372691e-06,-1.966300236680721e-05,-3.131253034443178e-05,-1.2740227834641907e-05,-1.5617797793686104e-05,-9.99596207971081e-06,-1.1294584948204143e-05,-1.0969857052819376e-05,-1.0601863211470042e-05,-1.3743624836390906e-05,-1.2034027916521488e-05,-1.3543341820161418e-05,-9.36341302838638e-06,-2.352198972189011e-05,-1.077435298691541e-05,-1.991375036018424e-05,-1.7678179826920667e-05,-1.3598793903609044e-05,-1.0279162771389187e-05,-7.615309189051803e-06,-1.5442868301358114e-05,-1.0066077880154457e-05,-1.1819962241082122e-05,-1.8251550591934985e-05,-3.0379168126975302e-05,-2.03458660468228e-05,-0.08926635849949757,-5.828166426211915e-06,-7.083462437798632e-05,-5.394713018914059e-07,-0.00022122767721780983,-1.1128040103323156e-05,-2.4010230780595428e-05,-7.64934584465832e-06,-9.349933419598613e-06,-8.154907177030643e-06,-3.766498609530908e-06,-1.2431078201682085e-05,-0.08519322700210871,-1.4416385435283976e-05,-5.789995593462866e-06,-4.220882145580888e-05
Copper ores and concentrates,CA,0.154263949143,-8.828500675547313e-08,-1.0217348722563154e-07,-6.477294858058387e-08,-8.365533645573228e-08,-6.49697651452724e-08,-1.0951906380331212e-07,-8.338544659705037e-08,-4.501359572330384e-08,-7.168099908876737e-08,-1.202460746351439e-07,-6.023585189837118e-08,-4.406326935350834e-08,-4.554344260299776e-08,-5.45683349557688e-08,-6.635098717990087e-08,-5.8843613518195335e-08,-4.4789255321844055e-08,-6.541142293420334e-08,-2.178823885789103e-07,-4.744238784072832e-08,-9.894326338598613e-08,-7.706670835707076e-08,-8.786406823250663e-08,-7.198595112800008e-07,-5.973721659094202e-08,-5.4017252589702234e-08,-4.0248656557702965e-08,-1.0524914334227981e-07,-3.8213145782308615e-07,-8.097250452786336e-08,-8.555384388919056e-08,-2.2506288686902648e-05,-1.2360580998558276e-07,-4.490354160341024e-07,-2.639731584792837e-08,-4.900478842066769e-07,-2.154261262594558e-09,-7.507146815871166e-08,-5.69630446033179e-08,-1.0741762102554395e-07,-7.675928868126888e-08,-3.505366286331317e-08,-3.515248865194122e-08,-1.8064726764719224e-08,-6.297388915767411e-08,-4.492337559160563e-07,-5.313830810844958e-08,-2.1043384576280972e-08,-6.117510908699033e-08
Copper ores and concentrates,CH,0.0,0.0,0.0,0.0,0.0,0.0,0.0,0.0,0.0,0.0,0.0,0.0,0.0,0.0,0.0,0.0,0.0,0.0,0.0,0.0,0.0,0.0,0.0,0.0,0.0,0.0,0.0,0.0,0.0,0.0,0.0,0.0,0.0,0.0,-0.0,0.0,0.0,0.0,0.0,0.0,0.0,0.0,0.0,0.0,0.0,0.0,0.0,0.0,0.0,0.0
Copper ores and concentrates,CN,1032.51146091,-0.003641834873010623,-0.00470136589797577,-0.003935149051561219,-0.00434032570633877,-0.0037563235751480574,-0.005148490482494765,-0.004212523158211512,-0.002259426181257742,-0.0033537940745743864,-0.005272800407483138,-0.003078651903600186,-0.006399324520363994,-0.003019228549007573,-0.003652422652220201,-0.0038280834484415824,-0.002609053047404704,-0.003258027811255702,-0.0032383394339591544,-0.004327174731429849,-0.0019281358109381266,-0.004717764645203013,-0.0029843540605020116,-0.003914987140081549,-0.003067179495646096,-0.002729490834461741,-0.0024346427115728075,-0.0019001153333656484,-0.005053091043847365,-0.0013536811533901663,-0.005486958248670371,-0.26668966758388746,-0.006488084448309848,-0.008321671527502995,-0.01873102289607674,-0.002339560496029263,-0.011157775523349556,-0.0030246328233993775,-0.006200997809710796,-0.0024865639916297902,-0.008307194043045724,-0.0010537166538327383,-0.0014585359997640723,-0.0035187857985690954,-0.004378230880258666,-0.017013144915937663,-0.01867208190733078,-0.005639934318075751,-0.011377652075774387,-0.018775999672976516
Copper ores and concentrates,CY,43.2493505924,-1.9967454303345073e-05,-1.4999859082741246e-05,-2.4936966861226406e-05,-0.024135809940158966,-2.1921899897722145e-05,-9.471989591114583e-06,-7.155886412103574e-06,-2.3359311574356326e-05,-4.034919648857303e-06,-5.829744937842863e-06,-7.517753240596336e-06,-1.933214582973681e-05,-5.1761060980963695e-05,-2.3078513509479088e-05,-6.110870275185506e-06,-2.7020712985241218e-06,-1.046142308092275e-05,-6.2033500282674856e-06,-9.743237938840402e-05,-2.4002934338425415e-06,-1.4464637920595585e-05,-1.9658255240097182e-05,-4.954989213911811e-06,-2.0130180500795024e-05,-7.782754933014595e-06,-8.691846452354935e-06,-7.424119012368966e-05,-1.548195094915205e-05,-1.7153092427280902e-06,-3.305709044220928e-06,-2.2463057466597263e-06,-2.9643240465706803e-06,-4.644645100699604e-06,-2.785251085177014e-06,-1.4186075172929297e-06,-2.9330605736259073e-06,-2.2289904608601251e-07,-3.919602080722728e-06,-5.0798080787722034e-06,-3.8508676088286795e-06,-0.0001859680869472886,-6.376364847943819e-06,-5.631694620761777e-06,-1.805560028998137e-06,-5.09316428135183e-06,-2.798156128535437e-06,-3.09808482283743e-05,-2.6134776289634307e-06,-2.624545058198582e-06
Copper ores and concentrates,CZ,0.0,0.0,0.0,0.0,0.0,0.0,0.0,0.0,0.0,0.0,0.0,0.0,0.0,0.0,0.0,0.0,0.0,0.0,0.0,0.0,0.0,0.0,0.0,0.0,0.0,0.0,0.0,0.0,0.0,0.0,0.0,0.0,0.0,0.0,-0.0,0.0,0.0,0.0,0.0,0.0,0.0,0.0,0.0,0.0,0.0,0.0,0.0,0.0,0.0,0.0
Copper ores and concentrates,DE,0.0,0.0,0.0,0.0,0.0,0.0,0.0,0.0,0.0,0.0,0.0,0.0,0.0,0.0,0.0,0.0,0.0,0.0,0.0,0.0,0.0,0.0,0.0,0.0,0.0,0.0,0.0,0.0,0.0,0.0,0.0,0.0,0.0,0.0,-0.0,0.0,0.0,0.0,0.0,0.0,0.0,0.0,0.0,0.0,0.0,0.0,0.0,0.0,0.0,0.0
Copper ores and concentrates,DK,0.0,0.0,0.0,0.0,0.0,0.0,0.0,0.0,0.0,0.0,0.0,0.0,0.0,0.0,0.0,0.0,0.0,0.0,0.0,0.0,0.0,0.0,0.0,0.0,0.0,0.0,0.0,0.0,0.0,0.0,0.0,0.0,0.0,0.0,-0.0,0.0,0.0,0.0,0.0,0.0,0.0,0.0,0.0,0.0,0.0,0.0,0.0,0.0,0.0,0.0
Copper ores and concentrates,EE,0.0,0.0,0.0,0.0,0.0,0.0,0.0,0.0,0.0,0.0,0.0,0.0,0.0,0.0,0.0,0.0,0.0,0.0,0.0,0.0,0.0,0.0,0.0,0.0,0.0,0.0,0.0,0.0,0.0,0.0,0.0,0.0,0.0,0.0,-0.0,0.0,0.0,0.0,0.0,0.0,0.0,0.0,0.0,0.0,0.0,0.0,0.0,0.0,0.0,0.0
Copper ores and concentrates,ES,3790.30149904,-0.09690000408742065,-0.1316542435533088,-0.14228311747651615,-0.03475852885833921,-0.08307544641540571,-0.15453184380381565,-0.08913921507377626,-0.029777625374659455,-3.11837877120025,-0.09792507325490504,-0.3161122608820661,-0.48767936414777885,-0.0532563508903697,-0.05631851765329877,-0.05630837085918739,-0.0759783477068004,-0.04336944150808388,-0.09393753340969026,-0.04115628558863301,-0.07205130681517329,-0.12947422123513858,-0.08461966728778154,-1.420266586673127,-0.09334891087904754,-0.025315277647463053,-0.07117963720375968,-0.03175178141889562,-0.13138131280135815,-0.005173093157095226,-0.01237275303751097,-0.01610029159228399,-0.01492679703914983,-0.03877704818379632,-0.010772226684764269,-0.006935674683101312,-0.007688597042565959,-0.0012158994370291385,-0.019469899148104035,-0.0946762618354045,-0.15172517029271185,-0.0157883881873126,-0.027229602672860134,-0.009368106972139023,-0.016929602571085785,-0.017930122059608186,-0.010890070844919227,-0.07174522875543884,-0.036151179539072736,-0.09148901979742416
Copper ores and concentrates,FI,838.963827784,-0.0002602024433774669,-0.0002649374349706503,-0.00021211817031986855,-0.00030035226982912317,-0.00018070016072010766,-0.00026448195250285573,-0.0003950714039589802,-0.01087560235436246,-9.86740412172126e-05,-0.18898601429692063,-0.00013521407465800608,-0.0002483474002686156,-0.0002773401209252735,-0.0001711462676141894,-0.0002637178887518097,-8.124795372624014e-05,-0.0005414779056328058,-0.0002091387213311606,-0.0005031995178479413,-6.923069744946667e-05,-0.0003776682410923999,-0.0003173528085426948,-0.0001356453312162448,-0.00017567440353155378,-0.016853339739977352,-0.00010516383268189026,-0.0003863109413850947,-0.00039033905749568016,-2.324928090799102e-05,-6.156137300296355e-05,-0.00014108184503825464,-0.001858708050214106,-0.00017083007441271334,-3.694176030031464e-05,-9.162871158583034e-05,-4.099870869457992e-05,-0.0017575345424535864,-0.00012179469265610212,-0.0001308946961946589,-8.990844464071146e-05,-0.0010882087699387829,-0.0007706937410411346,-0.00034344237388402813,-3.95134126749093e-05,-0.0002952498628684902,-3.720744385402734e-05,-0.00019834077642066883,-3.007584177296899e-05,-0.00012519630385053113
Copper ores and concentrates,FR,0.0,0.0,0.0,0.0,0.0,0.0,0.0,0.0,0.0,0.0,0.0,0.0,0.0,0.0,0.0,0.0,0.0,0.0,0.0,0.0,0.0,0.0,0.0,0.0,0.0,0.0,0.0,0.0,0.0,0.0,0.0,0.0,0.0,0.0,-0.0,0.0,0.0,0.0,0.0,0.0,0.0,0.0,0.0,0.0,0.0,0.0,0.0,0.0,0.0,0.0
Copper ores and concentrates,GB,0.0,0.0,0.0,0.0,0.0,0.0,0.0,0.0,0.0,0.0,0.0,0.0,0.0,0.0,0.0,0.0,0.0,0.0,0.0,0.0,0.0,0.0,0.0,0.0,0.0,0.0,0.0,0.0,0.0,0.0,0.0,0.0,0.0,0.0,-0.0,0.0,0.0,0.0,0.0,0.0,0.0,0.0,0.0,0.0,0.0,0.0,0.0,0.0,0.0,0.0
Copper ores and concentrates,GR,0.0,0.0,0.0,0.0,0.0,0.0,0.0,0.0,0.0,0.0,0.0,0.0,0.0,0.0,0.0,0.0,0.0,0.0,0.0,0.0,0.0,0.0,0.0,0.0,0.0,0.0,0.0,0.0,0.0,0.0,0.0,0.0,0.0,0.0,-0.0,0.0,0.0,0.0,0.0,0.0,0.0,0.0,0.0,0.0,0.0,0.0,0.0,0.0,0.0,0.0
Copper ores and concentrates,HR,0.0,0.0,0.0,0.0,0.0,0.0,0.0,0.0,0.0,0.0,0.0,0.0,0.0,0.0,0.0,0.0,0.0,0.0,0.0,0.0,0.0,0.0,0.0,0.0,0.0,0.0,0.0,0.0,0.0,0.0,0.0,0.0,0.0,0.0,-0.0,0.0,0.0,0.0,0.0,0.0,0.0,0.0,0.0,0.0,0.0,0.0,0.0,0.0,0.0,0.0
Copper ores and concentrates,HU,0.0,0.0,0.0,0.0,0.0,0.0,0.0,0.0,0.0,0.0,0.0,0.0,0.0,0.0,0.0,0.0,0.0,0.0,0.0,0.0,0.0,0.0,0.0,0.0,0.0,0.0,0.0,0.0,0.0,0.0,0.0,0.0,0.0,0.0,-0.0,0.0,0.0,0.0,0.0,0.0,0.0,0.0,0.0,0.0,0.0,0.0,0.0,0.0,0.0,0.0
Copper ores and concentrates,ID,17.4853351606,-6.037246697926304e-07,-9.245832792050209e-07,-8.152034811117828e-07,-1.3059096120202113e-06,-4.979146842925899e-07,-6.910046399382836e-07,-5.830897905841993e-07,-5.09068367984213e-07,-6.41303841960817e-07,-8.413941723244674e-07,-5.777201542073773e-07,-2.4468041124807332e-05,-6.472740940562313e-07,-7.135637722882378e-07,-7.679925989117078e-07,-4.939847497911191e-07,-4.274431694253359e-07,-5.746030507062238e-07,-1.271931127937399e-06,-3.5686394491517685e-07,-9.146420197155608e-07,-5.023654193703099e-07,-9.570867079917473e-07,-5.124745179564436e-07,-3.9865636284169355e-07,-5.429687770191919e-07,-5.912215089137698e-07,-9.570598177025737e-07,-2.267016563256616e-07,-1.2409789169754533e-06,-2.2459948596936487e-06,-1.2912703075936053e-06,-3.89264803573051e-06,-2.8002294266640955e-06,-2.0278514701618596e-06,-8.931303062489579e-07,-2.4337638862440614e-07,-9.763374377237142e-06,-4.1931113546147255e-07,-1.72622629510632e-06,-8.486569364141481e-07,-2.5630096662612744e-07,-0.0010788950373543094,-1.956327659299225e-06,-1.1867928990030171e-05,-2.7964777046749453e-06,-7.539946022584244e-07,-5.509157733051436e-06,-5.933761800137923e-06
Copper ores and concentrates,IE,0.0,0.0,0.0,0.0,0.0,0.0,0.0,0.0,0.0,0.0,0.0,0.0,0.0,0.0,0.0,0.0,0.0,0.0,0.0,0.0,0.0,0.0,0.0,0.0,0.0,0.0,0.0,0.0,0.0,0.0,0.0,0.0,0.0,0.0,-0.0,0.0,0.0,0.0,0.0,0.0,0.0,0.0,0.0,0.0,0.0,0.0,0.0,0.0,0.0,0.0
Copper ores and concentrates,IN,6.10591015926,-5.081235451986585e-06,-8.191991606086803e-06,-6.227563198527676e-06,-7.1148078948076934e-06,-4.820750429340603e-06,-6.42817367108401e-06,-4.698709467223053e-06,-3.3417586552306013e-06,-5.312660971058777e-06,-9.916554648973535e-06,-4.476759821484962e-06,-2.72112527438553e-05,-1.10061167154141e-05,-1.3290049286511063e-05,-3.289822530034932e-06,-4.430495360227111e-06,-2.850150519968041e-06,-3.656745232685426e-06,-5.472937768268592e-06,-2.9724739994436015e-06,-5.803989724385762e-06,-3.6725967145504185e-06,-6.035903271340406e-06,-5.852766202744934e-06,-2.8350464377474174e-06,-5.133936188106385e-06,-5.2130827878652234e-06,-6.903880215599582e-06,-2.9265942208079427e-06,-7.932029725381156e-06,-8.793857946802163e-06,-1.7573788951318988e-05,-2.18882087594466e-05,-1.4587011832500021e-05,-0.000482978620062584,-2.19638697419135e-05,-5.52445604262577e-07,-1.4976008144550127e-05,-3.6632746037160584e-06,-2.4319699323529927e-05,-2.0821495913405237e-06,-1.615338633245075e-06,-6.868649440254957e-06,-6.540043888399533e-06,-2.8451696139511147e-05,-1.4480436276429144e-05,-7.409319754198385e-06,-1.4840857878767858e-05,-5.8031179813740226e-05
Copper ores and concentrates,IT,0.0,0.0,0.0,0.0,0.0,0.0,0.0,0.0,0.0,0.0,0.0,0.0,0.0,0.0,0.0,0.0,0.0,0.0,0.0,0.0,0.0,0.0,0.0,0.0,0.0,0.0,0.0,0.0,0.0,0.0,0.0,0.0,0.0,0.0,-0.0,0.0,0.0,0.0,0.0,0.0,0.0,0.0,0.0,0.0,0.0,0.0,0.0,0.0,0.0,0.0
Copper ores and concentrates,JP,0.0,0.0,0.0,0.0,0.0,0.0,0.0,0.0,0.0,0.0,0.0,0.0,0.0,0.0,0.0,0.0,0.0,0.0,0.0,0.0,0.0,0.0,0.0,0.0,0.0,0.0,0.0,0.0,0.0,0.0,0.0,0.0,0.0,0.0,-0.0,0.0,0.0,0.0,0.0,0.0,0.0,0.0,0.0,0.0,0.0,0.0,0.0,0.0,0.0,0.0
Copper ores and concentrates,KR,4.10819108449,-3.806259960256349e-06,-3.969821918824871e-06,-1.5495125356371754e-05,-9.666862250413625e-06,-2.7239554188306826e-06,-2.6331446345307154e-06,-2.0812875464157126e-06,-2.6953998097001e-06,-2.3806445601696404e-06,-1.4644409070080737e-06,-2.716762493036975e-06,-3.309258843483684e-06,-7.593768453730979e-06,-2.5451086422886826e-06,-3.8972751861760705e-06,-4.323235742469196e-06,-7.760147801864782e-06,-2.5024885356283534e-06,-7.470810341125484e-06,-3.3082887902740354e-06,-4.010789840297236e-06,-5.589553907415931e-06,-8.157657724845355e-06,-3.1528281426494108e-06,-1.5737855867907858e-06,-2.9894700356068756e-06,-9.945290921800856e-06,-3.503733617775824e-06,-4.8735349658989e-06,-7.6174412294547115e-06,-2.773758830718854e-06,-4.357963962558246e-06,-1.483550404445977e-05,-8.311662104122631e-07,-4.195133641090437e-06,-8.207539265423053e-06,-8.340825144994042e-08,-3.513381652662359e-05,-2.4397583440204677e-06,-7.497645432049603e-06,-2.969123930851623e-06,-1.2573550526447732e-06,-1.5907278760814663e-06,-1.1597475407920426e-05,-7.3789523997925186e-06,-8.64907881269634e-07,-4.5298713987146225e-06,-2.3928124576732395e-06,-5.16081733573573e-06
Copper ores and concentrates,LT,0.00301192169283,-2.097689488985236e-10,-1.8965425441578825e-10,-2.922821891900792e-09,-1.813434330914462e-10,-2.869322756093243e-09,-4.474437866097773e-10,-5.792312124030074e-10,-6.0053354925005085e-09,-1.334133569276637e-10,-1.3826672858901652e-09,-1.7747797913533034e-10,-6.955720974832847e-09,-1.824061518396994e-08,-2.1658384390929903e-08,-8.818486591953676e-11,-1.803307260825506e-10,-1.6481044749885327e-09,-3.75939582158211e-10,-2.2464977085925958e-07,-5.914427687666501e-11,-1.960700349627955e-10,-1.5844343645352655e-08,-7.722764064040704e-11,-3.890031802726228e-09,-5.656516489199395e-09,-3.807715317472643e-09,-6.804926934354267e-09,-1.2575775399521618e-10,-1.2379206397769909e-11,-3.838562778750738e-11,-4.2081271141702374e-11,-9.791249028024836e-11,-2.3894032638586166e-10,-4.14859890887567e-11,-5.0569195893485705e-11,-2.165486064994222e-11,-2.726982155057096e-10,-8.064440058307577e-11,-8.29940429152013e-10,-1.5384766303145945e-10,-2.2345877667724346e-10,-8.259759064777938e-11,-6.794805058298584e-11,-2.474313640089114e-11,-1.5942722032626077e-10,-4.152550160357119e-11,-4.164964320787242e-09,-3.239614002298869e-11,-8.46475517919339e-11
Copper ores and concentrates,LU,0.0,0.0,0.0,0.0,0.0,0.0,0.0,0.0,0.0,0.0,0.0,0.0,0.0,0.0,0.0,0.0,0.0,0.0,0.0,0.0,0.0,0.0,0.0,0.0,0.0,0.0,0.0,0.0,0.0,0.0,0.0,0.0,0.0,0.0,-0.0,0.0,0.0,0.0,0.0,0.0,0.0,0.0,0.0,0.0,0.0,0.0,0.0,0.0,0.0,0.0
Copper ores and concentrates,LV,0.0,0.0,0.0,0.0,0.0,0.0,0.0,0.0,0.0,0.0,0.0,0.0,0.0,0.0,0.0,0.0,0.0,0.0,0.0,0.0,0.0,0.0,0.0,0.0,0.0,0.0,0.0,0.0,0.0,0.0,0.0,0.0,0.0,0.0,-0.0,0.0,0.0,0.0,0.0,0.0,0.0,0.0,0.0,0.0,0.0,0.0,0.0,0.0,0.0,0.0
Copper ores and concentrates,MT,0.0,0.0,0.0,0.0,0.0,0.0,0.0,0.0,0.0,0.0,0.0,0.0,0.0,0.0,0.0,0.0,0.0,0.0,0.0,0.0,0.0,0.0,0.0,0.0,0.0,0.0,0.0,0.0,0.0,0.0,0.0,0.0,0.0,0.0,-0.0,0.0,0.0,0.0,0.0,0.0,0.0,0.0,0.0,0.0,0.0,0.0,0.0,0.0,0.0,0.0
Copper ores and concentrates,MX,0.0,0.0,0.0,0.0,0.0,0.0,0.0,0.0,0.0,0.0,0.0,0.0,0.0,0.0,0.0,0.0,0.0,0.0,0.0,0.0,0.0,0.0,0.0,0.0,0.0,0.0,0.0,0.0,0.0,0.0,0.0,0.0,0.0,0.0,-0.0,0.0,0.0,0.0,0.0,0.0,0.0,0.0,0.0,0.0,0.0,0.0,0.0,0.0,0.0,0.0
Copper ores and concentrates,NL,0.0,0.0,0.0,0.0,0.0,0.0,0.0,0.0,0.0,0.0,0.0,0.0,0.0,0.0,0.0,0.0,0.0,0.0,0.0,0.0,0.0,0.0,0.0,0.0,0.0,0.0,0.0,0.0,0.0,0.0,0.0,0.0,0.0,0.0,-0.0,0.0,0.0,0.0,0.0,0.0,0.0,0.0,0.0,0.0,0.0,0.0,0.0,0.0,0.0,0.0
Copper ores and concentrates,NO,0.0,0.0,0.0,0.0,0.0,0.0,0.0,0.0,0.0,0.0,0.0,0.0,0.0,0.0,0.0,0.0,0.0,0.0,0.0,0.0,0.0,0.0,0.0,0.0,0.0,0.0,0.0,0.0,0.0,0.0,0.0,0.0,0.0,0.0,-0.0,0.0,0.0,0.0,0.0,0.0,0.0,0.0,0.0,0.0,0.0,0.0,0.0,0.0,0.0,0.0
Copper ores and concentrates,PL,958.838207015,-0.0010900270257187506,-0.0008910079937969701,-0.0015815325387918088,-0.0007604978083516404,-0.0027970112230372747,-0.004407414824155031,-0.0014592638507489172,-0.004488164701811694,-0.0004611943192711482,-0.0013777625895043586,-0.0005518509561205853,-0.0014306291737818866,-0.0030609294997397582,-0.003267789488378851,-0.000537534294288813,-0.00045265506767886294,-0.0640255079766634,-0.0008120808135080711,-0.013003338513846071,-0.0003432942251677347,-0.0010490818143097142,-0.16060999057391542,-0.0006949517589505207,-0.0012803208669603212,-0.004828457842147944,-0.0009176036197835018,-0.0022620929446992093,-0.000700462208529696,-5.771050629800601e-05,-0.00016826807810361094,-0.00029103089443947074,-0.00029138926932763856,-0.00034685234749639893,-0.0001584944806254259,-0.00017761881848270952,-7.829677871447399e-05,-3.985850936113186e-05,-0.00025091978405334964,-0.0007509408762561531,-0.0006820903463561782,-0.00037017037963648627,-0.0005067164734486094,-0.00025541511837908235,-0.0002242750520510818,-0.0004467173713159342,-0.0001586232706302772,-0.005248047427826229,-0.000535871527332217,-0.0006919627395195789
Copper ores and concentrates,PT,957.47842835,-0.0004083783209159729,-0.0006369443966873882,-0.000626713186057275,-0.00030145815616603225,-0.0003607316756375329,-0.0007143349530408441,-0.00047232049878265117,-0.00017970032575480917,-0.009642625095055441,-0.0006243769178313203,-0.0008978547552701133,-0.0005494824635825656,-0.00026148474541826724,-0.0002615872247192487,-0.00023754062438858836,-0.00023967091114686584,-0.00028131189617909785,-0.00039075288698661357,-0.00019354416333726754,-0.00023444126553746062,-0.000490535302524148,-0.00044524538232535457,-0.0538969786222967,-0.0003461559456797024,-0.00018190646463014088,-0.00025914169732060784,-0.00021790909451571377,-0.0005180473579820166,-2.378539505889903e-05,-0.00015494656510828074,-0.0001035046175551953,-8.712707546724608e-05,-0.00018693919531099785,-0.00011514493630168272,-5.204146739285008e-05,-4.601846507161287e-05,-6.54659611166495e-06,-0.0001209937600357153,-0.0003616924499277054,-0.0006031839314868405,-0.00019079797691702886,-0.00015328027206687104,-9.658812883403624e-05,-8.539361705857919e-05,-6.622520666978474e-05,-0.00011516759501169877,-0.0002521866842819597,-9.354519753750998e-05,-0.00018649261789066446
Copper ores and concentrates,RO,0.245069988895,-3.49144672059035e-06,-1.7063889730857936e-06,-4.098102200121651e-05,-4.4647040165993105e-06,-7.636552203778447e-06,-1.791881520031407e-06,-1.8721565963962847e-06,-3.04923792562972e-06,-9.556769890875767e-07,-1.1154968355635086e-06,-1.0939463249167869e-06,-2.6921757337110916e-05,-4.1434708466235e-05,-7.799613540178114e-05,-1.2022973167192723e-06,-1.3372169474374345e-06,-2.6614237324566136e-06,-1.6126855994765805e-06,-3.036659925710449e-06,-8.636042731271545e-07,-1.6227446473157885e-06,-4.624233616362958e-06,-1.0110298023861935e-06,-0.00019106236711372292,-6.962216375554613e-07,-8.754328998423781e-06,-2.4502674140350063e-05,-1.4690961151657693e-06,-1.7500469576207422e-07,-3.258446270133851e-07,-3.417384339644094e-07,-4.225182875240789e-07,-7.779990154806746e-07,-2.3681571483252768e-07,-4.2383048051654377e-07,-1.9405690547361858e-07,-9.837696166052488e-08,-5.729943123868024e-07,-6.362450492548266e-06,-4.380313887576008e-06,-2.990319537052383e-06,-5.436292463201002e-07,-3.803223193793339e-06,-3.038024078495088e-07,-1.123043829908019e-06,-2.3753773312282245e-07,-6.562015285138565e-05,-3.819556655924858e-07,-7.423152052117012e-07
Copper ores and concentrates,RU,191.812470064,-5.6507783114265796e-05,-4.100532988488839e-05,-8.279972418187711e-05,-0.0002618796813931882,-8.195845664655988e-05,-7.668331980423515e-05,-5.926754287786317e-05,-0.0002646073418205498,-2.307799054744311e-05,-0.00014800908115527906,-2.738546070535115e-05,-0.00010556091827420952,-0.00021996427321945792,-0.00023731111987854685,-2.784357134977979e-05,-2.6059346175592944e-05,-0.0006310188622115761,-4.042397609911361e-05,-0.00048527020005046235,-1.9325962314652967e-05,-4.922056618582955e-05,-0.00010906720642778165,-2.363863331471406e-05,-0.00010786856559776352,-3.3115770821665446e-05,-5.982869571758863e-05,-0.00012752427841335702,-3.423193304750853e-05,-3.7955207310317094e-06,-3.060332740989641e-05,-2.760115531603512e-05,-1.925985770066631e-05,-4.766950604542887e-05,-8.67570925901629e-06,-8.639959622344732e-06,-6.44997879295165e-06,-1.8800931918952918e-06,-1.6392350840309483e-05,-4.019757359316388e-05,-5.701501627177742e-05,-5.626087490597768e-05,-1.7920168714620587e-05,-8.626402278721362e-05,-6.226056521689914e-06,-5.926678593830082e-05,-8.696523236631812e-06,-0.0002628900706850906,-8.549584173423775e-06,-1.3511421631760804e-05
Copper ores and concentrates,SE,3531.24241324,-0.00090819065108448,-0.001105629878557526,-0.0009260978922212307,-0.0010360339443988163,-0.0006967576055217019,-0.00201785208392806,-0.12972743733321185,-0.0027468689300887594,-0.0006405422525331194,-0.015757244952138632,-0.0006195774067955872,-0.0007109724006324199,-0.000658373671734166,-0.0006392567296991704,-0.0005456682925469882,-0.00032852245310867654,-0.11732517799762976,-0.0006475422389022444,-0.0020956151481021984,-0.0003105507957422112,-0.0013361512136203957,-0.005792189543232289,-0.0008359608366016893,-0.0005750663364983738,-0.04027551734320065,-0.00045040250227741104,-0.0006264944217715819,-0.0010745126251160463,-6.579912653410878e-05,-0.0001059399430000341,-0.0002832925282426403,-0.0018300851242900652,-0.00027854127653816025,-0.00016161505749251025,-0.00012375281374464708,-8.829949834385125e-05,-0.00014562125821784974,-0.0014579473074418797,-0.0005326341490959562,-0.0009507254158849742,-0.0004632969289284055,-0.08718957026823189,-0.00029812627229624497,-0.00012149180488305969,-0.00021581200940151742,-0.00016193560440513481,-0.0006570203773968754,-8.889463124264661e-05,-0.00034172744905064747
Copper ores and concentrates,SI,0.0,0.0,0.0,0.0,0.0,0.0,0.0,0.0,0.0,0.0,0.0,0.0,0.0,0.0,0.0,0.0,0.0,0.0,0.0,0.0,0.0,0.0,0.0,0.0,0.0,0.0,0.0,0.0,0.0,0.0,0.0,0.0,0.0,0.0,-0.0,0.0,0.0,0.0,0.0,0.0,0.0,0.0,0.0,0.0,0.0,0.0,0.0,0.0,0.0,0.0
Copper ores and concentrates,SK,26.2062977964,-4.951720964023362e-05,-3.5678098674701256e-05,-9.805854546764278e-05,-1.1383846928518042e-05,-0.06104779202580244,-3.7254050297910286e-05,-4.126374935963522e-05,-6.399943186412707e-06,-4.960017659313462e-06,-8.595881771236045e-06,-8.438888840348324e-06,-0.0008266222739090648,-1.977501382323094e-05,-0.0002961943257078888,-3.4280886024640044e-06,-5.756678229086761e-06,-3.649995375250265e-05,-8.65085834120122e-06,-1.8435247832619348e-05,-6.023940607003792e-06,-0.00015652635395754907,-0.01913858319637262,-4.188207152537777e-06,-1.4458417291920808e-05,-6.82465750935673e-06,-1.2189870592681208e-05,-1.6019963996191537e-05,-7.77586264244084e-06,-3.934202862806039e-07,-8.673615177953546e-07,-1.664412357212696e-06,-1.3847742438706579e-06,-5.121452891540561e-06,-1.467417366118883e-06,-1.0474215122250887e-06,-7.500048971390694e-07,-1.3032744147968229e-07,-3.482212126859539e-06,-1.0681402842428393e-05,-1.3135995975387142e-05,-5.416659736107818e-06,-1.585244702714719e-05,-4.062407118732541e-06,-7.885867772152638e-07,-2.306924571692151e-06,-1.4808861516012193e-06,-0.003599059991676318,-6.67993368159148e-07,-1.8234487644821575e-06
Copper ores and concentrates,TR,1650.06316852,-0.0017829234983969048,-0.002191813309506645,-0.006345096248675654,-0.0021116373694019,-0.001453491321079866,-0.001926907068922722,-0.001310576698692693,-0.0020610909245417476,-0.0017358285611733081,-0.002292559405960691,-0.0012600678800823069,-0.00765096005533829,-0.0018462933389293275,-0.002264783509056325,-0.0008896420178614369,-0.0013991343509574255,-0.0011504750184475178,-0.0010415930185787633,-0.0007777750119510907,-0.0009626710951312576,-0.0015281563365593504,-0.0013938958002384547,-0.0033744199272584974,-0.0026312700727451504,-0.0005743370665616801,-0.0013445959736443254,-0.0011896226457236393,-0.0013578005718212548,-0.00018834385957435554,-0.00036187216811120606,-0.0008285812356260862,-0.0004073808803713833,-0.0014181490536153587,-0.00032482686763054533,-0.0011481250985638518,-0.00025440152141027327,-0.00016551187859277709,-0.0011366657798962418,-0.001087893349224343,-0.6314445062528707,-0.0004920447872635402,-0.00043647988228670136,-0.0008611033195122547,-0.00034089862126286994,-0.00989480265789486,-0.00032500099331209505,-0.00442031442811014,-0.0012371929034048759,-0.04304192450482953
Copper ores and concentrates,TW,3972.30456306,-0.00043356410798268833,-0.0005456946534651912,-0.0003618780519515051,-0.0017784041517456962,-0.0003743737562139907,-0.0003976068019297069,-0.0004385522083286543,-0.0006583184156041944,-0.00031501239614497884,-0.0007342827629590653,-0.0003628978746332591,-0.00038512474749960636,-0.0004872051520920538,-0.0003733924692185267,-0.000709919174015556,-0.0001827789788670279,-0.00033538964837465725,-0.0005368052293371821,-0.000867989676311426,-0.00020809481708535088,-0.0005844477026843174,-0.0003533587587199333,-0.00045416723778227554,-0.00029760930716472584,-0.0002911641847254079,-0.000263496174404456,-0.0005644759285507092,-0.0006599470915613413,-0.00011487562248908937,-0.0009420182057219732,-0.0002434819339108017,-0.00032017878590247164,-0.0009619774903269416,-0.00023266872715478558,-0.00012848526253084742,-0.00012405684762185895,-1.1934250529206902e-05,-0.00031655658899558447,-0.00033842937673805206,-0.0003813181667945737,-1.1809661729948193,-0.0001952275727191865,-0.004275862850258571,-0.00012056988267508996,-0.00038322976970285984,-0.00023268304357985042,-0.0003792070157744228,-0.00012088650399082826,-0.00013932952705619268
Copper ores and concentrates,US,328.592963067,-0.001040691843150303,-0.0008995479821505368,-0.0005715514749127134,-0.00033394983598395393,-0.0006723590114848858,-0.0013640947277315182,-0.0008694138224886656,-0.0002912571063537831,-0.0005710526462977372,-0.0008470293993285877,-0.0006128391241058778,-0.0004880922983796026,-0.00039940927530148564,-0.00047697666405463343,-0.0004983091421317278,-0.0006180027325285642,-0.0003755759700331432,-0.0006467203262590955,-0.001478309743339932,-0.00045158385863258694,-0.0007924484643925979,-0.0006096240122085846,-0.0008063107602845519,-0.0005251102800128194,-0.0004494981011698299,-0.0005152735081654022,-0.00035250293189068824,-0.000897369558137679,-0.006442882425187437,-0.0008835355441178365,-0.0010983963450626685,-0.014654165836811726,-0.0014868918326983013,-0.0006718567239332173,-0.00044717893469681556,-0.00615734799088051,-2.2183719190411778e-05,-0.0008274512635233933,-0.0005995772763545423,-0.000904310994298338,-0.0003612215356564288,-0.00027896509339396194,-0.0003156781317142738,-0.0002272954348748639,-0.0010115439724745579,-0.0006770629619571366,-0.0005704089150834265,-0.000147962815032491,-0.0011607075704137507
Copper ores and concentrates,WA,588.408614225,-0.0017588061879209036,-0.0017782460540311774,-0.0028422884010003975,-0.0014076433246761734,-0.0011764753469565873,-0.0019594863053607778,-0.0010858369304599198,-0.001557704571215176,-0.0010401718682278036,-0.003249760614433135,-0.0013197546020894159,-0.0027445290473189104,-0.0012125305030901787,-0.0014229249730969232,-0.001261859257068334,-0.0012135428981454646,-0.0012148850935023978,-0.0010349556462272542,-0.0020395672249231755,-0.0009039531412976334,-0.0013784019511115253,-0.0014684143931143782,-0.000881114264907089,-0.0008861166581139497,-0.010120570633260398,-0.0010533770068622,-0.0007425104662730064,-0.0025182046967004985,-0.000982557863423859,-0.01756337406584351,-0.004324888875893392,-0.0012269813341685477,-0.008176821866009225,-0.003905814159883913,-0.0020145958896790645,-0.0009591831736427003,-0.00012309205313180637,-0.02536542080340798,-0.0009073254289941569,-0.013412860554623636,-0.0010179529653011783,-0.0004147691195656423,-0.002938670658679948,-0.006372182251631299,-0.0222421825066979,-0.0039082659984490615,-0.0017792273329596882,-0.0005761355666961669,-0.005103523027038561
Copper ores and concentrates,WE,614.062540984,-0.01114034495357559,-0.013872690375389672,-0.8664478520116237,-0.005171360520933571,-0.9261677139260875,-0.008076871506894281,-0.11257918382997702,-0.12045660645001396,-0.02676642030739316,-0.007570775566337211,-0.010651512382315112,-2.2865786284703558,-6.278248641681942,-7.471559324950413,-0.0017110399264561587,-0.029542845056333554,-0.026099136987561364,-0.07774699598132132,-0.09868227841028411,-0.0038463201721706318,-0.004358792663815861,-0.025387425023927355,-0.005807183880844855,-1.259562022348602,-0.005177174601272729,-1.2952788803782564,-2.296073812474692,-0.0029229991955929038,-0.0003431843462100854,-0.0009687015307829488,-0.00205065338703306,-0.001774439528486323,-0.002236751467948108,-0.0014039816967418416,-0.001617485062732815,-0.0005422074367288996,-0.009399033853874679,-0.001899714743126382,-0.2441134141088754,-0.013198131978710453,-0.002876448629986554,-0.001580853520523361,-0.003071291875546903,-0.0006875742368145335,-0.006861305077922754,-0.0014042370798721803,-0.5345249873579586,-0.0007584228327493024,-0.003948598463563013
Copper ores and concentrates,WF,2105.87010175,-0.002182474149275553,-0.0033078562678279465,-0.0054204721322110554,-0.0042778290345304995,-0.0016615720602574352,-0.002601019282919389,-0.0018616979508335795,-0.0017769807403977054,-0.007380634242341964,-0.003177726628047325,-0.003730228573372388,-0.005062428985591225,-0.001938221196472617,-0.0022351510362062783,-0.0015042010205515816,-0.0027893461522200797,-0.001377879601446659,-0.0020007109390361858,-0.004861601726511852,-0.0019482027836803823,-0.0022232564635279637,-0.0019352841058081496,-0.012618357927251005,-0.00298316495811972,-0.000955654366810235,-0.0020569362513800813,-0.001202627672446281,-0.0022956074720392123,-0.00032942702453648653,-0.0016859503083161088,-0.004756454435064976,-0.000908971778670583,-0.0024966674012689566,-0.0012945246504997246,-0.0022869164686498957,-0.0004654117935629001,-9.37046521111401e-05,-0.0018743200636759335,-0.002124723526088699,-0.01247541286424131,-0.001083808252904178,-0.0007271706538615493,-0.0019162414419905162,-0.07015854148860172,-0.0030145158010931148,-0.0012952345231488,-0.0032471539162245064,-0.0688676881313935,-0.008777433917330685
Copper ores and concentrates,WL,377.160482924,-8.14923303878346e-05,-8.453700387301716e-05,-8.08613986370003e-05,-0.00015869557351170415,-6.899470878514879e-05,-9.932766411878807e-05,-8.507620905968418e-05,-5.623269012689123e-05,-0.0001246728809653564,-0.00014195959870001623,-6.94306887048942e-05,-0.00024090469529680134,-8.820223491385922e-05,-9.41990171827742e-05,-6.11985988399541e-05,-7.175997789575138e-05,-5.1408850230988106e-05,-6.506535590699027e-05,-0.0005482282855839547,-4.896153094107117e-05,-9.572120422926317e-05,-8.756150747471836e-05,-0.0001375831478232804,-5.665169412586168e-05,-9.290069275315675e-05,-6.08005419858894e-05,-6.532142563571184e-05,-8.235431301080204e-05,-0.0001020245632941422,-8.551409668524737e-05,-0.00013479849672736233,-0.0025048201690788664,-0.00027475932874287745,-0.0005187921971061173,-5.495811139491402e-05,-0.0025474903866707374,-4.282502958779475e-06,-6.576993127270068e-05,-5.935397350253619e-05,-0.00015923150828917732,-6.319033533886412e-05,-3.3556317419674165e-05,-0.00017959086885971218,-2.951587358027019e-05,-0.00010944412520345152,-0.0005209113758400487,-7.341932243302716e-05,-3.9853270071866475e-05,-0.0001892936013701084
Copper ores and concentrates,WM,1476.91929863,-0.0002949291036313545,-0.000626650911891522,-0.00021435108542001744,-0.0001881091797240613,-0.00013558350495879737,-0.00031781845060019825,-0.00019413829369591354,-7.882364021305202e-05,-0.0003848064535208548,-0.00023297664767138319,-0.0002465731371441512,-0.00029328792614706907,-0.00011206888971418889,-0.00017275379988560425,-7.15193690107363e-05,-0.0002688519128341958,-8.350096187981508e-05,-0.00012766789624902425,-9.31286096041719e-05,-0.00012789492271047625,-0.0003890642763580577,-9.07719399007195e-05,-0.0005235164418796226,-0.00012052253002716273,-8.276464863450594e-05,-0.00015561296695443697,-7.182661897145357e-05,-0.00013803337765601955,-8.63327578683792e-05,-0.0001588132035933766,-0.00023654287599071978,-0.00011696717234397078,-0.0005568887593861735,-0.00013793338389216003,-0.00015488404656343384,-5.442997987594057e-05,-9.255258645434789e-06,-0.00015741421295269577,-0.00014307894923388313,-0.0007853977937358688,-1.985641559625353e-05,-6.266842795658954e-05,-6.0914107013907515e-05,-0.00017344054485445836,-0.0005853466022769303,-0.00013781831944066308,-0.0003989692940600371,-3.48829027237655e-05,-0.004523567894137884
Copper ores and concentrates,ZA,196.986391542,-1.2861472294999055e-05,-1.3053652049125214e-05,-1.3711886826550979e-05,-3.3888602776359207e-05,-9.24103671872073e-06,-1.3742767209139768e-05,-1.1451425019619896e-05,-9.043204470381713e-06,-7.145118569804552e-06,-2.2746927328862532e-05,-8.558970061422272e-06,-1.802152403563967e-05,-1.3504543652766591e-05,-9.603973110544673e-06,-1.4599757105204351e-05,-6.421192231313245e-06,-7.253649716908879e-06,-1.1122038332602728e-05,-1.4151064691472342e-05,-4.3838200617487925e-06,-1.4338357151816372e-05,-8.791300978291031e-06,-1.1527019264828488e-05,-8.894892111524202e-06,-7.144564844440981e-06,-6.309133622683657e-06,-1.67441620115195e-05,-1.8728102005728836e-05,-1.4865716605650273e-06,-4.371885352992998e-06,-6.7486458685436325e-06,-1.4673174259772629e-05,-1.0212041751831576e-05,-5.946037619955025e-06,-6.217592578250542e-06,-3.419248987624295e-06,-3.953970224408063e-07,-2.170053115794727e-05,-7.085205899786398e-06,-1.3049869987148809e-05,-4.3572388836547496e-05,-5.225761488772833e-06,-3.6169313222369495e-05,-0.002265559754344379,-1.0344889994268683e-05,-6.02148967824563e-06,-9.233736673886976e-06,-6.690543666302164e-05,-0.00012225266278873649
Copper products,AT,4571.84825857,-3.9264290476702204,-0.11343085274407826,-0.5143727970322521,-0.026235290297511406,-0.9932191447814919,-0.46077836439341485,-0.1699623575342565,-0.0284640275032572,-0.023437373665538577,-0.14051376186134362,-0.08695110180094248,-0.0508608808448804,-0.07316794052964803,-0.8140308612276785,-0.021253026776893103,-0.034111003747993265,-0.06307858997951994,-0.08268866509942534,-0.03443357161011621,-0.038031093833845335,-0.14121586214228712,-0.2713233683388705,-0.02100742215492141,-0.041397016246844914,-0.04263554348037079,-0.5590428590749764,-0.05262670495649864,-0.03978556759623967,-0.005394058001441122,-0.005400238646422375,-0.006389809739771339,-0.0077098415066923585,-0.010291794024643945,-0.010825161293880621,-0.003122777022197322,-0.005070812614366908,-0.0012275620608169756,-0.008896089075679731,-0.20445650113433456,-0.03666032987751353,-0.013478109726056684,-0.05703728138961499,-0.009290683528688776,-0.002795338576654688,-0.004612959433096541,-0.010885027527397433,-0.09910641281910737,-0.002195315033763424,-0.004754571405584773
Copper products,AU,4201.92236179,-0.05289823930067893,-0.13330990888158106,-0.4455277870012311,-0.06122194354945461,-0.04940137519069891,-0.08141568253846328,-0.05906644085436704,-0.03499914690291361,-0.04974446696549942,-0.13855734609172432,-0.05580945088865665,-0.32980458186180567,-0.04721340828757685,-0.052307805768712995,-0.08451950063698306,-0.033480524494090495,-0.035021804309307694,-0.059484255627257,-0.04855990484098809,-0.028274071109179177,-0.09368183671716934,-0.04234819699289389,-0.0407052718340615,-0.04086589963093539,-0.036659432268087114,-0.03887159692920237,-0.034847098298276674,-0.13445974777483843,-0.020684942706362425,-0.07654945993959403,-0.11463119365580686,-0.036422905424414134,-0.22328828387722383,-0.0754125050490877,-0.07890888944366983,-0.031053143681117775,-0.010994431905976505,-10.932782217152928,-0.037197138209117346,-0.0766916199128684,-0.05379205582289266,-0.026542386409154812,-0.10820518159859478,-0.02350525971445081,-0.2805910042302204,-0.07596191394346413,-0.04581894079832677,-0.038489245722386344,-0.3289301090477636
Copper products,BE,16624.3083451,-0.49881969531930054,-17.21468234752581,-17.71670506880562,-0.2817027901946542,-0.539929169318707,-1.454444469155154,-0.7904711896484338,-0.22237259988731364,-0.4155209237629087,-1.1894392744198727,-1.3621318414850017,-0.7754552390454751,-0.25755176365602817,-0.2627952538360518,-0.33172567033228834,-0.17748269033547878,-0.25067052365586523,-0.7719793984432793,-0.2171063890941455,-0.14949886565369708,-3.6768859534041947,-0.3405887155018202,-0.31130318344994123,-0.57961874206787,-0.2441635218746241,-0.23133389102008958,-0.16283396009972825,-0.7353471136541895,-0.07847749344579685,-0.0708010756694885,-0.0698151394819286,-0.09225096053993007,-0.11071855975323172,-0.17869532382264128,-0.03277764312930335,-0.09696699326674782,-0.011277544118080313,-0.09737702959933937,-0.4653089810798821,-0.5317958773302521,-0.12173981588579473,-0.27992564561127614,-0.06234910242609273,-0.05446582562951404,-0.06826433428250428,-0.17881366160922374,-0.427321788099912,-0.038261745731296516,-0.08818179840898928
Copper products,BG,11475.3634646,-0.5210739325752358,-1.938939893362295,-481.9997648113074,-3.592786465671891,-1.3241943388738158,-0.44790368763975646,-0.3129606958434135,-0.5760770202105777,-0.16386788722358808,-0.3930383308063954,-0.21660203683136867,-15.230811700273431,-3.0686054117048487,-1.6375639679971477,-0.23311991527948742,-0.49752770670283014,-0.3387279692901244,-0.24421589561484788,-0.5654397419118841,-0.1745533071639925,-0.40007377140394856,-0.486907806049074,-0.20971487292719582,-11.371439297212275,-0.17196700223303285,-1.017758804958174,-0.9554384977500474,-0.314109309276091,-0.02400048122240944,-0.04145278960472281,-0.05935065741153523,-0.09719250490336742,-0.15871794636720085,-0.07329069662138511,-0.08927798793965729,-0.04398968442911003,-0.009476735037161768,-0.12391400897911307,-0.2617638333983226,-6.618735693135513,-0.8892654671283123,-0.11514522971686672,-0.4064969998981468,-0.059686608323265694,-0.20162956413685276,-0.07367314591832,-5.875901961394602,-0.06632193118243311,-0.26880212522579755
Copper products,BR,3398.5409306,-0.037455674121586,-0.04253813625163307,-0.060161122993653615,-0.040610338320446644,-0.028919280614997125,-0.057426553099979384,-0.049357648041948345,-0.021862976070258448,-0.04749362782217795,-0.06321681524286608,-0.03021503657360311,-0.037464843320525305,-0.023777158083472645,-0.027181346700908448,-0.026269670861845885,-0.025192739999524625,-0.031750614596294184,-0.02881874950307984,-0.03183747384602948,-0.022038984037444163,-0.05042080458889734,-0.02544105834190161,-0.04752921884293399,-0.04267433461163205,-0.03034914598396373,-0.02440799141029476,-0.017804267189569956,-0.036815328994094246,-0.02447524323199464,-0.028628180990588135,-0.04421792711980667,-0.07281744259033926,-0.049286692027632334,-18.437589319483333,-0.01401965615641084,-0.16984329822820352,-0.0012957026367860997,-0.535160645350832,-0.02649672541177328,-0.05811586951091596,-0.01748797976712764,-0.021136108121591383,-0.019231649552524308,-0.009081080431833576,-0.030086685917312107,-18.050561753268163,-0.03512525110833811,-0.013813430461855684,-0.10191351934134583
Copper products,CA,9711.02022073,-0.24796952378153972,-0.36782875592736336,-2.046488076523685,-0.14796533596275796,-0.20231846038569964,-0.4655460505828286,-0.3070480111140214,-0.15412333865996966,-0.1560311803561174,-1.007160973186269,-0.28605867830284976,-0.207054102398973,-0.1838174042904808,-0.22397615252194653,-0.17055585406040627,-0.12381854047905466,-0.1284677656057036,-0.20840925634918883,-0.3087917837140753,-0.11730904259608509,-0.5698517044930863,-0.136637721891348,-0.13531932111979483,-0.23133611903392143,-0.1897890346294935,-0.15656825343812067,-0.10168654649100708,-0.30218745350840986,-1.0577335112203223,-0.14363563000956742,-0.17882615218156267,-1.005800328217015,-0.21066681823553704,-0.4456276675299658,-0.051833910604455094,-0.715380516493597,-0.010826053108513924,-0.21079917967208722,-0.1785381313587736,-0.22598703899572944,-0.06901453658819759,-0.11566058376443977,-0.07394146250844869,-0.031028206706746036,-0.10153043932084083,-0.4935837777267081,-0.2634457408509148,-0.03686967198747334,-0.18163448272438382
Copper products,CH,326.608091371,-0.05649201689898241,-0.006879344745640892,-0.02228279612868957,-0.0019241785790350824,-0.009412525606021616,-0.0327777895615912,-0.005789847003558471,-0.0015899910703107956,-0.0019231714178145564,-0.0052394477178562176,-0.026818972280987372,-0.002015339168376223,-0.0034269082603870403,-0.004875738281240815,-0.0018829870842056754,-0.002727541084788924,-0.0019468999976090162,-0.0043272485715668794,-0.0018165155612120524,-0.00265376161050918,-0.005666129019843804,-0.002856832746051589,-0.0019380888006815364,-0.0027659270156137716,-0.001790077510926498,-0.004433479914189346,-0.0022706590424615915,-0.004043320482089687,-0.0003560935169370223,-0.00044059401671993104,-0.0005230867881275921,-0.0005656053841408157,-0.0006448582619712608,-0.0007959553474697817,-0.0002552535578692394,-0.00036524807722187623,-5.501763084047806e-05,-0.0005484569646439815,-0.004643997563183035,-0.0017221834382265839,-0.000903383388655511,-0.0016538644573330977,-0.0010980250670496491,-0.00024518449587936005,-0.0007204896487140455,-0.0007955378230300314,-0.024207052908655297,-0.00039702483232394853,-0.0005172443754987095
Copper products,CN,132702.771788,-1.6625587117255032,-2.8762845719283225,-42.562153245952686,-1.176965771878548,-2.892381467441972,-3.0401606534642003,-2.1376422553873526,-1.4082527310835662,-6.499661571713497,-6.82506557366616,-1.9867444645654575,-7.0936636490466505,-10.928294971902748,-12.886921520622842,-1.0411690717139481,-0.9312958086154257,-1.3266784551696533,-1.4598716264386833,-1.3132070016230335,-0.7760954173186757,-2.7898144451953115,-2.231771684929879,-4.688896483330019,-4.100347249374098,-1.3556383441966569,-3.0336838846509533,-4.232409458667996,-1.9260880612739175,-0.7425749849127472,-5.620701743174172,-35.43901231890743,-1.052620360051785,-4.6710767877145924,-2.153658733664653,-0.7749298528250591,-2.147360194688861,-0.6000949609760214,-5.34346048309569,-1.550291867141635,-3.587334868068447,-0.42267179958091333,-0.7380929359863135,-0.9871108090177764,-0.7800204945992733,-3.1652070970304726,-2.3256090534986305,-2.853219439976476,-1.5272573576835435,-1.9534107871555277
Copper products,CY,129.507480455,-9.362504606980177e-05,-0.00020068846995156128,-0.00031255228952398054,-0.6955212614757096,-7.073175210756472e-05,-8.788825528016579e-05,-0.00017898444086557894,-0.00020824183661037902,-3.495551332546284e-05,-8.602086568740156e-05,-5.521972673054534e-05,-0.004643692485201866,-0.00030149656688865993,-0.0004223505792728238,-0.0001768386554979953,-2.810649819218838e-05,-5.840013551366291e-05,-9.128792806948626e-05,-0.0008614501202615795,-2.3656619180782437e-05,-0.0006740435568568698,-9.746128190294534e-05,-5.316392388727718e-05,-0.00011462216817108649,-5.1442020040872905e-05,-0.00032377841486195934,-0.0003477247573260451,-0.00043630810311826,-1.498243534300285e-05,-2.78169461856865e-05,-2.6316720635746928e-05,-4.249106241696008e-05,-3.405129513201024e-05,-3.350568709559907e-05,-2.634875837673621e-05,-3.825665853847535e-05,-2.7373256797086203e-06,-0.00014818944690186462,-3.804480770167314e-05,-7.891367586942243e-05,-0.0010725527217514917,-8.774254990835727e-05,-5.908574224610848e-05,-1.5018632725973585e-05,-7.173355668285063e-05,-3.353632401926058e-05,-0.00024655701100773347,-1.0577049679920456e-05,-6.520742638568204e-05
Copper products,CZ,1597.03656249,-0.12162558116272303,-0.060991383254036885,-0.5704410935707501,-0.016461211975228606,-0.1573788135552101,-0.20342969666750255,-0.07869156306241101,-0.03327207027876145,-0.01913174146339287,-0.13511455580745277,-0.03860596926662868,-0.042221848844560685,-0.04398787850879672,-0.11694870379586447,-0.01189140778630341,-0.02257788883193486,-0.04736919569326309,-0.04186179041930613,-0.022133200679582934,-0.020270411875149195,-0.06669729137587473,-0.1340989068999541,-0.016178159375254898,-0.03836406325216487,-0.02533123402780275,-0.039631130789929775,-0.14004028436627153,-0.022515576662755492,-0.002832706684429442,-0.003161810356406504,-0.00459362395824159,-0.005191959220518188,-0.006589830812324377,-0.0049037247837174875,-0.001984575214003047,-0.00686455240318522,-0.0011333929674044218,-0.00468024906396333,-0.07465663623766171,-0.04543530599296778,-0.020626298199278272,-0.024166000327192863,-0.008391964713420113,-0.002318245134751529,-0.005883524965934526,-0.004941961277086526,-0.2283125322143084,-0.0027059509762992545,-0.0044348859330815
Copper products,DE,28058.1647851,-4.77889370455706,-5.232681075301289,-25.15375045360778,-0.5385469402832544,-5.597547392500474,-23.7908597446102,-9.690339731655351,-1.0761467927116284,-0.8670425158749576,-8.564373874226494,-2.533498207929445,-1.3061771561129307,-0.6751211375747636,-1.1534778975153555,-0.41966229764997015,-0.5557323311683487,-1.5782978692893688,-4.888977603482602,-0.5697223947888874,-0.5296903409266382,-7.056358067279728,-1.5339608992917697,-0.8476506671236206,-0.9535048302605311,-1.617315406513524,-1.000958891031862,-0.42519227950080596,-1.0237620613445855,-0.21436834165136315,-0.1243182643854524,-0.14375326192319474,-0.27758123445942784,-0.1898731227195995,-0.48327157564009543,-0.0528126811191289,-0.18162689383648983,-0.06697518087422755,-0.22699347372283105,-4.097165541833883,-1.0188476715822434,-0.20079296568770796,-2.3826183981444298,-0.09840925624558848,-0.05281332827527509,-0.10986760336611977,-0.4825671302974331,-1.0554651765354306,-0.04751397338926917,-0.1370783397646731
Copper products,DK,254.855532032,-0.0030659812029425176,-0.003539319474824807,-0.021034450439463427,-0.0009447454067146603,-0.0031193506042244347,-0.010176799455019543,-0.009544609160956024,-0.004319869107212656,-0.0011926336756161958,-0.014832152589565951,-0.003289784098326373,-0.0013710650464991046,-0.0014179979186935737,-0.0014471718068030006,-0.001626367458655222,-0.0011375961113277184,-0.0066446841849394376,-0.0028258869231993426,-0.0026463716522952315,-0.000885710965438462,-0.00759766979057778,-0.002796456563884251,-0.0010281178008674271,-0.0010796055194825544,-0.01712432542621752,-0.0013065457576248792,-0.0008313126148931412,-0.002884470920075836,-0.00016327736826721078,-0.00017530711844933005,-0.0003852041214794664,-0.0004986198235918562,-0.00029489252712353736,-0.00028807714384529985,-0.00015691320190592493,-0.0001674094560139904,-0.00011963928298514818,-0.00035793839479411843,-0.002269739179976255,-0.001757407700907487,-0.0006243023152258794,-0.03233974221496339,-0.0005453175949960043,-0.00011717329053428523,-0.00024262955557822742,-0.00029045400604507004,-0.0018200907388229823,-0.00010967106474704024,-0.00022159862808661266
Copper products,EE,95.1313431769,-0.0005246415545707283,-0.0005483706689578693,-0.0006885448261588224,-0.0016220566384997864,-0.00035890835228508886,-0.0005135109669547176,-0.0008062587824821411,-0.01419611775817829,-8.498953610302282e-05,-0.018524453398162208,-0.00021446154615291417,-0.0005093320209995085,-0.000870705605450025,-0.0007409138155926425,-0.0005433734436426094,-6.227140449757884e-05,-0.001879624636465747,-0.00034567122074462064,-0.028126591525163384,-5.1294910607876064e-05,-0.0009696284810180868,-0.0015247019838089263,-0.00013023731300850462,-0.0003238231075035113,-0.0008674709050049896,-0.00023757213855697947,-0.0008377231047804507,-0.0006792525614947007,-3.932333152578043e-05,-3.7239420084256355e-05,-3.683934007977125e-05,-0.0001811990666517149,-0.00014140452293661632,-8.047037029249477e-05,-5.7315243051686676e-05,-8.979797298979155e-05,-2.7391558695629395e-05,-0.00033734542630029836,-0.0001698198158647877,-0.00010941638180227137,-0.0017800043886360044,-0.00045814042298375886,-9.181485718808406e-05,-9.655269987874016e-05,-0.00010167273454514087,-8.059445539471335e-05,-0.000547978450171151,-8.848687132891095e-05,-6.786321732787825e-05
Copper products,ES,5028.42270072,-0.2361947114853588,-0.5299622629847514,-2.110455157208765,-0.08019780148005802,-0.2164637068952568,-0.42992976923092036,-0.25891106241814915,-0.08419357285744845,-7.0232502067026035,-0.5188938113565359,-1.0313238882719158,-0.6942269923834213,-0.1147472152808702,-0.17094019070936603,-0.13028915876280242,-0.19954330994593725,-0.09320088729781496,-0.28318227557243825,-0.0761150518584378,-0.2048689576803603,-0.4957416883002561,-0.1426957305179974,-2.9437107047258095,-0.2957116434800133,-0.08551137323502637,-0.23687000397720656,-0.06844908216445074,-0.3281874235528389,-0.028390785981374515,-0.026366528518159488,-0.04752934691831492,-0.045908186921742866,-0.05547631056066572,-0.09364778720850175,-0.015583330995992387,-0.0781123585766458,-0.004936256583698835,-0.04549362691388436,-0.2887829192060159,-0.3356762144272517,-0.03316802883145729,-0.0898616748941848,-0.026183347026285313,-0.02394355747839599,-0.03605996668241838,-0.09912733708557404,-0.19987672902045323,-0.051517392386182866,-0.10945559411143568
Copper products,FI,3193.2179973,-0.05036566031101287,-0.14364994129619554,-0.21045051767341535,-0.03358949257903753,-0.04349120122724249,-0.1086950240311538,-0.16882510895020408,-1.9298942721875394,-0.14187249737376817,-27.624752322799203,-0.045869648797800575,-0.04545267038420704,-0.03324900868254672,-0.030704020503808094,-0.028404408392750744,-0.017286335694066953,-0.23406373730096003,-0.04130171185366716,-0.07976876933035695,-0.014973356247682207,-0.10498790710968567,-0.05010006347547759,-0.1713241236967141,-0.027210787482307753,-1.9278258290948198,-0.02132029082253085,-0.03379117164203556,-0.053745170449602565,-0.003915315779740643,-0.005693835851435131,-0.00960783346001376,-0.07865707188710533,-0.013901200119407096,-0.007731622651258165,-0.006310634608632561,-0.005913973237609793,-0.19728569920998698,-0.011412555488575199,-0.032327164763581946,-0.039471510169905195,-0.056431847526010076,-0.1549921800825667,-0.02277018438530223,-0.00451060316974582,-0.01379173196347378,-0.007757123466571279,-0.028961505344064782,-0.0041818790961973915,-0.013460480297988266
Copper products,FR,8984.2070668,-0.4225624232433978,-1.96436587357139,-1.3499643647686945,-0.05082964432483312,-0.217310484006092,-0.5608699091435486,-0.23900277643295512,-0.08395639150869849,-1.0351988726180361,-0.6641402122083676,-9.883683052772941,-0.14176073437347103,-0.07452508880209643,-0.15783464231857014,-0.12210315431672299,-0.17302319410948347,-0.09049345662624309,-2.134577012080937,-0.04674565277740194,-0.12496495829813056,-0.4365802916176321,-0.14989617150551285,-0.22008932606473666,-0.1548929348111663,-0.10114157442234034,-0.17656601076773928,-0.05368839100001382,-0.948886894997216,-0.022475891425852726,-0.018686333565438144,-0.03041929441422109,-0.051363425649178444,-0.023886245802234966,-0.03144481852451152,-0.010290353362952562,-0.04232786108017288,-0.005828469381218797,-0.024053142835165235,-1.839985248404983,-0.11128568127088027,-0.02409609757952927,-0.0804406221097574,-0.01499818585351011,-0.010964734637842128,-0.02047904999610732,-0.03521241452790205,-0.12586056622158334,-0.02270136782325668,-0.030679165808734848
Copper products,GB,8527.57996275,-0.5720657670834537,-2.404356890839687,-6.009950249787513,-0.21282559471966592,-0.7692213739182673,-1.1052538784647623,-0.6865366608556304,-0.18135851615368437,-0.3326202596316814,-1.2290204500667192,-0.904562840119485,-0.5124930694515035,-0.17683721632943974,-0.3510086548921358,-4.296570057712593,-0.19923855297432108,-0.24661112547964287,-1.8728717054521928,-0.1353102212685274,-0.20207213286734252,-1.7164799970257132,-0.25084467350231315,-0.24975997893472843,-0.26526872615389185,-0.25097372285540603,-0.37069597903350027,-0.10047746578222,-12.090418286961032,-0.3605496723943902,-0.11891735357273675,-0.09052011810433216,-0.20110483237469415,-0.1440811935025012,-0.19067767256557017,-0.028129796245470212,-0.18988909557784694,-0.010974562729715717,-0.11347845940735604,-0.3625597086432126,-0.42564887230293724,-0.04854604423745256,-0.45722760486528424,-0.044266333912401236,-0.028566345464380014,-0.06115152526520592,-0.1949551129915367,-0.3564026027606376,-0.03201928829937606,-0.09077300460431593
Copper products,GR,1153.27192851,-0.01798828498954894,-0.029916813586590752,-0.49915108575377876,-0.06410854082740915,-0.02078440552351038,-0.016681265067088547,-0.017122764569288865,-0.011898135570425213,-0.01729867264929498,-0.020330595445915763,-0.017320229329241158,-1.2775403120530238,-0.03033819678339603,-0.7546487267943419,-0.014046965800269212,-0.012806492866820876,-0.01186715026978887,-0.012329600975866923,-0.0128681250435464,-0.009773080423533972,-0.03411973010347121,-0.01098822846598485,-0.014558332161543846,-0.04672179787780735,-0.0070220932538270185,-0.8560059532419401,-0.02131710046686976,-0.02109355464982852,-0.0032812095562402797,-0.002190360607818713,-0.003307932652866395,-0.0035749489978733617,-0.005089070215275106,-0.003173541310989418,-0.0022931025056173097,-0.0034468471477904416,-0.0002777975949519385,-0.005096250792299669,-0.011397098031020646,-0.05117365885990016,-0.015355211988208578,-0.007745830141798811,-0.015498555444517404,-0.0025641548594752066,-0.00434901237204359,-0.0032733042209862053,-0.5087873229464125,-0.0024532662262699303,-0.0051502901283900955
Copper products,HR,244.885215693,-0.0020148495403424856,-0.0011136178638530615,-0.04377249264040847,-0.001997022728554067,-0.0013643441054738146,-0.0010921734217142294,-0.0008991589975343073,-0.0006364584003019674,-0.0002042492766640675,-0.0013992865488759018,-0.0004551199441360881,-0.003727637768069197,-0.007133827145514539,-0.00520496968733416,-0.0007827919747253801,-0.00033564266350327796,-0.001032656863035568,-0.0006355876717484473,-0.0012299897060556913,-0.000256901656111822,-0.0012789264301769265,-0.001164124045325096,-0.00027235896475973445,-0.0028750646506436293,-0.000660762175797701,-0.0012932145218153338,-0.003826819777742371,-0.0008841070123670495,-5.181030789736349e-05,-9.504524053984506e-05,-9.254882356200979e-05,-0.00016041839418329666,-0.0002474764337723665,-0.00011989914949301722,-0.00019956080454819341,-7.75082517712642e-05,-2.1854885285886954e-05,-0.00045776663635851495,-0.000557865084593404,-0.0008924402993528424,-0.0015362577745432903,-0.0003613016774459862,-0.00028049245959511167,-9.887608768959981e-05,-0.00032931256840554746,-0.00012011121479832522,-0.07180943074337878,-0.00011393016535993275,-0.0002461058333115316
Copper products,HU,11.8534197679,-0.0007931348206123962,-9.242888272482466e-05,-0.00022881800152859476,-9.335545986763749e-05,-0.0002935233184952874,-0.0001835179218018064,-0.0001189876018759512,-6.992808009223647e-05,-2.543006232206523e-05,-4.109270562963398e-05,-3.6840486872117193e-05,-0.0002107211863160655,-0.0022900453104145006,-0.0004421256681906475,-3.402843034971387e-05,-3.0554299069147715e-05,-0.00011290851204324145,-6.680827972361859e-05,-0.00012298533006202889,-2.8543041832180617e-05,-0.0001412964535000647,-0.00025688795438455275,-2.991972852391603e-05,-0.0024961296446086014,-2.878941328836247e-05,-0.0001484040106150132,-0.00432624706558282,-4.5342315271275694e-05,-5.4582763925790815e-06,-1.4632705848093134e-05,-1.831057910845392e-05,-2.371278744123652e-05,-2.9544521668707547e-05,-1.4668558258571729e-05,-1.4692801981830516e-05,-7.698700520908669e-06,-2.1179537482453865e-06,-1.9039719893557074e-05,-8.59108375598278e-05,-3.427270037508329e-05,-6.942946025477445e-05,-3.374949577383493e-05,-3.22266263723117e-05,-1.1901261678793365e-05,-4.2619735336721336e-05,-1.4691250789986802e-05,-0.0006504180635257332,-1.5054743796029994e-05,-2.0026328123399922e-05
Copper products,ID,9234.87893096,-0.08830788898643137,-0.08889116609759236,-0.38996386921812176,-0.11677617756212882,-0.06260146149881339,-0.09862107627520802,-0.07514483160060803,-0.07127478358555264,-0.06912058314611921,-0.40160118400736894,-0.05817648791472797,-0.39291324938567795,-0.10179253147414209,-0.11015958515330071,-0.07162520049386308,-0.044646101161487685,-0.05219889740743521,-0.06011242765597352,-0.10640757235312652,-0.035003793393396,-0.11518531997579916,-0.06142781862482542,-0.061504370892095095,-0.061950207286546245,-0.08016086974725095,-0.05537723545434805,-0.07178924093945999,-0.1047994456809159,-0.032131036256371745,-0.4511791639820569,-0.22816916605064366,-0.05183024568112176,-0.34681586540385695,-0.09675718932938844,-0.08828048234559158,-0.10636593928740239,-0.012270722067951321,-11.715631501965042,-0.04749199624900274,-0.08524938522831356,-0.09196401513856653,-0.03334911218098089,-4.013724294484885,-0.03665438120086851,-0.34046357239207,-0.10020945257685475,-0.06602840904313993,-0.042565451749780894,-1.021213591261246
Copper products,IE,25.994055489,-0.00032525621638157764,-0.0006777978964984853,-0.0010222371966228446,-0.0002640282773960218,-0.00046844777552260315,-0.0005636891472932726,-0.00041845698799755854,-0.00022912715639755667,-0.000233318555358731,-0.00039142365567666054,-0.00045949793968984385,-0.0003197649638923792,-0.00024095259706622348,-0.00027418219412955085,-0.0016548416297898474,-0.00034107521200741947,-0.00020256211784153497,-0.0007935241332030501,-0.00020281454866858748,-0.0002328265544285864,-0.000842300943371478,-0.00046875350705851386,-0.000330574404049596,-0.000295582481162527,-0.00021482005614233094,-0.00024092869475411126,-0.00016996883541021962,-0.02755753111379841,-6.632407413747841e-05,-4.78066450068092e-05,-6.907759755002586e-05,-0.00018411632621606104,-0.00010235053381201267,-6.773025544563667e-05,-3.635332912406661e-05,-5.4003715201052174e-05,-5.093822331666577e-06,-5.23219272647825e-05,-0.0002729462953977679,-0.00031973058373067144,-7.739587347062821e-05,-0.00022768267316847324,-0.0001266188012389595,-5.593649099694578e-05,-0.00010292610649333928,-6.801392880158053e-05,-0.0004221537176455491,-7.791197296828276e-05,-0.00014006952442566982
Copper products,IN,23129.0149791,-0.2528445220566011,-0.3753804035186387,-0.634588829156551,-0.4209097020803563,-0.1620728215854932,-0.3553023029070031,-0.24098847820060373,-0.11591511991471586,-0.19298335270924774,-0.48166489284817143,-0.19928557832504215,-0.30340942065430865,-0.12403495207652207,-0.16290083444523729,-0.2040977118239943,-0.1306998181089734,-0.11680407108019798,-0.18061692535033472,-0.1183758458792669,-0.0893489890881672,-0.3824622974319423,-0.12386474615641674,-0.19229986377274672,-0.11777466562337237,-0.2010929165590196,-0.12552077459192262,-0.0851256109324446,-0.4181879818014073,-0.08550639129458405,-0.6292417845013314,-0.34129365203712514,-0.15630865893763532,-0.6504124685843636,-0.24044028683148422,-7.937918499056965,-0.10397795063480342,-0.01447294819072754,-7.93868895450127,-0.13264975798193487,-0.36113046415892824,-0.0724609215350639,-0.09538756060912486,-0.16630942434272375,-0.35566025027975945,-1.0900642615585885,-0.24114130884317594,-0.21502337884553446,-0.11259719967728689,-1.2788861959493463
Copper products,IT,12028.0939916,-1.2734686036880598,-0.956933342034894,-8.543649928875034,-0.15821895901935343,-1.3547453465210628,-1.2116500305246094,-0.8342838464903463,-0.2124497317950388,-0.4162129780283175,-1.625334054624278,-1.0992789254352027,-0.7782629733692039,-0.412722634411693,-0.47077324962480627,-0.1466325029651658,-3.780675920603345,-0.4337774777435388,-0.38869235144226155,-0.14222303837567768,-4.577639268154027,-0.9820664278337669,-0.27033777359604827,-0.2724172177282652,-0.39103323778842436,-0.31777596043031764,-3.270092478843912,-0.17011939160598025,-0.3538551310047753,-0.07698435877626165,-0.03919880858362572,-0.04735968576283032,-0.07629841447037554,-0.06803073651016148,-0.0855417539472962,-0.021521833079071573,-0.10642867692387839,-0.013473360286258727,-0.06825770739416064,-2.216391116096369,-0.482882939666129,-0.058643582622411816,-0.378856470084079,-0.03855841808675017,-0.021195888899673398,-0.053023106428766995,-0.09111484266363644,-1.4411682912012573,-0.025830003510258402,-0.07270185850145894
Copper products,JP,16894.1751504,-1.7163410280115172,-1.394298047189615,-4.178249231147717,-0.3864800795375454,-1.0093788441206186,-1.6823696197552496,-1.3789643057532828,-1.3525594538347199,-0.7512492138760745,-18.151008928016985,-0.9056853280626608,-0.8990837317875645,-0.5411392960787285,-0.931710674548122,-1.3390530558719063,-0.2970641927091498,-0.6584964178019108,-0.9441026520357566,-0.4803538495813207,-0.23947855954095196,-2.745567492616573,-0.7693809897950487,-0.4877191763924039,-0.4624114493510367,-1.9753760453163742,-0.5002003822189863,-0.6012547718121568,-1.8939078159105787,-0.7947767051176489,-65.95278733577534,-1.5535039163259121,-0.7810917215806267,-3.708179999003569,-0.916387668669194,-0.27550251328557046,-0.7107448764502389,-0.18319487034872808,-8.816875482054405,-0.604821702104072,-0.658916857432465,-0.3186016642258275,-0.6579117345435466,-1.610988625100777,-0.3131159164851528,-0.9687543165656003,-0.9283495915887549,-0.9242092502604795,-0.3696943591045979,-0.9445196680202999
Copper products,KR,25786.4607158,-1.3254219751888563,-1.7382699289662076,-19.48179263794288,-0.767267371713513,-0.9865177904031044,-1.6386527996744151,-1.1323002847532693,-1.0569879023701827,-1.3392707765830627,-10.116833872669897,-0.8616098275190159,-1.9687155733973536,-2.1495710325881237,-2.6328829232134465,-0.7482582925741176,-0.37924928543172437,-0.8669727903865724,-0.7793063723343944,-0.6252875990485475,-0.29953012543409874,-1.4173205595832334,-1.7975434530246361,-0.8549749309911933,-1.4666747688656516,-1.3742434299035138,-0.9030710201072832,-0.9429972086603027,-1.2112941799788806,-0.957753232627363,-3.9231118079961917,-2.2631131639830455,-0.9973085014553841,-46.36909034730276,-3.0760667613732338,-0.3528571121311608,-2.854666361400104,-0.1230373179868055,-7.01134857661364,-0.6288398828975854,-1.5985843706062277,-0.30280668319803183,-0.4636538182224731,-0.5611260491226001,-0.23783651163871902,-0.8522867231958986,-3.288977695479336,-0.8844298820103798,-0.42803272293591316,-1.1329226768929321
Copper products,LT,19.0394847014,-0.0019144117972247521,-0.0018143145739843974,-0.003302345781554386,-0.002566824654661425,-0.0040156890291179175,-0.00246910947926986,-0.0020422050616454583,-0.304530744099547,-0.0006623740714474086,-0.004668580295606861,-0.0008592266696775253,-0.0028491494070369246,-0.006373714952417001,-0.006639584871773064,-0.001180816505467716,-0.0005665092781351031,-0.04174772192912847,-0.001236554746118397,-0.6345834645011913,-0.0005000133290856391,-0.002154550120417102,-0.04952346599623557,-0.0009220145983197028,-0.0024478755196067855,-0.016623913109617073,-0.0017985236734921173,-0.003868235666402278,-0.0017396820824317001,-0.00010304031578687944,-0.00016804424588882987,-0.0002796551964581085,-0.0008326502182119537,-0.0004227050338047509,-0.00015864332181931578,-0.0002073116298256164,-0.00020947058024917077,-0.0007010607803934815,-0.000805177795183091,-0.0010652851049378267,-0.0008625590788071452,-0.003614656273818426,-0.0009339253542817287,-0.0011290948393411157,-0.00025298015228180737,-0.0003682312346586373,-0.0001591826101926874,-0.0038897406243770995,-0.000252739128236376,-0.00021951149792034935
Copper products,LU,106.232147365,-0.049185023926024134,-0.1346546226350359,-1.3125956332686206,-0.017404909207261003,-0.03442718565645853,-0.10635903084104062,-0.08224659622867977,-0.1453098725514759,-0.0185396631174491,-0.051415113908454387,-0.09330184757109852,-0.05507422373471374,-0.03119673861329064,-0.026951003371036508,-0.02531537613770905,-0.011907843828463707,-0.03690127471385766,-0.044471392769522014,-0.012128530929836909,-0.008781699913260013,-0.32181527467808907,-0.019066922734965817,-0.016060588307158424,-0.041639130870268264,-0.013046475585136115,-0.017018180905937316,-0.028684557598679394,-0.05547648269190405,-0.004107350866539172,-0.004102181884032236,-0.0031054421024013148,-0.004617017466036233,-0.00804414654244908,-0.008224960261315074,-0.001803720006427003,-0.006247433266931708,-0.0005063756196353613,-0.00653680227074715,-0.03432940896751095,-0.0344274325396629,-0.007124637446064469,-0.030325300306041456,-0.004616367259832493,-0.014167871176504197,-0.0038959759394944153,-0.008257728974482802,-0.027792348920714506,-0.0023231488304008797,-0.003950232858509833
Copper products,LV,221.319965135,-0.0023756806199783866,-0.003939210155929181,-0.007697344834616071,-0.014586256359205513,-0.0019390618950379844,-0.0018794109060998043,-0.0020285363256092957,-2.6946308553460594,-0.0005898207392540584,-0.004431504222213586,-0.0013567258755339117,-0.004622747358403643,-0.007941298578748207,-0.0066942184663742734,-0.004260910553938569,-0.0005301570625072223,-0.33352561325398183,-0.0021275049177234776,-1.4053230197028819,-0.0004561349495790455,-0.0051469682976654435,-0.015883599252622515,-0.0008001817563430466,-0.002780639117879442,-0.0066727439490503505,-0.001935374623367332,-0.007011295951350333,-0.00656369838689336,-0.00020914664906302897,-0.0003741186381671808,-0.00033413123310942027,-0.0006272595288823592,-0.0006944386637437692,-0.0005633260369793584,-0.0003770785202699881,-0.0006701487093410244,-0.00025951680474293044,-0.002524264449286645,-0.0008453129899071471,-0.0007653252001387242,-0.024000528010009587,-0.0015159818982425342,-0.0011670418231520994,-0.0006085586208985364,-0.0016625713863270906,-0.0005655412834295458,-0.006934246688390551,-0.0005343788600087779,-0.0006822895037810804
Copper products,MT,0.00447445498171,-1.3414703012686068e-06,-3.8288233552159214e-07,-4.1912636505975274e-07,-8.18965791200396e-06,-3.466965029613728e-07,-5.247173641287353e-07,-2.3463178590447003e-07,-2.920348570553179e-07,-9.043607934624086e-08,-1.9427591020815427e-07,-4.1754602724328006e-07,-4.766907330118378e-07,-2.888509788782192e-06,-1.0088647035757564e-06,-5.64175904102426e-07,-9.912035462195063e-08,-1.3115883300863287e-07,-2.94133406821808e-07,-1.1339927574806367e-06,-8.555583577281266e-08,-5.149261819237022e-07,-2.0224361741633716e-07,-1.1986872989521477e-07,-8.529743732963849e-07,-3.149188226590419e-07,-3.099311899771584e-07,-4.5585001964638e-06,-1.1346370905116695e-06,-2.8665922204384287e-08,-4.503759747467419e-08,-4.69566935615045e-08,-9.190966865392768e-08,-7.687582804192193e-08,-1.2192518590256706e-07,-3.028183274003913e-08,-3.365542582673301e-07,-4.698671041153924e-09,-3.258308715366993e-07,-1.4651471802652944e-07,-9.833771730741868e-08,-2.129260571255361e-05,-5.464629849554448e-07,-1.7869123358297037e-07,-4.447715661140635e-08,-1.5615906536965657e-07,-1.332982733349797e-07,-9.726912770051187e-07,-5.179157704145192e-08,-9.408863799042747e-08
Copper products,MX,15409.4948799,-0.20290688131150605,-0.19189043518120122,-0.6674441462096073,-0.08820233893242024,-0.1403888721405453,-0.33633161781874676,-0.1873280972755005,-0.07278882277133157,-0.15116442409366637,-0.3462731776404708,-0.14562707501649405,-0.09368352238294955,-0.07845014102825804,-0.10257563128682673,-0.09737645269088253,-0.08716326227006035,-0.0765458380860846,-0.13433166552336148,-0.0878330514926993,-0.07143132109740895,-0.19954796729725455,-0.09161240273247916,-0.1369189710094778,-0.10856531046373778,-0.1199117346643778,-0.09127189975622435,-0.057090485196822846,-0.17665592475554218,-0.8271084975471953,-0.15192859436568118,-0.19530708669120142,-0.49407937669301516,-0.19680708687679319,-0.28286022949274314,-0.036242088965553906,-11.259090980420215,-0.005047998520606873,-0.10788366193548622,-0.1170758640947185,-0.14859113575542668,-0.04152646061458707,-0.06099670807288175,-0.07110528207239818,-0.023925698367003194,-0.08656755151568742,-0.3113870572073126,-0.08546948045985288,-0.02139008058681966,-0.1045361826442044
Copper products,NL,6266.26697424,-0.2184804102497609,-2.1991833033687143,-1.1500666758681817,-0.2045997381225123,-0.1924666463595803,-1.140110846599814,-3.382228431979351,-0.11579087055092518,-0.09934048817042271,-0.7470562134754808,-0.3465053479352095,-0.12010704033400538,-0.08018986137456978,-0.09843672318402091,-0.12516903961414838,-0.05216910438644948,-0.13464987516658292,-0.22989660478971524,-0.09295006917627929,-0.05296545468951197,-17.60467219564444,-0.10779958266503362,-0.11068946296645352,-0.08860827055217767,-0.1263795324028513,-0.08584773402226578,-0.06327460204992078,-0.32112101045903413,-0.01959601834937505,-0.02444415338459734,-0.05071845900785034,-0.038799666457451885,-0.03514241071238789,-0.06750512775366636,-0.012325914420369897,-0.04308623048428209,-0.006996418091230528,-0.05239503224702245,-0.17597449777590707,-0.08971692253376631,-0.031185855900226312,-1.4445986733902565,-0.03434345517011293,-0.011256577191903356,-0.03960946852043879,-0.06972478192832603,-0.09921786913233707,-0.010928807356447454,-0.0312312508673613
Copper products,NO,585.167946363,-0.012964225110210639,-0.018912823067026418,-0.08440966013101568,-0.0052359826368338835,-0.013105644870630607,-0.0738308397838211,-0.31082948485837536,-0.013509337496684341,-0.0057054234574274885,-0.11891741806204485,-0.014448165214161991,-0.006514670507691791,-0.004888242633414652,-0.006214480167499955,-0.008928796502908742,-0.0037061431487051427,-0.05454504655472912,-0.012676775468266753,-0.007739379679700333,-0.0036362182373463853,-0.08976305383986277,-0.009023082235376007,-0.005417586611880131,-0.005912095634510953,-0.22517090469141157,-0.005148440495353756,-0.003387002181901439,-0.031614877000324726,-0.010622696993922612,-0.002148725389329423,-0.0031897779124328987,-0.013985952818230458,-0.003212080188967031,-0.006554947164223469,-0.0010503890187632727,-0.00784853987401835,-0.0010230589104189977,-0.004481172833186248,-0.0095495267184731,-0.010271213349724851,-0.002971150185560451,-0.045102085977340924,-0.0025983380297319855,-0.000774623658537336,-0.0019852508513394274,-0.006988832120685497,-0.006308018033637743,-0.0008166929252434812,-0.0028243146663620316
Copper products,PL,2345.13587986,-1.317510707343239,-1.282483711473498,-12.37204222017221,-0.21697563433487752,-1.496908046701971,-3.0958031773946604,-2.11420153721682,-1.1141318487244847,-0.43425754408397527,-2.1262545694378496,-0.8541941138912322,-0.7050267916481883,-0.5572713450578249,-0.6559469319572925,-0.14947978692618621,-0.27674658716245165,-6.975848955462983,-0.741642963275669,-0.8585302195812721,-0.28039664912799395,-1.3846636073233942,-20.604314866631423,-0.30489321114730755,-0.8342100345045967,-0.9820252152933606,-0.4600670134891928,-0.3245307195590998,-0.33596207382154986,-0.0800800158084044,-0.06692807328458762,-0.09991691268376274,-0.10300793624922391,-0.3453782230313237,-0.1729556293392031,-0.02667248860717038,-0.09816798099224994,-0.018612905788658898,-0.1283407965833109,-0.7215053970480269,-0.5237762544244092,-0.08946565137229111,-0.9145905955065842,-0.05999256653337698,-0.023375649009352035,-0.05585513337449007,-0.17636588180721302,-0.9655940422219357,-0.02623512456055728,-0.08074186771930077
Copper products,PT,607.915889748,-0.08317556506124997,-0.11762876066378967,-0.3059522992249829,-0.03834638456686254,-0.04615015352282562,-0.09387885135210448,-0.05788675129172943,-0.02062524331846302,-1.9639114816555352,-0.059271388534088594,-0.11346705968853596,-0.08415635064024247,-0.02874580669171929,-0.0395208635087593,-0.0223542747462201,-0.04335108493492912,-0.024014602692991882,-0.04452366476530875,-0.02787916584510736,-0.0367381003375229,-0.10798326646523887,-0.028600308937700533,-25.00777563216132,-0.03674482519886999,-0.018441737000592713,-0.043983911150841735,-0.025657025534115124,-0.039373198125942664,-0.003808941468472458,-0.005697414144000324,-0.008157412476697802,-0.013415612764912559,-0.018442671652066606,-0.02592998422895473,-0.00575616826983217,-0.010768853915059088,-0.0007042629438181598,-0.010572749314315186,-0.047601963937746496,-0.04708893729868546,-0.027906577322498523,-0.01982785089526272,-0.01674942954712952,-0.08249487421988749,-0.01129636885810445,-0.025999909520839623,-0.0425312023216695,-0.010858271986441377,-0.03242201359675703
Copper products,RO,2087.49939257,-0.022854853940015494,-0.08875723118711894,-0.34713830808496204,-0.01179531943748594,-0.02019234203660777,-0.054260977000642634,-0.024842272599522118,-0.007116519858976575,-0.007157498625844169,-0.02573302970748619,-0.022903241417074796,-0.053090053829949566,-0.024097924891774366,-0.10054904449498119,-0.004663878152888,-0.008062938454384206,-0.007893051516272427,-0.016733466607545357,-0.006351381832578764,-0.007808370198084736,-0.03485873728523839,-0.01088614019525578,-0.005748080662189283,-0.3864016806250169,-0.006171502630459719,-0.02376023534150049,-0.02139624062552652,-0.009741517865109373,-0.0010831183225654866,-0.00121701384259038,-0.0015431615497379424,-0.0017407309497556001,-0.003294334876750271,-0.003049277989171709,-0.001233872995836949,-0.0014210554587248457,-0.00026462299494778947,-0.0020256045275200336,-0.02361115957387347,-0.0158726422071658,-0.005398833700916828,-0.0071536875740492315,-0.006717125106740684,-0.0008733135655050893,-0.0017410539583605218,-0.003062357168854169,-0.04252542939078075,-0.0006771628018591272,-0.0019166438681666837
Copper products,RU,13527.8501108,-0.09038209799531444,-0.08422290842025633,-0.2663712107079161,-0.597727908237844,-0.11991324920339733,-0.12703825419187897,-0.09916694984960152,-0.44133499854258357,-0.04097385356316309,-1.5855928610753784,-0.059008047226235615,-0.22523595334728358,-0.3562727244315596,-0.4059563777426577,-0.05233643487419328,-0.044134089931298436,-1.0461944616241239,-0.062325425274262033,-0.8926748508970215,-0.03939565179781071,-0.1424297429953038,-0.136655438133078,-0.040993304975730255,-0.13536919208491688,-0.16270846787785176,-0.11134289616160366,-0.17206658952907647,-0.08093007174939708,-0.009633778777401096,-0.034724813013951486,-0.042006925188751446,-0.064908754973202,-0.08200000302176663,-0.043611233837356496,-0.02087528894316004,-0.02739084166103226,-0.01309589397815846,-0.03536054662453531,-0.06346144761974047,-0.09303724393758424,-0.0906656583547775,-0.041858747848632645,-0.027587754954567563,-0.010191082952764937,-0.09614794141882854,-0.045262427710556795,-0.36548592886573944,-0.010124763374102685,-0.027992585270836024
Copper products,SE,8502.44600934,-0.10414440790114488,-0.10295397874195358,-0.20435438510694207,-0.043997424827260025,-0.15856636656127052,-0.17080315847773667,-3.3020066213240242,-0.15271731721214157,-0.056916391717493756,-1.139483557700829,-0.08233957753870018,-0.04298892796187585,-0.03262177411069987,-0.0453896724877826,-0.07133681897271463,-0.026997876180965254,-2.9257820321249977,-0.07037977518809586,-0.07659398613902718,-0.027545787696513935,-0.23238209741619345,-0.19884981209080446,-0.05854431158755536,-0.03308559783540269,-1.412521567847434,-0.040635153887187844,-0.029136534791509745,-0.1172404400848215,-0.01002092521187119,-0.009234059119246142,-0.013608606405571355,-0.08608802712166305,-0.01563721370867734,-0.011290827280787483,-0.0063846421056189,-0.011217853219230158,-0.009676975934023615,-0.06105724596208112,-0.051353053029960426,-0.1104414594989858,-0.020912583268444054,-2.1892775980153107,-0.01539560311254232,-0.005223088221330322,-0.011653036172856492,-0.01142935598413725,-0.04295568078699285,-0.004178288150952204,-0.018363721321796485
Copper products,SI,376.692285078,-0.05964905522902231,-0.002001817503247549,-0.02325398744740335,-0.001809474089929469,-0.005506043105004895,-0.004449304388832562,-0.0017628555295759912,-0.0011516337589519536,-0.0005070929575710567,-0.0017934899753619467,-0.0011520160269057336,-0.02963474334087758,-0.22141389004870105,-0.0073150276550492865,-0.0009314339337060503,-0.0011972059354242322,-0.001294465722547781,-0.001226184209966963,-0.0021361431241996884,-0.001236842751279912,-0.0021454058606360646,-0.0033060143574420876,-0.000537941425751144,-0.0024848667578924255,-0.0006231152105366001,-0.0039692007826896605,-0.00296686802818861,-0.0012894157437954694,-9.932299808538499e-05,-0.0001523241708737251,-0.00014850453012171393,-0.0005530980423870045,-0.0012827451560497606,-0.0001920707490140712,-0.00019489116310801672,-0.0001648195691962851,-2.3852338059483088e-05,-0.004105323459506313,-0.0019100205028046633,-0.001550458209836922,-0.002413768489014553,-0.0005570500065531002,-0.0005167983607784841,-0.0002505765438247393,-0.00034361534861938756,-0.00019741681990715084,-0.035483165947647714,-0.00024514801791381875,-0.0005467123475512328
Copper products,SK,2048.43546658,-0.021181169838070873,-0.009407531518582625,-0.05255198680919497,-0.008235825674221181,-1.1845896145305606,-0.022598178657311164,-0.011956630227190602,-0.004115224220760984,-0.0030823687911406715,-0.019169059246097735,-0.0079180141759473,-0.021635524795538173,-0.009546633236795896,-0.015085685828125936,-0.0022853745729804185,-0.005497973387438256,-0.01178782825405954,-0.006467959279332213,-0.00635654636845156,-0.006297591593865084,-0.014820357633739858,-0.3839097023222611,-0.002708576580480768,-0.007020419793983055,-0.005227945645342871,-0.008218654828227529,-0.010321017134613518,-0.004272334440028369,-0.0007740086985700738,-0.0007454428609632473,-0.0009304469414211916,-0.0012184718523518111,-0.004340277956031507,-0.003184227120309893,-0.0012383910319430432,-0.0010689672267658078,-0.0001718793121733852,-0.0017904291042405407,-0.008183684235118121,-0.007227285197824342,-0.004244774488993535,-0.004116584361814858,-0.0031078358277457883,-0.0005083426199452029,-0.0008596436773199575,-0.003197921092405565,-0.07857814085122096,-0.0004172077387168085,-0.0009103883228038967
Copper products,TR,6473.27668834,-0.10684362567603449,-0.20401574039464157,-18.425448408639834,-0.19566061406341476,-0.11975506212675534,-0.14979755496273178,-0.09274322290851346,-0.09720707867802982,-0.09363310350428575,-0.6070597981951861,-0.18547892201797506,-0.7860817006716231,-0.18489372262619974,-0.18215501395095293,-0.03881885603078076,-0.06347347583842917,-0.06756015673090737,-0.08073613115530127,-0.06660878531336882,-0.049156856914379495,-0.12086741701378505,-0.07636575668510763,-0.07496965670363975,-0.4924712046583136,-0.06974646978418254,-0.13093225093192393,-0.07636377318454649,-0.07368537002334885,-0.012888483673921626,-0.0474141352985572,-0.04164913120447535,-0.02159447339615944,-0.06493752239064741,-0.027389423883753178,-0.01961022041867009,-0.025360205349587956,-0.006128150025716382,-0.06058592202093273,-0.08201445978653388,-6.7622521730794585,-0.052080727802756376,-0.03452510381388387,-0.053297059610047125,-0.013978057434521119,-0.09779479800533182,-0.029487795154263474,-0.3449948815792705,-0.02859388097124666,-0.2608378429706389
Copper products,TW,4227.9871297,-0.0006248409472304506,-0.0013013263171851015,-0.0007451598938497577,-0.0024583242652022755,-0.0007103725337707429,-0.0006290382864414633,-0.0008266462065723001,-0.0021625442832663077,-0.0005260444616548593,-0.004176740646779427,-0.00067518719480031,-0.0005825453315856059,-0.0008295122413776689,-0.0006183905269422379,-0.001984671917468771,-0.00038649163598658255,-0.0019025053848172214,-0.0010948807210363414,-0.0011680407726119859,-0.000402913596663534,-0.001616103076486496,-0.0009447762689210624,-0.0008473776208736642,-0.0005410842842636387,-0.0014022969492068567,-0.0004597207216042726,-0.0009653310670707294,-0.0016118651417965505,-0.0003210700734132409,-0.0009165353656941856,-0.00030172769217807083,-0.0008365980592154848,-0.0007673479675545212,-0.00020312394318970143,-0.000468070143176596,-0.00034584390312285507,-2.091035669606365e-05,-0.0007237983667218417,-0.0005143318175383754,-0.0005263456741556713,-0.4712772217526619,-0.000448181585966235,-0.0016794627250748526,-0.0003848308642736062,-0.0005198819862920965,-0.0002036116062773952,-0.0006718317685607333,-0.0004139835520772734,-0.00024167403886752952
Copper products,US,56118.3294515,-0.7277455873408009,-0.7693409877825783,-3.4953028981230094,-0.2960230163153723,-0.5185199047301556,-1.3203534836165582,-0.7578480590743549,-0.28622198355427525,-0.3986655503594281,-1.6333583429284964,-0.5569435328012031,-0.4205745288444633,-0.27251976777703385,-0.3828366726131253,-0.45517317384823897,-0.29793072619610167,-0.3197339338703691,-0.5370061098981962,-0.49433648554532394,-0.245490010162445,-0.87287685661445,-0.358368569956747,-0.386052618392935,-0.4211917351363724,-0.507343636514309,-0.34918626647066353,-0.18616014221885138,-0.9043435026161712,-6.867976760258882,-0.6437273673770648,-0.4761677675309381,-2.9361556568591176,-0.8831707883780412,-1.5728604521392953,-0.1528388189059894,-2.7625826942606713,-0.020287104003242486,-0.514617776311918,-0.42789960118254255,-0.6544374590927154,-0.1462477479137413,-0.26780583632473487,-0.1547550821455806,-0.11263906249090995,-0.36213723056429303,-1.6561987682219388,-0.3741049829196631,-0.09295867145094588,-0.5730276398384385
Copper products,WA,17466.391153,-1.3218914815387481,-2.5009781498121946,-15.803860774822777,-0.7859327535560844,-1.1879223401718453,-2.54114725684252,-1.7077215389459721,-0.8327326405963595,-1.6940305000860265,-6.2047887531885415,-1.7649509628912463,-2.0309155476042475,-1.5209485387920334,-1.8665967843929736,-0.8810415569779111,-0.5766171329452469,-1.0661692219994616,-1.1405696963869787,-0.7857514728367777,-0.5344652606102446,-2.473359056784504,-1.8161311076210331,-1.1266398063002538,-1.043172796673821,-1.0157968301186926,-0.9010872024592057,-0.7394785456406084,-1.7889882574195208,-0.8540678704997161,-8.950607538193376,-3.2618310356326,-0.7442806100537778,-6.748082529521642,-1.5466980787922697,-0.6031240983325578,-1.1636618090635475,-0.11282882219464108,-9.055311758351742,-0.9671728256238453,-1.5991472607486878,-0.43221208038361886,-0.6863919914205904,-1.9892787720311074,-0.5394318753130872,-5.398474459774181,-1.610895048854504,-1.0120346667935651,-0.9232745197729401,-1.5873491734126755
Copper products,WE,4013.32320003,-0.6821251235290853,-0.43438124176847653,-5.191247952741362,-0.20022612105206042,-1.2494401276191025,-0.8396711205721714,-0.48608121101040513,-1.1034878128323875,-0.14593710262756715,-0.5484469549094958,-0.22768712689165407,-2.3520352474841997,-4.840676147961147,-5.49917068280084,-0.08015261612124677,-0.339713598955941,-0.41180163975562556,-0.2745100787628926,-2.702770982782991,-0.3150310460135084,-0.42653333720908015,-0.6482285025905675,-0.174189084900177,-1.2944616800008535,-0.19679145212974936,-1.3358103481671182,-1.8239251855608167,-0.14191256345056907,-0.02243228178630664,-0.03252857751620761,-0.05857601529197624,-0.05201578204822776,-0.06751601446853937,-0.05030567895678873,-0.02899453707263491,-0.044776593460540304,-0.01536228542717753,-0.06421206796974582,-0.47620497517893695,-0.497754125799546,-0.10196300946310492,-0.12936349449866055,-0.11011737638201514,-0.01776272255788693,-0.0887125843341395,-0.05087254999271802,-8.210672471914604,-0.018946365269983757,-0.07137034910577714
Copper products,WF,7796.24050669,-0.3356985028499507,-2.642238264973439,-5.044148072536823,-0.2895854576078572,-0.3019343385692492,-0.6207453037325223,-0.3619329129977689,-0.1623260247675872,-1.6166438313583187,-0.6227984338465065,-1.505916995847423,-0.7702987909371554,-0.2412088397781133,-0.3326918012228917,-0.1803546143897145,-0.3297893130073431,-0.1589440376191247,-0.4957827842463633,-0.46678185411120215,-0.30767391356899115,-0.8292893570489733,-0.20053073013602232,-1.2212481633673915,-0.30758088494554864,-0.1465949239254198,-0.371199481670805,-0.13924642551948976,-0.4070472790655354,-0.04560134998981956,-0.11575943040630131,-0.2185497116634434,-0.13744650506153508,-0.1866293820472178,-0.19834740066781087,-0.1275298487746753,-0.07111729009144692,-0.010550355677775635,-0.13596119039805515,-0.4827064242233676,-0.8571161500581996,-0.10091752363621198,-0.14124944153990193,-0.1423866975551046,-1.4724969945758009,-0.23573593635366763,-0.20009024566737876,-0.35423669473598135,-5.878591331444374,-1.0872168514788751
Copper products,WL,45242.0629118,-2.0744863821944177,-2.8283920991573397,-4.2522199774192835,-4.780860574134972,-1.6875646818297871,-2.6675551066213843,-2.2959346970839243,-2.3914692334408874,-3.7974682706971308,-3.9347424578789005,-1.7799695900096986,-2.340879120134944,-1.7408559006104376,-1.8179748536431988,-2.6194539359215625,-1.4439626069930842,-1.7026771971024688,-2.080728929666379,-3.0820153496301947,-1.212247482570797,-3.285684130843387,-1.8100804485304158,-3.195167852228572,-5.802478380640642,-2.3722603046974466,-1.4472736146090288,-1.5756384623758237,-2.7544245656937814,-1.7854577134097136,-1.811862761130242,-2.7893172043518297,-6.25947510497971,-2.5382228569775935,-12.603100326365142,-0.729048202325126,-21.571913333401415,-0.07820242466861015,-3.5959118674800714,-1.5249649276259862,-5.1508023707097195,-1.9839553675557866,-1.0235601927297546,-1.4782541321917548,-0.5276548894853896,-1.8437700601411253,-15.929606484447348,-1.8645849251081514,-1.1286057415235837,-7.134911921941268
Copper products,WM,15468.065679,-0.5168408800813907,-1.3577867907847574,-18.776865378428248,-0.4629538690707628,-0.4801042616136378,-0.972283896466926,-0.7884529685691216,-0.2909647225839971,-1.6705586985684422,-1.5444243059890423,-1.149470505142519,-1.3325181221919153,-0.4424106882438527,-0.6474326328983078,-0.3041234701153402,-0.3886265392309383,-0.5652785877118686,-0.5114712432634773,-0.3695328937220854,-0.3639707234524884,-0.9846096461586351,-0.3158663118793911,-0.8917334612666111,-0.6928590675313255,-0.35800814102261225,-0.6075792127531555,-0.21319087531398495,-0.6686975771149363,-0.16097585005616882,-0.3954739492092974,-0.49821671120961586,-0.18195318954419978,-0.549959043218234,-0.27675783732600373,-0.2945964982738247,-0.17770829291254236,-0.020560356728463163,-0.6197898868346264,-0.5005352080873886,-2.1042015740932722,-0.11434020244644584,-0.3546210461347609,-0.17271652603664148,-0.3689027198731595,-0.3664138071043814,-0.2831272188713183,-0.6963724270565927,-0.921339700013623,-0.5665583044314707
Copper products,ZA,517.402367486,-0.013516203006833037,-0.018042517895667104,-0.03129847366357091,-0.028697225102217932,-0.01135201485139996,-0.018682909204641975,-0.01279229365290467,-0.009836790288431114,-0.009687471623022617,-0.02965438475502154,-0.011253851369853102,-0.01581051908302194,-0.014752506044391758,-0.011749594206026334,-0.011171780750492912,-0.005889641458779601,-0.00977702677114073,-0.01112418610454281,-0.022289317998241395,-0.004677363792666205,-0.015221332543658686,-0.010448712543221057,-0.011715637672485756,-0.009509639891072882,-0.014350971991773492,-0.0072526711181942795,-0.01592692445961029,-0.015236901332336156,-0.002208978340331391,-0.007849633275171186,-0.009721739405524144,-0.005871934889990952,-0.015961002092006425,-0.009296442407856379,-0.007245790538817457,-0.003586604933140896,-0.00042699626072134525,-0.016310411907854514,-0.008357902805525874,-0.01322211714834942,-0.03409388173321973,-0.0055469916668633296,-0.012552041179021688,-1.8328924898012267,-0.009711289770733886,-0.010296897591992137,-0.01138922300756762,-0.08662463498646894,-0.09736176023838365
Electrical machinery and apparatus n.e.c. (31),AT,0.0,0.0,0.0,0.0,0.0,0.0,0.0,0.0,0.0,0.0,0.0,0.0,0.0,0.0,0.0,0.0,0.0,0.0,0.0,0.0,0.0,0.0,0.0,0.0,0.0,0.0,0.0,0.0,0.0,0.0,0.0,0.0,0.0,0.0,-0.0,0.0,0.0,0.0,0.0,0.0,0.0,0.0,0.0,0.0,0.0,0.0,0.0,0.0,0.0,0.0
Electrical machinery and apparatus n.e.c. (31),AU,20311.1825061,-0.019145806896716026,-0.021237873637560713,-0.018793255956208493,-0.03282438443396326,-0.014241337342157257,-0.023167007939328632,-0.017954396520969657,-0.017194917104758553,-0.010913734262130931,-0.031539177437175735,-0.013147607565524235,-0.0716657574096395,-0.014636952326611328,-0.01216492511796626,-0.026702265431042455,-0.013236992093101344,-0.018120907254635794,-0.018154322716737416,-0.018949623538737883,-0.010281268861721694,-0.023567986068976043,-0.025166273800686503,-0.013355170951890993,-0.01062116904557994,-0.012105139114286857,-0.011680001195076806,-0.01640811732765899,-0.04744997673761705,-0.0046041668718559,-0.018257688640644844,-0.0332160308381976,-0.011591368873921707,-0.06709676159340085,-0.01444296090080179,-0.013837129954567137,-0.009011787817999039,-0.0014641039539396348,-10.72313538882405,-0.011917970982340627,-0.016387360306239687,-0.029122557643964486,-0.008525611141856815,-0.055148493171532455,-0.008818588495077611,-0.06358566958466522,-0.014430844577531356,-0.013224620385870701,-0.004884762349672637,-0.07708397812453505
Electrical machinery and apparatus n.e.c. (31),BE,3848.34357753,-0.029866028220464278,-0.5400614951876207,-0.06299482946517661,-0.015038557327896943,-0.027892633880062405,-0.07555639939180407,-0.04862040811691449,-0.01883837809896195,-0.02529762314526081,-0.034080298230652714,-0.05152059028967705,-0.018164333368553304,-0.015239656576912213,-0.015690280750454248,-0.014072667294654662,-0.01487935000521034,-0.021322053519238278,-0.040034654373296244,-0.023945856749593736,-0.01208387145965787,-0.19897946308260306,-0.03937230551278979,-0.02822109095032765,-0.02568848328606834,-0.0125612945544021,-0.013975787617717124,-0.014645256120749997,-0.03148037562158776,-0.0019090906577243659,-0.005282621959556702,-0.007596872721104293,-0.005474017650501366,-0.010286033418470553,-0.006919705790515232,-0.00291775788813839,-0.0023563732890400616,-0.0003938364130687332,-0.007610629363065874,-0.026692903236670073,-0.019954002152995275,-0.019725443581641515,-0.015695358533516526,-0.005443842188772479,-0.006234909344353109,-0.006151233349774486,-0.006925946461313045,-0.018700047570503586,-0.004089934173088569,-0.006156646461291014
Electrical machinery and apparatus n.e.c. (31),BG,0.0,0.0,0.0,0.0,0.0,0.0,0.0,0.0,0.0,0.0,0.0,0.0,0.0,0.0,0.0,0.0,0.0,0.0,0.0,0.0,0.0,0.0,0.0,0.0,0.0,0.0,0.0,0.0,0.0,0.0,0.0,0.0,0.0,0.0,-0.0,0.0,0.0,0.0,0.0,0.0,0.0,0.0,0.0,0.0,0.0,0.0,0.0,0.0,0.0,0.0
Electrical machinery and apparatus n.e.c. (31),BR,14911.1874747,-0.17185417450401147,-0.14954049941920688,-0.11682940041607957,-0.4786209695101448,-0.10678664208253648,-0.1972136752336969,-0.15852707310779185,-0.07429574370234598,-0.13294012319389867,-0.18052295199646815,-0.0960700791619073,-0.09213165176497905,-0.12097317175323792,-0.0881912889318311,-0.1273254754791444,-0.07456753549918371,-0.07334119448999234,-0.11614412343559816,-0.11378963644758797,-0.07107153154018388,-0.17817078641707398,-0.09037185920321392,-0.18937238198102851,-0.09375934702988786,-0.12802536383115165,-0.08301715337346188,-0.14148007494621975,-0.19210640047639263,-0.05735102715553604,-0.0841346423656142,-0.1558003274641093,-0.2740858446521563,-0.1674644550566691,-13.838933986247646,-0.05141693614493534,-0.20951957907374044,-0.003239973055556152,-0.22212866970001277,-0.09259403688004829,-0.11027577162365029,-0.3050204093832437,-0.06549305796937067,-1.3781982332256566,-0.034986114026946145,-0.08198534898491201,-13.828275968505174,-0.11956026662845948,-0.03056448423015942,-0.13287731192426344
Electrical machinery and apparatus n.e.c. (31),CA,7176.77544009,-0.23682153390305455,-0.3036853677621737,-0.14685076881503048,-0.0875222760096748,-0.10129743059004893,-0.2822185101207889,-0.13233392043491626,-0.04866713875483891,-0.12773692497964648,-0.228502347093359,-0.10561111994683571,-0.07086713576261193,-0.10123015324508307,-0.10239989783206407,-0.12093562983014276,-0.05513750296402733,-0.05934127819497523,-0.11290590355237579,-0.16610891506061345,-0.05937577409502339,-0.1845616129623718,-0.08668451845529695,-0.13493412783686143,-0.06860354319909366,-0.07468198186271606,-0.09614190753146672,-0.05132260821465591,-0.2382736220487525,-0.5961407715629161,-0.1161866721043206,-0.3223514196667145,-6.894839779553449,-0.31661065129295185,-1.0450405421937734,-0.03484819163032075,-0.3697191190677777,-0.0041247145633695,-0.242081221120044,-0.08891432120324913,-0.3574342785429293,-0.04984920349112497,-0.045591930126560036,-0.10210068469051219,-0.029269284276966553,-0.07910322160209224,-1.0456336342578214,-0.10173174378068696,-0.01664114013824355,-0.06753062815243403
Electrical machinery and apparatus n.e.c. (31),CH,776.465314744,-0.013883250317593278,-0.0030123441025149064,-0.0029138910611237454,-0.0010493268111733578,-0.00451460574209753,-0.010742807685797467,-0.004797628249177113,-0.0015041835214234685,-0.0015129826359402557,-0.0022484688144845597,-0.005369699038483726,-0.001120880948673741,-0.0023492045694156966,-0.003046806190679865,-0.0011574745048997294,-0.002388611139177965,-0.0019371611847361168,-0.0032215835724490076,-0.0024569694158567477,-0.0023214440812133696,-0.0033650687118576216,-0.0032706467987687515,-0.0018472092340818217,-0.0019061947960276606,-0.0012045992260614243,-0.003009500079789612,-0.0016865113797302884,-0.0026390766483855165,-0.00015461161073321452,-0.00026770810523466215,-0.0004911787985056473,-0.0003619708472078809,-0.00041876437604386485,-0.00034428213943541494,-0.00016619027064040324,-0.00017075331483233733,-2.8787597913036205e-05,-0.0003457500223731542,-0.003568185199925748,-0.0010203026801424001,-0.0008122561678887856,-0.0012043345884569453,-0.0008626094762230769,-0.00013353022967669311,-0.00041527114729069585,-0.00034448086689796133,-0.0051590800542029806,-0.00012001543087426431,-0.0002786851642107404
Electrical machinery and apparatus n.e.c. (31),CN,1054132.87514,-4.155788328409659,-4.300147820726881,-19.527914714862757,-1.8217820010877714,-3.0295760293171257,-6.1807019464924045,-3.7589930393223674,-1.8289560347718241,-3.5957854017374813,-8.526463839559932,-3.175766464457807,-6.9732634166256755,-3.631892401127337,-4.384652504806235,-1.7777110260448044,-2.145744975701946,-1.9559482222873363,-2.666626201156152,-1.8029558180828797,-1.6959899445774644,-3.716675728282071,-2.590813516846232,-3.374685375215446,-2.901017076504886,-2.7020051679623256,-2.3629722368219506,-1.8880507171146488,-3.4991105992597524,-1.2770447757684613,-15.718239765207018,-163.95615122723336,-2.7834318371815696,-20.796443069096796,-3.357253646273532,-1.9522732282604127,-2.414703665545005,-1.3506882183280644,-10.382427077316397,-2.5508715673257916,-4.837421088791653,-0.5729900069634101,-1.2554231499877146,-3.2212744547302345,-2.5361024791373272,-17.376695393133808,-3.4385287204915866,-5.1362105091699135,-1.8906516972317398,-7.263687884907873
Electrical machinery and apparatus n.e.c. (31),CY,274.017418087,-0.0003081712368352644,-0.00029738755769576563,-0.0006123831253694167,-2.2380067190782955,-0.00011525823168300399,-0.00019142281386231598,-0.0001608033403964351,-0.00020117132090000025,-5.4127092963162184e-05,-0.00010046060134396981,-0.00014275333168100394,-0.0015550964190687861,-0.00043073058943821866,-0.0005326161793901634,-0.0002618241493532507,-5.640243820940916e-05,-7.568627465803565e-05,-0.0001439530553424097,-0.000650584209758132,-4.834864363439905e-05,-0.00043842352896216315,-0.0001161457662509848,-7.521245173463522e-05,-0.0001782741006104217,-7.52058288298041e-05,-0.0005169324053958429,-0.0006768018735134327,-0.0009075232599858802,-1.946665346444211e-05,-2.0887556071323982e-05,-2.4346250071523e-05,-4.383313518572898e-05,-3.675141877861899e-05,-2.8756496795651868e-05,-2.053527684261847e-05,-2.6283576800859404e-05,-2.5198962839473432e-06,-0.00013252306503214685,-6.794935198307457e-05,-8.596517052630103e-05,-0.002405547991085193,-0.00010383611515745309,-8.751966186366019e-05,-1.7183991298653353e-05,-0.0001196756728147984,-2.8784623119009327e-05,-0.0005050101993098689,-1.4500775255679098e-05,-5.893200224893392e-05
Electrical machinery and apparatus n.e.c. (31),CZ,639.272186495,-0.0011034531767973458,-0.00024914865533942333,-0.0015856670997950676,-0.0003099134483203896,-0.0005203542563678647,-0.0013411527076447863,-0.0003127527560828975,-0.0003305621277124211,-8.825965829826034e-05,-0.00019759108925846507,-0.00013242236047094174,-0.00025086919014651813,-0.0005040577704530544,-0.0014956656592149651,-0.00013810786759255246,-0.00013736611817121602,-0.00039900376602306935,-0.00021388251122118538,-0.00022282367637911887,-8.643558409105685e-05,-0.0002509782381026096,-0.001399701763195369,-0.00012003824565658628,-0.0003250816560776888,-0.00012992832733602048,-0.0002753554838212584,-0.002348407563341101,-0.0002139572714923037,-1.3981632272321739e-05,-3.2815674000515755e-05,-4.749186161178271e-05,-0.0001626905994295872,-0.00010942935354226397,-2.7522242844518595e-05,-3.12469983043389e-05,-2.440083483351756e-05,-3.258113665587066e-06,-7.113003237410041e-05,-0.0007380942062753357,-0.00037666491701756363,-0.0006118324162916351,-9.21345947626771e-05,-0.0004338582663964523,-3.3079878945292735e-05,-9.41172875841292e-05,-2.7574869107172908e-05,-0.003139445391010545,-2.57648011976428e-05,-3.870367170116403e-05
Electrical machinery and apparatus n.e.c. (31),DE,5114.34141582,-0.4819017402584665,-0.19921651685761588,-0.12324638941007597,-0.02411466270836554,-0.7388037717066912,-2.933234685103337,-1.2562261954982923,-0.08369668071973199,-0.04444329519167316,-0.07890640040670384,-0.1263043938566981,-0.04194113870318603,-0.08414188236182868,-0.1100725859178878,-0.024521037159543926,-0.04931344805336844,-0.06653300636667679,-0.7082945243791487,-0.04611207762512868,-0.03001261070573515,-0.4007301914630198,-0.1329443539752126,-0.054971558696969784,-0.05812272902118582,-0.10654345340278076,-0.06347375681364244,-0.06258946760820401,-0.049743308614003105,-0.004978668518213791,-0.009119598081317681,-0.020617796897240335,-0.050403204769118394,-0.00987370674915135,-0.010350495354247797,-0.005281856786923874,-0.006528724099356501,-0.0010128364855677746,-0.011899684160039472,-0.5771878078555048,-0.03573961971088203,-0.017529333327681813,-0.2046058607666069,-0.006120618945914626,-0.007969631887537493,-0.01812053365604631,-0.01036544452486546,-0.06597364313152122,-0.005118259378333781,-0.0157777090771359
Electrical machinery and apparatus n.e.c. (31),DK,0.0,0.0,0.0,0.0,0.0,0.0,0.0,0.0,0.0,0.0,0.0,0.0,0.0,0.0,0.0,0.0,0.0,0.0,0.0,0.0,0.0,0.0,0.0,0.0,0.0,0.0,0.0,0.0,0.0,0.0,0.0,0.0,0.0,0.0,-0.0,0.0,0.0,0.0,0.0,0.0,0.0,0.0,0.0,0.0,0.0,0.0,0.0,0.0,0.0,0.0
Electrical machinery and apparatus n.e.c. (31),EE,0.0,0.0,0.0,0.0,0.0,0.0,0.0,0.0,0.0,0.0,0.0,0.0,0.0,0.0,0.0,0.0,0.0,0.0,0.0,0.0,0.0,0.0,0.0,0.0,0.0,0.0,0.0,0.0,0.0,0.0,0.0,0.0,0.0,0.0,-0.0,0.0,0.0,0.0,0.0,0.0,0.0,0.0,0.0,0.0,0.0,0.0,0.0,0.0,0.0,0.0
Electrical machinery and apparatus n.e.c. (31),ES,21001.6418505,-0.13794806566445897,-0.18655999056829925,-0.26370378118589977,-0.07054366177760912,-0.10430087683446758,-0.20545547696832642,-0.12321128291472186,-0.05175465732813591,-11.373718646166418,-0.13733522893805122,-0.797512064500732,-0.5519538148680734,-0.09502199614772334,-0.09442664594372313,-0.11712327564141024,-0.11054294194826265,-0.06332409409469857,-0.13790004227472724,-0.09272149039945797,-0.09756814625081688,-0.19123501799301976,-0.11040126678511435,-4.024194146265292,-0.17577432570221527,-0.04830078769610745,-0.1020493560246781,-0.07154861593190491,-0.22486175225134197,-0.010943776000757093,-0.021811610707331005,-0.044656909624363805,-0.035548620219400924,-0.056128459230626426,-0.025631150053957164,-0.015739367653373353,-0.019218766345735466,-0.0018990422028852243,-0.035791977171803664,-0.12510476997424072,-0.4010421696773193,-0.03243776423239005,-0.043153479297157696,-0.05136683939756305,-0.02274577483800035,-0.04703547102762571,-0.025915985815152153,-0.13836177568156727,-0.07236041746607753,-0.07417983973786366
Electrical machinery and apparatus n.e.c. (31),FI,0.0,0.0,0.0,0.0,0.0,0.0,0.0,0.0,0.0,0.0,0.0,0.0,0.0,0.0,0.0,0.0,0.0,0.0,0.0,0.0,0.0,0.0,0.0,0.0,0.0,0.0,0.0,0.0,0.0,0.0,0.0,0.0,0.0,0.0,-0.0,0.0,0.0,0.0,0.0,0.0,0.0,0.0,0.0,0.0,0.0,0.0,0.0,0.0,0.0,0.0
Electrical machinery and apparatus n.e.c. (31),FR,5839.34624108,-0.06416379115237783,-0.26113224146647784,-0.07529134498939413,-0.010092704985192165,-0.041161713842529056,-0.11610522266550528,-0.04998094047307488,-0.012088002384138562,-0.18738949086538578,-0.05421477821383474,-0.9382940300790925,-0.019127123265585293,-0.019588912905220753,-0.026996178817895566,-0.019722797635674114,-0.03522110165768316,-0.019962121239659614,-0.23962950548010745,-0.008042638882326564,-0.03183499334356256,-0.06722219530917901,-0.040329451157854836,-0.09427561794653856,-0.03954151361527636,-0.014432251164083369,-0.035070664269370264,-0.010455601656065345,-0.12095459412172892,-0.0020894234641507217,-0.003305512602493276,-0.007746301027696144,-0.03575195090795221,-0.005503502358343626,-0.0029029081427540664,-0.0027534112812399353,-0.0029957775738523673,-0.0005352380549050945,-0.005964005610026451,-0.2120148418391674,-0.021502772108259197,-0.0033552442208674782,-0.013888451131377143,-0.0023832670940516208,-0.0029582114598573337,-0.0039781176757345705,-0.0030286439864544274,-0.027037121525707076,-0.00630854119261773,-0.005143836713256824
Electrical machinery and apparatus n.e.c. (31),GB,4385.26245859,-0.011867202341949329,-0.2850372946377152,-0.012414579434598616,-0.03665767842336086,-0.15104021875008386,-0.01713695960009031,-0.01476726872227088,-0.024518668368856612,-0.01251037817577731,-0.01532324011415398,-0.11752173888832493,-0.012227991223677598,-0.01047948776328058,-0.009154625638416012,-1.6976151173693539,-0.010324728508341721,-0.01287588026150702,-0.6157918744204034,-0.014861087466837421,-0.006676135939787112,-0.25509783452223794,-0.01590980495275856,-0.02327841242054585,-0.00949214678221489,-0.007520019832085941,-0.007457313923109645,-0.011490704503284467,-0.4618405668632529,-0.0018137238914025982,-0.0028037265851928025,-0.008669254385364195,-0.005186833026640354,-0.003619845058560137,-0.00146924303058724,-0.0028037418877073167,-0.0027028325698528585,-0.0002684608859175465,-0.005057881960985838,-0.009166257749067938,-0.011415031171512815,-0.00429270681844738,-0.09165080276251547,-0.002972541015738914,-0.003535959433565724,-0.008722713679231078,-0.0014694997561155842,-0.008745489810530138,-0.002948748116411519,-0.006439418982637194
Electrical machinery and apparatus n.e.c. (31),GR,1546.21031072,-0.020768509315383446,-0.030407060236388464,-0.4587259305080849,-0.09614513594190639,-0.027900975709283647,-0.03080539126594859,-0.020277444605291864,-0.016839796606636825,-0.02529409140015771,-0.030168233870448983,-0.02701305205575377,-1.6337017184909899,-0.05904346458544313,-0.7048692926880921,-0.019414660201326407,-0.019676737857738113,-0.013855581569870528,-0.018766943250970027,-0.03434365023434716,-0.01601078072819541,-0.027793236831556933,-0.016659913117447966,-0.02046214675412159,-0.05759895081363465,-0.007718919200077256,-0.7685596129691505,-0.032526960186579794,-0.041376457983861706,-0.0031024456968563904,-0.002658062193289812,-0.005813616980639948,-0.004255077756214261,-0.009998627768027115,-0.026482524204027098,-0.004880953570097637,-0.007272394989203012,-0.00046811955049462034,-0.007857073323540591,-0.01861910838930474,-0.0899878790958469,-0.011692312938542343,-0.007581516784318453,-0.006676889926817729,-0.004023014858842523,-0.006651963555478631,-0.026502500074062345,-0.4674395747356336,-0.004076514382491892,-0.013071559908958664
Electrical machinery and apparatus n.e.c. (31),HR,0.0,0.0,0.0,0.0,0.0,0.0,0.0,0.0,0.0,0.0,0.0,0.0,0.0,0.0,0.0,0.0,0.0,0.0,0.0,0.0,0.0,0.0,0.0,0.0,0.0,0.0,0.0,0.0,0.0,0.0,0.0,0.0,0.0,0.0,-0.0,0.0,0.0,0.0,0.0,0.0,0.0,0.0,0.0,0.0,0.0,0.0,0.0,0.0,0.0,0.0
Electrical machinery and apparatus n.e.c. (31),HU,0.0,0.0,0.0,0.0,0.0,0.0,0.0,0.0,0.0,0.0,0.0,0.0,0.0,0.0,0.0,0.0,0.0,0.0,0.0,0.0,0.0,0.0,0.0,0.0,0.0,0.0,0.0,0.0,0.0,0.0,0.0,0.0,0.0,0.0,-0.0,0.0,0.0,0.0,0.0,0.0,0.0,0.0,0.0,0.0,0.0,0.0,0.0,0.0,0.0,0.0
Electrical machinery and apparatus n.e.c. (31),ID,9369.13793315,-0.022631204785564765,-0.033155223810687716,-0.022628863949498503,-0.04196024860421716,-0.016030174088130407,-0.03306851049659872,-0.020855706314993495,-0.013221905990258746,-0.019626347275612452,-0.02784129815217978,-0.019332087292375594,-0.1734785939334393,-0.01586078656697589,-0.0179008677614784,-0.029138344607483678,-0.016096094795885724,-0.012044107044149543,-0.020819180396215057,-0.019813412429396358,-0.010954584583786856,-0.03072962683667865,-0.013319843770356578,-0.01474654113187485,-0.010687363959106395,-0.016500803385321543,-0.014398520756867095,-0.01347211000765099,-0.05641667829882281,-0.010484470218816202,-0.13670068268060093,-0.14804840924295623,-0.02933211030928428,-0.21802671810660137,-0.03279820097159137,-0.040727482839746226,-0.013687667395258283,-0.004342269818093612,-0.16225277226981838,-0.013777760346743172,-0.03280105835263822,-0.01857532040267625,-0.008649652133343065,-3.6740390312695212,-0.02263232552661426,-0.2415596567195074,-0.03281506284609452,-0.018665509289562208,-0.00866347073176385,-0.0771766432576917
Electrical machinery and apparatus n.e.c. (31),IE,0.0,0.0,0.0,0.0,0.0,0.0,0.0,0.0,0.0,0.0,0.0,0.0,0.0,0.0,0.0,0.0,0.0,0.0,0.0,0.0,0.0,0.0,0.0,0.0,0.0,0.0,0.0,0.0,0.0,0.0,0.0,0.0,0.0,0.0,-0.0,0.0,0.0,0.0,0.0,0.0,0.0,0.0,0.0,0.0,0.0,0.0,0.0,0.0,0.0,0.0
Electrical machinery and apparatus n.e.c. (31),IN,41002.5357891,-0.3446704039921897,-0.8048271594860452,-0.47110251252796614,-1.6880824422094105,-0.23374046332532233,-0.5141609707620092,-0.3076042339031114,-0.14711882136880994,-0.23254942778949717,-0.5364528288296134,-0.2566741904580275,-0.2942996832863905,-0.14723086455811832,-0.1959756155625261,-0.4564054951428033,-0.2015205988127808,-0.1658055750822671,-0.30931891927966076,-0.12452818324518268,-0.1530059890641916,-0.5745472499521943,-0.22385883059713718,-0.2604218571434182,-0.19237042804315008,-0.4244076137003463,-0.1860652375626286,-0.08958742699239704,-1.0983778708246552,-0.1054984982935517,-0.5300285629916642,-0.5026256623766723,-0.15782082217465387,-0.9516269080398833,-0.6019455004739197,-21.683647042407653,-0.15768541027162583,-0.012882272665138316,-3.0218233551802602,-0.1903260987619874,-1.3549017677340491,-0.05811531166848964,-0.12095388276147678,-0.15778606265684927,-0.4893466305347382,-1.0842313731201596,-0.6021663326670758,-0.2529764807917653,-0.14710064295696473,-1.2461992267166526
Electrical machinery and apparatus n.e.c. (31),IT,11285.3481337,-0.10006930309450233,-0.04331744325542192,-0.1430311931675736,-0.027193947619460937,-0.2734460556743342,-0.12039004875132127,-0.03313525028757787,-0.020138081440734732,-0.03528553808790309,-0.03432141192382708,-0.12014986691372208,-0.16257926706609102,-0.0898438842893509,-0.10218274382425532,-0.027221760540359102,-6.846165980810028,-0.022558638839529306,-0.02862770008950124,-0.03498307168890913,-1.310739827766226,-0.04017848104495095,-0.03200422401573533,-0.03274998434079129,-0.050379653343106304,-0.013609879058613735,-0.8890276665099075,-0.04600801316361504,-0.03820140204743773,-0.007663214908382462,-0.04203742592784702,-0.03962616268585418,-0.037302005983567796,-0.056056915981678085,-0.027878942000307706,-0.0525255178446562,-0.008158641654687895,-0.0074361873042107845,-0.04026414872094193,-0.5649684216631015,-0.06871867257979757,-0.01690565981749065,-0.011200083580083148,-0.016331380878484184,-0.023568557031230616,-0.17332665224257165,-0.028543906113111178,-0.35268673208424156,-0.05819455212873602,-0.10597176281726563
Electrical machinery and apparatus n.e.c. (31),JP,39970.0695798,-0.47231475085983476,-0.5576391983542989,-0.6879172507075821,-0.19393971074942784,-0.29677065948083153,-0.5281715638388232,-0.36866652404751693,-0.2554713908170858,-0.24467299447430202,-2.2156322911121684,-0.27364012674666743,-0.3473170151528554,-0.1939225210567256,-0.22965095276334271,-0.28988270647425124,-0.17580174097189688,-0.2018848373274222,-0.2691677531669685,-0.18575004600732675,-0.1364778999981247,-0.5675978589058862,-0.27318520648797506,-0.17238939669907993,-0.1793211349955687,-0.6690278802141572,-0.17806316364857913,-0.22831283938461314,-0.4348123005592699,-0.1843008807137974,-58.84846983333271,-0.9781900102711891,-0.9042211441230978,-1.9722796038772483,-0.4126393674222688,-0.16378295668117995,-0.21850148742263625,-0.03416726334146299,-4.369649221854929,-0.21385159634756531,-0.296029787501943,-0.24617004880787097,-0.14697172526893001,-0.5739062642886905,-0.13619012437301423,-0.8466293012064855,-0.41453069205882187,-0.27579924118598526,-0.11352605373625524,-0.5756325609971455
Electrical machinery and apparatus n.e.c. (31),KR,25609.8817919,-0.44713691549167905,-0.6363864596481906,-2.213238181880181,-0.3665594807526449,-0.2748699995041482,-0.6683557806873777,-0.35191621263343764,-0.23070824788792285,-0.3234051826399598,-1.4555804216280852,-0.3274073158136268,-0.4057001091682213,-0.24624814236857803,-0.29469598850981316,-0.33109684471893114,-0.16252836250417932,-0.2292827596072599,-0.3043830873716457,-0.18515581154577102,-0.11440053681059308,-0.4203165243261336,-0.36117461160750297,-0.28338778188954505,-0.24220381461507293,-0.36983040764126984,-0.18804832705843444,-0.16744637477390545,-0.7050111912827898,-0.2556695815548637,-1.724935427752745,-1.7468148894961997,-0.38414015865061235,-31.827554303341287,-0.447480385278426,-0.30557330896565904,-0.5939418550571293,-0.030511546226951857,-2.443311423840109,-0.21261191815784977,-0.4622243333846276,-0.09147531096758435,-0.12688814770781637,-0.26399842263441514,-0.1312867636274793,-0.9053056451054496,-0.46933618248359804,-0.23935945515399862,-0.10652994802691737,-0.6841276608780399
Electrical machinery and apparatus n.e.c. (31),LT,839.509467037,-0.0001829066015599002,-0.0001758075365165843,-0.00038087743501230906,-0.00019649960677563155,-0.0002674911800898552,-0.00036340520186719453,-0.0002632976422633475,-0.0040965227468249005,-8.352171404928345e-05,-0.0009481597088002681,-9.211955740362806e-05,-0.00017696632429947107,-0.00034692221234828414,-0.00036515052101400143,-0.0001099555932438272,-6.119219616252815e-05,-0.0012839741252080544,-0.0001376112136655003,-0.056759867125343456,-7.803055069198665e-05,-0.0002004670374224712,-0.005419921427829018,-7.364956205150313e-05,-0.00016181113370952743,-0.0015639019749575883,-0.00014388634188227596,-0.00021441844599940895,-0.00014161667148998022,-9.652123802489534e-06,-1.818414737648013e-05,-2.3525509212958454e-05,-4.6043514459371574e-05,-5.896548680191973e-05,-1.6595352200128673e-05,-1.553958648037761e-05,-1.571973111989448e-05,-6.63253449130468e-05,-6.104943952720434e-05,-0.00012450376182078987,-0.00010834809417535888,-0.00048248390754486036,-0.00011038250081990147,-5.827341707551421e-05,-1.8707796247389298e-05,-2.6867342855706505e-05,-1.6619448560621502e-05,-0.0009747175954856514,-2.0149259443649103e-05,-1.8872962341982244e-05
Electrical machinery and apparatus n.e.c. (31),LU,137.649044889,-0.00012705253172928428,-0.0007516406128168012,-0.0007224840498383243,-6.0725695805181605e-05,-0.0001161573572593568,-0.00042654785901293494,-0.0003007598730111188,-7.576095059051858e-05,-8.538317811301489e-05,-0.00014844596276027805,-0.00027332814016198367,-9.471571899170129e-05,-6.5039760197183e-05,-5.5109126872318495e-05,-8.0925217026703e-05,-3.526897541762266e-05,-8.899828164845363e-05,-0.00015680773913574755,-0.00010327502872153762,-3.4978187696531673e-05,-0.0015786044478613922,-0.00015747239264060316,-7.634390947737236e-05,-8.426567571207206e-05,-5.2392462194241256e-05,-4.80810785965724e-05,-7.613756999595574e-05,-0.00019547901811212777,-8.11426718187661e-06,-3.0532802184037314e-05,-1.9044558492627446e-05,-1.9132073735252444e-05,-6.130832161315843e-05,-3.488708666271232e-05,-1.156465601280763e-05,-1.1962250218597092e-05,-1.5785887983647873e-06,-5.763594862802757e-05,-0.00012139924257323962,-9.473583506190115e-05,-4.3133935879183404e-05,-0.00010280828242346485,-4.173893302183699e-05,-2.2257929270263224e-05,-2.4746737671337805e-05,-3.491962782813683e-05,-7.358778480512903e-05,-1.922414240430296e-05,-1.933071608288556e-05
Electrical machinery and apparatus n.e.c. (31),LV,1115.03615954,-0.0024257165606124138,-0.002883586271248882,-0.004212076565201912,-0.013577188736567037,-0.0016387585858713323,-0.001470110703613611,-0.0017218902299957605,-1.0243614468623892,-0.0005497970348641163,-0.004337286289873682,-0.0010744703949003445,-0.00510622044822944,-0.009610943773051295,-0.006389105125301594,-0.0031731300805349105,-0.0005592805701874909,-0.12773270899177805,-0.0016287493814047926,-0.6261407338084447,-0.0004242908834471978,-0.004124122290510797,-0.015446561191939575,-0.0008874987110987215,-0.0031196532254221605,-0.006123545903392618,-0.0021265625242961462,-0.011165165525858368,-0.010673296192323265,-0.00019716029679572077,-0.0003661612098807189,-0.00037059215239587147,-0.0008003723481795798,-0.0007810756477073375,-0.0015475082822980597,-0.00037383856446571097,-0.0013993680687670277,-0.0002509073902894373,-0.006631159563676887,-0.0007385441452988189,-0.0007555291841554741,-0.026136015010281895,-0.0011993666609608346,-0.0010813202898877002,-0.000996561195927021,-0.0013347576151549964,-0.0015512872246118711,-0.005199562167099343,-0.0005521783053071164,-0.0007397373836632507
Electrical machinery and apparatus n.e.c. (31),MT,0.0,0.0,0.0,0.0,0.0,0.0,0.0,0.0,0.0,0.0,0.0,0.0,0.0,0.0,0.0,0.0,0.0,0.0,0.0,0.0,0.0,0.0,0.0,0.0,0.0,0.0,0.0,0.0,0.0,0.0,0.0,0.0,0.0,0.0,-0.0,0.0,0.0,0.0,0.0,0.0,0.0,0.0,0.0,0.0,0.0,0.0,0.0,0.0,0.0,0.0
Electrical machinery and apparatus n.e.c. (31),MX,15305.31381,-0.37938446040755613,-0.26127309604703497,-0.2957667053964492,-0.12444669073344207,-0.17753842853590796,-0.4589150851898246,-0.2400355551432292,-0.10488372800283714,-0.2678631013899927,-0.38059778874656186,-0.15758621231687372,-0.10475253904524043,-0.12392071286688185,-0.16027037904316466,-0.1061824546228877,-0.11417734426085846,-0.13036102427855623,-0.16395453156779358,-0.112124188679711,-0.11288283381270743,-0.21084431298616033,-0.1333986379245993,-0.23439488260753558,-0.11004572951769861,-0.10914176964050243,-0.15065631285235442,-0.08586253819261674,-0.19402277782801866,-0.737252466876158,-0.517358990733119,-0.5120918486604918,-0.5516253695166994,-1.1413596368575765,-0.19123681266943518,-0.07183774717643197,-12.888524398668537,-0.006789118650631155,-0.28319298060748344,-0.16316839965470184,-0.1872918752297682,-0.06810654371284895,-0.07591180177728292,-0.15943447874578523,-0.0396302928580026,-0.14957333336226217,-0.21193210749184097,-0.1210058513402378,-0.02392128239949528,-0.11026802553145068
Electrical machinery and apparatus n.e.c. (31),NL,0.0,0.0,0.0,0.0,0.0,0.0,0.0,0.0,0.0,0.0,0.0,0.0,0.0,0.0,0.0,0.0,0.0,0.0,0.0,0.0,0.0,0.0,0.0,0.0,0.0,0.0,0.0,0.0,0.0,0.0,0.0,0.0,0.0,0.0,-0.0,0.0,0.0,0.0,0.0,0.0,0.0,0.0,0.0,0.0,0.0,0.0,0.0,0.0,0.0,0.0
Electrical machinery and apparatus n.e.c. (31),NO,3760.68439826,-0.0004007796011500124,-0.00040520685800350247,-0.0003818818165921093,-0.0005010324007951347,-0.00027614448558075814,-0.0011306953933608497,-0.004584308495378644,-0.0006227356486238214,-0.0003719647725729226,-0.001965289859677499,-0.00022211503748977756,-0.00021007481112791533,-0.00030672383151339304,-0.00023435313892778328,-0.0004243884173382745,-0.00011676305091499864,-0.000686227947900444,-0.00031362680693594694,-0.0006017151040573256,-0.00011397025377812422,-0.0015155678797164228,-0.0005766823868380829,-0.00035832485111812285,-0.00025747169941636825,-0.00483319273283937,-0.00016478152721364106,-0.0002516375661247307,-0.0008569329889100992,-3.9593474666151286e-05,-0.00011203440495972361,-0.0001477795009360701,-0.0001654928742116583,-0.0001496538581736149,-0.0005733700821541449,-7.066480516432012e-05,-7.004514820399791e-05,-1.915996063891096e-05,-0.00012688622754998357,-0.00019316559234823486,-0.00018399576933348134,-0.0003306908096656262,-0.0004790055351081087,-0.0002751419709233073,-4.991235706246141e-05,-0.00014670437307942206,-0.000573453694207506,-0.0002552434444441448,-5.7346137155042365e-05,-0.00019866772151492848
Electrical machinery and apparatus n.e.c. (31),PL,4201.25479144,-0.008550630851592415,-0.006462222489187541,-0.01298470561924405,-0.006774528323544596,-0.015561042088807897,-0.02645946902410259,-0.008599476628321919,-0.026395763526352298,-0.0037939328347056157,-0.008439847749116932,-0.004504042131365338,-0.023187661653032546,-0.011726308772817533,-0.010608136948851129,-0.0040040389874636765,-0.0032069314112057406,-0.3917239814691934,-0.0055688571244809455,-0.01862332706570457,-0.002943359987754401,-0.008054089011275151,-3.0851997936678863,-0.004856671042081986,-0.007805152410444519,-0.02477768974139895,-0.004805248652965891,-0.013172714450150095,-0.007117214540520513,-0.0004963490936232037,-0.001155805247676052,-0.004738729287100461,-0.002983065434254804,-0.00390851223364963,-0.0006115362769790255,-0.0030826735101057465,-0.000755602072151868,-0.00019309979430205289,-0.0022595932966790757,-0.005091844247704705,-0.0034657642040929666,-0.003372428114366742,-0.0030912063173962312,-0.0022865296034376035,-0.0014331433729118507,-0.004245611353074779,-0.0006139616003926728,-0.0296300036832429,-0.0007323516775994592,-0.0013124728035515236
Electrical machinery and apparatus n.e.c. (31),PT,3381.08438096,-0.02220117428613559,-0.0319564935904193,-0.03592777920325233,-0.027890082877631606,-0.01575461290400103,-0.025641890838007133,-0.01844316625302029,-0.012082686899659096,-0.7107419016641958,-0.02912062463012121,-0.032867750025458956,-0.16310339801190946,-0.020168230042735533,-0.016953724920139142,-0.018743124676775205,-0.010298534900202168,-0.011838509503190162,-0.01845359884273497,-0.023320134350707813,-0.01099232095569788,-0.029112175253484165,-0.016020338879331783,-5.512622129932477,-0.01499703838223381,-0.009469322187787144,-0.013902714810971138,-0.021655127669755126,-0.02809428123080254,-0.001917638562164336,-0.006851403580504367,-0.0037934176844176206,-0.008522855229271395,-0.009731724844281656,-0.008176069116720728,-0.003284241399098234,-0.0031093900007494782,-0.0003696481392368762,-0.008060993023978573,-0.015029643754178498,-0.02618557999575339,-0.030606869588414336,-0.007370263931885297,-0.02389415971756354,-0.009059214697496836,-0.005645416164731075,-0.00818597983173467,-0.016403083208687542,-0.005861987588592255,-0.012381325928690854
Electrical machinery and apparatus n.e.c. (31),RO,0.0,0.0,0.0,0.0,0.0,0.0,0.0,0.0,0.0,0.0,0.0,0.0,0.0,0.0,0.0,0.0,0.0,0.0,0.0,0.0,0.0,0.0,0.0,0.0,0.0,0.0,0.0,0.0,0.0,0.0,0.0,0.0,0.0,0.0,-0.0,0.0,0.0,0.0,0.0,0.0,0.0,0.0,0.0,0.0,0.0,0.0,0.0,0.0,0.0,0.0
Electrical machinery and apparatus n.e.c. (31),RU,12131.6226269,-0.03364062893049483,-0.02649293574014676,-0.15198719062902166,-0.04918903129000409,-0.12762399797979782,-0.04658905668898109,-0.04161509657973185,-1.8569643628732668,-0.01629714899372769,-0.32447745124687716,-0.016101680440662767,-0.2807841594243668,-0.7834486941358484,-0.8800208041356287,-0.009408216749796392,-0.015595315089854471,-0.8000806896907482,-0.02517926440261945,-0.37893937178505105,-0.009048886534261762,-0.03381008513139407,-0.04879885107458102,-0.018631603991017917,-0.17671489275404553,-0.03131928744820158,-0.1615674261492308,-0.36605544067901735,-0.022414514422246432,-0.0022241815946188043,-0.009953392572354862,-0.014870151161016353,-0.007271248303423358,-0.023419048513711772,-0.006029602575932356,-0.0038048858390992524,-0.006707407858574936,-0.003838638202739475,-0.015056315461380775,-0.043136697484987795,-0.02376625918203068,-0.008786662975572599,-0.010142579225600995,-0.004648134972172714,-0.0023159836581191774,-0.0483071753836298,-0.006280710574502221,-0.24269523810331436,-0.002284892033190628,-0.009254204157022652
Electrical machinery and apparatus n.e.c. (31),SE,2200.93360306,-0.0013797058801963496,-0.0015942033758831803,-0.0013222554560619081,-0.002476703947633365,-0.0010357596115344603,-0.0016766019020822524,-0.04004910936554139,-0.0032472476291954106,-0.0005925227189177409,-0.009012689800908736,-0.0008124306664355195,-0.000814509254472985,-0.0017010288465915376,-0.0014198644992005052,-0.0008079082824771185,-0.00039169484372644005,-0.036246812409250116,-0.001027607668573319,-0.006005197500516294,-0.00033625292731794963,-0.0018763606595342747,-0.0033546352581568287,-0.0007705833994280413,-0.001087648133597009,-0.03248637236616233,-0.0006795125402788266,-0.001784822554267145,-0.0011290246372166564,-0.00010914325063308699,-0.0001683505527653006,-0.0005239783599901094,-0.0038740655131131612,-0.00032881062211212746,-0.0001914378805573396,-0.0002160105689321484,-0.00013834008062029717,-7.024478397596294e-05,-0.0004846233669021267,-0.0008168987509159079,-0.00038594106270221863,-0.002362045709885575,-0.026848697482443035,-0.0006610754432142869,-0.0004053800959857884,-0.00033858340874027204,-0.00019192337910764449,-0.0011292745793316107,-0.00018902186154772017,-0.00022798642233663074
Electrical machinery and apparatus n.e.c. (31),SI,0.0,0.0,0.0,0.0,0.0,0.0,0.0,0.0,0.0,0.0,0.0,0.0,0.0,0.0,0.0,0.0,0.0,0.0,0.0,0.0,0.0,0.0,0.0,0.0,0.0,0.0,0.0,0.0,0.0,0.0,0.0,0.0,0.0,0.0,-0.0,0.0,0.0,0.0,0.0,0.0,0.0,0.0,0.0,0.0,0.0,0.0,0.0,0.0,0.0,0.0
Electrical machinery and apparatus n.e.c. (31),SK,0.0,0.0,0.0,0.0,0.0,0.0,0.0,0.0,0.0,0.0,0.0,0.0,0.0,0.0,0.0,0.0,0.0,0.0,0.0,0.0,0.0,0.0,0.0,0.0,0.0,0.0,0.0,0.0,0.0,0.0,0.0,0.0,0.0,0.0,-0.0,0.0,0.0,0.0,0.0,0.0,0.0,0.0,0.0,0.0,0.0,0.0,0.0,0.0,0.0,0.0
Electrical machinery and apparatus n.e.c. (31),TR,2315.86115835,-0.004082325300838523,-0.004209936072642578,-0.02410190412605777,-0.004557002015330204,-0.0037994848129047592,-0.004914782705255383,-0.003171473122597495,-0.0037674192020939095,-0.003454155770922734,-0.004714854636209988,-0.003024110732100942,-0.057760902898244676,-0.005114457909315731,-0.005892015016779085,-0.0019269058968582975,-0.002897807073100202,-0.0029052264158897813,-0.0025801038342948956,-0.0031022758688276707,-0.002189544884234326,-0.0032218651251237356,-0.004046821402636791,-0.004016527898212832,-0.008781934402286615,-0.0014579385530470437,-0.003343377495472802,-0.0036564557881854317,-0.003307093546480803,-0.0005292026356668952,-0.001324280606210757,-0.00200659467801455,-0.0010840575239044333,-0.003702379227378222,-0.0009841509470809846,-0.0012034592094364164,-0.0005551320811996911,-0.00010916221023862997,-0.002326028916961875,-0.002713686261640828,-0.7075668337975909,-0.002342595899482925,-0.001060420974609065,-0.005230065005015596,-0.0005996633800869624,-0.005077925096468081,-0.0009867936281094465,-0.006944717854320338,-0.0007457508141333276,-0.004477347691671375
Electrical machinery and apparatus n.e.c. (31),TW,4110.77680149,-0.0024540958507807066,-0.0034744092457300885,-0.0029474746703564247,-0.013394758575096765,-0.002228270233931291,-0.0023995843358727248,-0.0024456164942775267,-0.004232054974588474,-0.001864731609584242,-0.006072514672839478,-0.0024987544366066993,-0.0022383049996941564,-0.00341512782451775,-0.0026122132128346166,-0.004036311800803702,-0.0014060679259812663,-0.003498805542362766,-0.0030131514357020404,-0.005127222794803165,-0.001440076129091498,-0.0036501017130402364,-0.0032676666229341125,-0.0027786542797161784,-0.0018715001106487843,-0.002531991218947263,-0.001739723353706724,-0.0036252980318097565,-0.004120522368160163,-0.0012922421038546836,-0.015805229223102762,-0.0023256721378529565,-0.0032630689680822004,-0.004463787406799309,-0.0009999939380620961,-0.001627385061779651,-0.0013819393247648693,-7.691896913645561e-05,-0.004271201818686104,-0.002015449999231611,-0.0023818924190764875,-1.0015359150005465,-0.0011210206251940254,-0.009781146100043641,-0.001636629272828335,-0.004240288431977348,-0.001002286460362554,-0.0027071228712125975,-0.0010002706991019373,-0.0013074739179167482
Electrical machinery and apparatus n.e.c. (31),US,183002.803732,-4.003866134705323,-3.2452472150145817,-3.1300080517413678,-1.0405218831159262,-2.5442416268656927,-4.993841823057049,-3.2338352707155082,-1.0047529803769928,-1.8153826866724454,-3.1310232551260873,-2.099174644237129,-1.4671583472601628,-1.2200614576806565,-1.6144579921307614,-1.8851641347209087,-1.8743196146705072,-1.5033973801766647,-2.384779112127648,-3.880549042707864,-1.3586775383630396,-3.463285560886098,-2.365611599161032,-2.3272580480143596,-1.5007853067915358,-2.9573842764023834,-1.6812230118466327,-0.96461139253105,-3.3814813901489407,-35.879903087934366,-4.782459772444032,-3.400024489929196,-29.90216332899864,-5.804332845896241,-2.6388407266683975,-1.1004943685953235,-16.76635028633356,-0.07841675624942335,-2.8280829957999525,-2.074312846040353,-3.5931699540620015,-0.7531268812648263,-1.0085229439090742,-0.9204455972884517,-0.7556196760022336,-2.8592492789005797,-2.6631983908939896,-1.677484447953329,-0.44704676660276865,-2.9498025174456166
Electrical machinery and apparatus n.e.c. (31),WA,36202.4432825,-0.3732349659617016,-0.5020190968830285,-0.9017097963410515,-0.4003670346298093,-0.2540922560718624,-0.5188808940357936,-0.31412977506801687,-0.24070166851011465,-0.3116281290123688,-0.6832337419977808,-0.34405389229193967,-0.6448897758099059,-0.26539443869133267,-0.3116025073284328,-0.30814362094410597,-0.21852414913546964,-0.2620531011708931,-0.27982242681759584,-0.34585263982060344,-0.17221808614639797,-0.4215626779965674,-0.3135219197316315,-0.24620091566616636,-0.19062214217435675,-0.5761730256894191,-0.22196529113267277,-0.17133984052598156,-0.6452971426282145,-0.21215779703384668,-2.681420244539484,-1.9268439503848585,-0.27636048167581934,-2.734728927141816,-0.5596884058244438,-0.3902450412285653,-0.1819706222814938,-0.03342786921818652,-2.5795729458376715,-0.2241279214752497,-1.0747964845764568,-0.2625782700478233,-0.11757567944687695,-0.5696816017360664,-0.40541636538771075,-5.700531566705025,-0.5622917745511633,-0.42184046447303253,-0.11600802127140258,-0.6761156705851131
Electrical machinery and apparatus n.e.c. (31),WE,5241.80744336,-0.06954660611282865,-0.029654276354215275,-0.3257829961705974,-0.024392187970654282,-0.16244303963054407,-0.06155178305609713,-0.0443046595849919,-0.25857156502627454,-0.02204947852266641,-0.04226928213063895,-0.01823440270826759,-0.36747283736007996,-0.8991587859927628,-1.0388880741074769,-0.00878022871967877,-0.031609989511768584,-0.09109113800075068,-0.02834006953237499,-0.21317405490534455,-0.023803754890222333,-0.02713384233625515,-0.12018655070687911,-0.022362322647325676,-0.2659371254344017,-0.018074973509609016,-0.2175384836827675,-0.3481129161754171,-0.01824882241511027,-0.0015399899167887995,-0.004734047883425897,-0.01611378283069543,-0.009983104112841156,-0.011467140929344652,-0.018998386840036248,-0.0044815764330087444,-0.002789862852595572,-0.002079479968911425,-0.012390955612687684,-0.05707052111912949,-0.07725633825756684,-0.010408883316152577,-0.00891987971848971,-0.01350072029041448,-0.002597201396178788,-0.013950840414971306,-0.018999121486430962,-2.0814494512280635,-0.0024596302881654437,-0.008348304515390804
Electrical machinery and apparatus n.e.c. (31),WF,10723.3095772,-0.011092627377064,-0.021854692552465377,-0.02794147437143194,-0.08035677676294659,-0.008201791038800182,-0.014866380923397472,-0.009297679358109882,-0.010826366743506698,-0.040968400453553044,-0.012359479159187618,-0.02370908573634116,-0.022999849613873413,-0.008946209053914746,-0.011190362042481725,-0.006662248712929203,-0.012027063399181989,-0.007278176704081894,-0.010303762497708516,-0.023695568462246314,-0.009659481520221795,-0.014287746566783605,-0.009777201619239149,-0.07272964667467059,-0.011513365706031044,-0.004108420137399697,-0.010353642641369848,-0.005259259690535727,-0.01271394343227583,-0.001843824828236995,-0.0098414383593325,-0.029378161115308755,-0.005111590833569414,-0.020560604934740233,-0.007032132099337584,-0.009401795123182047,-0.002432146881854041,-0.00041042770887505256,-0.010969707326960162,-0.01104982459736858,-0.058518735628984124,-0.0034208654182243,-0.0033384399253290004,-0.006145211345738974,-0.2654062360211563,-0.016999856370785604,-0.007040668298209267,-0.01805411766787674,-0.7324847442589698,-0.03712959009866026
Electrical machinery and apparatus n.e.c. (31),WL,15392.695279,-0.10112239316488841,-0.09901123535468005,-0.09242069022852464,-0.09235309510380284,-0.06716959037364734,-0.13336059190622737,-0.08324713508638443,-0.04226145326447938,-0.22424099100435946,-0.1485102397341101,-0.07957739218162971,-0.07760538012058076,-0.06415699619484741,-0.07400922779180316,-0.042861196019501176,-0.08271544290225766,-0.045436732981065646,-0.06034770668056389,-0.07135917454963435,-0.06655544228238507,-0.09554414756018346,-0.059282548374977435,-0.18008743457520598,-0.05895332592844096,-0.08074079077151347,-0.07402502770206465,-0.037710418316880864,-0.07156210478146938,-0.08051138585599511,-0.1555367517860019,-0.29686562562170316,-0.17139912400703658,-0.2572724286475656,-0.6099382249493343,-0.03475115591343838,-1.6490264151083434,-0.003612785128705724,-0.13599091759940013,-0.06815816601178247,-0.37755911401505776,-0.024482219704769714,-0.028777002267700285,-0.062214469982951416,-0.028191632342997937,-0.08885578949058485,-0.6063227207793875,-0.10154238922451572,-0.013661876312255612,-0.08087102641212678
Electrical machinery and apparatus n.e.c. (31),WM,20476.4818345,-0.0911467531240785,-0.13789090454049766,-0.3363685253472038,-0.15952475732413113,-0.060750178247639376,-0.1212655883318494,-0.07519423088155502,-0.03681115769031415,-0.11470287241105839,-0.10808087859591602,-0.08636309987240315,-0.09473338161770949,-0.05226528808602506,-0.08148833060811195,-0.04919388743645309,-0.08063895744769291,-0.047193180126695884,-0.05739005872080787,-0.03470055067654336,-0.0631176259351559,-0.09702479773365885,-0.05733158763067873,-0.10499576354941854,-0.07183052087452539,-0.06747399966395787,-0.08352039067778168,-0.02848022013286302,-0.10424651850083488,-0.018254829136489778,-0.08776758554003056,-0.16105342590724667,-0.043534073810804215,-0.1493056686679394,-0.07999277432182493,-0.06947283068472572,-0.023128897671359016,-0.0025873929608596137,-0.20248391833983778,-0.062114149379490016,-0.7758115624739922,-0.00983582604708761,-0.027827152804327772,-0.03153803718742988,-0.09011365022535613,-0.10574633159747572,-0.08009332793611239,-0.10768196763266721,-0.03219950103140145,-0.18545044859651236
Electrical machinery and apparatus n.e.c. (31),ZA,4133.04386413,-0.014580111672543061,-0.023645792341346394,-0.037482347832329774,-0.020132467362940543,-0.011511935626640648,-0.025412373428791036,-0.015602287062530083,-0.007366081867630488,-0.0116217714178743,-0.03234072456651012,-0.013984347413292169,-0.01774790614859945,-0.010684009238800262,-0.009759168313650968,-0.01122288760022772,-0.00911205855438386,-0.008528155295363377,-0.012901418345608005,-0.013100011817210197,-0.005942471676922085,-0.017569504200614722,-0.011048152445077451,-0.013592784837854107,-0.011451738959652525,-0.008363696526616346,-0.007887817247858187,-0.010724154554713514,-0.01715298962788066,-0.002380190240546624,-0.007690816012047885,-0.014157809730028604,-0.007533644218521714,-0.016531176922497445,-0.009405215692790039,-0.011528721757596486,-0.0036866036252423532,-0.0004712744918856232,-0.02489625031828138,-0.010190267995856574,-0.01713818237944229,-0.022339489823887025,-0.005497142603613214,-0.014142308726344678,-2.1684270691521568,-0.009932144546873438,-0.009744145843246831,-0.009552854955407248,-0.05019258979263659,-0.06576487680503383
"Fabricated metal products, except machinery and equipment (28)",AT,30082.3683061,-32.73769284023764,-0.8686111748205506,-1.4072473273705888,-0.22866335527779522,-2.958434185064031,-4.78204516598382,-1.4233215920034672,-0.21402315939815075,-0.2795643882358951,-0.45358713539693774,-0.6552788860577337,-0.35492877487616187,-1.3288203009516868,-6.406305872171971,-0.26711724738909853,-0.29541405436593693,-0.5297895561524673,-0.8925168174827509,-0.2919664911824373,-0.5861104154718463,-0.9568734149776287,-1.4957726709611054,-0.19691970157080183,-0.48795197745211966,-0.20639870723764311,-4.545661588899084,-0.6155668567286838,-0.6377469024380424,-0.037770713874697916,-0.04724255670629179,-0.06444891293679272,-0.05061505496169495,-0.09195425718077435,-0.03867723933863771,-0.026293806802599348,-0.025087655936763813,-0.005067652979696921,-0.07725076134380748,-1.8790001708925526,-0.49061629814512997,-0.1174806006119837,-0.2998244887716137,-0.0912716637176681,-0.026581567480007066,-0.038938507409696295,-0.03873679207253219,-0.7855892764137274,-0.021543845284193456,-0.030482653217302667
"Fabricated metal products, except machinery and equipment (28)",AU,27895.6053448,-0.012445402749605036,-0.011968438921147453,-0.013942722454798015,-0.00809268506746697,-0.008127295668945983,-0.019107178214052466,-0.010399064918755797,-0.005406975042750824,-0.008354099721171434,-0.024763742338641776,-0.0074209238343640755,-0.034841726967009524,-0.0057312129422167745,-0.006527771578816134,-0.011653561926412809,-0.006021962295243217,-0.015408220235166584,-0.00921347620261842,-0.0062187760400217295,-0.0064958742712507705,-0.012547375805128354,-0.026004307944788148,-0.0060210265414489105,-0.004631799319137643,-0.007257919536497383,-0.007349741138873254,-0.004256389315184575,-0.02032792579804527,-0.0033020371956989413,-0.01848671469620714,-0.03710227460194494,-0.004356293647120771,-0.08648606105565695,-0.006946099633945873,-0.007365862405208138,-0.003966622865981249,-0.0008137232300095947,-2.731181210002249,-0.007217216223821989,-0.01981417791972859,-0.005121742220224035,-0.003996571186277938,-0.011285637898822113,-0.003850364089662832,-0.029015952693099135,-0.006955439855950369,-0.0086665025145979,-0.002453800013223524,-0.0314047803563449
"Fabricated metal products, except machinery and equipment (28)",BE,22264.6708733,-0.45334564865854743,-13.09374331784247,-1.9144533966330344,-0.1510371878790025,-0.3924614087081106,-1.2815066683127898,-0.5889541810452418,-0.13212646610979367,-0.3632428349515253,-0.45048978170386716,-0.9507192714034989,-0.2214632112065217,-0.1463444690806534,-0.1839467162174972,-0.1852407048482398,-0.12428083028014093,-0.19510145577043397,-0.602546053760519,-0.15778605125368972,-0.13464040617460307,-2.9289961373045523,-0.37396021753089725,-0.3367129951774672,-0.20268883128740975,-0.1412279977882068,-0.18142867631964796,-0.10965030116149699,-0.48400526893598433,-0.02578725285195394,-0.07604083370833746,-0.06753635050669282,-0.05259254136542188,-0.16763109689996175,-0.07997052649252606,-0.031554191847339846,-0.027689203960903307,-0.004660113532954812,-0.12137905616008064,-0.3783421037475797,-0.31600627615184,-0.05293346494426325,-0.1780046364432957,-0.04171154690935782,-0.055490952127976875,-0.055187665793716076,-0.07999383690938193,-0.20532178637663073,-0.030949944368564793,-0.055369124350309426
"Fabricated metal products, except machinery and equipment (28)",BG,4977.57935274,-0.02302180925680365,-0.043904993765639416,-19.151232471097636,-0.08041748125728579,-0.037309815370949274,-0.0203923380353848,-0.013383352418329851,-0.036191373644062816,-0.007501303637416639,-0.017706163284287098,-0.00895288095932904,-0.7229270094240614,-0.10481976361096275,-0.09407143042574448,-0.010311499580232466,-0.014300677939925585,-0.018155691024784915,-0.010897847313106702,-0.020325153043141496,-0.007394050354855696,-0.015609125534762914,-0.026784860708910552,-0.00778685272651631,-0.25891519446505934,-0.006488462939737292,-0.047460856095049624,-0.055691117722568115,-0.014716039669913339,-0.001019877966162461,-0.0015655987363543099,-0.0021613796365853822,-0.006755398202564054,-0.005430184167022601,-0.0019114760220535494,-0.004359869205187596,-0.0018161158608794375,-0.0004063530996960231,-0.005949147458497893,-0.011830625815530101,-0.14101617911247563,-0.032046537311699624,-0.004633875969081381,-0.010115960311685462,-0.003279266518184045,-0.007729382002299953,-0.0019205497063556488,-0.15470850509495768,-0.002800055701475883,-0.009251359825132277
"Fabricated metal products, except machinery and equipment (28)",BR,32909.238927,-0.06618540225472713,-0.05772435813447834,-0.032944764286847575,-0.02446620151902241,-0.04327778927121525,-0.12918051263403282,-0.061702840899425945,-0.012106677740472608,-0.07000429445204652,-0.05284812988567909,-0.042063405091520734,-0.022908178422717522,-0.029974006703315417,-0.03120496600497468,-0.04279755628036057,-0.023772951826274546,-0.024449899273816727,-0.04697543245370362,-0.016586448286340382,-0.030402039333190328,-0.053531865591791745,-0.0316222300311833,-0.0688710329737585,-0.02290002844951376,-0.023572347209556394,-0.03497403415162717,-0.01094861622151321,-0.10077165014975738,-0.02006055663930865,-0.05271146106116175,-0.09785815814390107,-0.03302846864120128,-0.09144568524816808,-1.2712473524032102,-0.018661149682240415,-0.09953448864489611,-0.001056662723347916,-0.09920452488926129,-0.04078518303728753,-0.11007427764460309,-0.007003514372341441,-0.01928610317356302,-0.01234115748474307,-0.015055476738193855,-0.027292880713336045,-1.2659709894736706,-0.04515751379853152,-0.006066947076978731,-0.037701497863387466
"Fabricated metal products, except machinery and equipment (28)",CA,28223.2736622,-1.0947374308624902,-1.3147250609521506,-0.7386950368010071,-0.339150799016826,-0.5940715678369364,-1.4153078450492071,-0.7252407826019426,-0.22117535854495046,-0.882571030518595,-1.1525826129102419,-0.6854942377286009,-0.3511680872061889,-0.40109672906733207,-0.5726704313980798,-0.5168545890115666,-0.332781347236992,-0.38227934821173704,-0.6038504721601674,-0.6674348456569873,-0.5020377545697299,-0.7739496791300011,-0.5582500763428458,-1.0550756183210512,-0.3529934496325037,-0.40544977452234865,-0.6546049888565662,-0.19962492675837337,-1.0783607670269024,-4.010625402757452,-1.024404458249138,-1.1620668618324963,-16.378632102444417,-2.6186683321014623,-2.894876811334342,-0.17477925796137642,-3.0382121218385367,-0.017409407471890213,-1.248434739746775,-0.6006918610320738,-2.7053197838513636,-0.1659938910679663,-0.23914116424674908,-0.3439606784670459,-0.13001939305053717,-0.3974382361829415,-2.899983221254187,-0.5374830820516561,-0.08381333300120739,-0.354977137066465
"Fabricated metal products, except machinery and equipment (28)",CH,37773.2600942,-8.941731524827896,-1.536051560195312,-1.1090392705946177,-0.282860941595361,-2.114687491830817,-7.4516083656982435,-1.945187003587752,-0.22837014636287467,-0.6319556064763332,-1.1034067165674828,-3.670345053779884,-0.3035256027183259,-0.7322675984583829,-1.3759525376812696,-0.7448032612856825,-0.5511018463923735,-0.3984607863802728,-1.5162437894094996,-0.30834395093794437,-1.0295977585582436,-1.2219569240734114,-0.8567516667067595,-0.475426477316811,-0.3891810951288522,-0.32241747187015074,-1.5101783441410028,-0.2657778324491995,-1.934844576858178,-0.059642947087851894,-0.08244174168785616,-0.12445278926966208,-0.08163486654517281,-0.15405898214340213,-0.2132981107284058,-0.04521341483215391,-0.052513581815727586,-0.010969802264715677,-0.16577204273665172,-1.6207626986684844,-0.6335348747988965,-0.08846398873120778,-0.4193875700082538,-0.09942398160367959,-0.03512949397111472,-0.07628584796152565,-0.21331138262016452,-2.9783834242541363,-0.031685413990964785,-0.06324490199899602
"Fabricated metal products, except machinery and equipment (28)",CN,1021275.93625,-6.659468693392695,-5.2740568375424255,-12.801658511908155,-2.4926918001385845,-4.806010260601227,-10.28344480373969,-6.229409382286711,-2.3650713650793156,-3.67198782883085,-10.786027652909123,-4.3043164682148145,-18.08106374369195,-3.275544363828182,-4.16988024574799,-2.358339171006232,-3.3301209450296185,-2.807413351447706,-4.239301809277748,-2.1873685258957942,-2.8462312166910295,-4.950521937597821,-3.703115814939233,-3.5380881798086965,-4.505896572392922,-3.4775177860362074,-3.351902360990946,-1.9350476441248492,-4.871394011123994,-1.4684945871382735,-17.446095594479488,-383.84177087613205,-2.9846112496818376,-23.520363995016375,-2.9922744022515393,-1.9846421559426801,-2.3463368915041456,-0.9918934204139508,-11.717151833956176,-4.207184079868615,-5.551227372657917,-0.6226627522808267,-1.8835062995623586,-4.512199318386539,-2.503233938062401,-16.432848067617726,-3.0375276091931283,-16.013865391433715,-2.014788941040619,-7.298728643045769
"Fabricated metal products, except machinery and equipment (28)",CY,722.392780484,-0.0002067837079361051,-0.00035285969782732453,-0.0007855442303256455,-3.6478078249282633,-0.00013752371346411216,-0.00016646981867123053,-0.00021836110842511077,-0.00046790336764788033,-8.666482113245474e-05,-0.0001581667799634007,-0.00013518301700476759,-0.004895780875885854,-0.0004778918372486934,-0.0008221528365136394,-0.00040794165355972537,-6.799617767721782e-05,-0.00013670849187309155,-0.00021282452574079405,-0.0020778922020791455,-5.9786275915945277e-05,-0.0006108683770481693,-0.000233923710581252,-0.0001196251230112918,-0.00021938836984440065,-0.00012396778587014338,-0.000802717122375781,-0.0006693309837302999,-0.0011583516713852356,-3.7760740969479077e-05,-4.984452983315664e-05,-5.40693822337559e-05,-0.0001039868992315014,-8.276802679503302e-05,-9.140343786801433e-05,-6.285858093313614e-05,-7.231535112553761e-05,-5.220208518044387e-06,-0.0003073434725154794,-8.615802457089181e-05,-0.00018706008051932373,-0.002835354633103481,-0.00012112520138616331,-0.00016185472843223593,-3.5617903811857456e-05,-0.0001409736108865356,-9.152681392042505e-05,-0.0006166835835496289,-2.526042569280271e-05,-0.00013782056056045093
"Fabricated metal products, except machinery and equipment (28)",CZ,25955.1584186,-1.155654023717595,-0.35695046679343834,-1.4656820898650953,-0.10754374427218033,-1.0202671078454486,-1.5782900192690732,-0.5827536556803962,-0.21117925865539383,-0.18329942566570884,-0.359376123624835,-0.2780119050440859,-0.19699260324473308,-0.4531820652379519,-0.9866607646602656,-0.10697341940903436,-0.18254140221638596,-0.7959754594890764,-0.3520039888964126,-0.1260862342995566,-0.18978328314426915,-0.40846391846906427,-2.481504135723551,-0.1756335884036051,-0.7243244462545356,-0.15008628993617176,-0.3388184765515843,-1.0787176611388887,-0.20737558955740434,-0.012748092204926701,-0.03773345417993323,-0.06700198274376659,-0.03364348807400618,-0.10484585493062926,-0.017887298014256404,-0.018921638963255865,-0.016046436026378518,-0.0038984247200464814,-0.044098591206138286,-0.6363945796148466,-0.3517347861210559,-0.09809214162293911,-0.1441018696791548,-0.050293919887255734,-0.016664631949673294,-0.038590415616499445,-0.017935393865173812,-1.885294055655368,-0.017150259734770825,-0.023146072101730034
"Fabricated metal products, except machinery and equipment (28)",DE,232826.91715,-15.56611181316701,-7.435223212184127,-6.623848410232421,-1.1127782921843634,-18.39865967255322,-50.32542568833898,-29.739097563616706,-1.3594674150207786,-2.3636282088144487,-6.07745647389492,-5.323135514036291,-1.1699101725083427,-2.527471381630594,-3.3808870886050273,-1.2187653937404628,-1.418192354018302,-2.8580759927658232,-17.148493662759716,-1.0100490812594958,-1.9557239015495986,-11.585250345189039,-6.947529853949781,-1.7747972843022348,-2.380737644012749,-3.3167735603260327,-3.1701528604066134,-0.9718973310041215,-3.1307917954964952,-0.11356752612440006,-0.2366355785490455,-0.47850020072677973,-0.3418281015043435,-0.41773618530967516,-0.22122433387610316,-0.12167084991416671,-0.11630252230099415,-0.05643879551082211,-0.45993813550986323,-14.519253062705296,-1.860519681966993,-0.28310607668746257,-5.1202572790963385,-0.14895307928230725,-0.12875890466382783,-0.2305977782945501,-0.2213933152495614,-2.3425949534107025,-0.10010001531363029,-0.17388002069580438
"Fabricated metal products, except machinery and equipment (28)",DK,19865.8993765,-0.2774166347520986,-0.24143798266335562,-0.73554374773523,-0.0751271685758008,-0.22234184018200087,-0.7463711569033984,-0.42345411933118215,-0.35752704896005866,-0.1480597175825067,-1.2038099291206306,-0.15374961602881504,-0.07871060153731285,-0.12246058666905124,-0.15167632644460471,-0.09093027476964226,-0.06007493758234197,-0.3032835193458901,-0.19070669452122202,-0.1684258472095,-0.0970499051376556,-0.424153887587677,-0.4037977122108393,-0.09336753157318758,-0.09935390569434822,-0.9878756669888517,-0.17239538606359522,-0.04799371096023936,-0.17808727131234595,-0.007378125616692401,-0.016434291214927423,-0.04351702574376647,-0.029598131709138192,-0.0374006158684972,-0.013670356185057604,-0.012081882726980823,-0.008219436529167663,-0.010612857705738953,-0.031202267257756013,-0.17606403109605262,-0.0903948388019887,-0.03516269558510912,-1.8027589999470608,-0.03633758220090995,-0.009511826967807276,-0.01801313194115443,-0.013710319595022752,-0.15346930216990035,-0.006658168528163818,-0.011779138384767835
"Fabricated metal products, except machinery and equipment (28)",EE,3259.48883193,-0.007388600944108223,-0.00981436705430879,-0.008770595719513899,-0.02471171126813807,-0.008231059284293143,-0.01059573528636556,-0.009860528189176956,-0.1455481799197613,-0.0019509904510526016,-0.49286308511681615,-0.005074795116504624,-0.009242527467931728,-0.01657110069051853,-0.014190945200591307,-0.007903690626992362,-0.0011313443944515162,-0.030693669597289766,-0.0062817008141093575,-0.6124597607312623,-0.0010214784403818201,-0.012784573795728615,-0.059970877250408935,-0.0023290949238958646,-0.006679038143149789,-0.01930928925135222,-0.004236195551937694,-0.01480997998892507,-0.011778126785179026,-0.0007137680954975026,-0.0007856236267547411,-0.0006916316254404336,-0.0021055198024801116,-0.0026144761192965897,-0.0012049326809342963,-0.0009194529968943745,-0.001387871337450078,-0.0008488011910554894,-0.005055484121334308,-0.003687162281035868,-0.0023725352810575833,-0.030545152481912568,-0.0052475540437657,-0.0016325934821055906,-0.0016212899488857423,-0.0016885756913181968,-0.0012083774472760038,-0.013703136084771894,-0.0017019611053659637,-0.0010809433454810342
"Fabricated metal products, except machinery and equipment (28)",ES,61527.5990053,-0.1669761098794275,-0.25872591708397935,-0.32333671306547396,-0.05834785127231583,-0.13589681136057405,-0.33445847368842435,-0.168439490545912,-0.040568538203006384,-7.140292606444826,-0.26323943313491394,-0.7900706125710253,-0.6159376561426826,-0.09344167334794524,-0.0950073985482772,-0.13409927236419472,-0.09581000226546718,-0.06575302315146844,-0.2161363625841469,-0.04087453722238592,-0.13759973766657696,-0.23941027443147078,-0.12416337340584677,-3.3762747273815648,-0.15713529486879227,-0.04992461889866165,-0.13632059703791455,-0.036999726399762074,-0.3446543058382118,-0.008895847143446902,-0.03780315049333029,-0.04045410160025721,-0.01980344622329401,-0.1026674623527136,-0.01607452017540715,-0.01407131126498549,-0.015012905226893481,-0.0026872469272530204,-0.06165453555673119,-0.20295527041832115,-0.4397385219369767,-0.013497322704113674,-0.05202642538596012,-0.017483010566071377,-0.015745605917075065,-0.023718498804718015,-0.0162776856454123,-0.14210737053956,-0.03427011433596152,-0.028389750035772564
"Fabricated metal products, except machinery and equipment (28)",FI,10753.7824953,-0.058952678237006104,-0.06712829631194699,-0.06940555250888104,-0.019059865160859998,-0.040438189473178884,-0.12501788898373592,-0.10698299803276386,-0.5055405854502049,-0.03739220495923685,-10.781616145945124,-0.03602860353739126,-0.015358155340630496,-0.02316341018948154,-0.025703380498760288,-0.02076134114258873,-0.011293351335334208,-0.09860736503306484,-0.0389670288722427,-0.05917135525080504,-0.018403145659570287,-0.05978641180827469,-0.09958386592587963,-0.04836684579596229,-0.019752440829570977,-0.7170944244280957,-0.025079625678649145,-0.01569795889134075,-0.044452053420302326,-0.004103834092754415,-0.005571466014401349,-0.008205784717942494,-0.022782443739410164,-0.009298701809483991,-0.003201911436138238,-0.0037678956260082017,-0.0027135346947282694,-0.07149023260374696,-0.008318837079795213,-0.03483963831208488,-0.02179595387819781,-0.020719128825266355,-0.06957484011305094,-0.009971823740947376,-0.003694776191369381,-0.005600746716406937,-0.003211785762889207,-0.023813653933301437,-0.002026732909959981,-0.003948270509141372
"Fabricated metal products, except machinery and equipment (28)",FR,92688.7173564,-0.6035451873906477,-2.3172233319622944,-0.5086417094735213,-0.08852181807026095,-0.3988586236155516,-1.1892124874768677,-0.4920898729519739,-0.09709560139902378,-1.7303829301599394,-0.6009044146249302,-7.705445303606723,-0.15547033736779084,-0.18260668229553662,-0.23941623806736298,-0.20188175777311362,-0.2589559438113021,-0.17049318513387973,-1.8945662016927614,-0.06727987631441003,-0.30263694645029715,-0.6324212540399875,-0.36913503826397775,-0.9543877038554981,-0.3066825268671719,-0.12970849498067732,-0.3362547287928718,-0.07682004811319845,-1.0619304753660015,-0.020959918364526698,-0.02773410771259213,-0.060419532924157415,-0.12509587522074728,-0.04973776588268652,-0.01973487517493179,-0.016059807151089192,-0.022635057370045907,-0.005571933224994734,-0.043843199078881324,-1.6823542179100566,-0.2136362878597864,-0.02571974790542262,-0.13282241380221652,-0.018387168374421826,-0.019012533082390752,-0.029285293039143543,-0.02029962608287081,-0.24498694716274744,-0.035470171699126474,-0.03250859130337034
"Fabricated metal products, except machinery and equipment (28)",GB,51096.9907389,-2.016501595862728,-4.797684214860092,-1.420653101879101,-6.200735531440938,-2.500851833285463,-4.633247017324558,-1.722787032654514,-0.41479889175673706,-2.0548188188756606,-1.8978566861889674,-2.6793684032960914,-0.38522005964140604,-0.5522378191515519,-0.7659117567658639,-17.411542930393,-0.32978557720980756,-0.5774131500227927,-7.2372801899222905,-0.2589971145294987,-0.47004265357250724,-4.106143504632748,-1.1201895882714052,-2.0675157357213996,-0.3918334222880638,-0.5356116180043596,-0.777071188665887,-0.19542689325445953,-27.231817593068214,-0.12114956512280647,-0.2045093885013369,-0.42250505736167904,-0.13453907120824113,-0.4291951397144304,-0.14739887588830336,-0.0892862585101434,-0.11374576363159776,-0.01853819591908494,-0.37034270999935726,-1.0611931751684651,-2.1168823630642586,-0.055569791713480504,-1.3123880362368898,-0.06820578916830211,-0.18752983977562862,-0.13892445394755348,-0.14788363496530732,-0.7629075538337514,-0.2191020738354724,-0.14702778551581047
"Fabricated metal products, except machinery and equipment (28)",GR,6899.9327939,-0.030784844491189477,-0.04781892781193281,-0.5503679215637385,-0.10243968456959682,-0.036473485350442605,-0.05220344129971909,-0.029511811999580292,-0.014598963427285429,-0.03498143146587396,-0.04202756472937164,-0.04450211968873429,-1.2108840672249026,-0.03835965834259993,-1.074935311950504,-0.02860463023235659,-0.023291711510315404,-0.01817534231087802,-0.029575191131422728,-0.022806283482125676,-0.02196504323175983,-0.035476971348054935,-0.02454188761723664,-0.026806695974865936,-0.05889269626204959,-0.014478394753325729,-1.2265140277930418,-0.021308306897132655,-0.0656006154779087,-0.005868337306405431,-0.017118932528944263,-0.020891851832104354,-0.009727554926388502,-0.02718094020073973,-0.020025967344889265,-0.022219049662036503,-0.011688880158338424,-0.002607999524989929,-0.02301202165272861,-0.026999439727574952,-0.16279801895202942,-0.01278444011872298,-0.009343768652431481,-0.012673773539018763,-0.01450885995221376,-0.05991058301644702,-0.020130000551736225,-0.7367853284611002,-0.03107538070113956,-0.06382623958273949
"Fabricated metal products, except machinery and equipment (28)",HR,3462.89455601,-0.02421615911085033,-0.006335313275808329,-0.033142640023524114,-0.014392626275212,-0.012802961444663086,-0.009648535070130363,-0.0063549771758819335,-0.0056116388604772445,-0.0018059175187562129,-0.003905348469805526,-0.003623469923166642,-0.027153171382760296,-0.0964583786561086,-0.053134308545396344,-0.004915743004204316,-0.00241603843819804,-0.006432500415403398,-0.005019119234512561,-0.01380772769334119,-0.002010165578427529,-0.007229003040753708,-0.013194151246242014,-0.0021863676739216813,-0.021699707136244067,-0.0027340534151414644,-0.01238704449961125,-0.054128884028892384,-0.00719530426974612,-0.00038563675034035476,-0.0006591344489890629,-0.0006196804518296691,-0.0017248928604223306,-0.0020609317153069055,-0.0008439274360591245,-0.0013215964177132875,-0.0007625842248965669,-0.00014881080347295612,-0.0027073996311272543,-0.005115384341885165,-0.002952535783054146,-0.01689685195824066,-0.0022359410302707494,-0.002810538548974545,-0.001052324942074518,-0.002232557253230965,-0.0008455344321353441,-0.7800838795543711,-0.000900469853531163,-0.0017179877965794747
"Fabricated metal products, except machinery and equipment (28)",HU,2003.68061511,-0.1206933624963258,-0.007191369497966101,-0.012055788027100077,-0.014840769216972293,-0.01677314389129965,-0.012718391082148749,-0.008108378526694765,-0.005075213373989053,-0.0027197838398342533,-0.006433918059074544,-0.003986283268318699,-0.008756519223206615,-0.4430704730267514,-0.01807339907437565,-0.005474142639558854,-0.0029952639425509854,-0.007415792126775906,-0.006004877319949591,-0.007555495976297529,-0.0032947952720967866,-0.008634278338954283,-0.01623033034914635,-0.003586589335859023,-0.14663869449960035,-0.003619065043055071,-0.00955586785715254,-0.9106413196859352,-0.00777299524705988,-0.0006360631067159422,-0.001254475737056676,-0.0010873845444197643,-0.002633946578463802,-0.004070493442472447,-0.001579587076353936,-0.0013795121090139535,-0.0007041213641751728,-9.653098816247628e-05,-0.0019103243607027486,-0.006370270582571979,-0.0026615165725311753,-0.011803345899436872,-0.0029360352055129314,-0.017418777471312565,-0.0009530149703324248,-0.0016281820143937877,-0.001580324612716285,-0.0925972401728531,-0.0006472705527036068,-0.0012690232872138764
"Fabricated metal products, except machinery and equipment (28)",ID,39434.2337189,-0.07323516494126629,-0.08463906377751011,-0.060817737520279885,-0.09410251924391073,-0.05862116579678625,-0.15924093576864726,-0.06738177377853401,-0.030744544469843985,-0.054518903707195115,-0.07178912885242844,-0.060618362534362646,-0.46374580131407167,-0.048266866952008686,-0.0486681660392441,-0.17779756893163495,-0.023705655493995614,-0.03446680336240811,-0.100265771282975,-0.06163202880701812,-0.022757284990745277,-0.09705338366825776,-0.043837592663215776,-0.0358179769190139,-0.03056394983256113,-0.03630274103847694,-0.03740362706145606,-0.04733312736489454,-0.4308534211589146,-0.028987637387373418,-0.3434340349394166,-0.31736768966331963,-0.06386927107077979,-0.8223550565667619,-0.07639740873038542,-0.08282979284731708,-0.0343380383702575,-0.00579288219546765,-0.547222224964868,-0.04154785120524208,-0.06754361510017057,-0.05556850146607823,-0.028814940234177147,-14.485676544840842,-0.03247905302984335,-0.33690766733055905,-0.0764990602575046,-0.0541362428418717,-0.02479553674053126,-0.11408485770210923
"Fabricated metal products, except machinery and equipment (28)",IE,3133.54323767,-0.0680366446644825,-0.11102650528197354,-0.06266336323032239,-0.024165500237707985,-0.0611674220025633,-0.1750387270995027,-0.06901923207008738,-0.015041988030046114,-0.11862273091542518,-0.07832426372991742,-0.08843641377642243,-0.019099212609619515,-0.01652023066387541,-0.025684393896047385,-0.22865705989559604,-0.017289337075211075,-0.02198949746409296,-0.1248791040350899,-0.027934585341043816,-0.02368349310097215,-0.09494798594464561,-0.10101992200245745,-0.242719705450097,-0.029110165032193585,-0.041730933928769025,-0.030203740290201658,-0.011222928580545213,-1.2709166182887854,-0.016319906109450846,-0.011401623427802546,-0.008786231187849642,-0.03484044399899506,-0.013885178494808642,-0.004334436871968437,-0.003376795939546555,-0.007154041409688581,-0.0007719639770912695,-0.01556965315639696,-0.04669266594038519,-0.07865995129587901,-0.006406836545664883,-0.030136037694326274,-0.014637196055373128,-0.006507312777647823,-0.007481507661002819,-0.00438002288451764,-0.026156150863977372,-0.003928503805938366,-0.006903707748918523
"Fabricated metal products, except machinery and equipment (28)",IN,74474.4765676,-0.41264668253883136,-0.7135609062322987,-0.5437592070366568,-2.9512266393806605,-0.2818818800397257,-0.6460376515617344,-0.3709098152514007,-0.16062139282349025,-0.26086311867949197,-0.6612254060703285,-0.30505225245296685,-0.2828555395986226,-0.15409577773653343,-0.2177032419358609,-0.725920545460852,-0.21108023232954112,-0.19911401865184056,-0.42398770043087075,-0.12848789109643433,-0.1642777360905916,-0.759822574441677,-0.2838342971474637,-0.32453261262559135,-0.20099449452546034,-0.5752783196755411,-0.2137680253405073,-0.08943372546013886,-1.8071269205275282,-0.13467350644864165,-0.5179132120493818,-0.5364584676611377,-0.16249030649361063,-1.2572949695838662,-0.8095656815346793,-19.331922622551495,-0.1850165837750974,-0.013616829645900668,-4.0311735965057105,-0.2130325199606374,-0.9669574980748918,-0.06098901197890471,-0.15494001906428048,-0.1789098979847099,-0.6505434647873513,-1.404449794243864,-0.8097534399835493,-0.2528168836361198,-0.17908071964919905,-1.221920230298634
"Fabricated metal products, except machinery and equipment (28)",IT,121980.374734,-0.6334613665666614,-0.34928086625402965,-1.045232740871103,-0.17885999381827167,-0.9254650767569558,-0.7887397482073093,-0.2961835798794286,-0.08411684311977456,-0.35013765730785257,-0.6134065686000418,-0.6666905755498775,-0.38759508906277246,-0.36427814105057177,-0.29025589811442204,-0.07940261984519453,-5.663327030738724,-0.14805659574280317,-0.2333147931515082,-0.07417040072661758,-3.8778778919230743,-0.30081907265421454,-0.2746704201224907,-0.18109700679099472,-0.2792581242225818,-0.09974963871635649,-2.699551894843411,-0.10729773747240882,-0.18961117265748637,-0.01579639959611199,-0.046673509562073244,-0.04544372451391231,-0.02563318618303492,-0.12535050476782356,-0.01946336002000885,-0.02407762528164697,-0.01749187920549462,-0.006012027715358772,-0.09246379814562855,-1.8033413526968383,-0.34352369257102405,-0.02575448471713444,-0.08739227917168435,-0.026972047984486835,-0.023798888778516537,-0.038854236369174,-0.019790528325226313,-1.1978313698476948,-0.02965304584375254,-0.03976408618857606
"Fabricated metal products, except machinery and equipment (28)",JP,139986.7936,-0.798550960258403,-0.6293619474693305,-0.6007263271442069,-0.5396146603427646,-0.43920278618556025,-0.8817051703274748,-0.49957949216426367,-0.3084197330225194,-0.572432721517858,-1.8847674451340113,-0.466281445721329,-0.7315701022781833,-0.3149140041909954,-0.3897546517103876,-0.5080300950592991,-0.22987802710556296,-0.40592590750897195,-0.4281649063842537,-0.3916921451383368,-0.23313620116044106,-0.6689888106094686,-0.46989777413746703,-0.32102254158765414,-0.24361242781254933,-0.385940038806064,-0.3239572437121417,-0.3378222586753655,-0.9127120532642796,-0.2617024062027758,-142.36962914969232,-1.9584499980562968,-0.9868573908123592,-8.227559902582474,-1.3428647671579004,-0.3169199569642247,-0.3038845269779299,-0.03898758994108527,-18.612870221546988,-0.33753012890438705,-0.573551259856396,-0.42925036032003133,-0.1969147767417656,-0.9279893759714599,-0.2670684535056262,-1.256036212199041,-1.343235631602174,-0.5038449238904578,-0.27255069977945307,-1.802561270226958
"Fabricated metal products, except machinery and equipment (28)",KR,110649.314455,-0.3135148846816284,-0.4069273743252346,-0.2542976936049849,-0.33234221897889504,-0.2023550707420798,-0.5176439734749748,-0.24683215795632527,-0.14952725744051737,-0.16206895059010407,-0.41891102873311803,-0.24628389012463944,-0.3182900946604589,-0.13910814013284167,-0.1538100576253181,-0.27644095782425765,-0.12048574790198457,-0.1735243900715288,-0.24074361234601782,-0.16578689270057242,-0.0929655388828188,-0.26550090940496607,-0.19997079221684944,-0.1615232975590606,-0.12027587809457078,-0.12562611835737147,-0.1272328923646052,-0.11767927831713289,-0.6385001019893582,-0.1593130400755903,-2.1193332211738287,-0.9899873288999036,-0.2897764896934577,-75.42391767643618,-0.15048310788895722,-0.28227170331444584,-0.31158987836452223,-0.013765438904258936,-4.812280023709801,-0.16376263614775002,-0.2631991513578388,-0.08408948287001305,-0.08588116933277291,-0.25220279693286285,-0.12477554576684885,-0.6607326886040068,-0.15134813230739091,-0.16491055948340347,-0.07729211163002975,-0.7515428753647414
"Fabricated metal products, except machinery and equipment (28)",LT,1010.36799696,-0.005166128139356808,-0.005045290919492495,-0.008003847082227167,-0.009375829627658061,-0.004774470740117726,-0.005475953365955215,-0.00454126044735608,-0.25660451299736675,-0.0017108775830164866,-0.011422815577256419,-0.0023940320610821722,-0.006706682974027117,-0.012886504389044292,-0.011531934292721445,-0.0034917443486067582,-0.0015577198770288533,-0.0410392809072637,-0.003156445800475167,-2.413525902870535,-0.0013073141994557223,-0.005302694021257064,-0.17056432308707173,-0.0024330507258232127,-0.004773697565624074,-0.06170116255688444,-0.0038067787700056767,-0.011003950000666372,-0.0055759105131551355,-0.0003371465809763148,-0.00041730560810689674,-0.0004974806122399106,-0.001339513724328057,-0.00126109522425419,-0.0005424396772615497,-0.0006164451912346659,-0.0006671439578068071,-0.0026163785139002318,-0.0026826637923643617,-0.0024689829823826997,-0.001782381034210973,-0.014160555343944963,-0.002302783660338797,-0.005365038286173853,-0.0009955595907856917,-0.0012706037179769452,-0.0005436407280565652,-0.00963329565278995,-0.0009112804232412515,-0.0007248389000301203
"Fabricated metal products, except machinery and equipment (28)",LU,1761.61490722,-0.053438126917595793,-0.28194525703529416,-0.6279383956247644,-0.016832025156109157,-0.04342971413326292,-0.18106094932524794,-0.08419886132346052,-0.017180758664696143,-0.03321884739799909,-0.056728113102796726,-0.12265172531207974,-0.04532861961284382,-0.016384601656723913,-0.019645140837420704,-0.03847171092650164,-0.009658906075592227,-0.02427780575803985,-0.061124068036035636,-0.01969857958313189,-0.011855647459366176,-0.5960500755563549,-0.042903150743494184,-0.02717427301580024,-0.024734024692482277,-0.019017207945418585,-0.018499136834930253,-0.010225740313273411,-0.0978656721807291,-0.004009574529369391,-0.013085364592163412,-0.006428629435685687,-0.005780921896064706,-0.02366974439719938,-0.02280273428299967,-0.0037518195130876435,-0.005660324114552942,-0.000562248683302644,-0.019515727133529632,-0.045153428721722524,-0.04015477967405564,-0.008345986469173712,-0.027263530588058946,-0.00569814858581459,-0.010906068139074692,-0.007406269331503682,-0.022811516070268614,-0.027006645721641156,-0.007952095860787432,-0.005728719609875232
"Fabricated metal products, except machinery and equipment (28)",LV,1527.6184301,-0.00390833852774108,-0.005514923825758207,-0.006743053411497166,-0.02775148734220637,-0.0030647492930923506,-0.0031831760871440114,-0.0029827461224351173,-4.037745649082054,-0.0008530543419327571,-0.011367640455614884,-0.0019934854289409805,-0.0072150670066771115,-0.013857746252961007,-0.010658458885120597,-0.006600978539912026,-0.0007259718290359144,-0.5033128113291302,-0.0032886968640176,-1.9368708939107675,-0.000628867384109603,-0.007251765106818428,-0.03501967973443772,-0.0011548521716284372,-0.004538759189628312,-0.010307263184915214,-0.0030041581635047152,-0.013759231879247373,-0.010745361400216594,-0.00027207621784246114,-0.0007071401548772785,-0.0006133518751574699,-0.0008678771797138437,-0.0010648670869213203,-0.0007249263075374793,-0.0009281798067293616,-0.0009815359821756834,-0.000473293558388144,-0.0041119862415188975,-0.001285490940967648,-0.0011089749473994208,-0.052829228075796326,-0.0025114519496862394,-0.0019257393307417858,-0.0008763894830419592,-0.005796092321323328,-0.0007277213060935588,-0.011524810060786973,-0.0007486468432866672,-0.0013063578374766737
"Fabricated metal products, except machinery and equipment (28)",MT,13.5454683768,-0.00018437304710944058,-0.000101286425712233,-0.00015290928971736277,-0.0011412536867323189,-0.00012786582892607,-8.334209740119283e-05,-6.281582041640539e-05,-9.915982015417235e-05,-2.1288043659547776e-05,-4.103323535461481e-05,-6.781048572122736e-05,-0.0005419519684939264,-0.0008654914749690742,-0.0007146633717184848,-0.00013771647759351966,-2.0980462382305437e-05,-3.3505882146454874e-05,-7.328283540495262e-05,-0.00040778914369887803,-1.6374974296137162e-05,-0.00013813992292210475,-5.5428443913743084e-05,-2.8248230988556215e-05,-0.00021949842917800595,-5.1292718765092424e-05,-0.00015665811617663285,-0.0007816296239621974,-0.0002751376373307985,-6.852328370667783e-06,-1.8279943041854312e-05,-1.7087536204912924e-05,-2.3859971093582185e-05,-2.8448811435809776e-05,-4.204715213339542e-05,-2.001751063382622e-05,-9.187937212230396e-05,-3.562019542526538e-06,-9.843234019195986e-05,-4.463962447431549e-05,-2.7421967660162042e-05,-0.002789788091182187,-7.85320192219647e-05,-4.605711238411079e-05,-1.3365529341800199e-05,-8.862190242539215e-05,-4.1714811770587234e-05,-0.00026228782352455496,-1.6768244430841828e-05,-2.9115647957461925e-05
"Fabricated metal products, except machinery and equipment (28)",MX,55012.5055558,-2.4958495221959263,-1.8497022378325938,-2.0519076770936207,-0.6898215352984309,-1.312097642972506,-3.405457191161348,-1.7349641345300084,-0.5060650038142251,-2.226257610835161,-3.5125868740109767,-1.2667359079426381,-0.6848313029693155,-0.7318300230183601,-1.1444260962044206,-0.6903033989536363,-0.6472657314543494,-1.0504801003913584,-1.2136615713221146,-0.7902961608818073,-0.8732827977525468,-1.3926635760035726,-1.0100827101043117,-1.3770354615751303,-0.7148887146079518,-0.8253359697327021,-1.16703964483834,-0.41596711332261116,-1.372368168599279,-7.0405706268283454,-7.074962707217006,-2.8971656714396476,-3.131705849058357,-12.548314082984302,-1.2013253530826804,-0.44334303940724656,-138.8750756701765,-0.0473890457247305,-3.4000005907352575,-1.2609174759544988,-1.6351045224683902,-0.32509259548643876,-0.5180146269713206,-0.6845955961669566,-0.2663656637293912,-0.9362330138363398,-1.4134255696253109,-0.9557286644570006,-0.1515672506217504,-0.7633359116120942
"Fabricated metal products, except machinery and equipment (28)",NL,46512.770355,-0.8609923961724236,-4.423107867093104,-0.896188481598588,-3.2899001137667767,-0.8063678619076122,-3.118039272595455,-5.710832221801988,-0.6598151615313135,-0.6428388028154867,-7.17834772801201,-0.7073446710845689,-0.30101971248293596,-0.4280880553237878,-0.4604685111874393,-0.5588373384593632,-0.18935681623036416,-0.5043886974981548,-0.8484650733903676,-0.31070011943684883,-0.2726572412312695,-21.83841559204691,-0.9957381984036501,-0.7724946459694693,-0.46207692067980716,-0.8329614252755608,-0.3992010817789915,-0.24071937885697314,-1.3008049711457341,-0.04145169183152618,-0.1253204268835229,-0.22985633892375518,-0.10242931345699792,-0.18901188246415176,-0.09583172163768346,-0.07790137052995104,-0.05422307062689162,-0.06495550981985557,-0.1923991883134604,-0.6580457438352295,-0.5341428290466402,-0.09066892519637192,-2.3218784921733064,-0.11115028485191762,-0.0713403930045327,-0.15342489183285088,-0.09603126375445481,-0.5710685677404923,-0.05116359396674377,-0.08636405228725424
"Fabricated metal products, except machinery and equipment (28)",NO,9834.77055033,-0.017553651310295182,-0.017044893502358355,-0.01953869528061922,-0.02146592977013726,-0.013783761926118758,-0.12549998684723632,-0.6613683299731459,-0.043798033924044785,-0.014463884463394014,-0.11892266859732095,-0.009823176546203257,-0.006771323922677014,-0.012231397738217959,-0.011333766800981068,-0.017081263398581636,-0.00462811634741701,-0.037375061765768706,-0.014163615723641675,-0.026343309027432964,-0.004939723374590563,-0.18134129097870716,-0.037495697436645506,-0.016535308118910793,-0.018547820734691356,-0.5588142209132649,-0.0074448008162167996,-0.008308107184468587,-0.06563883319883723,-0.0020719735079443692,-0.005718994203592236,-0.005873332673670325,-0.007298978400321986,-0.005614031259961675,-0.016469691667499547,-0.0021046799070643433,-0.003053113035559605,-0.0011387505304023416,-0.006019890238730642,-0.009282643127860812,-0.008903089322091747,-0.00943506172139563,-0.02346466362701911,-0.009767521447604196,-0.0017337772429005353,-0.004995919016936423,-0.0164874978343718,-0.009820973753497412,-0.0014755062621962004,-0.0025380608248574098
"Fabricated metal products, except machinery and equipment (28)",PL,57531.5720195,-0.8996482249973632,-0.6567144065138202,-1.5672523996507561,-0.18868042387733622,-1.154284148164335,-2.3376326731202908,-0.9894277315863595,-1.0194016778930393,-0.4106533876454971,-1.3359174490903476,-0.5020289829323417,-0.3180671171506993,-0.6449441781116543,-0.6188000783052641,-0.1367624462158568,-0.22839571958396895,-12.160952272634486,-0.544614174871871,-0.6726711513710439,-0.3608170268731659,-0.6615289860963914,-34.05535732287143,-0.28542939118559896,-0.45711790096118743,-0.9071800229070643,-0.4830709332496942,-0.4061754383352216,-0.28657618287248476,-0.018707258297701486,-0.06037514634254046,-0.1241603221186019,-0.05097309046965685,-0.21478734498346144,-0.031950800960630514,-0.033342260006143605,-0.020469876731207464,-0.013260673256304485,-0.11505166876814678,-0.59206947851048,-0.44188107509918034,-0.07912637735765106,-0.2906920197103113,-0.07844348670497578,-0.029682273129589355,-0.052908631766633706,-0.03205635869276881,-1.3609531579696414,-0.03887358738835975,-0.04476364583583522
"Fabricated metal products, except machinery and equipment (28)",PT,11905.3540427,-0.06505022634427689,-0.09415838528477824,-0.08589669145482628,-0.07585037712699846,-0.04971317406786129,-0.0832559607763147,-0.058361313258219055,-0.03274517591296804,-2.7219153970368755,-0.09296106172799629,-0.10404952848021334,-0.3852895269682884,-0.05461850747544881,-0.04797533617426773,-0.05174997343729473,-0.03714234894703366,-0.03623048046822107,-0.05641672476413048,-0.061374028626987404,-0.03795522107673726,-0.08607534543238926,-0.0556193605168491,-35.84238206005998,-0.05172079903135585,-0.027246462004418773,-0.04351150231874013,-0.055160793041050586,-0.08174338985314036,-0.005219678127083628,-0.022363492021699894,-0.013301655789542519,-0.02207126277267109,-0.0295011258483538,-0.021895971097458822,-0.009175613021446044,-0.008177332199704884,-0.0011227593381412202,-0.02381149832347855,-0.04929210840573759,-0.08051035455336804,-0.07666878475203828,-0.021777048596152968,-0.060540300664415375,-0.02227545919890556,-0.015423741509584026,-0.02192152253970723,-0.04821766041571597,-0.015371799935002763,-0.02983969612225391
"Fabricated metal products, except machinery and equipment (28)",RO,9842.52816327,-0.22141794166483167,-0.12848561247773901,-2.7210525256240756,-0.1014014102311122,-0.15759558922233707,-0.21650985894288519,-0.10732988909642431,-0.05423541952944672,-0.0662079392167901,-0.11048226904611304,-0.10451924817984783,-0.4403670474471865,-0.2956116928357664,-3.1963904493950595,-0.03773938787066724,-0.07638052444359211,-0.11950625624441868,-0.07961042255872464,-0.053724450983911876,-0.09769783297366276,-0.11028779580526421,-0.30013311671559606,-0.05767590276158414,-62.499364768642764,-0.031835236245990446,-0.2264287612828238,-0.2456433556000296,-0.07187454035732094,-0.0044394122885007105,-0.010613578613620828,-0.017562781934347713,-0.01306683201330416,-0.036406670704739415,-0.006601946523216341,-0.011473440982066107,-0.007739054192597095,-0.0015449589580092673,-0.0221156012924084,-0.4325463116824723,-0.26738245807963573,-0.04178080169078051,-0.029343199630674558,-0.0423985226700907,-0.008048617875645498,-0.01679591392310667,-0.006628671289985244,-1.112809369787456,-0.006846999101570976,-0.016788428943023327
"Fabricated metal products, except machinery and equipment (28)",RU,43226.1392355,-0.01232449803235784,-0.010230424491899804,-0.02169039148892069,-0.044966801218691815,-0.017124401243635748,-0.017499883895597475,-0.012152792490097713,-0.06653105377373426,-0.005327912154089746,-0.05354369038950482,-0.006449104447861323,-0.024444969547446335,-0.05347372727492735,-0.06012489526409473,-0.005186456228749972,-0.006445200448596668,-1.6015151571200237,-0.008006450373551114,-0.9491838458620323,-0.0053884704183897285,-0.01156965468217124,-0.026022710682025108,-0.005046331764601899,-0.02291940075662237,-0.0075867985776441795,-0.015575699642682236,-0.02462972975809494,-0.010585404261030083,-0.0012159526533538734,-0.00953071711401715,-0.009789701806878234,-0.01546053571848942,-0.014601590312390032,-0.002994374710796361,-0.0022727743686402086,-0.0018365462906431076,-0.0005635463464216239,-0.011160198849958261,-0.008989523531347163,-0.016231024866543226,-0.008080959936644991,-0.0036771540799278224,-0.003483193996115059,-0.0014195347940388072,-0.10162556016678433,-0.0030188598225712898,-0.06965738153385455,-0.0011949982479508672,-0.004127691786308232
"Fabricated metal products, except machinery and equipment (28)",SE,25110.2519176,-0.28607270924805894,-0.3404585787697146,-0.23776701501914024,-0.12186010484142566,-0.2436788139481521,-0.6325562272192199,-4.35408165340874,-0.5439647525327239,-0.172824637627669,-4.338466597092167,-0.2282854126006407,-0.07013065359347342,-0.12425621798766666,-0.13413418861142629,-0.21533616858801805,-0.06862907971575948,-3.8496818453999113,-0.25087529412191195,-0.3496743691324588,-0.10568964500524071,-0.35603552825437385,-0.5805892553157099,-0.17082890683571444,-0.16790875433556762,-4.028850149944267,-0.13150332082500676,-0.09477092439190139,-0.46212000890532534,-0.013355652233169424,-0.02727329042904516,-0.03571365714919201,-0.6954668895916006,-0.06431804063698474,-0.018627588112285792,-0.014759012137499875,-0.014754028231502042,-0.037208439849742314,-0.052111899517564564,-0.19655152405817025,-0.11108588664453888,-0.0678585258167892,-2.8180344333961416,-0.06467906396576535,-0.014665767978079997,-0.032989387726901895,-0.01868765099843762,-0.11758124489766718,-0.009803169641606416,-0.017363208525155726
"Fabricated metal products, except machinery and equipment (28)",SI,6923.99398556,-1.9003504113806653,-0.04656152350697138,-0.5330860584261526,-0.08558054288083485,-0.09571779846976464,-0.10360733008085261,-0.0441354697749852,-0.04096239140462838,-0.013398191876775904,-0.03733418958429354,-0.027449026848212127,-0.9635722605407938,-7.316285587037526,-0.2646794481493712,-0.03171175659840883,-0.02465694088885584,-0.038208953808111304,-0.03419332795596944,-0.08877452753065787,-0.020512479542534004,-0.050211645069120875,-0.07798636780167267,-0.01599989341516923,-0.09064836366037775,-0.01904251109010961,-0.11629586783276236,-0.14140511415249096,-0.046300868865085644,-0.0028679032789019512,-0.005421170174477886,-0.004382473109535316,-0.020205916340546075,-0.029765017261013903,-0.005344706486377548,-0.006038489936567555,-0.005386707752199279,-0.0006331937129811292,-0.02603238974348759,-0.048453138531138334,-0.03420218660625375,-0.1376843587575892,-0.01544805981463967,-0.031486412417172475,-0.007634792022690038,-0.00973431805764566,-0.005367640216120462,-1.0258413584306787,-0.006303605465091807,-0.008538916585610928
"Fabricated metal products, except machinery and equipment (28)",SK,12962.1061263,-0.20852402695358555,-0.07685757063523137,-0.15363906587843798,-0.1107042983016069,-16.817559335030378,-0.17542799293580913,-0.09511591104970296,-0.06747901419018051,-0.03797864149468377,-0.07244835093085905,-0.058169422161749015,-0.3038249086259101,-0.22225173486841934,-0.22829682597821904,-0.04772516179508124,-0.0400997660989736,-0.1929007940902434,-0.06950589914888557,-0.08062304172315397,-0.03898618150534579,-0.08656645244802362,-5.604419925577589,-0.05358311472459838,-0.2208498072051808,-0.03967342004333435,-0.07142839524901626,-0.2833061247161567,-0.07459992448649444,-0.003958310030961075,-0.009838655421764764,-0.012913275751067663,-0.01911496499183533,-0.04248297458973098,-0.0068810776001027385,-0.009846074441638052,-0.005364478324917047,-0.0010212686196927451,-0.02004021065046531,-0.07219575454024349,-0.04905064644845628,-0.16149947671709833,-0.029760287471555236,-0.13931505697750696,-0.010069939093487745,-0.01667860579345913,-0.006894610761810242,-1.152740812954387,-0.007312904532155805,-0.013136901862485659
"Fabricated metal products, except machinery and equipment (28)",TR,48359.4961172,-0.28249779242326895,-0.43584285374431514,-3.4203925910905273,-0.4759851236721795,-0.2087034543345461,-0.426128160796603,-0.21372496999547747,-0.26106875578969985,-0.31692645724886886,-0.5624319198054862,-0.3318206530103184,-0.5806834358323577,-0.24384474429224978,-0.32196223940379576,-0.1845645789368529,-0.10421583096141308,-0.20433440748296008,-0.22177409138943388,-0.19257000840050942,-0.13286988283129414,-0.2519806122299351,-0.2654373400287084,-0.20746478661138062,-0.33079130697097825,-0.0984065379290632,-0.23145921604853495,-0.10839506663859455,-0.4234377277023909,-0.07988039424069632,-0.13744809705394004,-0.11785325919820183,-0.04838530999602758,-0.4404664778174435,-0.04065786592373026,-0.05573888247614431,-0.04532969105402348,-0.006473935154189131,-0.18635577971277295,-0.19816248087009466,-21.581684917502095,-0.04185698353735558,-0.0730723378466356,-0.08605963357490283,-0.03325032868372018,-0.15822003666363735,-0.04107099389969407,-0.5711155435801448,-0.05759444289540967,-0.16398800018343548
"Fabricated metal products, except machinery and equipment (28)",TW,54989.6915714,-0.013258971196888335,-0.015709822775977857,-0.01646319401674538,-0.04293640138458582,-0.01093796047821039,-0.01028150974907153,-0.012120627394571887,-0.023395426103211478,-0.008675098939259343,-0.03256448775970309,-0.009972588860787956,-0.011225927199437947,-0.01849379838282141,-0.013248487061009194,-0.017270168906373198,-0.0066581366210993805,-0.017979207938997866,-0.013330437739913038,-0.028384741938750287,-0.007025789897545067,-0.016202429392218828,-0.01317336754083494,-0.015283831583695912,-0.00938105639740135,-0.012948185589025395,-0.008830745345074519,-0.020924363657078324,-0.01703476652122791,-0.006051358878442733,-0.017210697558476033,-0.005963062244578147,-0.020571747768688038,-0.01822732848429131,-0.005074924926135173,-0.004982991531135047,-0.007305613124097733,-0.0003387892975960194,-0.02101914308396767,-0.009469426377786784,-0.014236882800518165,-9.642670495876338,-0.005806393679063266,-0.08146071586520218,-0.00901973829189653,-0.011251978916125864,-0.005088915046757356,-0.012398918404797666,-0.005692278972016391,-0.005536377814103692
"Fabricated metal products, except machinery and equipment (28)",US,426505.01516,-12.79723568493247,-9.295867849546818,-11.631624181526446,-2.724202806861325,-5.454185362360177,-13.664413770264549,-7.163151338302729,-2.1473327460392113,-5.036636161527105,-9.968736888385719,-5.735101768912075,-3.3254530903317896,-3.551333671875936,-5.0628374948933175,-5.842506218459786,-3.800419274205096,-3.498634903661599,-5.848502308894392,-4.876493743042639,-3.165939078097529,-8.392742259116313,-4.801275733367058,-5.886262828325774,-3.382244044367875,-6.340684841899792,-4.941620020582236,-2.026601588168561,-11.671735984325226,-153.79063628818884,-8.656482893455914,-7.42522571772815,-98.90729275419022,-18.805431765348274,-9.588931267948421,-2.373126998178543,-58.28310597759743,-0.17058476423861021,-10.95578382159344,-4.799592609629903,-12.666068236184396,-2.002479074001236,-2.4257440507280648,-1.902259806201072,-2.056250113493492,-5.29604161010195,-9.70356694779451,-4.676879168779861,-1.0287629690061273,-7.154503698349135
"Fabricated metal products, except machinery and equipment (28)",WA,125491.252596,-1.7345594285150996,-2.476112983574538,-4.6046021427939,-2.3035392460053465,-1.2273569249985585,-2.728626659098013,-1.5519499004522257,-0.860855827135593,-1.6127053547899572,-3.717520019789487,-1.769421650669452,-2.2774714195574943,-1.1653539039136247,-1.468231624313608,-1.8461982214798944,-0.7328159945624355,-1.3982109632480435,-1.509386930697648,-1.2833694980786758,-0.7503297459495566,-2.028159631850759,-1.7226030599944229,-1.132766203016051,-0.7876515847475537,-1.5309321210232427,-1.058314519364975,-0.6361116690623422,-4.295448403653904,-1.2320066082363306,-17.661508975204104,-7.627359742063195,-0.9129046975354492,-16.865266699982254,-1.7434573907373883,-1.4706757073686203,-0.8718924623821747,-0.10677974893001292,-13.371444506955275,-1.0776757053775758,-5.131338070024812,-0.7268554332144113,-0.5915059000610777,-2.1384137251172657,-1.113792408206053,-13.922886585815583,-1.757972076173776,-1.6265963381578217,-0.5418471088804497,-2.3766329828966763
"Fabricated metal products, except machinery and equipment (28)",WE,15523.3739958,-0.12490040181486452,-0.06435717496572604,-1.6030579915670968,-0.04567019766391046,-1.4689376933870275,-0.11194271632593877,-0.22055604496998518,-0.5278713721808078,-0.07642460935031474,-0.11948675978101717,-0.04769551922984575,-3.520028502493437,-9.519344567255633,-11.296009420929494,-0.018167455484267896,-0.09013494870611864,-0.21011383440148212,-0.14902350386692337,-0.379168865567876,-0.059175609545007696,-0.04889582748752789,-0.29664114346138776,-0.04243369075826657,-2.1063316538445855,-0.038845362664057026,-2.056232971176495,-3.500678074837515,-0.03409001596723733,-0.0037103083922484,-0.012277844909643761,-0.03143415909076407,-0.013774590593774151,-0.03110059754759045,-0.017074438923427922,-0.007964196871620446,-0.005255799393023564,-0.015462693579039408,-0.02403626003321442,-0.4152117101202086,-0.22209731610532554,-0.020016953416337906,-0.018281804145947076,-0.025394732188901273,-0.004894573502634804,-0.02522504715716089,-0.017082564049356368,-3.840376685168318,-0.004727524360663446,-0.014908127153153183
"Fabricated metal products, except machinery and equipment (28)",WF,27397.2455451,-0.004737646989245683,-0.008807746953887537,-0.010827726690182208,-0.048347430537101915,-0.0039014727193918547,-0.007518721505977561,-0.004330913888133693,-0.00338488152085377,-0.022737244041638065,-0.0059093587738656105,-0.011984171012144277,-0.007434948229174822,-0.004204156879386916,-0.0053409818741000405,-0.0032815951779782315,-0.004157591730170409,-0.0031431751789280505,-0.005105067823521438,-0.0072463237164495115,-0.004744920766118079,-0.005921390648824699,-0.00435328329940244,-0.04775485961777228,-0.004796699311806007,-0.0017542392720872764,-0.0051896976619674766,-0.0021169289326777438,-0.006992000970674778,-0.0008091110280589976,-0.008014631651836983,-0.015760274188414147,-0.0015438670939153288,-0.010509038871271227,-0.0022290683414414865,-0.002736897449364655,-0.0010517284212893893,-0.00015304570509884241,-0.006993293008655418,-0.005459464051061395,-0.04012427080428344,-0.0011540430994312603,-0.0014898270022465142,-0.0023931781437465673,-0.05863798882092977,-0.004844133726735325,-0.002232174616426534,-0.008523184722792744,-0.1728935180820172,-0.01009959385143008
"Fabricated metal products, except machinery and equipment (28)",WL,57818.8935665,-0.23809222964325572,-0.279803853432387,-0.27453898451904474,-0.17410393475825084,-0.18379709810531453,-0.3920379069654165,-0.22661925684925202,-0.10750545706573826,-0.710267793140787,-0.4482158346471711,-0.239384260090126,-0.21745657329248227,-0.22680426373631363,-0.2886794789145817,-0.1104445812056711,-0.14306654136900301,-0.13996274040145987,-0.17319853988435863,-0.16848591090730397,-0.1502676448508146,-0.2326787492776464,-0.17348233558642875,-0.5142592546069138,-0.15776579118925846,-0.14737747657246456,-0.2230011882760466,-0.10398177543576503,-0.21511406253469165,-0.22312851537222703,-0.8583519988055092,-0.8672829419803207,-0.2580630505279103,-0.9091046560423893,-0.7685081794181872,-0.07340290338226792,-2.4257671836222103,-0.00862927508081839,-0.5885765295504379,-0.1833360062071257,-2.375592398859485,-0.045920347053137626,-0.07466510888143231,-0.11577086687567834,-0.0663321548263439,-0.16311294903763915,-0.7689025516830419,-0.45305897267328676,-0.031174956420757568,-0.15498345298669053
"Fabricated metal products, except machinery and equipment (28)",WM,70350.9246113,-0.75289104704015,-1.1410991926492688,-1.3873295754317914,-1.6590572712493197,-0.46955539419902426,-1.0695506228586371,-0.6399061547506169,-0.23408522756242267,-0.844560846851728,-0.7683908992241858,-0.7220444462194391,-0.5644272715531781,-0.41557240439241133,-0.7305094616373881,-0.48015654816238873,-0.38410560399326316,-0.40459202586242854,-0.5043747105063603,-0.25306919051557075,-0.4330674893681482,-0.7753192746758542,-0.47872432347750987,-0.6452263516527456,-0.4912547105599944,-0.34198484543127444,-0.7197639871741196,-0.1937403760483946,-1.0740520924745753,-0.1416826171126953,-0.7863327267043242,-1.267788482426653,-0.19644554159956626,-1.4707194300532833,-0.3246961344469344,-0.35581392534664597,-0.16508606619768898,-0.014962172183897395,-2.3966665496686743,-0.48180046653044345,-5.694196189705123,-0.06282151803896843,-0.24604457008000946,-0.206050191526833,-0.3200169518342741,-0.6241261537909939,-0.32506566908868595,-0.9290283308947279,-0.163795895327608,-1.0334975797211108
"Fabricated metal products, except machinery and equipment (28)",ZA,8305.63024962,-0.03888593777760975,-0.07085721577565968,-0.0961688444451839,-0.037052385406960694,-0.032928144079033134,-0.0981936581167077,-0.048557196475187775,-0.018311483966106858,-0.04093366809472641,-0.14874326801040852,-0.056059215385364576,-0.033816706161197425,-0.021809821495417433,-0.022550374581330777,-0.025401937541544992,-0.01891765035193257,-0.02041459751683886,-0.04119035631838205,-0.026024719759378527,-0.016035496379571867,-0.04224840898799903,-0.02802860558388792,-0.03646893447579392,-0.019118005107752863,-0.025580468064935517,-0.021723867287751587,-0.018139525965027915,-0.04694924108731417,-0.00781724609468462,-0.033999907244348024,-0.060424596416493025,-0.011437542673793509,-0.06784621883157818,-0.023463691041838593,-0.017815380337582107,-0.008723611037733855,-0.0017421187248584736,-0.1122190765377813,-0.03396685232303203,-0.052383752835874826,-0.035062145508112395,-0.014703835945998738,-0.01767082381307532,-3.2272461060512394,-0.020802214137320533,-0.02389411345205708,-0.02312568693587647,-0.09945309757663581,-0.08584277654299798
"Lead, zinc and tin and products thereof",AT,336.821113362,-0.3950231981427872,-0.005593306906245445,-0.04634645239283484,-0.0024661880730355167,-0.03491554918061342,-0.03495611273757646,-0.010997619241173331,-0.0038191818591026662,-0.0014937067072163107,-0.016695833907691342,-0.0017947007814703138,-0.007472313237732029,-0.009320907516588511,-0.10082376779003456,-0.0018815736488386157,-0.0016154565088811108,-0.020292643100082768,-0.004538521988487403,-0.0049927489938380535,-0.0014693169448773877,-0.012382349443851175,-0.037769865963505636,-0.001526312350300997,-0.005086324936843451,-0.004092158576271837,-0.0673071125399021,-0.007857380924456299,-0.0053300537872017295,-0.0003773961616705321,-0.0009703658931081927,-0.0006117168532243527,-0.0008142604327003038,-0.0008699675051821574,-0.005282714903889606,-0.00028759098059530136,-0.001090507354701918,-0.00014225809039442367,-0.00519935679353722,-0.019799887268677475,-0.003037610778865293,-0.0014842464752760917,-0.0037250563162119343,-0.0020668307654932417,-0.0006333046704797063,-0.0006193200947164851,-0.0052784082670766464,-0.009809396164752095,-0.0006203141604932666,-0.0008063503724574609
"Lead, zinc and tin and products thereof",AU,2399.88724307,-0.024489955745835627,-0.028439388918967565,-0.01947717858633145,-0.0231304312689878,-0.020253342243941024,-0.031336071351468923,-0.023652153092438614,-0.01696457754323903,-0.013654644604493588,-0.08256070834869006,-0.01577088540043083,-0.20706105760623128,-0.014085727438505466,-0.015000878424906505,-0.05086716199628492,-0.013171134019767257,-0.023795056248101396,-0.028169767785169043,-0.020542795911530368,-0.01000128686305154,-0.036092355302766485,-0.05196459146989562,-0.013501239248254285,-0.011978775494914778,-0.019531529864830935,-0.012705331516001252,-0.013037477583672739,-0.06545541305817902,-0.008887809154484186,-0.08695050640904932,-0.04374888656455731,-0.015792589823647243,-0.13061417555437377,-0.032614869539142416,-0.03185091219181162,-0.011578803978263996,-0.004321886984541815,-8.89899575815482,-0.013086987973743835,-0.03586324587084008,-0.0190416877029945,-0.011519277916043546,-0.04210783909458225,-0.010538869432649964,-0.12327876171136215,-0.032603621979889634,-0.018182396109566932,-0.016524485222922172,-0.1878241719318629
"Lead, zinc and tin and products thereof",BE,512.437670727,-0.015000782050527016,-0.6001757574199378,-0.0268792517354498,-0.005958221111513874,-0.016550647882254983,-0.03968749134079662,-0.05039594368487082,-0.049126372437938326,-0.02148568819409121,-0.6773991177749374,-0.022039094484907228,-0.03436644311299147,-0.007283571403523859,-0.007810465040096999,-0.01648932556930227,-0.0047586325974424935,-0.03405461087808329,-0.02283930534662414,-0.011273718913973715,-0.004059919309374471,-0.10623152127046794,-0.02377001753998015,-0.014605414534895115,-0.007081488959035153,-0.08508391784987306,-0.0055997812661645364,-0.006873420739513585,-0.052410425208096856,-0.0015820345726930895,-0.006951187226062715,-0.002267132480377335,-0.006577957564065773,-0.003281348709204635,-0.03957941237200288,-0.0011941200197319315,-0.002686966161746215,-0.007786190593012109,-0.0139361297677426,-0.01262835430919987,-0.057665820161772095,-0.005008137024799823,-0.028094007327939867,-0.002915337098439865,-0.01789255038639026,-0.0029750055301128258,-0.03956597264689391,-0.01078389032721468,-0.011360841847419628,-0.005447944573475672
"Lead, zinc and tin and products thereof",BG,2433.19661171,-0.0035900180345526576,-0.013603280855932173,-2.9361657908937184,-0.024615944551805078,-0.009330904250472916,-0.002329119719207197,-0.002470310866716297,-0.004300642733375243,-0.0007763938636355123,-0.0021114568774222393,-0.0009431877321624659,-0.10790897049558311,-0.02227210203268156,-0.01131517537299949,-0.0012373791639874868,-0.0032680858681874425,-0.0027361800052373214,-0.0012740494976678813,-0.003721810613296477,-0.0008652218565847391,-0.0032214998248409695,-0.003464692164338997,-0.000986911858192028,-0.0840244297814544,-0.0010639666679495166,-0.0066155460035166825,-0.005986812949535051,-0.0017880185701469682,-0.00011808527726609602,-0.0002428594312751988,-0.0003760717810331594,-0.0005781022455260581,-0.000759773997837492,-0.0004232709305836291,-0.00040503678706461943,-0.0002215824307764829,-4.5487109595724463e-05,-0.0009135982835509441,-0.0014647110299166202,-0.04181546721324216,-0.004602943011372918,-0.0010744334483231846,-0.0022244448197499106,-0.0003492440048985788,-0.0007474035633148981,-0.00042412303371963705,-0.05439437716362764,-0.00045278649520582676,-0.0007231316085369685
"Lead, zinc and tin and products thereof",BR,1027.09108593,-0.003914649098095261,-0.004140401458600358,-0.0023767272350747742,-0.0025744792815798204,-0.0028574155981227535,-0.0050533925919864385,-0.0037046539253439616,-0.0015027080320642655,-0.014065703371632043,-0.004707075512816316,-0.003018387298172857,-0.005814904878104567,-0.0022244354211394613,-0.002452830312995291,-0.0021676262594704887,-0.0030638092491816087,-0.002487690549943435,-0.00238538952074729,-0.002760530597534964,-0.002856639816701515,-0.004771349704122326,-0.0028981968273581217,-0.009999670111535118,-0.001989890264479125,-0.002102597981460746,-0.002741301157103265,-0.0016425030460335817,-0.003890741479368464,-0.0021162433588892476,-0.002360995706612872,-0.004076200295718197,-0.007890506060110408,-0.0036897634336931404,-7.173749917051341,-0.0014062257544854972,-0.014504613488789526,-0.00011661534454531428,-0.04683466411061168,-0.0026344986514219826,-0.006256875790539826,-0.0014764575192482102,-0.0014041035169110822,-0.002166838824588161,-0.0030138214255675563,-0.003850448045203853,-7.169672368679875,-0.004285162472257547,-0.0020528110163088053,-0.020176264945913524
"Lead, zinc and tin and products thereof",CA,3551.12712102,-0.18804383431804406,-0.17058317182470853,-0.11552114913103041,-0.0946995677028216,-0.09901819169146465,-0.1891193305145086,-0.11624996516076437,-0.19678888305966805,-0.06823185595243873,-2.7793746147064553,-0.07529855629009517,-0.048754300720601655,-0.04017134414698233,-0.06621431198750442,-0.37675402876650216,-0.05124443021720419,-0.04360770678162193,-0.18351099899927886,-0.06991365978236201,-0.03414508855489202,-0.23615243518666446,-0.0589906557705306,-0.0632446008361473,-0.06933791168456978,-0.3746349377755606,-0.05514154278090249,-0.028534614891212035,-0.4784490786162098,-0.323563710688154,-0.06728197045508745,-0.19357163645900569,-1.490930740041753,-0.08757424185656146,-0.3508627903269187,-0.017104253194918147,-0.18375979069618537,-0.031746574568146974,-0.09836371642800312,-0.05928337728325724,-0.10486363410588047,-0.030383727716671312,-0.06400354990331086,-0.039965019482689296,-0.02832516854154001,-0.04629567104633212,-0.3530858937715338,-0.049443079796069045,-0.02279926886748516,-0.0431854306779241
"Lead, zinc and tin and products thereof",CH,98.3369116032,-0.020565632976908645,-0.0012746635105811953,-0.0016818001802046424,-0.0005653730634562221,-0.002938777510355811,-0.009203382172560877,-0.002897161009157574,-0.000777349946892108,-0.0005182215455481456,-0.0028066392450771947,-0.007323633745607448,-0.0010008909388276657,-0.0012318632132987878,-0.0024864742126617075,-0.0008434136211036059,-0.0009773780519296384,-0.0021887900153510624,-0.0010771141194813984,-0.0009957722703402806,-0.0009382345701180496,-0.0021431125736054235,-0.0016393993332909404,-0.0006936904578280756,-0.000925854907088101,-0.0013991382053321082,-0.002010402505001019,-0.000836201334227321,-0.001658077374226191,-0.00015014450381970612,-0.0002135962912060977,-0.0001808952418005883,-0.0002567610186040149,-0.00019812058172350694,-0.0015561895244246282,-6.948339538084834e-05,-0.00014707563984253712,-3.065594296194933e-05,-0.0002957222826057865,-0.001344294626392073,-0.00040338376024360586,-0.0003249086458125768,-0.001374996179359515,-0.0004671424065441757,-0.00012530324678745178,-0.0002603186530533666,-0.0015556874229499934,-0.008068858781687522,-0.00036533892258076893,-0.00018935785463188146
"Lead, zinc and tin and products thereof",CN,71429.1685432,-3.3152419353314997,-2.145722135157274,-3.458274168903042,-0.9959844193352321,-1.6095233010282473,-3.0197538714944545,-2.1295432774664227,-2.2731031776434167,-5.380912246768084,-22.486543295253195,-1.7117663923442599,-4.222003867240714,-1.459994965658708,-2.018544416426271,-2.402828270469606,-1.239430963809034,-1.1945307640551608,-1.8520048898303358,-1.9470873484585418,-0.7543138108077593,-2.5476236024623824,-2.3022710828080744,-2.624157038329722,-1.4033275891949613,-4.624055136237558,-1.2010297498022993,-0.9059254555931208,-4.3220623150319115,-1.1016937124238868,-6.111229649225119,-85.17730018482965,-1.7742630739272265,-4.989502952403005,-1.7432094333279948,-0.8362359679727877,-1.1080887695287198,-1.4880265487781215,-23.920162291087138,-1.2470864196918268,-21.08930672391176,-0.4244874251129544,-0.8449659334341052,-1.592147189440608,-3.0459022551078476,-10.494163811611127,-1.7416843878726134,-2.455596896347751,-8.91703011752762,-4.380303662691909
"Lead, zinc and tin and products thereof",CY,10.6136815124,-3.0234665192314883e-06,-1.7194508377901257e-05,-1.020137504641592e-05,-0.03683485543172722,-2.2788326798675893e-06,-8.10671355868707e-06,-3.046944032405635e-05,-5.120164709335055e-06,-1.613435033389921e-06,-2.0521967585325043e-05,-1.5405333874377208e-06,-4.695074204052255e-05,-4.5292951630395254e-06,-7.2306467282266024e-06,-3.8018666200607446e-06,-7.536076114951863e-07,-4.0798948039656874e-06,-2.4421347846127558e-06,-1.4969267020660152e-05,-6.980435977757519e-07,-0.00012895708812692667,-3.277311258524487e-06,-1.7216330108064879e-06,-2.2075171909710537e-06,-3.6102318880248933e-06,-6.505343806983889e-06,-5.709481939367634e-06,-1.067993101993305e-05,-3.37805215111717e-07,-1.233190444074334e-06,-1.0053310738585754e-06,-1.0246039828226218e-06,-1.0068578237356037e-06,-8.143506100193997e-06,-5.354962616691606e-07,-1.371383006054618e-06,-1.9808491262936164e-07,-3.1139785711559668e-06,-1.2758552614401973e-06,-1.8800566153981108e-06,-2.2447730428836255e-05,-1.406373070249653e-05,-2.136780429992986e-06,-4.639807969720967e-07,-1.7343176110618248e-06,-8.139339636215142e-06,-5.459601173987948e-06,-4.053147510574198e-07,-1.242840950246098e-06
"Lead, zinc and tin and products thereof",CZ,1315.3727496,-0.0799581412247582,-0.019935226286765695,-0.12873535312750597,-0.007546905229824962,-0.12281180334256636,-0.0988393900559007,-0.04421416693661819,-0.020790293172047565,-0.007694041864337553,-0.041556699465695575,-0.010652894815905043,-0.02317728825974873,-0.02491989985046622,-0.08519830462446285,-0.01154632666141504,-0.011045906949369279,-0.0951999638005406,-0.019096202234649858,-0.018041709060684693,-0.007021425782292305,-0.03152192784039085,-0.26577438605470555,-0.009326131152445275,-0.032922500492252996,-0.019720101261003962,-0.01962497517464523,-0.1056991202224013,-0.021596919584532845,-0.001225016109536747,-0.002903632580503186,-0.003517682730669111,-0.003340475938769739,-0.004410393478081489,-0.00422999731882304,-0.0014526873645693743,-0.0017348212488088011,-0.00044548948177050855,-0.005638556117587532,-0.04407072647660532,-0.025951196798149063,-0.014547385337316917,-0.017395273925906278,-0.005362451841818599,-0.006104563353912148,-0.0036329286296578156,-0.004231079121227337,-0.19393118575012547,-0.029795036618517606,-0.002858721237615645
"Lead, zinc and tin and products thereof",DE,5840.90473881,-0.5325388699956661,-0.23342346385199808,-0.25267170526472416,-0.041346108389839285,-0.541067220567108,-2.271431978415116,-1.2364852103673578,-0.08524787690772087,-0.09243007106810876,-0.5853698993360364,-0.10262746042526254,-0.32107008004963067,-0.08204817000060564,-0.1376244430875915,-0.08660869534782399,-0.03637890659226283,-0.4250830707341337,-0.5019026806224534,-0.0779886124067662,-0.025358585186198625,-0.7445357330025159,-0.38219695896630884,-0.09910161704409312,-0.05796488087946021,-0.23238470302888276,-0.08021027973820176,-0.054740199041951335,-0.4169715954937925,-0.024825861470033864,-0.05684951062093708,-0.01972899705918125,-0.037486655783873744,-0.0273277327666705,-0.1471046741897087,-0.007129965196750565,-0.03346714432488908,-0.005090867165911524,-0.16118551836681586,-0.3997922393726416,-0.06479028408500165,-0.017329804687632493,-0.382241792886871,-0.021955604524741358,-0.05933757816101845,-0.020095254868503727,-0.1470853612284957,-0.2215837765476872,-0.06398229894010869,-0.029418939819529543
"Lead, zinc and tin and products thereof",DK,229.99673695,-0.0004519208499127736,-0.0004091336578464306,-0.0009618416568845153,-0.00011741035985206777,-0.0003303478151872116,-0.0010812090527453364,-0.0008315983715545808,-0.0008027282363710902,-0.00015161064869339047,-0.001691270385064931,-0.00015975720391207655,-0.00031194140872802423,-0.00022756508087291602,-0.00026635068636924084,-0.00016819042107614222,-6.887992677952173e-05,-0.00070737899717964,-0.0002714152217739429,-0.00034198512127625586,-8.789188325088191e-05,-0.0013695447282492086,-0.0011704921388859678,-0.00014366125338806225,-0.00011801558731985951,-0.0014814683668519979,-0.00019016163642802147,-0.00013291812231945845,-0.0003649513200026965,-3.8612107918428035e-05,-6.02916834770241e-05,-5.450404310876201e-05,-6.982376681205415e-05,-5.042747601475109e-05,-9.157159892489043e-05,-1.5878210419122027e-05,-2.890781690980377e-05,-1.4515633724683028e-05,-6.635780369469557e-05,-0.00022166723508884584,-0.00010770616596306153,-7.387200037587072e-05,-0.0027393751601234658,-8.02770381563981e-05,-2.3112520918716706e-05,-3.4638767975859165e-05,-9.169011856857234e-05,-0.00042320080308797154,-2.4082754270194606e-05,-2.534508105704607e-05
"Lead, zinc and tin and products thereof",EE,43.7011207735,-4.6407285494891994e-05,-8.620589614860796e-05,-5.329720424867621e-05,-0.00020705003080241026,-4.227385355452551e-05,-5.113288125774056e-05,-0.00010293714288142455,-0.002481710713891831,-1.2146087524510263e-05,-0.003269479997958363,-2.5242102885600477e-05,-6.629813554083556e-05,-0.00010967276770781777,-8.833589855513613e-05,-9.8375281254867e-05,-8.157461764789805e-06,-0.00031129694028047124,-5.068806301773069e-05,-0.003698661001679403,-6.672206005501032e-06,-0.0002445982583232678,-0.0003107127504678408,-1.966566116593424e-05,-4.271667271567069e-05,-0.00012123143344334428,-2.7143862429785333e-05,-0.00010825125810673883,-0.00014119547617854925,-7.247105959708586e-06,-5.976694408292741e-06,-6.3417557816548035e-06,-2.494832843024603e-05,-1.9893235248513162e-05,-1.091863837916834e-05,-8.789776009578138e-06,-1.2653129179939832e-05,-5.275125198911613e-06,-4.3450134838400894e-05,-1.8005805627975855e-05,-1.4000029658567192e-05,-0.00022345898798823465,-5.735605760645436e-05,-1.2102232616259686e-05,-1.3234333455445394e-05,-1.5246984255204362e-05,-1.0932552490448714e-05,-8.15974001549708e-05,-1.2828468962993774e-05,-9.732023742925692e-06
"Lead, zinc and tin and products thereof",ES,722.544874752,-0.005123001447167188,-0.006860931112026969,-0.0081222563102732,-0.0022788060847400682,-0.0036416321067988693,-0.006811598279852595,-0.008971787651490412,-0.0029504397332635007,-0.663705326008806,-0.008041638850766487,-0.03333035082073437,-0.06932953701831371,-0.0038703507419633543,-0.004767544911519393,-0.004218158822679747,-0.003841435429557597,-0.007197718508748782,-0.004204890718811597,-0.004483565716757906,-0.0030736119124802823,-0.009276301346139052,-0.006818564073101495,-0.20489750543438406,-0.029791328616142487,-0.003391952901165347,-0.004037067266521184,-0.003044856012488685,-0.008467849295333207,-0.0005001276903800958,-0.0010145295556415728,-0.0011672201988944524,-0.0017796316819154703,-0.00141684190387204,-0.005599273576467904,-0.000523146569687652,-0.0023949179283848116,-0.00010261255628118119,-0.007029499667625164,-0.003717677938951794,-0.055156520291278044,-0.0010104510911670243,-0.004499514399917525,-0.0013861407681443215,-0.001230404458159492,-0.0017669118967254568,-0.005599247007795862,-0.004338585642664231,-0.004997070766180867,-0.0035910803242222566
"Lead, zinc and tin and products thereof",FI,1458.94937396,-0.0028831595918263524,-0.0038570658895942488,-0.0030633274260710346,-0.003537980873504499,-0.0023394390926815066,-0.00447805813302228,-0.04106324679587394,-0.07018552204434304,-0.0051254894478601236,-1.2433582909714869,-0.00227543355194928,-0.002077163814328383,-0.0022298343359281347,-0.001878942799737963,-0.0045932236498041215,-0.0011945230090964183,-0.03968316428894998,-0.0029914750005209535,-0.005503388992873877,-0.0010672512552270972,-0.0055547703490181595,-0.004791579089343283,-0.004547240555064016,-0.002061818842390052,-0.09243205467487244,-0.0013981318900206639,-0.0024544147198033417,-0.14635425226876814,-0.0004387762322059233,-0.0004263908042166858,-0.0007153073711558574,-0.0030848134896388005,-0.0008383353559288738,-0.0003672847286907912,-0.0007532931191786754,-0.0005012090614550106,-0.008279150672398698,-0.0017548769892223681,-0.0016449768114791448,-0.002640017627348031,-0.002875050085227306,-0.02949890489644145,-0.0010474825636399424,-0.0006927144597315432,-0.0008356388396780304,-0.0003686281772955628,-0.0023360889845307447,-0.0006160229983670994,-0.001531447035669591
"Lead, zinc and tin and products thereof",FR,366.250661351,-0.006176461083565198,-0.04393940504914814,-0.004182453062074872,-0.001486459496472004,-0.004507249028370334,-0.014005981400109672,-0.011811898332552504,-0.002917379352663052,-0.030711429634814866,-0.026584418211447115,-0.3602337670644061,-0.13141456302576995,-0.0019800490209382405,-0.0026300299305424832,-0.005211266908382336,-0.0033790109814494816,-0.00434416865835803,-0.04831113436359179,-0.0015561882507974187,-0.0019772001549286148,-0.029801730102313,-0.006162751999072785,-0.008327015477644622,-0.0031880882746346947,-0.004231779631735945,-0.0024839110138133464,-0.0016057575446600852,-0.026831902350625096,-0.0006225185192851495,-0.0007803517621234969,-0.0007371861788552743,-0.0020715277213689174,-0.0006340554331341576,-0.0026926757862965204,-0.0002848568342650194,-0.0009242945128461885,-0.0002348723246020393,-0.001442092504293872,-0.0404324678528847,-0.0022838844966988096,-0.000694712696878063,-0.004816959941265791,-0.0006621168451267794,-0.000590655757938561,-0.0006687908069526388,-0.002693790258053071,-0.0026245444864993975,-0.0012068194784734532,-0.0007461196511877116
"Lead, zinc and tin and products thereof",GB,5493.80911089,-0.2735348448221264,-0.3217609235663713,-0.23728723393854864,-0.05843021845326913,-0.23350854956482822,-0.4436692257210777,-0.3425228930929895,-0.0623963603896999,-0.06923341111281352,-0.4142117367185969,-0.12963259393003979,-0.13219590070817247,-0.05988009843348355,-0.10263616479729216,-1.2793685870428644,-0.03109167421295022,-0.1776689508873234,-0.5545293297995821,-0.0503502394144468,-0.019447889819797996,-0.4729353345680828,-0.21353734781535044,-0.06771108025453358,-0.04540783011697573,-0.15543099023353718,-0.05766757688475668,-0.03485289685926368,-2.9983288537328203,-0.047323472644539726,-0.09803999517572722,-0.024910777981539903,-0.0391117564644,-0.03329839792981813,-0.17193631332794454,-0.00908973921147623,-0.05931446636637719,-0.004137450711412285,-0.35897582657604016,-0.09407503730121158,-0.06107240779669436,-0.011186114361320314,-0.18771053959819023,-0.026583024165192023,-0.029949680020769608,-0.02340954753225978,-0.1719205228492014,-0.12426993021784524,-0.06172587119481681,-0.03324531832112281
"Lead, zinc and tin and products thereof",GR,14.292035293,-0.00014126673635034002,-0.00023869423279108758,-0.023281569116966862,-0.0008241058947834741,-0.00021921984555408003,-0.00012524263192534177,-0.00011698615936455287,-0.00014289558974944398,-6.900064317899408e-05,-0.0005193978778940112,-6.223928947910671e-05,-6.538835610492672,-0.0003845138309168099,-0.005807341280271159,-0.00012113616357375475,-0.00011652291421241276,-0.00012645039545461576,-8.588366080280981e-05,-0.00012348769111118315,-7.5869990348577e-05,-0.00015818787534735705,-0.00019255196260920627,-8.173118474444777e-05,-0.0009857160489590462,-7.865104810262333e-05,-0.006522659924763766,-0.0002005368335769636,-0.00024209107810306476,-1.1337407267898693e-05,-2.1278234128109192e-05,-3.2359179963891635e-05,-2.2833921016234073e-05,-4.1517981985890364e-05,-3.156787742884476e-05,-2.1463178956434674e-05,-2.5970872058005452e-05,-4.974627848277926e-06,-5.9823380666066505e-05,-8.053459629642898e-05,-0.0008235804881635771,-0.00011508494265775926,-5.291711068507614e-05,-8.993934355415953e-05,-4.2986761616351344e-05,-4.432836611569284e-05,-3.161242010630408e-05,-0.00440095455811572,-0.00012325502602262238,-5.048070976591965e-05
"Lead, zinc and tin and products thereof",HR,6.79559600413,-5.489115579709043e-05,-1.7636011714514987e-05,-8.71665024124337e-05,-4.130203265311774e-05,-3.070775137205619e-05,-2.1023753059242502e-05,-1.551709016090404e-05,-1.3796311227393085e-05,-4.440630774557807e-06,-1.2241926919675365e-05,-8.243989351597716e-06,-6.721052961618396e-05,-0.0001958081211776691,-0.00014093350975442656,-1.469505244489791e-05,-6.775677600966309e-06,-1.699642234788079e-05,-1.279956838687475e-05,-2.5547224232760284e-05,-4.589702798794311e-06,-2.0503370300498123e-05,-3.0750397000499175e-05,-6.2138403522537e-06,-5.820511277852312e-05,-7.304260435044052e-06,-3.1863772230127456e-05,-0.00010746400065697027,-1.7941720468781514e-05,-1.0074272420588559e-06,-3.1609974836184994e-06,-2.8543540382649575e-06,-3.3253469167325803e-06,-6.4547747018426775e-06,-2.7676587266160566e-06,-5.212071780274062e-06,-1.5047538296752776e-06,-6.8928839147668e-07,-6.507936980926646e-06,-1.2450659074288168e-05,-7.456889429768209e-06,-3.451117034723845e-05,-5.402992353561779e-06,-6.5240592887994285e-06,-2.2284666768381676e-06,-1.2301592387777505e-05,-2.769454378559349e-06,-0.0012480592995687738,-2.4070968597698343e-06,-6.967413327191282e-06
"Lead, zinc and tin and products thereof",HU,1.06994703466,-0.0012733861845783583,-0.00013952188286340557,-0.00020178529652954704,-4.913205728433255e-05,-0.00024258754441520828,-0.00028371058676549546,-0.00019602537535420335,-6.618606338838866e-05,-3.233120477520507e-05,-4.0256661363622635e-05,-4.785099070248035e-05,-0.00010045523258020847,-0.004085850094935048,-0.0002467858459520536,-3.557601681735325e-05,-5.078151148100763e-05,-9.632156599533143e-05,-9.369255299790406e-05,-5.5273975106993134e-05,-3.7805069088885113e-05,-0.00026226310788378073,-0.0002501800137459497,-3.361024646654554e-05,-0.005580280286059313,-3.422538200863518e-05,-0.00011887001180658366,-0.008329209262481091,-5.306359786501115e-05,-3.8554056536161305e-06,-2.774542832321136e-05,-3.687763521119462e-05,-1.3331211595198446e-05,-3.299461104005224e-05,-9.92266625662981e-06,-9.611644884509391e-06,-5.614824956199814e-06,-1.1925420320489928e-06,-2.1637160951982346e-05,-0.00010544626462722921,-6.190282181720935e-05,-2.914500832665794e-05,-5.3482265731027644e-05,-2.3980737008445434e-05,-1.125194784664727e-05,-2.6789292903674673e-05,-9.932055425735652e-06,-0.0010823788665786707,-1.7390747726329947e-05,-1.9244584893426404e-05
"Lead, zinc and tin and products thereof",ID,2642.90991484,-0.02726050977008855,-0.02549489317023349,-0.016731829545556128,-0.02058388574460813,-0.014278647534073527,-0.025456773385873797,-0.022028923496458255,-0.016906397800459005,-0.016624615959895936,-0.11253320268176313,-0.011003369397941972,-0.07174403369228952,-0.015661130262020057,-0.019041403409494343,-0.016186252097373306,-0.0068505304067197435,-0.03475863271958329,-0.013196775059435322,-0.02566010057802141,-0.004630318598076541,-0.0393367106894188,-0.08492043532721556,-0.011553175209179424,-0.008554938810714932,-0.026185611971273236,-0.009883473586375863,-0.012245149598456101,-0.024707026186496478,-0.006873911291212008,-0.679443152480179,-0.037810175517664156,-0.013800737204597378,-0.14220014097005412,-0.03130145366146025,-0.03998614839056089,-0.023609935905071596,-0.0020279379163719224,-0.40660389147715764,-0.009073706006550348,-0.025018929294032658,-0.019198221947139316,-0.009754996035514064,-1.6984183706907305,-0.012955798288910048,-0.078665986531206,-0.03133758942346495,-0.018314528379036382,-0.020178163117861116,-0.048872262250144884
"Lead, zinc and tin and products thereof",IE,221.220947136,-0.0014072240998659993,-0.0031525351959160943,-0.001056191568568599,-0.0010231404213249737,-0.0021810861911332417,-0.0016276205232442402,-0.0012978403469957463,-0.0008970749962386815,-0.0010001551000712902,-0.0013709017691868588,-0.0015728307932068846,-0.0010312227803715554,-0.0009936998608207643,-0.0011684013768324052,-0.010976405693068953,-0.0005648076409613911,-0.0008428719752038998,-0.004487332400420081,-0.0007629083545897062,-0.00044598871080193324,-0.0032976999553322975,-0.0025683340431874504,-0.00150986401991246,-0.0010099173508923678,-0.0008444593803098821,-0.0006670292997783408,-0.000706667091862469,-0.11306194097332344,-0.00039058397507638884,-0.0002608043592517382,-0.0002810885027881715,-0.0007318116422072417,-0.0003111810010116029,-0.0002603747793148579,-0.0001245961919360156,-0.0002827214538761521,-1.8144370860592003e-05,-0.0003148554677497904,-0.0006967719931400099,-0.0009656059871994913,-0.000315963995366017,-0.001028179364196392,-0.0003623304855276324,-0.0009224142860619027,-0.0004253871027155646,-0.0002610335060671619,-0.0015205189132024661,-0.0003455729506515962,-0.0006093982074697542
"Lead, zinc and tin and products thereof",IN,3400.86334388,-0.014847343760351722,-0.02061223038839468,-0.010788101919668556,-0.022308955453322246,-0.010243745795459093,-0.019999319521273182,-0.013679441513738691,-0.008083592729089449,-0.011064610785368639,-0.021877517909464215,-0.009963230298007407,-0.04928367844864059,-0.008327136378018699,-0.009795201555927118,-0.012200760777133056,-0.00942945413745087,-0.0500954748296895,-0.010202992956242045,-0.010239035505685628,-0.006250400305883227,-0.023643758971064556,-0.06887380231917482,-0.01200917379009959,-0.007556503636095852,-0.012713427079690547,-0.007673885268776583,-0.0064701426449456974,-0.02255714509247005,-0.005388250752127509,-0.04195139023447126,-0.02432689264444951,-0.01496951842231901,-0.057406791750193954,-0.013914314871755588,-0.3356707014350641,-0.007893893764511656,-0.0012619370926014442,-1.4163706879145117,-0.007828613506307735,-0.02161980695472652,-0.006579348190541047,-0.005305151347143622,-0.017034510772324946,-0.028819450870356724,-0.08755919218449462,-0.013915238561870474,-0.01938503496928724,-0.018111370710563488,-0.1624356503596977
"Lead, zinc and tin and products thereof",IT,2569.73616675,-0.03639282248482949,-0.02452015285694574,-0.04995488514150794,-0.005793681571985382,-0.05374235827449916,-0.041566282535491945,-0.03332801107975565,-0.007659563360204175,-0.03565977994434342,-0.04723036376905126,-0.02370030987409062,-0.41232529355106157,-0.01664099233942288,-0.01584025053972782,-0.014267727558812214,-0.18104337644535504,-0.016873429879104746,-0.012494497036668982,-0.007282428317915897,-0.21190725511368713,-0.07212939875732356,-0.023893967705436777,-0.04347151878967984,-0.009868019247442282,-0.010930037831765056,-0.1462442884329536,-0.00715204244271271,-0.030587371823673673,-0.0016023151331042299,-0.004634734040975418,-0.002701335481075191,-0.002636783901085342,-0.0037480822199988254,-0.008929504720328746,-0.0010568285397852045,-0.0037119578105111613,-0.00048547377364079356,-0.013487381212810652,-0.09525768633354544,-0.020861986349262288,-0.0019341969978462206,-0.014730143023435446,-0.0029436409144898827,-0.003056963785858753,-0.003141962259313226,-0.008930959776431664,-0.0740782191267264,-0.008085971088447438,-0.0035359892943554465
"Lead, zinc and tin and products thereof",JP,2982.26773617,-0.0579837288742455,-0.031090560877597557,-0.025520976478022414,-0.01843768643885014,-0.02886404484369774,-0.04710834148552328,-0.02764352885948439,-0.04199483104987856,-0.021156614736583187,-0.5332455899221206,-0.01952349243522836,-0.03510066721089631,-0.01573296998794739,-0.024748103206546603,-0.045361988742646665,-0.010278035550842227,-0.020203700062906206,-0.029121991340228925,-0.01877167025594939,-0.00782257620264773,-0.038035973889324025,-0.0342297315105286,-0.013728835876546299,-0.012399426717276757,-0.05737901345550791,-0.015033122981952345,-0.019705243018843088,-0.061024182430190636,-0.013984760047233535,-18.714941554141998,-0.06730850607938464,-0.10056649369951666,-0.25186449701411917,-0.05471422290286294,-0.013528146759342864,-0.01670865193477126,-0.005842652802238434,-0.5626500543071907,-0.017081938038607764,-0.04310343694713524,-0.01995039185083313,-0.01223893632061767,-0.0481942089979612,-0.017001304476417307,-0.054872732676061034,-0.05516855377027921,-0.031848416526123774,-0.02321727689918411,-0.05870912809841321
"Lead, zinc and tin and products thereof",KR,6013.39765105,-0.3233149439105453,-0.18497666932615525,-0.2490523774488439,-0.07254474731296554,-0.20116373365406956,-0.372199756997575,-0.2619886897553538,-0.2529430384944158,-0.22354097202020357,-2.6987769380375886,-0.09904819196034918,-0.5702521041721013,-0.10639906717833424,-0.16060187713492574,-0.14561760568661727,-0.05207180384136047,-0.8684274078834845,-0.1383664703147914,-0.15224069431123577,-0.03533033352008385,-0.2559333364235656,-2.656912571915262,-0.1193670723104085,-0.08690228129319591,-0.38900856628818314,-0.08808783869660182,-0.07243327164053635,-0.2514910141681263,-0.09833180515373209,-2.9852557336183247,-0.4388634441707702,-0.11822013062308111,-3.9797082043995617,-0.1322886982919192,-0.21678941299959983,-0.10818682816461246,-0.031326355000800624,-3.4079623615258443,-0.09598335623110749,-0.45242487126955233,-0.038228711578052625,-0.11321433452968481,-0.27164479146711823,-0.1559532902041489,-0.2794728434316972,-0.1326497626475884,-0.3181893643247157,-0.36484735104752547,-0.31947888425448023
"Lead, zinc and tin and products thereof",LT,24.8815160156,-7.757024554129332e-05,-7.338329812246935e-05,-0.00013274895406830274,-9.946423647315387e-05,-0.00016358146901551327,-9.994661884257744e-05,-8.239395875216693e-05,-0.010426497822241062,-2.669404411993894e-05,-0.00018780930671677548,-3.46741152683464e-05,-0.00011432818588548744,-0.0002541043044877239,-0.00026497424579630146,-4.75909940211418e-05,-2.2768989605761563e-05,-0.0014554223779881578,-5.0011555838462e-05,-0.025609244805318315,-2.0145243118175868e-05,-8.713004748263148e-05,-0.0020010137812604303,-3.6595598640717785e-05,-9.854677845010296e-05,-0.0006712630077669124,-7.215542826468664e-05,-0.00015393612979692624,-7.016271855252293e-05,-4.153400337495931e-06,-6.852244621882351e-06,-1.1401445150045592e-05,-3.6623288519464076e-05,-1.6997314832714227e-05,-6.330045001359834e-06,-8.225466179127344e-06,-8.654236076174541e-06,-2.8282746094946507e-05,-3.333021728140683e-05,-4.301492312627468e-05,-3.5173952018207035e-05,-0.00014732058148319232,-3.756958915886577e-05,-4.5377821692183725e-05,-1.0217842155626653e-05,-1.490981558025339e-05,-6.353221275681985e-06,-0.00015813411267001645,-1.0322451439361049e-05,-8.933974684966959e-06
"Lead, zinc and tin and products thereof",LU,51.9125703382,-0.0035184183640690416,-0.016917551884694626,-0.007401423933927717,-0.0009366717493395333,-0.0026480812479925293,-0.009725239702486588,-0.006185019644463526,-0.002124318747401824,-0.0013211993827120345,-0.005235159662350437,-0.004403610136042185,-0.0025503061041497097,-0.0009757068526251532,-0.0011899250596050957,-0.004070191148433927,-0.0006131520524852446,-0.0023115542822626676,-0.0034904244967116334,-0.000951803823107799,-0.0005824471040960444,-0.04015731006643923,-0.003381939044130795,-0.0013307554198352374,-0.0008073506916354478,-0.0013298150154829314,-0.000916612530215944,-0.0008355786744394703,-0.009405319875541945,-0.000251318241935311,-0.0008891871120638153,-0.00032392505768715814,-0.00036029266886938323,-0.000705885518301706,-0.005528429765059285,-0.00015986709424935667,-0.0004996602299167924,-4.830729663087344e-05,-0.0014048600237163773,-0.001979795420881029,-0.001957772003999807,-0.0005075910384257856,-0.0023982682088674414,-0.0005354432648439861,-0.0025105187552829583,-0.00039846618840319803,-0.005526189933465994,-0.0016901414449219019,-0.0019197869526758808,-0.00046542403544061917
"Lead, zinc and tin and products thereof",LV,12.422685658,-1.4808257110700715e-05,-2.389155590475816e-05,-3.356653350005353e-05,-8.015343767303433e-05,-1.7891391097203402e-05,-1.2207631203482811e-05,-1.6849852403511864e-05,-0.02445961827492028,-4.350731553344572e-06,-3.282009306817762e-05,-8.045358201609773e-06,-4.394152756944346e-05,-8.461457241324128e-05,-7.984868584462873e-05,-2.900324861915131e-05,-3.946918173892095e-06,-0.003034488705291736,-1.4899936442527093e-05,-0.0170428571663688,-3.177120121712015e-06,-3.411652517940252e-05,-0.00014621136989173493,-5.953793895355847e-06,-2.6539117161087467e-05,-4.9209648998607896e-05,-1.9571158065997668e-05,-6.214134063082296e-05,-4.715276169412668e-05,-1.4441085598158552e-06,-2.6655747682678842e-06,-2.412609539305608e-06,-4.455185637243956e-06,-4.366906436502823e-06,-2.9817988718951468e-06,-2.5187470622850397e-06,-4.054531498971395e-06,-2.053393094961242e-06,-1.9381849389099287e-05,-6.980834337611513e-06,-5.98864910901456e-06,-0.00019049109712531695,-1.100271244351733e-05,-8.879127809238705e-06,-4.215622227945528e-06,-1.1897264137770661e-05,-2.9929596606261375e-06,-0.0002836332087371148,-3.814448751521135e-06,-4.949793711298793e-06
"Lead, zinc and tin and products thereof",MT,0.0168524371245,-3.896549147998337e-09,-1.4745396539804152e-08,-3.923330017104602e-09,-1.0720872376357658e-07,-1.665577577145555e-09,-3.874039142937258e-09,-9.665178765381702e-09,-3.863979165654477e-09,-7.967148317751948e-10,-3.064875471981745e-09,-1.9469226161097425e-09,-2.1631121539195497e-09,-9.809006221779987e-09,-2.2296956593445545e-09,-3.907329292067947e-09,-5.727877398019742e-10,-1.6036210450959022e-09,-2.3305793219698e-09,-2.1498207644334576e-08,-4.833120525179838e-10,-2.333189661975796e-08,-2.7846863225456657e-09,-1.060596922992179e-09,-3.977438455901596e-09,-2.000489191421657e-09,-1.1116273562125532e-09,-1.6972914106793115e-08,-5.570499430573516e-09,-1.8875956548275905e-10,-4.506280006499636e-10,-4.819422291738478e-10,-5.253103229513576e-10,-7.1163765135167e-10,-5.896856188526695e-10,-3.9963492514931066e-10,-9.218084965917579e-10,-5.5420003805853185e-11,-3.779991685075359e-09,-9.498532417219774e-10,-1.0977274936549952e-09,-2.6710110745760498e-08,-4.5373935437643594e-09,-8.405035973197119e-10,-4.385696989582547e-10,-1.5155063495029635e-09,-6.032377770660469e-10,-3.372502409008318e-09,-4.712018654282766e-10,-8.237182568206095e-10
"Lead, zinc and tin and products thereof",MX,5873.45739996,-0.04658294602986102,-0.03580811841896905,-0.02583059837932491,-0.01665594157353557,-0.023889661757480973,-0.04816516699953745,-0.030090123423455545,-0.011894237881273055,-0.026597251317926826,-0.05876698889380144,-0.0207655766846297,-0.012601010990651248,-0.01284900316721163,-0.017490603316319825,-0.0291053265900197,-0.015891589707583958,-0.013943146300198673,-0.02522401560563048,-0.014218459190894542,-0.011618670218182477,-0.033677995338291966,-0.016611296550474875,-0.02590699769567952,-0.014703438948492449,-0.04232526400775687,-0.015601963914909436,-0.010548008280736529,-0.04325745936455128,-0.11386787629540963,-0.038901923959421505,-0.04423111437798535,-0.08570068690332674,-0.03363226154084054,-0.10217887459933385,-0.008515774265745027,-4.06336028328207,-0.0010129616390007815,-0.020832014112981134,-0.018314250926238788,-0.018241169848625227,-0.008151605592215885,-0.010744131069394156,-0.01691389448471453,-0.006853771502244046,-0.022882130342297535,-0.10803293182234856,-0.014228100070350008,-0.0055458286708544,-0.015749729923342403
"Lead, zinc and tin and products thereof",NL,3036.04211455,-0.035046254339844804,-0.3149397827659353,-0.027912594855304906,-0.05794747680126186,-0.03196526843427372,-0.15260812358644354,-0.6374228166009536,-0.04167624144076916,-0.029652146629611287,-0.5198529801502665,-0.016562339242769994,-0.08094753401378568,-0.015533507883610511,-0.016581994854446083,-0.020983698825162274,-0.008420749565678846,-0.08760755768983018,-0.02340317091835353,-0.02097275668863157,-0.008584169646075163,-2.673128033804215,-0.04322831320152538,-0.025130263941577354,-0.013975883622409748,-0.07302129258262027,-0.013260995493949553,-0.01415667384028952,-0.10598013073323724,-0.002908728574753184,-0.020350560848369458,-0.010980447204779087,-0.011649357581405121,-0.010109544645678623,-0.21947424696179868,-0.003546124564751194,-0.022328792277915337,-0.003929307012569241,-0.022852168362883042,-0.017512925238232585,-0.01776941398242691,-0.007624202931085764,-0.29071769859499574,-0.02958909246984761,-0.0062399746383582,-0.012422020583316021,-0.21940845346187846,-0.0224196058255419,-0.00560683846826318,-0.008361059577087335
"Lead, zinc and tin and products thereof",NO,380.39400728,-0.0013006332559355417,-0.0014991929800061362,-0.001197590461770691,-0.0006181183530074514,-0.0010580928593465658,-0.0049995893261933575,-0.024133938226272435,-0.001994621427541881,-0.0005696546403554132,-0.01976622769951383,-0.0005573285588603196,-0.0010815349021942417,-0.0006563938367348515,-0.0007998961263559882,-0.0032540618913240323,-0.00037765046223407186,-0.0060927685935685625,-0.0016713673574979388,-0.0010041948365983513,-0.0003506549472650438,-0.008771767785638965,-0.002744352929800478,-0.0005522934700133696,-0.0004577444361857368,-0.019131902645073556,-0.0005096413466395501,-0.0004296261712703263,-0.008679273029412845,-0.0004114961459677323,-0.0003136782892510422,-0.00040694869164937847,-0.00201875975628922,-0.0002785923087522099,-0.0008973490858585675,-9.062430269048545e-05,-0.0006683667119006514,-0.00018952789035883092,-0.001036032129010785,-0.000601550867329266,-0.0006291848096087927,-0.0003340304840804955,-0.004383469709187878,-0.00033584915702049935,-0.00014788674878604425,-0.00022545073857946753,-0.0009007102329373354,-0.0017984499559026766,-0.0002387762274461927,-0.00022491675741788923
"Lead, zinc and tin and products thereof",PL,2784.31844164,-0.027079125080125055,-0.021030605350452643,-0.10910763127968505,-0.01082375181831345,-0.07332636308128437,-0.07387560201583315,-0.06682931756121992,-0.042670770924776676,-0.013253161861946418,-0.12388923224192054,-0.009855889288111834,-0.07373042801051054,-0.024805553249305112,-0.026042347751646315,-0.010320636138477394,-0.00672338170458736,-0.6382610769073629,-0.016175453062081784,-0.04506711800305998,-0.007402493660168158,-0.04923294200253563,-2.0605272454518415,-0.01048374600327377,-0.01769362700845788,-0.06126289066098738,-0.012653235212821823,-0.01945669206275406,-0.029173453160690116,-0.0017955859872733422,-0.0034665953183340144,-0.00353891239816552,-0.003415409705659349,-0.004596683147456417,-0.005284268164564393,-0.0013149545954456332,-0.0032100565284466746,-0.0010595074005350458,-0.006722488899973243,-0.014542529898684542,-0.013550050676382375,-0.00403246045694964,-0.03406617186975206,-0.004161269833863213,-0.0024920195282420905,-0.0026135083671815773,-0.005286302600667024,-0.0922292538831968,-0.00699823244046659,-0.002662807447051178
"Lead, zinc and tin and products thereof",PT,368.38492027,-0.003962695862937386,-0.004047748510740014,-0.002890263315455991,-0.0019857034239382054,-0.002395080952712249,-0.005184559876467458,-0.004958845430476375,-0.0014954043598592976,-0.0853039966350107,-0.007864203023656246,-0.002427289356734348,-0.005769244477672056,-0.0016712291950359314,-0.0019012316637982535,-0.005619344830842324,-0.001428761414626562,-0.0024549307210720616,-0.0033738751229404167,-0.001988636617904195,-0.0013339941656589165,-0.01053956838395932,-0.003338248360347321,-1.483880555438389,-0.001265668996462646,-0.0018915181315652396,-0.0016717665745094815,-0.0015671565239567611,-0.013615234245489227,-0.0003926137412386044,-0.0008541307742950955,-0.0005750273679324808,-0.0009213406576955783,-0.0008168616081129335,-0.029654938520316296,-0.0003420623783298697,-0.004505355372067546,-7.462954598845373e-05,-0.0022175725779437945,-0.0017879212784331975,-0.0022016165048897437,-0.0018817726161086275,-0.0022323054374390958,-0.0013958942222585073,-0.0006921008122952895,-0.0007416935258208898,-0.02964282482559573,-0.001827735154976239,-0.0008631180472256951,-0.0015213506624142054
"Lead, zinc and tin and products thereof",RO,1786.94753352,-0.00041420440802786957,-0.00017591725478192466,-0.00799255093608275,-0.00034919439093085154,-0.00024437474682236106,-0.00026831291365885895,-0.00018439641326078947,-0.00016347210161106433,-7.759179712285567e-05,-0.0002719187851937856,-0.00010959621240996769,-0.0011360057823016493,-0.000720869987083038,-0.004252976871144878,-0.00011611120122018856,-0.00012101019537479178,-0.00021242608128098,-0.0001244248595807283,-0.00018627507991429346,-0.00010570462402458133,-0.0002627876673966781,-0.0004375203668163866,-0.00010059662575275523,-0.02021111707931128,-0.00010969334233088842,-0.0002629224107142087,-0.0006603670911352223,-0.0001873890832337436,-1.316663400096327e-05,-3.089574612559877e-05,-4.3726790719120695e-05,-3.2537567412053775e-05,-0.00011764310626796193,-8.10541248989e-05,-4.322250616952283e-05,-3.8075451350152325e-05,-3.979036297381754e-06,-5.454686995606091e-05,-0.000547625380549671,-0.000281962306674917,-0.0001517828540061484,-7.249679094069626e-05,-0.00018830690306224164,-2.091768572896291e-05,-4.1462427597426004e-05,-8.106539152603383e-05,-0.0019427701198053357,-1.6292544869915e-05,-3.4331009201904864e-05
"Lead, zinc and tin and products thereof",RU,603.73968915,-0.0022157199419734013,-0.0015474677850825847,-0.010114806355115597,-0.007497036142408056,-0.0054817987890014,-0.0024832869389734866,-0.0021484265498317554,-0.024607518185208795,-0.000951114219457499,-0.004805516773891171,-0.0010222779082284254,-0.012774815377403163,-0.025847572351287828,-0.029768740979465892,-0.0011792627421949272,-0.0010831570364734967,-0.043365568544311166,-0.001505486382650224,-0.03868895073586189,-0.0007527274564124108,-0.001986889005751025,-0.0060166625833715116,-0.0010047063965924724,-0.007940617023756797,-0.0014420302742833527,-0.005954657440923455,-0.010908715028664528,-0.002072010429010511,-0.00021447064392039685,-0.0021962522552782865,-0.001137485333514758,-0.0014203085040881804,-0.0018868382091508525,-0.001079123581793913,-0.0005147794307325436,-0.00039676656503625666,-0.00011827990361550783,-0.0026340300641576686,-0.0019775826216851993,-0.0031042233638304997,-0.0017764177566769875,-0.0006323011169632251,-0.0009219362974483085,-0.0003272564070690827,-0.004577030393562479,-0.0010798418170843733,-0.10089906069514515,-0.0005092463257876195,-0.0009589843582361458
"Lead, zinc and tin and products thereof",SE,1223.95414353,-0.015941053543711472,-0.01185709010651629,-0.005026019407346646,-0.004432868326704113,-0.006404419437306996,-0.013279273215314896,-0.30301906559459646,-0.028089371610383385,-0.0027389034928289187,-0.34592203400140653,-0.003983384666834352,-0.007353567343416241,-0.0033336714115605875,-0.005367171056250402,-0.02122301261438203,-0.001726945120728591,-0.26910514407893393,-0.010558172004411242,-0.0073458667644435574,-0.0014728980504892057,-0.025369743693873598,-0.018115161028023755,-0.0033139961728710244,-0.002910814049715514,-0.19989260513248852,-0.0036619361278971176,-0.0030946025658180457,-0.03465441957869533,-0.0015427667363995346,-0.002265581161763945,-0.0018379516272290747,-0.012134796607436155,-0.0016447526847065445,-0.001539553099333703,-0.0006510325765190082,-0.0020306563975695793,-0.003595121066718099,-0.004489610950747701,-0.00353560518566526,-0.0030318503836888008,-0.0027284258602428366,-0.20243435417527633,-0.0018471212031336342,-0.0006881640489845632,-0.001200557291549727,-0.0015438304881266623,-0.00347610371127865,-0.0006958123135509147,-0.0010763992214499114
"Lead, zinc and tin and products thereof",SI,163.582589827,-0.008506467108897936,-0.00024321412385654642,-0.011904420604924354,-0.00031105062480257654,-0.0009862382554332878,-0.0005873147707576201,-0.00032655262856045675,-0.000284346232467696,-6.769878708701331e-05,-0.0005437227617986184,-0.00010509204962322238,-0.004480007839765736,-0.03037466130921431,-0.0012145935394967293,-0.0001561909973959594,-0.00012361519337062075,-0.0003346854619646931,-0.00015967812719895835,-0.00036715100919666987,-0.00012594328561285807,-0.0005809859558731201,-0.000863271740721443,-7.319564319759187e-05,-0.0005206367574930837,-0.0001279528654092222,-0.0006095041671620959,-0.0004179600087391039,-0.0003027462542619774,-1.4324599430664812e-05,-3.052728977898577e-05,-2.4460617768582623e-05,-7.078394393111475e-05,-0.00015128230117426286,-7.319949600705132e-05,-2.4860487686702754e-05,-2.6192517647672227e-05,-5.817606158675061e-06,-0.0008584735766073568,-0.00024899679973800864,-0.00027760340190360693,-0.0003094758179415009,-0.00012763526248494474,-8.522808606044255e-05,-6.283279488581605e-05,-5.4020289646041304e-05,-7.446389026591433e-05,-0.00625586231512867,-0.0002469955735455791,-0.0001026984341347559
"Lead, zinc and tin and products thereof",SK,832.350705435,-0.009580270596982021,-0.0033576201679105058,-0.12700670145000123,-0.004248954209591994,-1.0651373124519383,-0.006002895950675121,-0.00544127259282956,-0.003111271616086808,-0.0010392482416564138,-0.019200158321653702,-0.0013052047904685581,-0.021908492943524815,-0.006796053297090463,-0.010892039544918276,-0.0015006386952496845,-0.0009648105974296955,-0.011256699581758539,-0.0019951356636013595,-0.0037835347620281128,-0.0009195181402945322,-0.010267071592532075,-0.35891483341800784,-0.001594780921601462,-0.006642488827200164,-0.003000192742948828,-0.0028327386460976533,-0.006595801832524751,-0.004558137275047382,-0.0001602306424649789,-0.00040793363579088725,-0.0005757749555752715,-0.0005950332910006665,-0.0011469673362271876,-0.0011678250956521413,-0.00031331157226037216,-0.0004632342242913779,-0.00015062509319820018,-0.0008703588953696078,-0.002080591060233624,-0.0028972876529172417,-0.002996913076492217,-0.002324732654480915,-0.002118559376794915,-0.0003131767592108162,-0.0004370674817983964,-0.0011672556214725785,-0.07101699995505448,-0.0003875607136565433,-0.00034151971215535686
"Lead, zinc and tin and products thereof",TR,409.523094759,-0.0017286763904708327,-0.003699174899246603,-0.23432489902080536,-0.005198151833488221,-0.001994887465617447,-0.002022883552423089,-0.0018896512603340683,-0.0016500748666353439,-0.01253677557600926,-0.00365061224282358,-0.001538257828243373,-0.015993846422219255,-0.0033826465301006526,-0.0027779821887624926,-0.0016583810189528462,-0.0017242515430388019,-0.002678193555920329,-0.0012240139123837412,-0.002023214088870293,-0.0014564785317483376,-0.003730908530264502,-0.0023162540535493865,-0.004842208680569697,-0.008272655478605144,-0.0009891621028408465,-0.0019730399358311545,-0.0014110228088508568,-0.0029786558531921413,-0.0003993061381984053,-0.0017334422688605566,-0.00100787604420742,-0.000906006675218007,-0.001559927902294173,-0.0072631158428709515,-0.000593169710550725,-0.0024031261467781753,-7.886331185717486e-05,-0.05604916945695605,-0.0012268712149505067,-0.15037855451894191,-0.0008500751970002015,-0.0008228044817400674,-0.0016840307389428938,-0.000729716691267829,-0.0033664395191815425,-0.007271672572029055,-0.009401269724367353,-0.001957304431534068,-0.0066552911246412156
"Lead, zinc and tin and products thereof",TW,1322.28875814,-0.0014546942326128793,-0.0023459420494898993,-0.001725957218569599,-0.004864370255546361,-0.00144644799448839,-0.0012650714160490155,-0.0016115708983409653,-0.003559083459388228,-0.0011181214127314247,-0.0065767977133069444,-0.0013575072758040122,-0.001381378025957198,-0.00198084304317345,-0.001601590136845547,-0.003205025696307919,-0.0008301821200140529,-0.003175919861381459,-0.00195300859532234,-0.002641884246052816,-0.0008902385948143007,-0.0027454615653593265,-0.0018058867342757674,-0.0018196323821182902,-0.0011558057895263406,-0.0025549002973720533,-0.0010755533581662678,-0.002118238271530817,-0.002854664800788718,-0.0006470353483523809,-0.0016512161964332554,-0.0006447223194020837,-0.0016685582687125313,-0.0018553246504841565,-0.0007223246032433268,-0.000939943959490847,-0.0007407414302949418,-4.251724624263593e-05,-0.0017230294139377073,-0.0011108438455717017,-0.001150401902166171,-0.8456471968652411,-0.0008630529136216122,-0.006466380529876989,-0.0008859745043935519,-0.0011070641108245503,-0.0007233593792890722,-0.0014792155174569075,-0.0009355220028499127,-0.0005655697672579304
"Lead, zinc and tin and products thereof",US,2221.31725532,-0.050447447450797454,-0.0415489374149182,-0.04438829505539923,-0.012027428663268822,-0.03276047420992561,-0.08772200014409058,-0.06096137780772768,-0.017885295314066945,-0.018812024708420916,-0.16648102843469634,-0.019856614248513014,-0.02724087707505126,-0.011591358293039183,-0.01858709109046496,-0.055191399989948015,-0.01130024807220716,-0.0352200929337911,-0.040339286641481335,-0.02146913015275037,-0.00844909956870525,-0.07424048811254991,-0.05604151377647702,-0.04607527940314988,-0.011718083915496256,-0.04495656128170755,-0.014371771101723356,-0.007965361851585058,-0.11211624788622186,-0.29138215138080537,-0.236591790253351,-0.025245551360515168,-0.1299203710175879,-0.044060065270114364,-0.1925488257091184,-0.006529391192524836,-0.17635119987170728,-0.0019599959564602157,-0.06988833603644633,-0.021663350159484836,-0.03158294419101633,-0.005151138138228931,-0.02488578762685264,-0.016938119534941905,-0.018592379079456507,-0.018184964145339582,-0.19301903789109684,-0.021766825412972413,-0.038156574684670604,-0.019844824343043427
"Lead, zinc and tin and products thereof",WA,7239.55691107,-0.1316977737938495,-0.15037186958589666,-0.10911353711478362,-0.10430121017094778,-0.07791572204484475,-0.14195693330898854,-0.10433310598613217,-0.11098048154021127,-0.10196946615049189,-0.5299998859609322,-0.2137561209849059,-0.38612656984636534,-0.06496999151918009,-0.08221980063323724,-0.09823207663326641,-0.07105340932815714,-0.16069025647895724,-0.0928234047666001,-0.11962659613015575,-0.057994808980286396,-0.1653607625741132,-0.3879763530698846,-0.06734634260054283,-0.04345054954315207,-0.10173984604433083,-0.06891382941020424,-0.046941196904208886,-0.16780634100906114,-0.04287662961587006,-1.8605979254852598,-0.22773597026552372,-0.08138671711900891,-0.6781008884783738,-0.24871870868796175,-0.18060171981703355,-0.07184865303447108,-0.011125088916212096,-1.4861543483515713,-0.07624703753569,-0.175092833379821,-0.06731509698053931,-0.04480959444927738,-0.2982385909616013,-0.10628465345766702,-1.8216574876293414,-0.2487033585114736,-0.14398254018950007,-0.22473889044161816,-0.2661105144140758
"Lead, zinc and tin and products thereof",WE,895.850902374,-0.007838143041915798,-0.003675020771978163,-0.07264627842215515,-0.004084205757158152,-0.031034476860443284,-0.005960281390125447,-0.006543729335937128,-0.08359676152233912,-0.0030007910525628213,-0.005467958410763306,-0.002371313666877216,-0.08437638610041398,-0.1825012199121001,-0.21279835039716585,-0.001532331246307193,-0.0047582672910867875,-0.022666496641579638,-0.004355969746987556,-0.06663243484032512,-0.002681494038383476,-0.0036413890430634813,-0.022658702104991636,-0.003948135268292588,-0.04897381628080739,-0.004135057438058651,-0.04036999196838687,-0.07084624536261809,-0.002454614731725301,-0.0004644697830382315,-0.0008842757405635774,-0.0015528456770764496,-0.0015796619177964619,-0.001666035055953161,-0.0010908891163726123,-0.0008852481708663829,-0.0005377720736472005,-0.0004467259051048603,-0.006666760624203265,-0.009564725182350157,-0.008248714676725827,-0.0020748006639980743,-0.0011872161463636535,-0.002468583370367934,-0.0004976204408593296,-0.0037673530728810543,-0.001091212932991285,-1.142071006275167,-0.0005488024615629833,-0.0023110134546140116
"Lead, zinc and tin and products thereof",WF,2360.14467907,-0.015068014000299947,-0.05844129271534559,-0.06608762633369648,-0.036125128163067066,-0.01598775147104017,-0.02089905050150565,-0.018785392803018514,-0.042876769071539034,-0.04681826488729413,-0.027647296795033076,-0.03155635987613841,-0.174128804532017,-0.030319450150276404,-0.03504765530030943,-0.02523632582047403,-0.04535467270693133,-0.024385226210708186,-0.019861825878586474,-0.364497213089692,-0.01404975541467463,-0.03593895868269861,-0.04929770429528036,-0.07744082721222194,-0.02039110139917617,-0.01742457139796971,-0.017838442584724837,-0.016972857727567695,-0.0457221840747986,-0.0042704029510614505,-0.011454483273634053,-0.02491337495970329,-0.02161269294631324,-0.0399258136063442,-0.17312585449293358,-0.0351473456405443,-0.008919929236380051,-0.0017121228714365804,-0.018942438151537275,-0.01566374054104657,-0.06069808610838584,-0.009762417033536088,-0.008484548976760684,-0.01414554029424363,-0.8245759814924436,-0.06177115480598795,-0.1730337323032511,-0.03432043228891497,-5.214768828233037,-0.1620665299788209
"Lead, zinc and tin and products thereof",WL,3361.18787448,-0.03674692886725071,-0.038178577981251224,-0.024879364847292272,-0.0690464534076315,-0.025119112097157607,-0.042538455722054135,-0.03311522229275313,-0.02477556032246238,-0.059775652203172054,-0.057017660351331885,-0.027508103149208516,-0.03957931206345107,-0.027835471644089678,-0.028122445234448047,-0.0225125882117469,-0.03444418830937428,-0.02041080724709387,-0.024851619213027438,-0.06751632518126348,-0.02102853277945323,-0.04087640078606298,-0.027670139828368582,-0.0637251963113017,-0.020470936419714963,-0.03044006521553245,-0.02326334942204265,-0.02537167279300323,-0.02999474525277909,-0.03478213387287594,-0.035062493996921705,-0.05172820101620647,-0.15822426672016357,-0.0660577414998581,-0.20125401882193258,-0.013042492029163931,-0.8580721730202095,-0.0013334701214637102,-0.027862686996811468,-0.023674806915711222,-0.09213140420042604,-0.01850689883274628,-0.0135101032820633,-0.038983187210402254,-0.011951149759817502,-0.04177584809944819,-0.1985343943153515,-0.025486858652198206,-0.008058742642456622,-0.06880438012746859
"Lead, zinc and tin and products thereof",WM,4451.79301288,-0.05551372103410062,-0.10994438993520743,-0.14038978873169167,-0.040893113069331674,-0.028587167075059868,-0.05226905361911318,-0.03918717815602493,-0.029425242827402165,-0.09291533490218146,-0.12408216616747426,-0.0345284272413905,-0.09151133454678717,-0.030607904150038775,-0.04450962559038885,-0.04234998953021211,-0.038478954044036014,-0.035927123015206834,-0.031675253014428174,-0.03461880336759852,-0.023107465436319963,-0.07174576618938838,-0.051711169798459675,-0.11073259405319834,-0.061029919603384976,-0.03235352951845836,-0.02942273488807504,-0.018205483370445176,-0.07412559609621851,-0.013368252166905657,-0.09189152182326575,-0.04049716591754023,-0.022259526181307113,-0.06299880907417554,-0.042863990814781115,-0.04719948885007105,-0.024806026606643033,-0.0023855236110458646,-0.22009658542312785,-0.02510724390495508,-0.5349500003379897,-0.006482914042021209,-0.016749289640459412,-0.025937399219635077,-0.027666076915336422,-0.21378576023558193,-0.04286691914697763,-0.051822365050383436,-0.058630757439112245,-0.14803427582390066
"Lead, zinc and tin and products thereof",ZA,175.842598926,-0.0005007857777747562,-0.0009632351156182968,-0.00040917075251250445,-0.000525976584237641,-0.00032356381547249527,-0.0006373334962583316,-0.0004307360035620196,-0.0002533986755288106,-0.0004927003593335024,-0.0009994598688039908,-0.00043013991507046033,-0.0005959392631460967,-0.00031647431907901795,-0.0003173639080015688,-0.00028879593764115407,-0.0003158605310410805,-0.0002872430503225119,-0.0003330027073816322,-0.00040027835225652907,-0.0001620047230351582,-0.0007238401236366156,-0.0003294513172348353,-0.0007358898019040243,-0.0002915523518768963,-0.00027906286802649433,-0.00022753160146129494,-0.00031946596878541794,-0.0004571547236025135,-0.00010797693351427212,-0.00026711714702519186,-0.00033910024305868776,-0.00020664783566088596,-0.0005931631567984943,-0.001405180177787521,-0.00026233381992340013,-0.00017013241362134375,-1.937404133871516e-05,-0.0007963799258478226,-0.0002700006662322808,-0.0005694837213491771,-0.0006418003981803891,-0.00015418680602467556,-0.00031266448826730006,-0.38751520627437347,-0.000709430020734851,-0.0015859499814699983,-0.00032468782496445096,-0.004953330780939232,-0.025766839622701692
"Lead, zinc and tin ores and concentrates",AT,0.0,0.0,0.0,0.0,0.0,0.0,0.0,0.0,0.0,0.0,0.0,0.0,0.0,0.0,0.0,0.0,0.0,0.0,0.0,0.0,0.0,0.0,0.0,0.0,0.0,0.0,0.0,0.0,0.0,0.0,0.0,0.0,0.0,0.0,-0.0,0.0,0.0,0.0,0.0,0.0,0.0,0.0,0.0,0.0,0.0,0.0,0.0,0.0,0.0,0.0
"Lead, zinc and tin ores and concentrates",AU,403.284797942,-0.00019810420386953768,-0.00019320763765211469,-0.00014280900038452185,-0.00020881151825610794,-0.00015836884298757133,-0.00024251530260186173,-0.00019296705592848447,-0.00012835235996899814,-0.00011249105411774019,-0.0003838218229465458,-0.00014291247943505711,-0.0010563625963228025,-0.00012011035458955568,-0.00011507153306656327,-0.00020160398600594642,-0.00018605692080447462,-0.00012853691579272172,-0.0001650340861856975,-0.00015949573122591934,-0.00014570863033282623,-0.0002313959976989387,-0.0001843659631647772,-0.00013446950165557314,-0.00013391991554866404,-0.00014946343268513657,-0.0001437147644444628,-0.00011860088546436597,-0.0002445097397258465,-4.671118222560051e-05,-0.00018120692386550225,-0.0003453496074852828,-0.00012963899137723934,-0.0005523702999871645,-0.00017929978256371116,-0.00019440475280143435,-7.966281269051411e-05,-2.256291298121716e-05,-0.24607955585012603,-0.00014324887121861153,-0.00020205086292961284,-0.0002203489022582515,-7.855543634729542e-05,-0.00023740667904395907,-8.33352207022066e-05,-0.0008751778832417291,-0.00017918941991725893,-0.00013773752754832978,-7.744418547446009e-05,-0.002330499530481265
"Lead, zinc and tin ores and concentrates",BE,0.0,0.0,0.0,0.0,0.0,0.0,0.0,0.0,0.0,0.0,0.0,0.0,0.0,0.0,0.0,0.0,0.0,0.0,0.0,0.0,0.0,0.0,0.0,0.0,0.0,0.0,0.0,0.0,0.0,0.0,0.0,0.0,0.0,0.0,-0.0,0.0,0.0,0.0,0.0,0.0,0.0,0.0,0.0,0.0,0.0,0.0,0.0,0.0,0.0,0.0
"Lead, zinc and tin ores and concentrates",BG,576.360670653,-0.00017637116631515147,-0.0003766752362535982,-0.08120567957699242,-0.0010644775442377183,-0.00027426650017665444,-0.00015670431065752203,-0.00011477292095142034,-0.00016501578653052305,-5.2514763628383514e-05,-0.00011619817602570938,-7.287268836927987e-05,-0.006164713877144168,-0.0006483559553873716,-0.0004439911286304284,-7.994771703636859e-05,-0.0001107097741423661,-0.00011159114592646381,-8.919953804758255e-05,-0.00021909203968611835,-4.799057421465508e-05,-0.0001236575335730324,-0.00018512003930892172,-6.759621946931086e-05,-0.0020129603917525296,-6.338677893651934e-05,-0.00026496848875475577,-0.0003136998363763513,-0.00011685206026817302,-8.174198579220062e-06,-1.612435993952508e-05,-1.7624799517280512e-05,-2.9134057087091154e-05,-6.550958691662673e-05,-2.7260728988356388e-05,-2.9856002247428348e-05,-1.634994556583298e-05,-2.3937185177848414e-06,-5.114307408420012e-05,-8.46138260691979e-05,-0.0010157912055365364,-0.00038389749364865176,-4.066583672337802e-05,-0.0003613649835786518,-2.6670962773768574e-05,-4.7196232724698935e-05,-2.7326535496798887e-05,-0.0010339449393603768,-2.7617898657472076e-05,-4.341705981898977e-05
"Lead, zinc and tin ores and concentrates",BR,320.448318836,-5.2963430808918e-05,-5.851923113032136e-05,-2.2335131885685077e-05,-3.0785174436004585e-05,-2.9083039300113598e-05,-4.8107192872643616e-05,-3.4736454865125486e-05,-1.714040844080765e-05,-4.502794059511316e-05,-3.6381101906959836e-05,-3.072904428319627e-05,-3.70061422260395e-05,-3.0402590392017133e-05,-3.370522537774781e-05,-1.7833384724104242e-05,-2.9970441353853183e-05,-1.921661946685341e-05,-2.3136056120954875e-05,-3.2059851686264665e-05,-2.197571863773747e-05,-4.6481784207756564e-05,-2.6131441843770895e-05,-5.120280159889546e-05,-2.200714768592398e-05,-2.1146531643140302e-05,-2.5005755073181035e-05,-2.2238207520914057e-05,-2.7206343498587515e-05,-2.9281383517808345e-05,-2.2257491614492574e-05,-7.422135668770757e-05,-0.00016185512696933153,-3.4991408235238566e-05,-0.010148868369348278,-2.5842882425141595e-05,-6.282232713887358e-05,-1.803210655133297e-06,-3.464351594118303e-05,-2.4271093945869623e-05,-0.00012378405440397473,-1.8991549931125243e-05,-1.340098815714518e-05,-2.9698443934180157e-05,-1.978392365333929e-05,-8.227977511620668e-05,-0.010134479846860566,-5.5056632020876216e-05,-5.3518938387968104e-05,-0.000618932724588474
"Lead, zinc and tin ores and concentrates",CA,23.4948571867,-4.012951108760445e-06,-3.3422234897802435e-06,-2.361296528647396e-06,-0.00022580619751849752,-3.2647079953992754e-06,-3.3847478833769196e-06,-3.942469031825876e-06,-7.697141303386302e-06,-2.7358795467881807e-06,-7.493552317568601e-06,-2.4380893434762693e-06,-2.02314691966616e-06,-5.123515539996658e-06,-2.37776733197593e-06,-4.526830510681009e-06,-1.7858817265056837e-06,-3.5952520991153194e-06,-3.544263484121188e-06,-7.102461313146841e-06,-1.9312054351089206e-06,-3.3496620209626705e-06,-3.318838853164575e-05,-3.839829825068269e-06,-3.690818328177503e-06,-4.012505652071885e-06,-2.1991813882301536e-06,-7.456773553696793e-06,-5.194879129580368e-06,-2.6005693279804274e-06,-2.424225488729821e-06,-1.4777610129754337e-06,-0.00027711705682342504,-4.930705386691169e-06,-1.0512347906101472e-06,-6.132625816668082e-07,-1.6251441013432926e-06,-1.0480263218540646e-07,-1.7272603339552587e-06,-2.5225352234023406e-06,-1.706275497070721e-06,-2.8741642778905875e-05,-1.5811737693884195e-06,-1.1403087997171282e-05,-8.019509568422383e-07,-1.97060731978781e-06,-1.0549573757160356e-06,-3.7312551938992578e-06,-2.0917819142599424e-06,-1.298755957107662e-06
"Lead, zinc and tin ores and concentrates",CH,0.0,0.0,0.0,0.0,0.0,0.0,0.0,0.0,0.0,0.0,0.0,0.0,0.0,0.0,0.0,0.0,0.0,0.0,0.0,0.0,0.0,0.0,0.0,0.0,0.0,0.0,0.0,0.0,0.0,0.0,0.0,0.0,0.0,0.0,-0.0,0.0,0.0,0.0,0.0,0.0,0.0,0.0,0.0,0.0,0.0,0.0,0.0,0.0,0.0,0.0
"Lead, zinc and tin ores and concentrates",CN,135.843085937,-0.0009548254878253668,-0.0010530916192487622,-0.0011089364107586812,-0.0017518684030048107,-0.0010208093189745865,-0.0013321068193635729,-0.0009762050758142815,-0.0019093490085399006,-0.0006641868442938063,-0.001609586653971326,-0.0007072942145540765,-0.0020202044243867083,-0.0014149773079557937,-0.001605297078773168,-0.0007052246363485081,-0.000650000861481897,-0.004979872511476175,-0.0007378186600878978,-0.00479735170417513,-0.0004956250353340616,-0.0010512790855089485,-0.0011535647069298358,-0.000691950686389658,-0.0009410378830842848,-0.0007015045059527914,-0.0007275100998350316,-0.0008095076149565814,-0.0010829387341045559,-0.0004459164921152051,-0.0024594905526309097,-0.02493016144124151,-0.0024074042881258285,-0.002973351433967676,-0.0022479203175626863,-0.000677596120888959,-0.0011804838303509859,-0.00031310970197186,-0.006550414639129793,-0.0006604178489741791,-0.0019863508570332543,-0.0005874100567426629,-0.00032335059178164926,-0.0031015622821713115,-0.0008389136366128931,-0.005644302592920611,-0.0022435052071797723,-0.002433538864707988,-0.0011144026154059012,-0.0029274668790441427
"Lead, zinc and tin ores and concentrates",CY,0.0,0.0,0.0,0.0,0.0,0.0,0.0,0.0,0.0,0.0,0.0,0.0,0.0,0.0,0.0,0.0,0.0,0.0,0.0,0.0,0.0,0.0,0.0,0.0,0.0,0.0,0.0,0.0,0.0,0.0,0.0,0.0,0.0,0.0,-0.0,0.0,0.0,0.0,0.0,0.0,0.0,0.0,0.0,0.0,0.0,0.0,0.0,0.0,0.0,0.0
"Lead, zinc and tin ores and concentrates",CZ,8.19330766665,-2.0326969448880688e-05,-4.700765960444982e-06,-2.8109210650426845e-05,-3.432555189944528e-06,-9.536313626566911e-06,-2.3744769265863834e-05,-5.953939946776634e-06,-1.325406433166179e-05,-2.040698834594606e-06,-3.4363374988221555e-06,-2.3001884306013034e-06,-8.735804880890834e-06,-1.2880802465294425e-05,-2.986837867907103e-05,-1.9358587126840758e-06,-3.053106993790135e-06,-1.0363713886007895e-05,-3.831088893044501e-06,-3.3600240264255364e-06,-1.6226389033819834e-06,-4.53945673666781e-06,-2.662446215894907e-05,-3.237985362103208e-06,-8.129055812389876e-06,-3.868907933115255e-06,-5.713854988715725e-06,-4.088521686456014e-05,-3.0650861155087397e-06,-2.6044858456797766e-07,-5.850168957039159e-07,-1.2813001762484137e-06,-8.409567255433021e-07,-1.9892173469673133e-06,-3.15816063469267e-07,-6.077772022043211e-07,-4.005223090328092e-07,-7.756004870123535e-08,-8.753035906211527e-07,-1.2650653875470812e-05,-6.639123194637917e-06,-4.985356865795772e-06,-1.5292138012953618e-06,-3.243339014650972e-06,-5.489876064967285e-07,-3.705348332202135e-06,-3.162452179501132e-07,-5.2799456183390264e-05,-6.30352298526363e-07,-7.360014713022688e-07
"Lead, zinc and tin ores and concentrates",DE,97.2529817719,-0.0024266226728267156,-0.000927788763281275,-0.0009082034548709007,-0.00016789975350273249,-0.003069299694109967,-0.009695742654798766,-0.0061746531974845465,-0.00032715120432155195,-0.00031685073418982377,-0.0018001868495226845,-0.0004998877692064578,-0.0009836016027074566,-0.0003187084129056622,-0.000515879692269463,-0.0002823831557477499,-0.00016416673842433244,-0.0013338341110259626,-0.0029057890783360787,-0.00030320799788718163,-0.00010919118544871622,-0.0028970188907442482,-0.0013192255829580387,-0.00034514888372623426,-0.0002533421464617289,-0.0009897015472498237,-0.0003131367285698682,-0.00023464996249511372,-0.0012686569859246622,-7.662028655841008e-05,-0.0001781634478810472,-8.571788294414402e-05,-0.0001487759067105149,-9.562353001597602e-05,-0.00043929846262976465,-2.780605977600436e-05,-0.00010299578852394457,-1.6081842138580036e-05,-0.000498964303258863,-0.0023306181705578617,-0.000244676812546989,-8.752390554573353e-05,-0.0015249149847319332,-7.936468182220829e-05,-0.0001802489316749457,-7.563840637767215e-05,-0.0004392515627195428,-0.0007482731204724564,-0.00019144855116741367,-9.539336913281531e-05
"Lead, zinc and tin ores and concentrates",DK,0.0,0.0,0.0,0.0,0.0,0.0,0.0,0.0,0.0,0.0,0.0,0.0,0.0,0.0,0.0,0.0,0.0,0.0,0.0,0.0,0.0,0.0,0.0,0.0,0.0,0.0,0.0,0.0,0.0,0.0,0.0,0.0,0.0,0.0,-0.0,0.0,0.0,0.0,0.0,0.0,0.0,0.0,0.0,0.0,0.0,0.0,0.0,0.0,0.0,0.0
"Lead, zinc and tin ores and concentrates",EE,0.0,0.0,0.0,0.0,0.0,0.0,0.0,0.0,0.0,0.0,0.0,0.0,0.0,0.0,0.0,0.0,0.0,0.0,0.0,0.0,0.0,0.0,0.0,0.0,0.0,0.0,0.0,0.0,0.0,0.0,0.0,0.0,0.0,0.0,-0.0,0.0,0.0,0.0,0.0,0.0,0.0,0.0,0.0,0.0,0.0,0.0,0.0,0.0,0.0,0.0
"Lead, zinc and tin ores and concentrates",ES,1318.2428521,-0.0015334294418352554,-0.0020000065463586544,-0.0019859190603421692,-0.0006311538669512828,-0.0011453362637620535,-0.0022668830276078196,-0.0013881023413909717,-0.0005032064270814392,-0.13232304090008873,-0.001553327199812821,-0.008578769086041419,-0.009655939158370345,-0.0009907680662911496,-0.0009662253141498739,-0.0012937601248033566,-0.0010012540411911107,-0.000815292849787664,-0.001642879055216712,-0.0010544743146800035,-0.0009232783025855934,-0.0018648157442567098,-0.001154183539629574,-0.040329865050351424,-0.001675457807506827,-0.0005606725064484291,-0.0009731056551741551,-0.0007402663578695295,-0.002201470363735415,-0.00011684418711174024,-0.00024166193729069938,-0.0005946332343489675,-0.0004189660646474637,-0.0005634613931466026,-0.00020756084308430536,-0.00013911827424223749,-0.00018178022563842693,-2.1072590241092677e-05,-0.00045241233522752474,-0.0014121794481002344,-0.006347302697683469,-0.0006914330199158481,-0.0004916710401080232,-0.0002781694952341209,-0.0001993953467969955,-0.00041335405472218116,-0.00020948531931109702,-0.001219243575768116,-0.0006476834887182563,-0.0006148114987519151
"Lead, zinc and tin ores and concentrates",FI,230.476582045,-0.00012320144461140084,-0.00027032653504163853,-7.74397584415597e-05,-0.0001590436895736029,-9.293354417646791e-05,-0.00018725902622021445,-0.0004296618987013466,-0.011646615374962076,-6.923908220582051e-05,-0.18400821691152072,-6.712017493114706e-05,-6.349619493663625e-05,-0.00012755866557718126,-7.656953661365295e-05,-0.00013620606722379095,-3.413665083041163e-05,-0.00024336285941249875,-0.00010861367053199952,-0.00021700689176301164,-2.8474934969368287e-05,-0.0014087788982125734,-0.0003027111867761221,-6.796428783663188e-05,-7.935133621401462e-05,-0.019942684874679626,-4.638497221645086e-05,-0.00018016354351623574,-0.00019310081797112172,-1.1321989543549507e-05,-1.9368473102064155e-05,-3.933065359677867e-05,-0.0010398118063336148,-3.780305813386284e-05,-1.6943752434873407e-05,-2.512063885487601e-05,-2.060934475085599e-05,-0.0021324344813854743,-5.225050652807153e-05,-6.401518784120161e-05,-6.597852258001138e-05,-0.0005389517878096253,-0.0008806953496703154,-0.00012928445361936602,-1.617356186132928e-05,-4.14121581366083e-05,-1.7129236272097073e-05,-9.608785439152091e-05,-1.326328122740291e-05,-7.978263091412065e-05
"Lead, zinc and tin ores and concentrates",FR,0.0,0.0,0.0,0.0,0.0,0.0,0.0,0.0,0.0,0.0,0.0,0.0,0.0,0.0,0.0,0.0,0.0,0.0,0.0,0.0,0.0,0.0,0.0,0.0,0.0,0.0,0.0,0.0,0.0,0.0,0.0,0.0,0.0,0.0,-0.0,0.0,0.0,0.0,0.0,0.0,0.0,0.0,0.0,0.0,0.0,0.0,0.0,0.0,0.0,0.0
"Lead, zinc and tin ores and concentrates",GB,32.3314474226,-0.00011436783987731518,-0.0019458865168585188,-9.461193522525356e-05,-0.00025209840997880625,-0.0010401942476093826,-0.00019102698542921632,-0.00015612240110289828,-0.00018669088804643136,-0.00016086839178637322,-0.00021510160030930786,-0.0008351700267436589,-9.327867394008367e-05,-0.00014423554117686002,-0.00011335084960419821,-0.011295000897368809,-0.00010912259304663482,-0.00011794581306252986,-0.004126289408978943,-0.00011100970279534387,-6.392009642733355e-05,-0.001748248199259485,-0.0001491594576226363,-0.0002895916768509315,-8.537079028601135e-05,-7.868756315339386e-05,-7.681479671301547e-05,-0.0001668616554405862,-0.006980315981837752,-1.322995768378461e-05,-2.4159584629978804e-05,-4.7320591376471475e-05,-4.317156477832377e-05,-3.342493816406719e-05,-1.8542187262766142e-05,-2.6589652574376995e-05,-3.093504901737421e-05,-2.6990626731887805e-06,-3.956797822175115e-05,-9.490489537539003e-05,-0.00019067692189945006,-4.383174366290539e-05,-0.0006331986308621686,-3.3216909336577434e-05,-2.902383037689504e-05,-6.084237365356305e-05,-1.8481191801336405e-05,-7.983521099223193e-05,-1.4868052890635421e-05,-6.143701181491415e-05
"Lead, zinc and tin ores and concentrates",GR,32.0199200892,-2.8462078764866296e-05,-3.057418208989872e-05,-0.00031859235588396317,-0.00019849168962951072,-3.180362520823884e-05,-2.791027947726902e-05,-2.2404917087147367e-05,-2.6237318305889984e-05,-1.9203111898969246e-05,-2.223243976431723e-05,-1.858860929832456e-05,-0.030623243862964694,-6.06531846047011e-05,-0.000400140481110219,-1.9333424475012488e-05,-2.25670768535428e-05,-1.958316337726166e-05,-1.9277964226419305e-05,-6.720962995276423e-05,-1.6725377562778236e-05,-2.9536234080486e-05,-3.2361044600447905e-05,-2.4669143836727214e-05,-6.382378930610618e-05,-1.021223955493278e-05,-0.00041952841013842774,-4.2163566129949895e-05,-3.0259961488706286e-05,-2.7277636146518015e-06,-4.689253746835868e-06,-8.965654784913223e-06,-6.043303841746975e-06,-1.4465557982068461e-05,-4.935915791927882e-06,-7.734763222849039e-06,-3.952482456148476e-06,-5.564202177851509e-07,-1.4040399486345648e-05,-1.9494623526636597e-05,-5.8597620680658144e-05,-4.5715963825717e-05,-8.036600389001577e-06,-1.1574137804028323e-05,-8.912893952543311e-06,-1.06442304410423e-05,-4.9485090768611916e-06,-0.0002663852620609022,-7.76017477069847e-06,-2.5263316479774697e-05
"Lead, zinc and tin ores and concentrates",HR,0.00805086895125,-3.9336124452899337e-10,-2.617133526855958e-10,-3.8720079654389983e-10,-6.289916248932853e-10,-2.1098281872144273e-10,-2.301606463958822e-10,-2.1607096072034263e-10,-1.5872002505592095e-10,-9.239817355812861e-11,-3.0598527433169513e-10,-1.3443886658552621e-10,-4.839437379305003e-10,-1.2528890838970981e-09,-5.678909011631744e-10,-1.192707312988795e-10,-7.78676019120173e-11,-3.784024076012718e-10,-1.2506160404953344e-10,-3.8539938025945064e-10,-6.241330256217407e-11,-2.9638712422804306e-10,-2.844255159250461e-10,-1.0478997078475771e-10,-3.6797073291811894e-10,-2.3281540500185674e-10,-1.752415102766591e-10,-1.2986651050834702e-09,-2.0057880296979029e-10,-4.619621536143443e-11,-4.856985513606602e-10,-4.0943192737642905e-10,-1.1385825450556781e-10,-6.139461453246427e-10,-2.7129190612976344e-10,-6.260601315747371e-10,-4.792824865804026e-11,-9.053421368665231e-11,-4.4341078221255204e-10,-1.1236211437683802e-10,-2.90022206253046e-10,-7.183701718957477e-10,-8.643675876159608e-11,-3.758052372622093e-10,-8.249257017524269e-11,-2.0892464099743553e-09,-2.7128332722582256e-10,-6.401198916737585e-09,-9.440202290679942e-11,-7.068423539417646e-10
"Lead, zinc and tin ores and concentrates",HU,0.0,0.0,0.0,0.0,0.0,0.0,0.0,0.0,0.0,0.0,0.0,0.0,0.0,0.0,0.0,0.0,0.0,0.0,0.0,0.0,0.0,0.0,0.0,0.0,0.0,0.0,0.0,0.0,0.0,0.0,0.0,0.0,0.0,0.0,-0.0,0.0,0.0,0.0,0.0,0.0,0.0,0.0,0.0,0.0,0.0,0.0,0.0,0.0,0.0,0.0
"Lead, zinc and tin ores and concentrates",ID,34.1241895463,-3.6187633396849067e-06,-6.384287568699866e-06,-4.9931902668078695e-06,-1.3879608231706752e-05,-3.416242300987854e-06,-3.2691631196544356e-06,-3.6271955791947764e-06,-5.544595359059647e-06,-2.645428981587916e-06,-5.151402353092215e-06,-2.9984353956572206e-06,-4.369435857366608e-05,-7.622988672975127e-06,-6.674186580808095e-06,-1.0051169290667518e-05,-1.6687689671571797e-06,-2.6793596697447476e-06,-5.2899568557707805e-06,-1.1761740090273626e-05,-1.389337416165752e-06,-7.805538659897227e-06,-2.9196483799985055e-06,-3.469221395643907e-06,-3.784266317264081e-06,-2.492028213887431e-06,-2.8768460561252443e-06,-7.562797683133692e-06,-1.1333873135844165e-05,-9.851512712290822e-07,-5.062029769310233e-06,-7.0749675838214744e-06,-4.457511586885351e-06,-1.592899734157513e-05,-5.7922465684017195e-06,-9.737147979006783e-06,-2.279793977752134e-06,-7.578652247468764e-07,-8.203326860815101e-06,-2.2139139556613447e-06,-5.163386666373474e-06,-1.2778360318114855e-05,-2.0365757269152843e-06,-0.01546392359558481,-3.404580191264564e-06,-0.0001744938789970606,-5.787962837445545e-06,-4.63846280297844e-06,-4.5433697726700704e-06,-2.3883539144325052e-05
"Lead, zinc and tin ores and concentrates",IE,1596.36133391,-0.00045873233379980106,-0.0007568757720396132,-0.0005596253395350248,-0.00035766306465490733,-0.000514805056467136,-0.0009842439054131454,-0.0005055281555834068,-0.00019653568768190587,-0.0006099685335570445,-0.0005067838906749695,-0.0005378173944357563,-0.0002555380842563172,-0.0002146774579329595,-0.0002561882478677205,-0.0011954529862346999,-0.000276242020640712,-0.00024758033853587247,-0.0007108298320711068,-0.00030929271202510746,-0.00025949255483928834,-0.0007777442779972651,-0.0005495656490865871,-0.001097211556475678,-0.0004328847423708505,-0.0005896489870812883,-0.00027504233289987837,-0.00013832690171966934,-0.06834685620798696,-7.731061712917463e-05,-8.24568213270485e-05,-0.00011339897722078047,-0.0001078146432908815,-0.0001018098345769126,-3.5436998525604816e-05,-3.507946178987979e-05,-4.942437270737431e-05,-5.332886450809383e-06,-0.00013139140796712288,-0.0003536796641219239,-0.0007296657833172444,-6.515262942016226e-05,-0.00020388186335703836,-5.46027931512277e-05,-9.366777465328189e-05,-9.044502361145583e-05,-3.5644807077739675e-05,-0.0005292243614403858,-0.0001542013223167504,-0.0005045580407856514
"Lead, zinc and tin ores and concentrates",IN,35.7349948879,-1.7084396426129795e-05,-5.311352005625262e-05,-1.302878707199062e-05,-1.9362435946164766e-05,-1.1755683068399569e-05,-1.885783658005803e-05,-1.3140294420058528e-05,-1.2937247899708977e-05,-1.2674252384597482e-05,-1.6730247138564273e-05,-1.1513462738807324e-05,-3.980361065333627e-05,-1.7221642496879755e-05,-2.00481346474339e-05,-1.3680820292657785e-05,-1.2771596849930681e-05,-1.2866024940733029e-05,-1.209650056324616e-05,-1.6690698422243096e-05,-8.149809486367866e-06,-2.014422161468119e-05,-1.0256207636589052e-05,-1.3448708031608846e-05,-1.0699865487303996e-05,-7.357681547634313e-06,-1.116964417108264e-05,-1.0896828462536748e-05,-2.0949303826965027e-05,-5.156253102715364e-06,-2.2537005636582043e-05,-3.09070120961868e-05,-2.238537432315704e-05,-3.4785513292974774e-05,-2.0261727810656013e-05,-0.004594700062470668,-1.3424736296943741e-05,-1.1293845254971923e-06,-0.0005591102678092953,-9.758182780613941e-06,-0.00010947440529097754,-6.935911049391812e-06,-5.351016479250054e-06,-1.8406918350950627e-05,-4.779855384171158e-05,-0.00011949134871286613,-2.021567568514194e-05,-2.4443598088973735e-05,-1.4944570136720432e-05,-0.0002436157729603034
"Lead, zinc and tin ores and concentrates",IT,6.42782122292,-1.6930186142304875e-06,-4.5186668226675547e-07,-4.733075968960337e-07,-8.276949237256079e-08,-3.325193129314237e-06,-8.556461639083689e-06,-5.0466746947268875e-06,-1.4354652425196435e-07,-8.934105732783888e-08,-1.4608382163832505e-07,-5.341988202548593e-07,-2.9531395910315985e-07,-2.185335423450398e-07,-3.2574893855509e-07,-6.30866765443874e-08,-5.099396473912855e-06,-1.5769310482050696e-07,-2.8534386806127485e-06,-1.1400920782842036e-07,-2.246463335773573e-06,-1.412120442214896e-06,-2.761770253978969e-07,-1.1611352677529256e-07,-1.6269395193853315e-07,-2.7878357735408975e-07,-1.5947114076885642e-06,-1.9792734066875171e-07,-1.0834604507305408e-07,-8.142864747732104e-09,-1.970474258390982e-08,-5.1668637445179954e-08,-5.178522798467589e-08,-3.44446880426639e-08,-1.740477188906507e-08,-2.18514352595306e-08,-1.414245680532599e-08,-2.7010938291635758e-09,-3.723146646086347e-08,-3.2214543663060786e-06,-9.894016663869969e-08,-5.353460298424538e-08,-7.885847183222058e-07,-1.9135969363735883e-08,-1.4982214836810587e-08,-4.591832459896348e-08,-1.743147517221459e-08,-9.128306397877117e-07,-2.403230443867671e-08,-3.648829648250919e-08
"Lead, zinc and tin ores and concentrates",JP,0.0,0.0,0.0,0.0,0.0,0.0,0.0,0.0,0.0,0.0,0.0,0.0,0.0,0.0,0.0,0.0,0.0,0.0,0.0,0.0,0.0,0.0,0.0,0.0,0.0,0.0,0.0,0.0,0.0,0.0,0.0,0.0,0.0,0.0,-0.0,0.0,0.0,0.0,0.0,0.0,0.0,0.0,0.0,0.0,0.0,0.0,0.0,0.0,0.0,0.0
"Lead, zinc and tin ores and concentrates",KR,22.6581194728,-1.855214106767521e-05,-2.1872524566373036e-05,-2.3210407566047775e-05,-3.350476751732011e-05,-2.99617233284049e-05,-3.9724753152816786e-05,-2.58549441777318e-05,-2.5669032281590694e-05,-8.56228550661436e-06,-1.556257531327024e-05,-1.3104205342575876e-05,-2.7358461529980715e-05,-2.0197052543956277e-05,-1.7968622793940488e-05,-3.690963128255574e-05,-1.447453055762853e-05,-1.7442993519769547e-05,-2.6640530659031158e-05,-2.819322365812168e-05,-9.521968465738586e-06,-2.5002712037152837e-05,-1.9663129327458547e-05,-1.4203823252394775e-05,-1.7615813416646698e-05,-8.630610562005404e-06,-1.1447156589932179e-05,-1.9016932039885506e-05,-2.5854079572362903e-05,-6.7034096267388465e-06,-3.661541381197013e-05,-2.6110987972089084e-05,-2.7665277348018765e-05,-0.0015447337888823288,-7.548064268969134e-06,-8.59052449155036e-06,-1.1693953013850359e-05,-6.037069788774193e-07,-4.340869533963747e-05,-1.5723391368074638e-05,-1.6921999204839433e-05,-1.8587992953699444e-05,-9.531711222086435e-06,-1.5903476474090956e-05,-9.164130465824116e-06,-3.197922186023174e-05,-8.040422911089167e-06,-2.207904025627102e-05,-2.168990764758797e-05,-2.8496097182140037e-05
"Lead, zinc and tin ores and concentrates",LT,0.0,0.0,0.0,0.0,0.0,0.0,0.0,0.0,0.0,0.0,0.0,0.0,0.0,0.0,0.0,0.0,0.0,0.0,0.0,0.0,0.0,0.0,0.0,0.0,0.0,0.0,0.0,0.0,0.0,0.0,0.0,0.0,0.0,0.0,-0.0,0.0,0.0,0.0,0.0,0.0,0.0,0.0,0.0,0.0,0.0,0.0,0.0,0.0,0.0,0.0
"Lead, zinc and tin ores and concentrates",LU,0.0,0.0,0.0,0.0,0.0,0.0,0.0,0.0,0.0,0.0,0.0,0.0,0.0,0.0,0.0,0.0,0.0,0.0,0.0,0.0,0.0,0.0,0.0,0.0,0.0,0.0,0.0,0.0,0.0,0.0,0.0,0.0,0.0,0.0,-0.0,0.0,0.0,0.0,0.0,0.0,0.0,0.0,0.0,0.0,0.0,0.0,0.0,0.0,0.0,0.0
"Lead, zinc and tin ores and concentrates",LV,0.0,0.0,0.0,0.0,0.0,0.0,0.0,0.0,0.0,0.0,0.0,0.0,0.0,0.0,0.0,0.0,0.0,0.0,0.0,0.0,0.0,0.0,0.0,0.0,0.0,0.0,0.0,0.0,0.0,0.0,0.0,0.0,0.0,0.0,-0.0,0.0,0.0,0.0,0.0,0.0,0.0,0.0,0.0,0.0,0.0,0.0,0.0,0.0,0.0,0.0
"Lead, zinc and tin ores and concentrates",MT,0.0,0.0,0.0,0.0,0.0,0.0,0.0,0.0,0.0,0.0,0.0,0.0,0.0,0.0,0.0,0.0,0.0,0.0,0.0,0.0,0.0,0.0,0.0,0.0,0.0,0.0,0.0,0.0,0.0,0.0,0.0,0.0,0.0,0.0,-0.0,0.0,0.0,0.0,0.0,0.0,0.0,0.0,0.0,0.0,0.0,0.0,0.0,0.0,0.0,0.0
"Lead, zinc and tin ores and concentrates",MX,0.0,0.0,0.0,0.0,0.0,0.0,0.0,0.0,0.0,0.0,0.0,0.0,0.0,0.0,0.0,0.0,0.0,0.0,0.0,0.0,0.0,0.0,0.0,0.0,0.0,0.0,0.0,0.0,0.0,0.0,0.0,0.0,0.0,0.0,-0.0,0.0,0.0,0.0,0.0,0.0,0.0,0.0,0.0,0.0,0.0,0.0,0.0,0.0,0.0,0.0
"Lead, zinc and tin ores and concentrates",NL,0.0,0.0,0.0,0.0,0.0,0.0,0.0,0.0,0.0,0.0,0.0,0.0,0.0,0.0,0.0,0.0,0.0,0.0,0.0,0.0,0.0,0.0,0.0,0.0,0.0,0.0,0.0,0.0,0.0,0.0,0.0,0.0,0.0,0.0,-0.0,0.0,0.0,0.0,0.0,0.0,0.0,0.0,0.0,0.0,0.0,0.0,0.0,0.0,0.0,0.0
"Lead, zinc and tin ores and concentrates",NO,0.0,0.0,0.0,0.0,0.0,0.0,0.0,0.0,0.0,0.0,0.0,0.0,0.0,0.0,0.0,0.0,0.0,0.0,0.0,0.0,0.0,0.0,0.0,0.0,0.0,0.0,0.0,0.0,0.0,0.0,0.0,0.0,0.0,0.0,-0.0,0.0,0.0,0.0,0.0,0.0,0.0,0.0,0.0,0.0,0.0,0.0,0.0,0.0,0.0,0.0
"Lead, zinc and tin ores and concentrates",PL,48.6720661569,-7.070148473904835e-05,-5.1260510069561546e-05,-0.00019147706126724593,-2.631293064001273e-05,-0.00015956491405431068,-0.00019526716775158812,-0.00013054660557824144,-0.00014197948141463987,-3.1338634937844276e-05,-0.00020290939585244742,-2.852105552456662e-05,-0.00012570198568110443,-7.40958951904861e-05,-7.742808537846156e-05,-2.220614706638805e-05,-2.4061275079637243e-05,-0.002053496923112206,-4.159806774305852e-05,-0.00013226437748238814,-2.181619933273719e-05,-9.642538501276798e-05,-0.0037682242073379998,-3.1137638043240295e-05,-6.068375930314136e-05,-0.00016372710438296713,-3.5602617928513516e-05,-6.312901151564953e-05,-5.291445020663873e-05,-6.6024644915595414e-06,-8.078089539553116e-06,-1.2553059474178754e-05,-1.622460022943947e-05,-1.3580110469084249e-05,-9.292648520431562e-06,-4.4918427955370895e-06,-8.94824370031328e-06,-1.923006792858891e-06,-1.414019573560543e-05,-4.015473345416707e-05,-3.535510885841085e-05,-1.2790669701875803e-05,-6.031590456615919e-05,-9.166691827273913e-06,-8.615704968597793e-06,-8.617023647551516e-06,-9.302056560304556e-06,-0.000236124887024019,-3.362342667850765e-05,-1.1185101176012742e-05
"Lead, zinc and tin ores and concentrates",PT,19.3291184835,-2.8421307622809327e-05,-4.683586354672837e-05,-4.511433144521877e-05,-2.5518431440721394e-05,-2.3913806175878407e-05,-4.67570491338428e-05,-3.34717629159867e-05,-1.6057157077117236e-05,-0.0007361195010154756,-3.9144768381855616e-05,-5.1387593268858866e-05,-4.640101420923879e-05,-2.0665420170315935e-05,-1.9452973676486788e-05,-1.6327701510099527e-05,-1.675425684784997e-05,-1.7280390727714273e-05,-2.6071368260808195e-05,-3.291514583066281e-05,-1.5727301269202612e-05,-4.6051212217861465e-05,-2.9612131336623523e-05,-0.007016847288368286,-2.3820746508960898e-05,-1.1386514511122318e-05,-1.8284080565814362e-05,-1.866421887579503e-05,-3.348333390126644e-05,-1.6578594391110066e-06,-1.0097538975135596e-05,-7.057355836865874e-06,-6.545215437584776e-06,-1.1927706105721746e-05,-9.52122819885362e-06,-3.839240664848369e-06,-3.1209027360189674e-06,-4.7511769445700263e-07,-9.074172651899216e-06,-2.408569047129454e-05,-4.2088205937695954e-05,-2.859368423097238e-05,-1.0967911018481182e-05,-8.891263417666064e-06,-8.29582337944849e-06,-6.108349014478001e-06,-9.526044302417236e-06,-2.0463092039245044e-05,-2.1501208799351066e-05,-0.00015170313637626057
"Lead, zinc and tin ores and concentrates",RO,0.512869348732,-1.5060443573941408e-07,-1.190760820314313e-07,-6.616269734418206e-07,-3.2189563328686166e-07,-2.540280307181807e-07,-1.0143790774294998e-07,-1.0375409482829371e-07,-1.1611909165488594e-07,-6.754585781412529e-08,-1.530588463351142e-07,-8.377452793232648e-08,-6.620123973330823e-07,-1.2252908594559474e-06,-1.615546838342327e-06,-7.208583653212786e-08,-5.0323807931012025e-08,-1.4187525968738802e-07,-9.504217469734597e-08,-1.4526262454486192e-07,-3.57661130005482e-08,-1.0391814002560506e-07,-1.524663827391514e-07,-9.045235551113527e-08,-2.064566316112886e-06,-7.044927231208432e-08,-2.688078662510598e-07,-7.205366880484286e-07,-1.1746140281037414e-07,-1.5600687301898363e-08,-6.072615068738018e-08,-5.035363342091964e-08,-5.3006186673264626e-08,-2.966503481137144e-07,-4.81179308039526e-08,-1.1938899006278275e-06,-4.315788536272776e-08,-4.381390695861721e-09,-2.2053335054642292e-07,-1.4291582416116975e-07,-1.9389984685910087e-07,-2.802946661772915e-07,-4.3080464056266475e-08,-5.784913664719964e-07,-2.4597748073104036e-07,-1.275306536035424e-07,-4.814867825818394e-08,-1.9413347267811252e-06,-7.707126874286033e-08,-1.0768613920943001e-07
"Lead, zinc and tin ores and concentrates",RU,49.5020121337,-1.1278176386385976e-05,-6.902449524453487e-06,-1.8800737822535496e-05,-4.5485645999781285e-05,-1.9968297817421426e-05,-1.279401956725653e-05,-9.691962306596666e-06,-0.00014546736733086005,-3.89508052015434e-06,-2.5638606882521634e-05,-5.184361938802248e-06,-2.8654314769302414e-05,-6.76017171068878e-05,-7.54018292355236e-05,-3.5904390476918843e-06,-5.879934718014317e-06,-0.00017133863702209378,-6.176911804631856e-06,-0.00011432877744209301,-4.419362615366032e-06,-8.579121331951448e-06,-2.0783609373404368e-05,-4.3631726562514145e-06,-2.3898645094690553e-05,-5.46237158785262e-06,-1.698471102843616e-05,-3.3231813614162724e-05,-5.81150414520169e-06,-6.335017108609121e-07,-3.265147177380862e-06,-4.657629253377278e-06,-4.194812100161045e-06,-6.95096158147394e-06,-3.814758198136575e-06,-1.61880555967833e-06,-1.1096403870031063e-06,-3.8501939676313557e-07,-3.213013721441004e-06,-7.90303470743581e-06,-3.450146850913638e-05,-7.2893265335846715e-06,-2.772612919762281e-06,-2.1314723475833664e-06,-9.355217891902138e-07,-1.297617777485119e-05,-3.816274444780068e-06,-4.4599947740541344e-05,-7.780660223068339e-07,-2.8785921812305147e-06
"Lead, zinc and tin ores and concentrates",SE,1192.37611197,-0.000281434371282486,-0.0003412263439789511,-0.0002890950696828408,-0.0003409407347522656,-0.00022601343767468762,-0.0006581752735206618,-0.043503120188499354,-0.0008389796189256624,-0.00020360334958285342,-0.0049804089544221814,-0.00019445321022806437,-0.00019826407930621624,-0.00019827116677331022,-0.00018690149436460462,-0.00017301115038529196,-0.00010388545262477253,-0.039297671055257326,-0.0002117263558340955,-0.0006394727514747715,-0.00010329581005719117,-0.0003936642620087553,-0.0018866866722387899,-0.000239955905572368,-0.0001906837873343125,-0.013974662540164103,-0.0001442997519038251,-0.00019547428759545202,-0.00034592464048475204,-1.979053270592298e-05,-3.4300754229318175e-05,-9.95589769403409e-05,-0.0006596054344520354,-7.996423631997583e-05,-4.2416897381051374e-05,-3.888845802488692e-05,-2.6636059808376578e-05,-4.75216892610233e-05,-0.00028600967216869933,-0.000176042436485492,-0.00029544907929374907,-0.00015491909591640085,-0.02913833032263859,-9.905202740113499e-05,-3.922527077304756e-05,-6.555039012010802e-05,-4.2524112443044494e-05,-0.00019137695929610795,-2.320060139048222e-05,-7.237850446470916e-05
"Lead, zinc and tin ores and concentrates",SI,0.0,0.0,0.0,0.0,0.0,0.0,0.0,0.0,0.0,0.0,0.0,0.0,0.0,0.0,0.0,0.0,0.0,0.0,0.0,0.0,0.0,0.0,0.0,0.0,0.0,0.0,0.0,0.0,0.0,0.0,0.0,0.0,0.0,0.0,-0.0,0.0,0.0,0.0,0.0,0.0,0.0,0.0,0.0,0.0,0.0,0.0,0.0,0.0,0.0,0.0
"Lead, zinc and tin ores and concentrates",SK,5.11016559854,-3.2601894034665406e-06,-3.326440048212582e-06,-4.124347849426953e-05,-8.492203022682881e-07,-0.03230567820884806,-1.4304431091818125e-06,-3.621018816636751e-06,-3.4916611015440327e-07,-1.8467775347206836e-07,-4.1728099571530683e-07,-2.339687781457997e-07,-0.0004336895399582405,-1.1831815472919894e-06,-0.0001486508676914955,-2.0906752640751388e-07,-4.262914112112665e-07,-1.4155616428908583e-06,-2.8772986949058925e-07,-1.655853685242396e-06,-2.2811766018133016e-07,-1.7016770926298837e-05,-0.010091820897992355,-2.321746166702756e-07,-1.0542257273494039e-06,-4.2502585604115314e-07,-7.802034681117697e-07,-1.0808108099522501e-06,-4.109067408318347e-07,-2.5985674526829652e-08,-4.7738285121173094e-08,-1.4178828885694536e-07,-9.774750896365717e-08,-1.2092772988968313e-07,-7.625055290597221e-08,-6.681707105911615e-08,-5.630487301973931e-08,-9.18793591857719e-09,-1.3834346077564584e-07,-4.341638877851e-07,-4.5711345769141557e-07,-4.7663141009149087e-07,-1.5295624970428037e-06,-1.9776597151171526e-07,-4.91599288339513e-08,-2.080124109058836e-07,-7.772325312568749e-08,-0.0018973553263913953,-3.544631105532406e-08,-1.4457723941127815e-07
"Lead, zinc and tin ores and concentrates",TR,434.702526524,-0.0017148339470318143,-0.0020487872572687435,-0.00777804088316369,-0.002894059112441101,-0.0013739029044363092,-0.002157710842318327,-0.0012118920200062109,-0.0012561108745992346,-0.0014067797786326026,-0.0019003304378642932,-0.0012574398924859408,-0.006423840707519628,-0.001447411537386075,-0.0017836078764979183,-0.0007769092043516628,-0.0010586167455317764,-0.0010133204873220493,-0.0010126826067847173,-0.0008634048769362701,-0.0008875316952512182,-0.0014288982836484394,-0.0013937093683369303,-0.0015952576580970132,-0.002224754369955571,-0.0007393447370642932,-0.001275638223938874,-0.0009175970356510094,-0.0015233730278170652,-0.0002255197021474285,-0.00044002694043759704,-0.0006562826696608403,-0.00028366408771158933,-0.0016579941485319,-0.0003527559826222519,-0.0005456800396113812,-0.00022412063656488472,-6.260846455470992e-05,-0.0013525133938577117,-0.0010537928501207887,-0.8096389116092004,-0.00041092707972134043,-0.0003849310919124966,-0.0007068964422996612,-0.00031530860121715075,-0.0059938739971427445,-0.00035343629106008965,-0.002983087255465692,-0.0005260510998790386,-0.0122211841266033
"Lead, zinc and tin ores and concentrates",TW,2196.63101464,-0.0005312766350742083,-0.0006144951270238753,-0.0004355087534042694,-0.0020239174167338103,-0.0004366230605993645,-0.00047513358486238956,-0.0005159761119738848,-0.0008121617966179576,-0.0003891599553168312,-0.0008673214115007081,-0.0004275513841698413,-0.0004846079266279834,-0.0005886153910445599,-0.00044885234547246234,-0.0007037903267269632,-0.00021935784326696897,-0.0003982533920206296,-0.0005932297881835689,-0.0011278902529199071,-0.00024434624866839707,-0.0006269795520368395,-0.0004201481131359469,-0.0005569773797311079,-0.0003583312801623825,-0.0003393628431637642,-0.0003146160481081955,-0.0006838318811184735,-0.0007327164972856621,-0.00012090941515367223,-0.0009470229372777602,-0.00027916102695416524,-0.00036047444201158955,-0.0012134335001532668,-0.0003075477930629807,-0.00013873347078281268,-0.00013596070052669735,-1.4170642375265324e-05,-0.00037639919550472794,-0.0004062630466560423,-0.0004829745739111633,-1.4885145017684853,-0.0002224920155457174,-0.004537530502882236,-0.00014348782044389184,-0.0004238468935872563,-0.0003075310128209191,-0.0004633263794019664,-0.00012757245853096543,-0.00016452191198409018
"Lead, zinc and tin ores and concentrates",US,622.646936048,-0.004852838529108438,-0.004169204816393357,-0.0027057702530181747,-0.0016117212814486235,-0.003009099128775721,-0.005978057048965707,-0.0038182967278962937,-0.001384551072587217,-0.0026877798999552062,-0.003979334167502746,-0.0028895666017852927,-0.0024154528252808764,-0.0018854314072601166,-0.0022689624717706428,-0.0023307173912880193,-0.002924263680561612,-0.0017701280525047245,-0.002884859812345839,-0.007471564037496096,-0.002107710668299062,-0.003641863793339412,-0.0028854028165818907,-0.0038064503465864356,-0.0024783156545422395,-0.0021993266625597,-0.002418511202707337,-0.0016452026221039087,-0.004120085305901831,-0.03288857148226076,-0.004159257832448788,-0.005235523513854213,-0.06798662201535777,-0.007062724531677275,-0.0034631391078432387,-0.002019932082443315,-0.029006507074525838,-0.00010860551008894425,-0.0038146719003239863,-0.00269126516697689,-0.004254298294311595,-0.0016611213538890487,-0.0012750422736910669,-0.0014952988523250828,-0.0010743163475621068,-0.004895993669858511,-0.0034853473099980847,-0.0027028158288611996,-0.0007223154719782215,-0.005681630277221495
"Lead, zinc and tin ores and concentrates",WA,949.99690643,-0.0019612621307712385,-0.0022902244347688273,-0.0026769077008722336,-0.002953880421082019,-0.0015173317680468072,-0.0022245582227140613,-0.001558005213876959,-0.0021030560143103045,-0.0019794808108352584,-0.002247511725146932,-0.0016810986304917857,-0.005801850998604358,-0.0017170827201631413,-0.0021746930654724344,-0.002231819006170279,-0.0015699029204882123,-0.001569994920528673,-0.0016796481071879288,-0.0043556017399651046,-0.001198092742869981,-0.0019284545473712803,-0.0015534533044277129,-0.0015381337452812487,-0.0010595729507623252,-0.0012952368969140623,-0.0016144641250101807,-0.0011095634516034695,-0.0031084706347598253,-0.0006496428278123773,-0.021825999498118188,-0.007603407928835113,-0.001459361074247236,-0.011177683065082971,-0.006320532245099311,-0.004274408366645392,-0.000776452182514292,-0.00023405494518652275,-0.04337522338435835,-0.0012988453034194756,-0.011590210031799266,-0.0023792524512404483,-0.000606156202427619,-0.02264200872246922,-0.0030067257399278213,-0.01467881931001347,-0.006318487685901084,-0.004941854900571201,-0.0006517855951778836,-0.007235496460183562
"Lead, zinc and tin ores and concentrates",WE,115.838499075,-0.00044114395931282467,-0.0002153977590074827,-0.0035479215110029516,-0.00021940698265723,-0.0021178342984929867,-0.00034341747682866856,-0.0005013008828111399,-0.005761843226474095,-0.00020375861064860697,-0.00033262255538784344,-0.0001624247822254275,-0.005647592405109425,-0.013118461996277753,-0.015325816367392166,-0.00013814889666913772,-0.0003643487395351959,-0.001244343965597954,-0.0003027330938518815,-0.004864153597797961,-0.00018076657076272485,-0.00021672024163621066,-0.00111546772354609,-0.000307750690458414,-0.003329618187369994,-0.00034749117730285974,-0.0028767979727136834,-0.005300152338500048,-0.00017140772947052142,-1.5665613244692508e-05,-3.64216025557161e-05,-7.042987599115506e-05,-8.193353575939898e-05,-8.089491269236827e-05,-5.298721736403243e-05,-6.702232519825942e-05,-2.9821550755072412e-05,-3.3268591657574415e-05,-0.0001059845634733082,-0.000661868374031995,-0.000565745184268602,-0.00012876615974841534,-9.537139709494729e-05,-0.00014256522445717468,-3.62468652952952e-05,-0.0003565952031153231,-5.2998797065526486e-05,-0.026794146079870886,-3.521949291847956e-05,-0.00018364159938097865
"Lead, zinc and tin ores and concentrates",WF,1624.06006425,-0.003159144656620012,-0.007028966798142518,-0.026161860223428077,-0.013751556893355572,-0.0026391504937286476,-0.003701711734210239,-0.003741995023561173,-0.007107371289117116,-0.02148197238408776,-0.0031959367054318045,-0.006514308587597858,-0.017817888106323083,-0.0038828942350698117,-0.0036900785299895785,-0.0036279873614693254,-0.0040816995340940306,-0.0031542979305878467,-0.003777217292926749,-0.010756608160160419,-0.0030125845463163264,-0.007300833079547911,-0.003379782023883258,-0.013533696470598718,-0.004320051786078091,-0.0018656771566143582,-0.0032441590819779916,-0.0034427144672956426,-0.006101786807945968,-0.0005960309902231834,-0.0010530289409383276,-0.0039419303903338405,-0.0022908665882649696,-0.0028660808663875195,-0.0023486752956192714,-0.007707460285499123,-0.0009224705729741538,-0.00017621118968197774,-0.002549797844484922,-0.003448613104628015,-0.01719734462650137,-0.0039028521221668266,-0.0017690515100457578,-0.0016820293827662894,-0.7853366182150142,-0.014296921808138378,-0.0023510335017497973,-0.004894961735979642,-8.025839251863577,-0.05799700991937318
"Lead, zinc and tin ores and concentrates",WL,153.425328577,-0.00038035095713089717,-0.0002976199306377507,-0.00029500046048669686,-0.00025389986230232165,-0.00023639662883395295,-0.0004972731334895112,-0.00026000715945599813,-9.532257840963176e-05,-0.0006382784080282561,-0.00036936116442693714,-0.0002602474326791044,-0.00021632242558979194,-0.00022687316786396456,-0.00021542640992153336,-0.00012985875409067792,-0.00040526619712311876,-0.00012790441917824417,-0.0001863920516167893,-0.00021892769626001446,-0.00034311454209615827,-0.00034494777506512657,-0.00017943965995682176,-0.0004245286330819431,-0.00014300905885942795,-0.00037960494878627575,-0.00032269343153011593,-9.58505556247337e-05,-0.00024631624537252444,-0.00019854361887859312,-0.0004212040548907728,-0.0010100060277431107,-0.0004868335750662897,-0.0011264767932282105,-0.0012323919202237206,-7.838031146867588e-05,-0.0019813624081560025,-7.911906592120097e-06,-0.0005854771236608061,-0.00026907491567081966,-0.0014592103204350306,-6.413062420242964e-05,-8.640474275876202e-05,-0.0001518966414090698,-5.962039264144047e-05,-0.0001704741513793806,-0.0012545961018514266,-0.00033478770861924755,-3.220322530394908e-05,-0.00016148813117560266
"Lead, zinc and tin ores and concentrates",WM,0.0,0.0,0.0,0.0,0.0,0.0,0.0,0.0,0.0,0.0,0.0,0.0,0.0,0.0,0.0,0.0,0.0,0.0,0.0,0.0,0.0,0.0,0.0,0.0,0.0,0.0,0.0,0.0,0.0,0.0,0.0,0.0,0.0,0.0,-0.0,0.0,0.0,0.0,0.0,0.0,0.0,0.0,0.0,0.0,0.0,0.0,0.0,0.0,0.0,0.0
"Lead, zinc and tin ores and concentrates",ZA,45.4586160071,-2.8552879585406257e-06,-3.2794484097189667e-06,-4.830710871361177e-06,-5.486732458678736e-06,-2.7976203580100446e-06,-3.2273201015159714e-06,-2.4878802685180897e-06,-2.225578656444519e-06,-3.169050126963145e-06,-3.893919180386839e-06,-2.3095564250617844e-06,-4.587458428503269e-06,-3.6688846011195673e-06,-3.1833500453325848e-06,-3.701469692555051e-06,-2.2253377784204444e-06,-3.231228255377342e-06,-2.721295502989922e-06,-4.062078407731196e-06,-1.343078108132035e-06,-3.3192612390145332e-06,-4.74928678417751e-06,-6.959739062323661e-06,-4.773895656323242e-06,-1.835509119704764e-06,-1.7834909646803712e-06,-4.0043787993377095e-06,-4.487320779739989e-06,-7.03679882383771e-07,-2.589734345014086e-06,-2.4816286544168885e-06,-1.5003932832030596e-06,-3.180480877715575e-06,-2.468183805533922e-06,-1.8520347402454952e-06,-1.399148497362411e-06,-9.490704438652406e-08,-1.84831368700752e-05,-1.874512332358408e-06,-6.1934328312199804e-06,-5.6056003505779526e-06,-1.0698434304470808e-06,-4.515131485757711e-06,-0.00017834592645283605,-3.501310951665033e-06,-2.624442427934114e-06,-3.093361987778068e-06,-7.5172917123203305e-06,-1.3206753867588416e-05
Machinery and equipment n.e.c. (29),AT,46007.5022522,-50.104315685689286,-0.8455214219092604,-1.1667200585323416,-0.36499648992985395,-3.932107966717446,-4.6845422750353585,-1.3895834216849585,-0.3073333786940628,-0.2902158207416033,-0.5438847352961081,-0.5709789534619788,-0.38531913925799555,-1.3538194847925196,-10.095577693794189,-0.24087029249446754,-0.49773917154931197,-0.5836243146521656,-0.845468801368905,-0.4469956985918891,-0.565593871656747,-0.9326872135479367,-1.4820880355873778,-0.2898124935170174,-1.1092393290288773,-0.2547391690522627,-6.953282696697608,-1.0016126727708259,-0.4871068755928793,-0.030964404244135938,-0.04881114334592335,-0.06365098571294185,-0.10039522011116546,-0.10444019021715448,-0.04642855043372073,-0.029957281265292273,-0.03214933697088526,-0.006034886509822529,-0.09207126522009605,-2.4379078964873844,-0.4611600728711493,-0.21494122824727543,-0.3067941424016917,-0.185384084185679,-0.0420774864655556,-0.05987238629051576,-0.04650227703721402,-0.8229175806726091,-0.029199727444369696,-0.04094335145138619
Machinery and equipment n.e.c. (29),AU,0.0,0.0,0.0,0.0,0.0,0.0,0.0,0.0,0.0,0.0,0.0,0.0,0.0,0.0,0.0,0.0,0.0,0.0,0.0,0.0,0.0,0.0,0.0,0.0,0.0,0.0,0.0,0.0,0.0,0.0,0.0,0.0,0.0,0.0,-0.0,0.0,0.0,0.0,0.0,0.0,0.0,0.0,0.0,0.0,0.0,0.0,0.0,0.0,0.0,0.0
Machinery and equipment n.e.c. (29),BE,32503.7150916,-0.37849679095412814,-16.760463570657198,-0.802492596197212,-0.16145406566477155,-0.37914800423609657,-0.971743688759871,-0.5808375957720793,-0.14757583831826943,-0.30674480360536177,-0.4204575122696494,-0.7815677324345695,-0.16315242238325167,-0.14822021407744532,-0.18091616660927493,-0.12385399681993328,-0.2623815494403715,-0.22898421919973647,-0.5052694176413075,-0.18205584600502261,-0.2325431554558101,-2.044488666156591,-0.43515698974777356,-0.28973020622422646,-0.45485356553319933,-0.13986753406472205,-0.2264613342083699,-0.13079135517157797,-0.32574169999452035,-0.016148387244276172,-0.05678512580980564,-0.05380893963198498,-0.058875116482679665,-0.1355188553637508,-0.03742117971663677,-0.03039561654236222,-0.01949172959655655,-0.00429890594578332,-0.09377355834455545,-0.4070840266925811,-0.2276211907907795,-0.05155618938985983,-0.1754096614526545,-0.046006797501373334,-0.039948642414881545,-0.049513423956677585,-0.03747752779192927,-0.21279359294371317,-0.024776277572532705,-0.050048927998871964
Machinery and equipment n.e.c. (29),BG,0.0,0.0,0.0,0.0,0.0,0.0,0.0,0.0,0.0,0.0,0.0,0.0,0.0,0.0,0.0,0.0,0.0,0.0,0.0,0.0,0.0,0.0,0.0,0.0,0.0,0.0,0.0,0.0,0.0,0.0,0.0,0.0,0.0,0.0,-0.0,0.0,0.0,0.0,0.0,0.0,0.0,0.0,0.0,0.0,0.0,0.0,0.0,0.0,0.0,0.0
Machinery and equipment n.e.c. (29),BR,0.0,0.0,0.0,0.0,0.0,0.0,0.0,0.0,0.0,0.0,0.0,0.0,0.0,0.0,0.0,0.0,0.0,0.0,0.0,0.0,0.0,0.0,0.0,0.0,0.0,0.0,0.0,0.0,0.0,0.0,0.0,0.0,0.0,0.0,-0.0,0.0,0.0,0.0,0.0,0.0,0.0,0.0,0.0,0.0,0.0,0.0,0.0,0.0,0.0,0.0
Machinery and equipment n.e.c. (29),CA,0.0,0.0,0.0,0.0,0.0,0.0,0.0,0.0,0.0,0.0,0.0,0.0,0.0,0.0,0.0,0.0,0.0,0.0,0.0,0.0,0.0,0.0,0.0,0.0,0.0,0.0,0.0,0.0,0.0,0.0,0.0,0.0,0.0,0.0,-0.0,0.0,0.0,0.0,0.0,0.0,0.0,0.0,0.0,0.0,0.0,0.0,0.0,0.0,0.0,0.0
Machinery and equipment n.e.c. (29),CH,0.0,0.0,0.0,0.0,0.0,0.0,0.0,0.0,0.0,0.0,0.0,0.0,0.0,0.0,0.0,0.0,0.0,0.0,0.0,0.0,0.0,0.0,0.0,0.0,0.0,0.0,0.0,0.0,0.0,0.0,0.0,0.0,0.0,0.0,-0.0,0.0,0.0,0.0,0.0,0.0,0.0,0.0,0.0,0.0,0.0,0.0,0.0,0.0,0.0,0.0
Machinery and equipment n.e.c. (29),CN,300.790599304,-0.0009709125862016017,-0.0008711706221390457,-0.0006382161606364202,-0.0005361479828097523,-0.0013024468453570316,-0.0032824985165181768,-0.0017775448311452204,-0.0003516969533607969,-0.00046615508162369565,-0.0006423626464537585,-0.0013151967580816906,-0.0011344205978791957,-0.0005109444464312616,-0.0005258502642987096,-0.00044563351525627793,-0.0021140638376103355,-0.000453774218636552,-0.0011741005610275176,-0.0005864695535032969,-0.001138238073953131,-0.0011459837296880723,-0.0005464088547441022,-0.00046574946921249503,-0.00042879602460637895,-0.00042536619490640806,-0.0009288880903451767,-0.00045761338810379075,-0.000656643188526159,-0.00017232422709216467,-0.0008595219303702233,-0.02174465456649288,-0.0008378418556009498,-0.003948870627059054,-0.0018219826077959373,-0.0008888039122402148,-0.001074659318622436,-0.00025928666911634616,-0.0017337475383622193,-0.0013185026232005145,-0.001223250525621485,-0.00019848487890770767,-0.00039582061676452136,-0.0021241367332274987,-0.0006339000896470911,-0.06600391105577591,-0.0018931405061645209,-0.0013563048296082912,-0.0024245360441654423,-0.003032346651061749
Machinery and equipment n.e.c. (29),CY,361.874026026,-0.0019629430855725816,-0.0015722063269254787,-0.0020511307474075165,-10.745238897252515,-0.0006794503577503608,-0.0011776238602176205,-0.0009253619877408303,-0.0013045360836915886,-0.00030478041558255355,-0.000595457212248571,-0.0008807045577597874,-0.004018904675817643,-0.0026314215791006196,-0.002061968653339338,-0.0015505664613815766,-0.0003200967211061497,-0.0004635646632962362,-0.0008578262299247127,-0.00412935763016627,-0.00028718502347074365,-0.002294668917162585,-0.0007112804599208805,-0.0004262235241001515,-0.0010317125160897347,-0.00046391914291314803,-0.0018830273369539543,-0.00429426150511931,-0.005687513056060692,-0.0001198369575572327,-0.0001283058200932339,-0.00012924619793256592,-0.0002620385246554394,-0.00020289203607536113,-0.00013469502841535207,-0.00010377513787009466,-0.0001532037172396811,-1.2752889694742659e-05,-0.000859221247890263,-0.0004075657348324292,-0.0003793528811722813,-0.014142072571520186,-0.0006193516436048995,-0.00047533936226790114,-9.215881193851879e-05,-0.0006724095632223404,-0.00013487069237612024,-0.0021633696417010205,-7.139730073220682e-05,-0.00024734203103005066
Machinery and equipment n.e.c. (29),CZ,30312.2407162,-1.857630866681427,-0.4507887914406971,-2.356349720731383,-0.18005312260854306,-1.1423846939453512,-2.584609895842506,-0.750464475726803,-0.3860202526850918,-0.21997461650248842,-0.4807000355366805,-0.38334539975512044,-0.2839853084299204,-0.7078141312811973,-1.9471594159761698,-0.15540249226066666,-0.23152802480149262,-1.2058636829596288,-0.46541952345186505,-0.21788049389095368,-0.26327210245055616,-0.4848268777226783,-3.91964284696872,-0.19145141953606695,-0.6082994648877739,-0.22159654256170877,-0.5234844526890593,-2.5374800403196187,-0.3041645947646177,-0.016678232493906577,-0.049900311170236814,-0.09181918972141623,-0.07039689056635579,-0.13402867822850872,-0.0276078467686877,-0.032715923392076636,-0.020691403660318217,-0.0056107149528252485,-0.07163084940321716,-1.1484527270721208,-0.6374116507245289,-0.32705019700067156,-0.1900048497358947,-0.13556471352525012,-0.02725715148847665,-0.07009891186370963,-0.02766763222750388,-4.031672415508556,-0.03213785487257238,-0.034989404120263995
Machinery and equipment n.e.c. (29),DE,461383.770935,-35.789451080660534,-15.692736013110789,-13.361800962587122,-3.0955729623230197,-40.83857396805067,-101.5268589337311,-63.525322455334305,-3.3827071093607475,-5.903892219832149,-11.26220052997532,-11.23389263053473,-2.848845285063357,-6.038286396549453,-8.20426599172588,-2.6871825949026396,-5.380587593856089,-7.896371110561003,-36.39313644552329,-3.2533596925232007,-5.099049332363227,-26.175507947792873,-19.384157659719275,-6.347050381207894,-13.349141086645252,-6.473673004763976,-7.50921190814404,-3.1663241179300803,-6.439776205671082,-0.27130395652196043,-0.6835585670192004,-1.1432551416749388,-1.3018448059513041,-1.0083332421554945,-0.5008477611015564,-0.33500226037400693,-0.3333519782267043,-0.10691504917513082,-0.9019227588716169,-31.35580851085667,-4.093303350216847,-0.8957680871540682,-11.06863629302182,-0.4747898628242798,-0.5864827062679512,-0.6187143703435548,-0.5014907125848318,-6.3671606639775815,-0.27664595475700765,-0.46946067567709643
Machinery and equipment n.e.c. (29),DK,1572.10228127,-0.005099491286516789,-0.001079050863774043,-0.0017542326190429244,-0.0029512421170614293,-0.00127095273803765,-0.003248741968770322,-0.0014176926792362648,-0.0010883089984304944,-0.0006851880045265399,-0.001846194675308803,-0.002437003434940151,-0.0014499330082513651,-0.0014168919951473777,-0.001046716154465864,-0.0015740572580986156,-0.0005916590472035745,-0.001279655490669202,-0.0010495133899028582,-0.002473766945511554,-0.0005115063095663198,-0.0022395745013181812,-0.0016035534980976109,-0.0006971568012219537,-0.0008355141985441695,-0.00598989262050531,-0.0007322990509579686,-0.001707166700472276,-0.0013674748169047834,-0.00035897146027693004,-0.0003920635605253206,-0.00039518645140691083,-0.0007568137954408612,-0.0012095699238772865,-0.002142852120159846,-0.0005168840918594109,-0.0005006397729630174,-2.7099790541945402e-05,-0.0009746466536124053,-0.0006732421130322167,-0.0005590434207849242,-0.002248023208438743,-0.005092291105738328,-0.0012286111716972856,-0.0005926514194082474,-0.0004556495168755078,-0.00214188542380631,-0.0027193132864507578,-0.0001821965350031901,-0.0004226799639617628
Machinery and equipment n.e.c. (29),EE,1842.31642182,-0.009377801687465086,-0.011506092802075785,-0.011112196803201437,-0.045987966040793506,-0.008602711507989776,-0.01134508150949695,-0.011961428662843741,-0.23289796130957513,-0.002224181700537157,-0.6130914447245027,-0.0051265958546759015,-0.01430892941147575,-0.024399699234914973,-0.02131492657873684,-0.010795803780966536,-0.0015230454445596432,-0.03724385839157499,-0.007814244480561288,-1.6353417044216532,-0.0012696221852666941,-0.014205652010874578,-0.1084507361907511,-0.0032344258195735236,-0.009014201640184518,-0.04228869267997082,-0.006121445993501539,-0.021295461261796877,-0.01360313883099267,-0.0007726224853504205,-0.0009667397481553911,-0.0009006697710238546,-0.0051940255610616526,-0.0035178768316659914,-0.0015958479292489656,-0.0013522329138953469,-0.0021884026072325614,-0.0016935938019648506,-0.008095145473636472,-0.004362673533296408,-0.0026676276598883693,-0.05209554809099799,-0.005947609699956067,-0.0026951369150921478,-0.0022900858272931145,-0.002501349986135479,-0.0016015995898928674,-0.012332440425435584,-0.0023994854894482413,-0.0016503467101601477
Machinery and equipment n.e.c. (29),ES,76236.5670893,-0.12945020798043833,-0.17858528010301053,-0.2547145732032541,-0.054002455294551034,-0.09483569799792672,-0.2295504198084763,-0.11978773491414177,-0.03222886065160297,-6.378383875217118,-0.13950186879883036,-0.5769464822450827,-0.4174677398034746,-0.08124655633985164,-0.07708621444450285,-0.10908241055223215,-0.07666551286062816,-0.04747209831759219,-0.14093654378078024,-0.04272457954289465,-0.08803526223861692,-0.19832762932866152,-0.090418912792901,-2.623304081917392,-0.13889938007692645,-0.03596350436888489,-0.09282306575789231,-0.03809976108765344,-0.2628554699283115,-0.006693460825250805,-0.020820018033396323,-0.03574393520863445,-0.019441460914616147,-0.07225428980518654,-0.017256644706117673,-0.012062781409020612,-0.013311702580577513,-0.0016244708948615738,-0.03731474620220583,-0.12559949403338053,-0.3366734094333922,-0.016007229287887944,-0.039212709747119136,-0.023394895862364942,-0.013343026046116042,-0.029202744074852363,-0.017406078689811654,-0.12008786245786182,-0.04215013231928322,-0.032320548260653496
Machinery and equipment n.e.c. (29),FI,21261.6719416,-0.31484296818326224,-0.30304275606303255,-0.27240327230247735,-0.13702960036354286,-0.2359005893648025,-0.5430235823543441,-0.5221931104041008,-2.941309218345801,-0.16705571460165325,-57.30378607735985,-0.16896303598235748,-0.08973400478076844,-0.1424496197598809,-0.15003537282566423,-0.10977961654377594,-0.1173629630387704,-0.4976645299733616,-0.20084664846615505,-0.40297239504744364,-0.11559422698346843,-0.33430131959792375,-0.5089355307002771,-0.1872348596454866,-0.21462591734077802,-4.104609078153832,-0.13879013772028842,-0.11682920178327875,-0.21601683002358912,-0.015049229227048738,-0.029610611397691253,-0.0533333825898797,-0.21777310354298432,-0.05292549259689889,-0.018059828358703133,-0.029788216004160865,-0.015259367975324897,-0.4022931930923953,-0.04771453354724879,-0.18972795748462695,-0.09159970626660309,-0.16877406718472585,-0.3537219819192918,-0.06687664648744811,-0.020428446111488013,-0.03634753499207235,-0.018109887470728957,-0.14213641245070083,-0.01329537895729912,-0.023752316880257647
Machinery and equipment n.e.c. (29),FR,114776.112551,-0.9616125461747494,-3.8783207715444785,-0.7689890378349211,-0.17392492641928903,-0.6837967225966064,-1.8474718848541756,-0.821566322616221,-0.1957989622603354,-2.8883121331467767,-0.6719242091959817,-12.293087780406386,-0.2722020032922278,-0.3400743071113414,-0.42236711030981167,-0.31466455915861424,-0.6048184871535742,-0.3520144070780197,-3.544405494302872,-0.145217616143378,-0.5394691132498909,-1.0233068761159783,-0.7348887191315397,-1.6049813062637002,-0.7576814729732865,-0.21489503536974205,-0.5642466953062126,-0.19689931462244165,-1.8217928063912756,-0.027144630996238567,-0.05013056786023407,-0.11222123684852718,-0.5272832010672799,-0.08860956198014212,-0.03714991714439368,-0.03686355266222286,-0.033861690460229195,-0.006849237506760441,-0.09617993776780755,-3.1577427125395054,-0.35367757943247846,-0.06567598142648495,-0.2241099654611804,-0.05047283485864851,-0.04740802636444047,-0.06725811500769356,-0.037694577640421945,-0.4484562551133706,-0.09619268898385742,-0.07093309780437414
Machinery and equipment n.e.c. (29),GB,4782.12428906,-0.006145263636930023,-0.05385088954730815,-0.006112200880938605,-0.01088527183058883,-0.02854929595599716,-0.013000586432393858,-0.019783558978087337,-0.006938175277209407,-0.006696376939986826,-0.023118493919651834,-0.02297673394985514,-0.0068017847244015855,-0.006032285436094419,-0.006153242196401414,-0.2706987538411138,-0.0041878433861791565,-0.00850057914714355,-0.10093878954035382,-0.014027572015008751,-0.0027337225988808738,-0.0529856336268667,-0.009615642276990176,-0.008725667093050107,-0.004990087497995539,-0.02268260434766567,-0.003737773515216095,-0.004463224164125805,-0.5328309705631056,-0.003563897116693813,-0.0024728387031834518,-0.0038027829377614312,-0.03931940774332036,-0.003896154672321276,-0.009627092539160375,-0.0022939471818591616,-0.015620012749271764,-0.0002744149571569506,-0.003096303967628792,-0.004567816919715129,-0.009053922865045408,-0.002894602834816959,-0.021127215505536985,-0.0023053457003070037,-0.004200418884228387,-0.005151415499096989,-0.009567258120308966,-0.005249279874928143,-0.01124065865888593,-0.01235732636045548
Machinery and equipment n.e.c. (29),GR,0.0,0.0,0.0,0.0,0.0,0.0,0.0,0.0,0.0,0.0,0.0,0.0,0.0,0.0,0.0,0.0,0.0,0.0,0.0,0.0,0.0,0.0,0.0,0.0,0.0,0.0,0.0,0.0,0.0,0.0,0.0,0.0,0.0,0.0,-0.0,0.0,0.0,0.0,0.0,0.0,0.0,0.0,0.0,0.0,0.0,0.0,0.0,0.0,0.0,0.0
Machinery and equipment n.e.c. (29),HR,3818.31401572,-0.10907411073030188,-0.04744894872853396,-0.17947515906529543,-0.12552803865209686,-0.06683435093923412,-0.055547737664382583,-0.0408536840647593,-0.03384819749633262,-0.011521526275900947,-0.03061557328629776,-0.023104827573210935,-0.13747299832320253,-0.38924017471725225,-0.26762592482869585,-0.04629452880465819,-0.014175937632968458,-0.03828654880856275,-0.03671866272843462,-0.07793183141156539,-0.011349828193296116,-0.05568208353057905,-0.06855417413801657,-0.01755072053528686,-0.11332648425095052,-0.018532961838663695,-0.06364735998972233,-0.19180685362165012,-0.05643631541540005,-0.0026642094753191394,-0.0036466440553428302,-0.003675392073139589,-0.009580836582443696,-0.014073946082061004,-0.006171534249946445,-0.007028882294746691,-0.0042443618637193065,-0.0008225093579966651,-0.013227521868733935,-0.029439121244687907,-0.017686254636801308,-0.11115700079335826,-0.014858952574487456,-0.017669152432232688,-0.005716271267665065,-0.011141978490193747,-0.006176799132903534,-2.611033735579469,-0.00723838231984268,-0.009558363098884484
Machinery and equipment n.e.c. (29),HU,2018.13269959,-0.13883637187757844,-0.00796559915748105,-0.013436934953920907,-0.016498883782845575,-0.018829138714374104,-0.013998106908444805,-0.009027319256391829,-0.00562339063841966,-0.0030168745580101894,-0.00705117516157961,-0.0043957753816811045,-0.009874709124219287,-0.5131605327952579,-0.020466898270612138,-0.006079968770328842,-0.0033358664261903623,-0.00814341602117432,-0.006659689744631291,-0.008522011749521026,-0.003588119761435944,-0.009688907509439732,-0.01772429346739035,-0.004005547291713629,-0.17168880464202746,-0.004001758751371009,-0.010729239561431913,-1.055300721682949,-0.008588723762363191,-0.0007091504620559877,-0.0014066391819385076,-0.0012538826768148594,-0.003142697981912759,-0.004486477001534676,-0.0017560414294318784,-0.0015530966616840323,-0.0008024780699199379,-0.00010816705978491105,-0.0021642543494756004,-0.007073772369540503,-0.002961530449055658,-0.01300575059984963,-0.003260436188351186,-0.018927267350098483,-0.0010786391050308726,-0.0018409729507269366,-0.0017569835935897454,-0.10688025717621573,-0.0007482361407329686,-0.0014351152727742494
Machinery and equipment n.e.c. (29),ID,0.0,0.0,0.0,0.0,0.0,0.0,0.0,0.0,0.0,0.0,0.0,0.0,0.0,0.0,0.0,0.0,0.0,0.0,0.0,0.0,0.0,0.0,0.0,0.0,0.0,0.0,0.0,0.0,0.0,0.0,0.0,0.0,0.0,0.0,-0.0,0.0,0.0,0.0,0.0,0.0,0.0,0.0,0.0,0.0,0.0,0.0,0.0,0.0,0.0,0.0
Machinery and equipment n.e.c. (29),IE,4579.53796836,-0.0838248237871644,-0.1343416220315781,-0.07312885196389761,-0.04282387458840627,-0.08072006869051128,-0.23768979758684933,-0.09732490770882653,-0.02072127019367944,-0.12281433478651442,-0.0904801680340838,-0.1069362282904572,-0.02281678463228825,-0.02321483138613886,-0.030638151733482284,-0.242905756069611,-0.03572846301677055,-0.03360887689347535,-0.1450654254850211,-0.03458900121268475,-0.03573981955672564,-0.12777613700729604,-0.08838721514604382,-0.22137073129092738,-0.05222454654536616,-0.053901451421546336,-0.03993814060389151,-0.018114328448869305,-1.4304584684879251,-0.013454260458049032,-0.01578468178869005,-0.023771083065884494,-0.03148877006253002,-0.019903947577360342,-0.0058310926817057495,-0.006440139698524512,-0.009198563180548795,-0.0009797174249976267,-0.02078537927427044,-0.06430882104230787,-0.0868430967618472,-0.012118863105143537,-0.038735075780646104,-0.03544903748401364,-0.010448655661444858,-0.012347388864880937,-0.005875627645837735,-0.03565997364195558,-0.005115637664138753,-0.009348170810708809
Machinery and equipment n.e.c. (29),IN,0.0,0.0,0.0,0.0,0.0,0.0,0.0,0.0,0.0,0.0,0.0,0.0,0.0,0.0,0.0,0.0,0.0,0.0,0.0,0.0,0.0,0.0,0.0,0.0,0.0,0.0,0.0,0.0,0.0,0.0,0.0,0.0,0.0,0.0,-0.0,0.0,0.0,0.0,0.0,0.0,0.0,0.0,0.0,0.0,0.0,0.0,0.0,0.0,0.0,0.0
Machinery and equipment n.e.c. (29),IT,162993.709583,-2.9550909178000277,-1.2631194402529493,-4.2044992454417045,-0.692287589199758,-6.848332874536195,-3.7817570079006337,-1.1328760641786455,-0.3761775854307063,-1.0879932567411954,-1.3923726342993679,-3.3400030766095763,-2.3794235956793184,-1.3606464005208898,-1.2369970375677388,-0.31918619601493436,-42.23269065830561,-0.6603756835867863,-0.8247663557687256,-0.4358437387356941,-32.55541966135545,-1.1976147702259607,-1.3585971029451813,-0.8296494768302979,-2.4130918163519466,-0.3332702448012245,-21.919126689989568,-0.6472686283924819,-0.6504224727260519,-0.049207666264283675,-0.131350450154798,-0.19990206417363476,-0.14118601711332426,-0.31921332619820303,-0.0766920987605952,-0.09689657532909889,-0.06579224223584337,-0.01674847883139203,-0.24925580525777824,-14.215265728461322,-1.3956223121851863,-0.16522420599185525,-0.3235450759501894,-0.13253590620520372,-0.09993866585578177,-0.264631712728881,-0.0774595172950715,-8.749000135038074,-0.12690523678060467,-0.2462845672604659
Machinery and equipment n.e.c. (29),JP,0.0285317015743,-2.8097049576690247e-07,-2.0468428529491997e-07,-1.394880050004332e-07,-4.2695192531540466e-08,-6.397180296672105e-07,-1.47841462717959e-06,-7.607997279399419e-07,-1.5470448725334922e-07,-4.0413582565602326e-08,-5.483079029655201e-08,-8.982493617384976e-08,-2.1324633889695242e-07,-3.2828602170772695e-07,-3.8532810174512204e-07,-4.3931861492873455e-08,-2.794769012274854e-07,-6.638167201473613e-08,-3.970558972260826e-07,-1.2588330865147106e-07,-1.4411338502353003e-07,-5.609928489590896e-07,-1.5627209979214566e-07,-4.1964733943259394e-08,-1.079106629553252e-07,-7.996454232759725e-08,-1.7797394273129995e-07,-1.5853020211331665e-07,-7.582937062678214e-08,-1.3026519596977845e-08,-7.927062486775261e-08,-8.829038934215823e-08,-1.0667727534905795e-07,-6.079964554939514e-07,-6.695669371746885e-08,-1.1383194716143712e-07,-7.864855012646332e-08,-1.4109931086246105e-08,-8.418222876155744e-08,-3.755544808094433e-07,-9.913775580659666e-08,-2.591727525850867e-08,-1.427602821910742e-07,-5.5459970629774726e-08,-1.7557999640354996e-08,-1.5426751506552165e-06,-2.417477262394086e-07,-9.840648234378472e-07,-1.0977601549809597e-08,-1.215829935094428e-07
Machinery and equipment n.e.c. (29),KR,6.28340099193,-6.857838296379795e-07,-3.16929031165716e-07,-2.0725352397135399e-07,-5.5864657750361564e-08,-1.50270819005293e-06,-3.828744944074852e-06,-1.945550209408607e-06,-1.7112407166447078e-07,-5.584340401230507e-08,-8.493164249197117e-08,-1.9408982427750402e-07,-1.8601058933089202e-07,-3.3543872846175957e-07,-4.001692000558275e-07,-4.0664892548450425e-08,-9.70480287795124e-07,-1.6704403221827383e-07,-9.878733740789239e-07,-1.3401101454915366e-07,-4.972950904754388e-07,-9.937737411034257e-07,-5.19330600137259e-07,-6.657218397040906e-08,-1.454894643893764e-07,-2.3090795003973153e-07,-4.309765177605741e-07,-1.9202343311764685e-07,-7.88194599399387e-08,-7.266725839126331e-09,-1.465401911993334e-08,-2.400211679889539e-08,-2.1804778017000819e-07,-2.306802697274559e-08,-1.8912519238181212e-08,-1.0102445384044975e-08,-2.4602236911560973e-08,-1.8115516877083928e-09,-1.9177057042011082e-08,-9.98331798561509e-07,-1.0812916464155678e-07,-3.2437340347168355e-08,-3.189218360725787e-07,-1.6082786408224872e-08,-1.1289256470545352e-08,-3.515618954485355e-08,-9.682738765248773e-08,-9.649136962627867e-07,-8.406708612478663e-09,-3.031063727209445e-08
Machinery and equipment n.e.c. (29),LT,419.41631962,-0.001648145332771778,-0.0016601313294830253,-0.0039536980700495905,-0.0018603765851183686,-0.0022109822572134383,-0.0032998661962401754,-0.0022683235050313024,-0.05758034972324038,-0.0007139882874139655,-0.007631166510796904,-0.000798488346778313,-0.0016390322256066446,-0.003140481730887776,-0.0032659263415822514,-0.000956926518961508,-0.0005053608726154389,-0.013720778624929956,-0.0011903872288959551,-0.7534997838256715,-0.0006320792641350453,-0.001827673448979427,-0.06309934898755691,-0.0006523430685036915,-0.001419517560263249,-0.019861716642336977,-0.0012422478283493517,-0.001983931184009338,-0.0013218964131866222,-8.204049854461272e-05,-0.00015181084162788156,-0.00022078820673498864,-0.000439590199212861,-0.00048614341737891856,-0.00015262522456808045,-0.00016464290545017938,-0.00013643621965909002,-0.0008451998663541082,-0.0005678417054848615,-0.0010601962307509574,-0.0010050096018247977,-0.0038099412039619873,-0.00096315722002076,-0.000531021514615412,-0.00017333501824169396,-0.00026380069307542226,-0.00015285934552978906,-0.007287114725517345,-0.00019631235875431624,-0.00017963812051490898
Machinery and equipment n.e.c. (29),LU,1240.47304196,-0.04961989672296234,-0.4989533975845811,-0.1992757290361647,-0.027254114109417072,-0.03655693377137607,-0.17257387715064215,-0.08401948253013958,-0.03230485325985032,-0.022289451584313825,-0.04640331785731969,-0.10684868764349728,-0.04834262188653296,-0.028337538780621636,-0.023438977653140583,-0.036188410534833654,-0.016161177055117562,-0.025412701845218155,-0.04673817255291671,-0.028455916019492496,-0.012077250480450658,-1.07435584812592,-0.04149182266060954,-0.027974769495033632,-0.032643976232030844,-0.016799137755878626,-0.016625427161042768,-0.03210796074989845,-0.09001475658946367,-0.0025275374388825287,-0.005077095522335844,-0.00563980193701259,-0.006385374462674365,-0.010507596407147006,-0.008067901105071603,-0.003683638893552139,-0.0036519706992439557,-0.0005194427550538774,-0.01993447669183619,-0.03286806287931369,-0.023241105074878955,-0.019755143420582762,-0.031229391184502433,-0.01615976837196807,-0.0061878526106624995,-0.011078265646730394,-0.00808534712727617,-0.030717648497171617,-0.005177297663506939,-0.012043386908310005
Machinery and equipment n.e.c. (29),LV,2814.02861991,-0.0038898424408060745,-0.006880976329503613,-0.007533790219914054,-0.02355578719717411,-0.004941736821394985,-0.003129080173857174,-0.003995907505200113,-8.915410261714007,-0.0010751998291351093,-0.008205399460357324,-0.002225609011033551,-0.012774728897680587,-0.02578224862747339,-0.024641675015203857,-0.008493934425673012,-0.0008959081470875479,-1.1018467420585845,-0.004231776653154918,-1.7288641166465781,-0.0007326429255136134,-0.00953123238882717,-0.03619809607665496,-0.0014523940641156907,-0.007157961056218977,-0.013476987575781215,-0.005637540010941708,-0.018631233283455947,-0.01400818147836974,-0.0003807659688277117,-0.000698711949213531,-0.0006031392387475487,-0.0011951969558622547,-0.0011580362944487977,-0.0008238674961901585,-0.0006902034363795333,-0.0012127064120095977,-0.0005755232574041283,-0.005597776234758083,-0.0018692105348775594,-0.001192559042895509,-0.04796470170714568,-0.0026062880457290477,-0.0021625374541672316,-0.0012540382686830318,-0.0035291773362744333,-0.0008274630087937969,-0.009766698706958008,-0.0009392515234307848,-0.001356854223291409
Machinery and equipment n.e.c. (29),MT,0.0,0.0,0.0,0.0,0.0,0.0,0.0,0.0,0.0,0.0,0.0,0.0,0.0,0.0,0.0,0.0,0.0,0.0,0.0,0.0,0.0,0.0,0.0,0.0,0.0,0.0,0.0,0.0,0.0,0.0,0.0,0.0,0.0,0.0,-0.0,0.0,0.0,0.0,0.0,0.0,0.0,0.0,0.0,0.0,0.0,0.0,0.0,0.0,0.0,0.0
Machinery and equipment n.e.c. (29),MX,0.0,0.0,0.0,0.0,0.0,0.0,0.0,0.0,0.0,0.0,0.0,0.0,0.0,0.0,0.0,0.0,0.0,0.0,0.0,0.0,0.0,0.0,0.0,0.0,0.0,0.0,0.0,0.0,0.0,0.0,0.0,0.0,0.0,0.0,-0.0,0.0,0.0,0.0,0.0,0.0,0.0,0.0,0.0,0.0,0.0,0.0,0.0,0.0,0.0,0.0
Machinery and equipment n.e.c. (29),NL,81406.8332559,-0.9961963201468566,-5.286167544815157,-0.875033867737658,-3.6213332216399587,-0.7550973689675016,-3.115636645055128,-7.7505441693468535,-0.521170680676154,-0.6105213482783077,-3.052072010127542,-0.666018009710761,-0.4494543771097105,-0.47854462173127293,-0.477469502148577,-0.5999215390778078,-0.33424984227632054,-0.5287206160509105,-0.7829739945371421,-0.5120279859275362,-0.31226423323854624,-27.082117569050894,-0.9861347265235543,-0.6453892087881522,-0.9006853680936816,-0.5334030148338748,-0.4108326740605284,-0.39864374745542447,-1.2342013237590983,-0.03955603274762901,-0.0885976929881182,-0.1752810985056436,-0.26164632572237384,-0.16039613488724538,-0.12556687331237623,-0.07232219721460821,-0.06203994470371462,-0.03042577232100164,-0.1666416741493547,-0.6187353496917104,-0.4415195149705128,-0.1626023651489473,-3.2282929940175404,-0.20327143328535485,-0.07492094833788615,-0.26865831748435587,-0.12590780478039523,-0.6258248260936449,-0.05979039903610595,-0.12989289167040952
Machinery and equipment n.e.c. (29),NO,16593.5055347,-0.06404602576941998,-0.057993608987398415,-0.05138904710654299,-0.07227878629629537,-0.05288727051174882,-0.22466025307474657,-0.946521905442871,-0.11550543110258718,-0.040231380619476294,-0.2687636042319848,-0.03586873221691368,-0.022495054800806328,-0.03648618929408021,-0.036584006522073595,-0.04260912102448389,-0.03406171317734788,-0.12183904965274361,-0.04658152844636647,-0.0737367487726857,-0.029180669117973512,-0.2921552245935532,-0.12506694620517217,-0.045654294335256466,-0.08169353085373432,-0.8160870317969493,-0.03227665206147043,-0.027456085175441174,-0.11559486692896759,-0.0037905302758536336,-0.0114277249754924,-0.01609369453868307,-0.023378807619413057,-0.0155162187765348,-0.027200473120788066,-0.006725599190535652,-0.005306008621413849,-0.0024199282144728137,-0.01358746664584014,-0.04019339690751456,-0.028582653948496267,-0.030563927657982746,-0.07594431124100556,-0.028825104735208253,-0.005337436528964036,-0.014141814497274245,-0.02721044214654706,-0.03539131859088007,-0.0047684107987335045,-0.011082068560638347
Machinery and equipment n.e.c. (29),PL,50334.7546647,-1.1417248699174407,-0.7699404943318846,-1.6964665476285559,-0.2252653683181634,-1.3631343135758422,-2.5870331439914342,-1.121517157779532,-1.2710784862142022,-0.4526042032169301,-1.1324439613534243,-0.5536211370235008,-0.3656627242544965,-0.7433283284267617,-0.771561016443418,-0.1544458474937689,-0.4265900865444985,-15.693446338819589,-0.6055538959160156,-0.823815984997539,-0.44791539751137144,-0.8498771629925678,-39.825630565578024,-0.38053910014240633,-0.9305460290301005,-1.1073999402466053,-0.5772314823703723,-0.4948415183016662,-0.3133814655045554,-0.01953080020333645,-0.06393158452795242,-0.16415937607119177,-0.07741118558910107,-0.22290070427797973,-0.03615021806772868,-0.04036195714118171,-0.024581718789363716,-0.01204473512421455,-0.11324966046500481,-0.6837097431413137,-0.4656765301847557,-0.0852263235519381,-0.3254860429943796,-0.07110141041106444,-0.03519861281453914,-0.06874094375919723,-0.036266265156457936,-1.6976775948586427,-0.043256071757769056,-0.057072661571616466
Machinery and equipment n.e.c. (29),PT,8389.55016756,-0.06339945023457551,-0.09880919733015511,-0.1070073541551728,-0.04216597311690546,-0.04545915480266233,-0.10118519272626439,-0.058185741061744574,-0.019777422963286644,-1.8975917648208396,-0.11338537144438074,-0.12063940240123606,-0.09603244738966027,-0.03148508526625125,-0.03409272877764974,-0.03258958652727153,-0.04263127432940614,-0.030184442123405802,-0.05266201273479776,-0.024759560220263658,-0.048563562552692556,-0.0754392237604796,-0.05520091233872319,-25.018550596957603,-0.04379767514096259,-0.022269703256429168,-0.04875329329702071,-0.02259433643410083,-0.06858214641849783,-0.0033658001481674934,-0.028254739807308818,-0.010383319836411133,-0.010883805970444834,-0.02870373131706455,-0.01319020755770832,-0.005325956035812152,-0.00539091739915303,-0.0011279400628486302,-0.021557457045962614,-0.05596395998912363,-0.10288024173272808,-0.025047880933635906,-0.01854847305705558,-0.020936643909967304,-0.013837847228906816,-0.009263499095156402,-0.013208584970660664,-0.04232624646945509,-0.008314710956232383,-0.014716924052621138
Machinery and equipment n.e.c. (29),RO,13708.5758971,-0.5247633588238053,-0.2624830948590666,-6.457586251534168,-0.21575234098631932,-0.32734044344974517,-0.45468789524508807,-0.21974693022032354,-0.11672496973527015,-0.13123776275120316,-0.18565612879655413,-0.2096844192006758,-0.9596622838581452,-0.6720002681486124,-7.539008371044655,-0.07935003051857747,-0.16237420231216484,-0.2532622692419623,-0.15975951132334174,-0.11861001431144151,-0.17983315624533203,-0.24145501977177145,-0.638743555819731,-0.12131960655275978,-97.6266531004341,-0.06401864430591114,-0.4188591446929353,-0.6095794528582638,-0.15303187672192517,-0.008452102239216046,-0.01863914269502747,-0.03601356888927878,-0.027427174798841603,-0.0651552539296085,-0.013328989682267355,-0.02120686132704545,-0.014198895092805577,-0.002792395362835837,-0.04156563587154314,-0.9905194136997915,-0.4870253799164977,-0.08365865496627391,-0.06042325280802136,-0.0841051143977788,-0.016074405889812286,-0.03376518775446641,-0.013377340881316693,-2.572129383650837,-0.012949679280796706,-0.0362661864370333
Machinery and equipment n.e.c. (29),RU,0.0,0.0,0.0,0.0,0.0,0.0,0.0,0.0,0.0,0.0,0.0,0.0,0.0,0.0,0.0,0.0,0.0,0.0,0.0,0.0,0.0,0.0,0.0,0.0,0.0,0.0,0.0,0.0,0.0,0.0,0.0,0.0,0.0,0.0,-0.0,0.0,0.0,0.0,0.0,0.0,0.0,0.0,0.0,0.0,0.0,0.0,0.0,0.0,0.0,0.0
Machinery and equipment n.e.c. (29),SE,43342.3773907,-0.6941095524385779,-0.8442099462554262,-0.63561359912298,-0.3682576808510483,-0.5886855824596009,-1.405357374484,-7.701705081496765,-1.240461302352861,-0.3779702094519449,-6.787874509410749,-0.4668014253498143,-0.18334945516968584,-0.3458255125482272,-0.33072531457715754,-0.3931423462627418,-0.2393012544906562,-6.823268618178087,-0.5382265122656708,-0.6440786972525413,-0.2649621100563948,-0.8597061448762167,-1.4092806415243753,-0.4270187721470726,-0.539051682304821,-9.852653236113913,-0.3132441726154346,-0.27778160047445916,-0.8360788856944358,-0.028971342143934018,-0.06650781021380628,-0.10702008174889724,-2.3520740616985942,-0.1384854534323401,-0.04403330454603074,-0.044352327316889664,-0.03368547379710868,-0.057533938913923874,-0.12760150105664042,-0.4590776593625024,-0.26151252871768055,-0.19192293295393228,-4.919682720124819,-0.1790347705601091,-0.04207597094097707,-0.09086647696815892,-0.044154161762949375,-0.3234435906000017,-0.02589582053233529,-0.04442042733772761
Machinery and equipment n.e.c. (29),SI,4317.17415584,-1.5430471818899034,-0.03533865671400193,-0.43994612388847043,-0.06044477218445784,-0.07797272173682372,-0.11713608615769064,-0.03960363667562792,-0.024640061894093394,-0.012899233099591323,-0.03513308872840648,-0.027933726204427082,-0.7344838716368024,-5.650050621244962,-0.16138501084361287,-0.02524473535506904,-0.020387158119678683,-0.037112751377111744,-0.03141603711052755,-0.04992851563424464,-0.029656623258064847,-0.03779985429517744,-0.0953680501695911,-0.011344251730178277,-0.04662164765254958,-0.014734046703413693,-0.09682417195636132,-0.07921600082473644,-0.03704999187672847,-0.001998121768469548,-0.0047155703330461025,-0.0037851671311234353,-0.018388239007183244,-0.054536137723085715,-0.0038330339608160136,-0.004689109842446606,-0.0036567878357717117,-0.0004877090224971005,-0.03140679763872847,-0.04755307149094007,-0.03303631020938057,-0.09126337498417476,-0.011934993598803866,-0.018880631905767505,-0.006524445277661939,-0.008158084680431506,-0.0038559339795747674,-0.8396817340415281,-0.007687125910825211,-0.007261587341007465
Machinery and equipment n.e.c. (29),SK,11493.7752301,-0.9829531315500815,-0.3272506708398006,-0.6937452450669297,-0.21394741892061098,-15.188569202816865,-1.1957198776259506,-0.5189627334321099,-0.17239017891216457,-0.1983654129410617,-0.3016279805988548,-0.34413730364916884,-0.42292678363985137,-0.6994304175368364,-0.5773153018102204,-0.11185180287224546,-0.16130372450883498,-0.7750048837500003,-0.3449153293512792,-0.17585402845750225,-0.20461143724610775,-0.3342570764336925,-6.579552646635441,-0.18006105819859872,-1.1818438328606242,-0.1398096220071409,-0.3336086460867365,-0.42794931836766725,-0.23979102493148052,-0.011050611368463673,-0.03160494820783903,-0.05967782834786037,-0.03368305288561705,-0.1890332053899608,-0.024406677144239844,-0.02010298286151109,-0.01397650948695166,-0.003382371786890977,-0.05953160211217667,-0.3834018925389285,-0.2683190840130698,-0.19497935152140622,-0.13173627329774987,-0.12561624990743558,-0.01755945467973563,-0.03249787121351794,-0.02446928797076527,-1.3793941824162481,-0.01555105893037129,-0.023824388770661512
Machinery and equipment n.e.c. (29),TR,1544.37391279,-0.00037838045855082924,-0.00029842684458808563,-0.0009726343631947338,-0.0004919478423101044,-0.0002876847036795159,-0.00036475291245242897,-0.00025125997023964035,-0.0002698716539197406,-0.0002744130748630444,-0.0003304034168449687,-0.0002558811534558268,-0.0017044350697053583,-0.0004948248450929717,-0.000526317466681364,-0.00017993327925945374,-0.00024004684816850255,-0.00023082061423208996,-0.0002232901541802605,-0.0003838854116714081,-0.00019354697764419575,-0.00025814939570724193,-0.0003388963260069952,-0.0003546852448724849,-0.0005671918070019318,-0.0001896380320420647,-0.0002765833757974914,-0.00040420830674243416,-0.0002965000379563858,-3.6836589099616843e-05,-9.57322942248946e-05,-0.00012138241385228321,-7.02283020877357e-05,-0.000305600151113659,-0.00016303672584094537,-0.00010998715115818626,-5.0839545697136654e-05,-5.974969686332911e-06,-0.0003065989928964484,-0.0002357958163933805,-0.030550088800858896,-0.0002272787166399905,-9.931222155368459e-05,-0.0002975655270746614,-5.7839729717966695e-05,-0.00030074476770782383,-0.00016306768631263734,-0.00037178002296343567,-5.177681621779355e-05,-0.00022208605728257438
Machinery and equipment n.e.c. (29),TW,0.0,0.0,0.0,0.0,0.0,0.0,0.0,0.0,0.0,0.0,0.0,0.0,0.0,0.0,0.0,0.0,0.0,0.0,0.0,0.0,0.0,0.0,0.0,0.0,0.0,0.0,0.0,0.0,0.0,0.0,0.0,0.0,0.0,0.0,-0.0,0.0,0.0,0.0,0.0,0.0,0.0,0.0,0.0,0.0,0.0,0.0,0.0,0.0,0.0,0.0
Machinery and equipment n.e.c. (29),US,403842.523618,-13.076073629666556,-10.006205204988925,-9.200877593205869,-3.366547165576796,-7.898922874653597,-15.224487996399462,-9.294616001834761,-3.2566285648718423,-5.885880623380609,-9.72406873979034,-6.472059195157866,-4.7724196478388885,-3.9258313067227006,-5.212772502635123,-6.178322724520418,-6.2893001129945,-4.781671820773154,-7.228032370006282,-13.20728486163881,-4.547874076880836,-8.822280038203177,-7.56456220661615,-7.672073173498623,-4.895278297906714,-8.823720209162827,-5.570852271466305,-3.1064165142384366,-11.101474802997163,-118.42438651229256,-16.18988589868509,-11.577572471174147,-104.97742787394435,-19.68358660074556,-8.435029869568753,-3.75579540371632,-56.642393265423514,-0.25831476962747185,-9.24919330829456,-6.362705088008973,-11.562189782569252,-2.5368829394142822,-2.956962014986212,-3.0885258076412523,-2.529677481680213,-9.73569825360038,-8.488080912090803,-5.473870854346731,-1.4509233780029773,-9.551674783096058
Machinery and equipment n.e.c. (29),WA,0.0,0.0,0.0,0.0,0.0,0.0,0.0,0.0,0.0,0.0,0.0,0.0,0.0,0.0,0.0,0.0,0.0,0.0,0.0,0.0,0.0,0.0,0.0,0.0,0.0,0.0,0.0,0.0,0.0,0.0,0.0,0.0,0.0,0.0,-0.0,0.0,0.0,0.0,0.0,0.0,0.0,0.0,0.0,0.0,0.0,0.0,0.0,0.0,0.0,0.0
Machinery and equipment n.e.c. (29),WE,0.0,0.0,0.0,0.0,0.0,0.0,0.0,0.0,0.0,0.0,0.0,0.0,0.0,0.0,0.0,0.0,0.0,0.0,0.0,0.0,0.0,0.0,0.0,0.0,0.0,0.0,0.0,0.0,0.0,0.0,0.0,0.0,0.0,0.0,-0.0,0.0,0.0,0.0,0.0,0.0,0.0,0.0,0.0,0.0,0.0,0.0,0.0,0.0,0.0,0.0
Machinery and equipment n.e.c. (29),WF,0.0,0.0,0.0,0.0,0.0,0.0,0.0,0.0,0.0,0.0,0.0,0.0,0.0,0.0,0.0,0.0,0.0,0.0,0.0,0.0,0.0,0.0,0.0,0.0,0.0,0.0,0.0,0.0,0.0,0.0,0.0,0.0,0.0,0.0,-0.0,0.0,0.0,0.0,0.0,0.0,0.0,0.0,0.0,0.0,0.0,0.0,0.0,0.0,0.0,0.0
Machinery and equipment n.e.c. (29),WL,0.0,0.0,0.0,0.0,0.0,0.0,0.0,0.0,0.0,0.0,0.0,0.0,0.0,0.0,0.0,0.0,0.0,0.0,0.0,0.0,0.0,0.0,0.0,0.0,0.0,0.0,0.0,0.0,0.0,0.0,0.0,0.0,0.0,0.0,-0.0,0.0,0.0,0.0,0.0,0.0,0.0,0.0,0.0,0.0,0.0,0.0,0.0,0.0,0.0,0.0
Machinery and equipment n.e.c. (29),WM,0.0,0.0,0.0,0.0,0.0,0.0,0.0,0.0,0.0,0.0,0.0,0.0,0.0,0.0,0.0,0.0,0.0,0.0,0.0,0.0,0.0,0.0,0.0,0.0,0.0,0.0,0.0,0.0,0.0,0.0,0.0,0.0,0.0,0.0,-0.0,0.0,0.0,0.0,0.0,0.0,0.0,0.0,0.0,0.0,0.0,0.0,0.0,0.0,0.0,0.0
Machinery and equipment n.e.c. (29),ZA,0.0,0.0,0.0,0.0,0.0,0.0,0.0,0.0,0.0,0.0,0.0,0.0,0.0,0.0,0.0,0.0,0.0,0.0,0.0,0.0,0.0,0.0,0.0,0.0,0.0,0.0,0.0,0.0,0.0,0.0,0.0,0.0,0.0,0.0,-0.0,0.0,0.0,0.0,0.0,0.0,0.0,0.0,0.0,0.0,0.0,0.0,0.0,0.0,0.0,0.0
Nickel ores and concentrates,AT,0.0,0.0,0.0,0.0,0.0,0.0,0.0,0.0,0.0,0.0,0.0,0.0,0.0,0.0,0.0,0.0,0.0,0.0,0.0,0.0,0.0,0.0,0.0,0.0,0.0,0.0,0.0,0.0,0.0,0.0,0.0,0.0,0.0,0.0,-0.0,0.0,0.0,0.0,0.0,0.0,0.0,0.0,0.0,0.0,0.0,0.0,0.0,0.0,0.0,0.0
Nickel ores and concentrates,AU,1768.49893331,-0.00464078618652884,-0.004640536615325021,-0.0033112792035683764,-0.004978865837669462,-0.003459217078708412,-0.005414391146874916,-0.004398757156252515,-0.002800693688342945,-0.002530152283077306,-0.008748631789617458,-0.003277935951736175,-0.06989715068339096,-0.002887604951360285,-0.0030879151173598945,-0.00437437008860247,-0.003808690271729105,-0.00268837415120578,-0.003666186690646042,-0.00440252969791966,-0.002958475516817454,-0.005490695836296825,-0.003675167468852969,-0.0031046884617546558,-0.0032240847091438126,-0.0029531299899201624,-0.003284848980319451,-0.002659104925458841,-0.0053066999796018205,-0.0018055479336206196,-0.004370261850114797,-0.008288504698505396,-0.004818490343356259,-0.026582292359049634,-0.008608735388994471,-0.011008486254683699,-0.002605751072614882,-0.0014059690907503655,-2.5520388850062092,-0.0031050813800635713,-0.0062320693125056,-0.004540065652045669,-0.0017523774228274391,-0.0062771104332487735,-0.0029049223287914774,-0.04884882699919819,-0.008600312132515978,-0.003463946132207469,-0.0047781022129221385,-0.20820659179964426
Nickel ores and concentrates,BE,0.0,0.0,0.0,0.0,0.0,0.0,0.0,0.0,0.0,0.0,0.0,0.0,0.0,0.0,0.0,0.0,0.0,0.0,0.0,0.0,0.0,0.0,0.0,0.0,0.0,0.0,0.0,0.0,0.0,0.0,0.0,0.0,0.0,0.0,-0.0,0.0,0.0,0.0,0.0,0.0,0.0,0.0,0.0,0.0,0.0,0.0,0.0,0.0,0.0,0.0
Nickel ores and concentrates,BG,0.0,0.0,0.0,0.0,0.0,0.0,0.0,0.0,0.0,0.0,0.0,0.0,0.0,0.0,0.0,0.0,0.0,0.0,0.0,0.0,0.0,0.0,0.0,0.0,0.0,0.0,0.0,0.0,0.0,0.0,0.0,0.0,0.0,0.0,-0.0,0.0,0.0,0.0,0.0,0.0,0.0,0.0,0.0,0.0,0.0,0.0,0.0,0.0,0.0,0.0
Nickel ores and concentrates,BR,274.338005397,-0.0001579298611839383,-0.00017455707388842298,-6.665777760850875e-05,-9.186241826290984e-05,-8.674680653305474e-05,-0.00014348648265934068,-0.00010368884952968025,-5.1165693426034457e-05,-0.0001342700861002572,-0.00010889763772085122,-9.165018882836109e-05,-0.00011039318949383109,-9.069067938784596e-05,-0.00010053123611870731,-5.3194026415271486e-05,-8.938453539971397e-05,-5.748350025211436e-05,-6.900669551305193e-05,-9.573637133649144e-05,-6.554995958412885e-05,-0.00013880451240365585,-7.795577062047925e-05,-0.0001526953964349095,-6.564848509427327e-05,-6.323032907595616e-05,-7.458504853951196e-05,-6.634367438981652e-05,-8.115571420874444e-05,-8.732374355544586e-05,-6.637603975991394e-05,-0.0002212914982487586,-0.0004826358604458051,-0.00010437138609684594,-0.03617915044600881,-7.70586486343402e-05,-0.00018743895582837733,-5.377733189746878e-06,-0.0001060114309605536,-7.239284784705643e-05,-0.00036905802649858123,-5.66772468019679e-05,-4.0009101691182164e-05,-8.856994401227906e-05,-5.965738845255965e-05,-0.00024534387809295867,-0.03613568208312428,-0.00016421036311413888,-0.0001595852401054266,-0.0018453096413329662
Nickel ores and concentrates,CA,0.0112920221805,-3.1312785432377224e-08,-4.0182557141490896e-08,-2.0451349840577568e-08,-8.171562320947193e-08,-2.4791870437156404e-08,-4.9868265959189826e-08,-3.398009986266707e-08,-1.4376119689012058e-08,-2.3644477918744464e-08,-4.2339957015551654e-08,-2.012043180228519e-08,-1.7980489616208823e-08,-1.440152542100536e-08,-1.8232861047105587e-08,-1.7091524549252664e-08,-2.1362609483086274e-08,-1.4552433648002084e-08,-2.380904256217387e-08,-6.109443446353987e-08,-1.6549953909651748e-08,-3.44320184395995e-08,-3.222647100488125e-08,-2.867275055301436e-08,-1.5582761705369262e-07,-1.958802944414605e-08,-1.821813962661007e-08,-1.3556979902601354e-08,-2.7051960973340886e-08,-6.576638474638958e-08,-3.1058437041017514e-08,-2.6789564646866962e-08,-6.5712699071831475e-06,-5.641421645061175e-08,-3.2189395861522585e-08,-2.1766604313333986e-07,-9.185559145520626e-08,-1.0599096488543863e-09,-1.6479726615205007e-07,-2.265548816250632e-08,-3.488657738160723e-08,-1.9884167450023994e-08,-1.0905604471790729e-08,-1.8016554962009645e-08,-1.2729658252615615e-08,-8.084370025829264e-08,-3.2336812130808694e-08,-2.5316362529709262e-08,-7.700688487442661e-09,-5.965440628604061e-08
Nickel ores and concentrates,CH,0.0,0.0,0.0,0.0,0.0,0.0,0.0,0.0,0.0,0.0,0.0,0.0,0.0,0.0,0.0,0.0,0.0,0.0,0.0,0.0,0.0,0.0,0.0,0.0,0.0,0.0,0.0,0.0,0.0,0.0,0.0,0.0,0.0,0.0,-0.0,0.0,0.0,0.0,0.0,0.0,0.0,0.0,0.0,0.0,0.0,0.0,0.0,0.0,0.0,0.0
Nickel ores and concentrates,CN,143.194319902,-0.0012141489400157265,-0.001381226857989164,-0.0013618941198011657,-0.002099089713455246,-0.0012851402534002408,-0.0016940440808027597,-0.0012686026688834258,-0.002141734521342102,-0.0008721367090295025,-0.0019994422211697263,-0.0009197996663839701,-0.0024771068534226136,-0.0016251716238059929,-0.0018550160824799852,-0.0009671784480463056,-0.0008318651541864423,-0.005434940518125372,-0.0009627362522936302,-0.005305768285033997,-0.0006315283091737028,-0.0013801254532599119,-0.0013873102346998564,-0.0009472670597507854,-0.001158100290345861,-0.0008665682811745119,-0.000897568320162621,-0.0009479307251018211,-0.0014354431066105366,-0.0005484932266240153,-0.0029044388298814835,-0.04013417785013805,-0.002915612949893187,-0.0036056635094555227,-0.003472220548421201,-0.0008492991498338714,-0.0019012581921311175,-0.00047910052799035976,-0.0072399707752429186,-0.0008351697942353388,-0.002556390987451973,-0.0006800201965751496,-0.0004247036214915904,-0.0034688787512659035,-0.0011400125229189,-0.006803652232200737,-0.0034639537657216806,-0.0028846140554555006,-0.0018429713322536826,-0.004182047265380373
Nickel ores and concentrates,CY,0.0,0.0,0.0,0.0,0.0,0.0,0.0,0.0,0.0,0.0,0.0,0.0,0.0,0.0,0.0,0.0,0.0,0.0,0.0,0.0,0.0,0.0,0.0,0.0,0.0,0.0,0.0,0.0,0.0,0.0,0.0,0.0,0.0,0.0,-0.0,0.0,0.0,0.0,0.0,0.0,0.0,0.0,0.0,0.0,0.0,0.0,0.0,0.0,0.0,0.0
Nickel ores and concentrates,CZ,22.3971460947,-6.66651336935869e-05,-2.9568411745630242e-05,-5.1419036143088885e-05,-5.697356996762424e-06,-3.5788773339448404e-05,-6.0594857599171456e-05,-2.307754478999499e-05,-1.4777110537422688e-05,-1.0288419878351528e-05,-1.4029060330131462e-05,-1.2324757525430895e-05,-1.0509341827476849e-05,-1.945111619056239e-05,-5.067248325712418e-05,-4.713303811726561e-06,-1.1518941781596453e-05,-3.090111197075781e-05,-1.3848726551829278e-05,-8.163892584568726e-06,-6.220276377782728e-06,-2.6515639112885305e-05,-7.425562982541594e-05,-1.0896021847626181e-05,-3.152824571564417e-05,-6.596597258918199e-06,-1.5865356689212266e-05,-5.404962149808716e-05,-8.071751616314663e-06,-5.985410124576587e-07,-1.554539218528569e-06,-2.0861175052278926e-06,-3.1307372343015964e-06,-5.3175667142957635e-06,-1.240986123965271e-06,-8.85477222206174e-07,-9.16859688848908e-07,-1.9619465425861124e-07,-1.994113312068265e-06,-2.624860190180464e-05,-1.2863734406955543e-05,-8.49197420040063e-06,-5.676858430948748e-06,-5.459959167809294e-06,-2.124015856093784e-06,-3.343284530237588e-06,-1.242456977810859e-06,-0.00011494943172497414,-8.617043851820666e-07,-2.2799583031902637e-06
Nickel ores and concentrates,DE,0.0,0.0,0.0,0.0,0.0,0.0,0.0,0.0,0.0,0.0,0.0,0.0,0.0,0.0,0.0,0.0,0.0,0.0,0.0,0.0,0.0,0.0,0.0,0.0,0.0,0.0,0.0,0.0,0.0,0.0,0.0,0.0,0.0,0.0,-0.0,0.0,0.0,0.0,0.0,0.0,0.0,0.0,0.0,0.0,0.0,0.0,0.0,0.0,0.0,0.0
Nickel ores and concentrates,DK,0.902896742934,-1.8433045388477995e-07,-1.6236456480976465e-07,-1.3242718409841742e-06,-1.1470027731711818e-07,-2.199198615754623e-07,-7.956565300587489e-07,-3.503688241507571e-07,-4.072927286245493e-07,-1.3839930549164578e-07,-6.149301309168667e-07,-1.0622060513538852e-07,-9.325362932519309e-08,-1.1937288612832266e-07,-1.426975902583289e-07,-1.139720315054704e-07,-8.00659291053321e-08,-4.070972136049996e-07,-1.7306752177859748e-07,-6.471939545494903e-07,-7.150763334661553e-08,-9.096026903987855e-07,-6.385829940421187e-07,-9.640780709714467e-08,-7.838494277022985e-08,-3.124922441378383e-06,-1.1042384589381544e-07,-9.33051605838867e-08,-1.6755894394035883e-07,-8.195898078287761e-09,-1.5271607408437375e-08,-3.4009045361045254e-08,-3.8773167195439746e-08,-3.375947758809662e-08,-2.3128965763069374e-08,-1.4090587934004071e-08,-1.0642227585993447e-08,-6.116600090835835e-09,-3.255193570970077e-08,-1.437235296880298e-07,-8.12826528278742e-08,-8.775068738262295e-08,-6.391833819404877e-06,-7.226266518065175e-08,-1.4725357968374282e-08,-2.2961166392790413e-08,-2.3157205452696384e-08,-2.0924817700764598e-07,-1.2753765264509198e-08,-1.71485559158717e-08
Nickel ores and concentrates,EE,0.0,0.0,0.0,0.0,0.0,0.0,0.0,0.0,0.0,0.0,0.0,0.0,0.0,0.0,0.0,0.0,0.0,0.0,0.0,0.0,0.0,0.0,0.0,0.0,0.0,0.0,0.0,0.0,0.0,0.0,0.0,0.0,0.0,0.0,-0.0,0.0,0.0,0.0,0.0,0.0,0.0,0.0,0.0,0.0,0.0,0.0,0.0,0.0,0.0,0.0
Nickel ores and concentrates,ES,1658.00285812,-0.00012309305364599686,-0.0001844208824032531,-0.000183980497334936,-4.8457173678288494e-05,-0.00010779993257913996,-0.00015221052755545975,-9.942940686858024e-05,-5.895335425905053e-05,-0.008001869596617557,-0.00011136881477595834,-0.00047283618496032583,-0.0012998636570098548,-7.413098089432193e-05,-8.321457684627643e-05,-6.438619489460953e-05,-8.467437807005745e-05,-6.01143951261956e-05,-0.00010610118041142544,-9.211467311352181e-05,-6.444637203877864e-05,-0.0001480989891942885,-0.00010177304167518283,-0.0024863895098401452,-0.00012563538457483923,-3.349236910804956e-05,-7.551972857355113e-05,-6.419996163633726e-05,-0.00011167774801576568,-1.1228213845124029e-05,-1.5619830389514617e-05,-3.0394062499905015e-05,-2.8689657331939317e-05,-3.7896866819001246e-05,-2.1296385307553364e-05,-1.1888122137233585e-05,-1.4898113576026946e-05,-1.873126149067092e-06,-2.8414002423663893e-05,-0.00010002867662777045,-0.00022257137388812176,-3.761326286197788e-05,-3.2443712332336184e-05,-1.7104370814755977e-05,-4.2233915341488e-05,-3.826593235283187e-05,-2.157828633668419e-05,-9.177306450504134e-05,-9.056806431333785e-05,-0.0002578164985944691
Nickel ores and concentrates,FI,3467.93179299,-0.015445413044381889,-0.019500061253067278,-0.008619387636994892,-0.012239695045769737,-0.010960331169705283,-0.016166405356232864,-0.024718580355927618,-1.2116290077156986,-0.005955743500990971,-19.02215093535116,-0.008326921799608986,-0.007092397419685132,-0.014755409598853287,-0.009852885602732956,-0.015176410525496996,-0.004341590693193938,-0.02987472402470547,-0.012295930514068978,-0.028893223284170863,-0.0035394420788793755,-0.025668950059793243,-0.020154374497479116,-0.007441149582361175,-0.01001798060726761,-2.061354079362565,-0.005793228647213123,-0.020277021283304098,-0.022921255430469738,-0.0013414052648032355,-0.00203838296481002,-0.0038335746339315416,-0.1105169242873006,-0.0037774910903139937,-0.0017745015815722757,-0.002674094361657,-0.0021614939433205324,-0.21854410650474368,-0.0056002698874892875,-0.007527100548798878,-0.005574307232025069,-0.055601194580183366,-0.08246994379776261,-0.008516860513482506,-0.0017358004244347619,-0.0038928476430469504,-0.0017829768151400606,-0.012538289511843997,-0.0015965541984185477,-0.018030136036525077
Nickel ores and concentrates,FR,74.1533525177,-0.00010576435678774767,-0.0012892527879975295,-8.807214812753924e-05,-4.281993939089834e-05,-9.668551461523871e-05,-0.00028026192255337627,-0.00011770515897272025,-5.013986850538659e-05,-0.0008393336113621124,-9.16876806469976e-05,-0.005126994084470642,-6.860946114259432e-05,-6.272946011221962e-05,-6.615227112001633e-05,-6.59093752430358e-05,-0.00014588546985253747,-6.935403530118855e-05,-0.0015596154817410365,-5.116758461318678e-05,-8.411247864859119e-05,-0.00016129929033564705,-0.00011316914386850213,-0.0002316845305911389,-0.00010160450059566278,-4.599055702673991e-05,-7.937283040535273e-05,-5.8178269192451524e-05,-0.00065563301559883,-8.253880552192926e-06,-1.5329578504653915e-05,-2.4204563574760594e-05,-0.0001580682596824193,-2.537582781560491e-05,-1.4745862049181923e-05,-1.8521797183778544e-05,-1.1159231223471826e-05,-2.1170229890110674e-06,-0.000590642924785123,-0.0013443614562767957,-7.00843457891733e-05,-2.315236135984978e-05,-3.579729554551297e-05,-1.851013111463332e-05,-2.4492148490701918e-05,-5.077228908004461e-05,-1.4773373269501284e-05,-7.243797943696332e-05,-6.154521619640131e-05,-0.00016430444464307154
Nickel ores and concentrates,GB,0.0,0.0,0.0,0.0,0.0,0.0,0.0,0.0,0.0,0.0,0.0,0.0,0.0,0.0,0.0,0.0,0.0,0.0,0.0,0.0,0.0,0.0,0.0,0.0,0.0,0.0,0.0,0.0,0.0,0.0,0.0,0.0,0.0,0.0,-0.0,0.0,0.0,0.0,0.0,0.0,0.0,0.0,0.0,0.0,0.0,0.0,0.0,0.0,0.0,0.0
Nickel ores and concentrates,GR,19721.6872919,-0.016849200321105658,-0.0198782537937055,-0.17335883122925205,-0.11300013086348258,-0.0200830543293536,-0.016628237414259266,-0.013106300620209009,-0.013963703883198961,-0.011667742001150153,-0.011866748312472008,-0.01221609077812421,-10.03168987836897,-0.029441674810179203,-0.2465316624955055,-0.01463447729805563,-0.012045172034773205,-0.011006991800316926,-0.012634507143456352,-0.035866556368539054,-0.00953446233427459,-0.01892452309024379,-0.01847707970769747,-0.013832355519493526,-0.033961820982006695,-0.005913858689169366,-0.26571300739304016,-0.021385199236722184,-0.017645787715696137,-0.0017529489162166974,-0.0025196813804724983,-0.004714830839871449,-0.0031843210421302246,-0.006580026067289257,-0.003114819340093116,-0.003840107335139249,-0.002517688213530997,-0.00030269823592635555,-0.005010834859277082,-0.011306987910491291,-0.034797985865989034,-0.028081769192253643,-0.005085015977685752,-0.007549398052978348,-0.004960606875804338,-0.0062105034541018326,-0.0031208770330812133,-0.16838912273102272,-0.004477450295348412,-0.02147491497666521
Nickel ores and concentrates,HR,0.245204083079,-3.140641965288982e-08,-1.6822725112577587e-08,-2.2954254717115323e-07,-1.5628804752604236e-08,-1.6896708016446924e-07,-2.27901535727546e-08,-3.094068078266923e-08,-1.5238380069045095e-07,-1.2608485970971506e-08,-1.8574281989033536e-08,-1.0313760631812803e-08,-4.3355183322230517e-07,-1.0575063067798144e-06,-1.246468891690046e-06,-4.574062706956693e-09,-2.2777219855613487e-08,-4.81469199593533e-08,-2.067117398277162e-08,-4.84715384798299e-07,-9.36359275674061e-09,-1.3234070121348563e-08,-7.605571489583769e-08,-1.9703239746940663e-08,-2.5144149452165615e-07,-1.8500234096713033e-08,-2.2712828833806822e-07,-4.045544127439565e-07,-7.98728539658696e-09,-9.713004618105837e-10,-2.8747450249580986e-09,-4.578550898900258e-09,-4.442430935961244e-09,-5.864587344520207e-09,-3.911644151430604e-09,-3.5765277232979646e-09,-1.333091628379174e-09,-2.48899874678169e-09,-4.080945424624559e-09,-5.018798244296401e-08,-2.6933006164260218e-08,-7.202071067479884e-09,-4.2197205082435126e-09,-9.042108180229808e-09,-1.8856218599118572e-09,-1.3942823303211249e-08,-3.911296220660918e-09,-3.1814860508294836e-06,-1.9103058733972355e-09,-8.040431322358113e-09
Nickel ores and concentrates,HU,0.0,0.0,0.0,0.0,0.0,0.0,0.0,0.0,0.0,0.0,0.0,0.0,0.0,0.0,0.0,0.0,0.0,0.0,0.0,0.0,0.0,0.0,0.0,0.0,0.0,0.0,0.0,0.0,0.0,0.0,0.0,0.0,0.0,0.0,-0.0,0.0,0.0,0.0,0.0,0.0,0.0,0.0,0.0,0.0,0.0,0.0,0.0,0.0,0.0,0.0
Nickel ores and concentrates,ID,7.31576168656,-1.418854976957977e-06,-2.1565524136616842e-06,-2.0636693441983154e-06,-2.9260932879667138e-06,-1.1778839783830504e-06,-1.6344765660971044e-06,-1.3528391304778147e-06,-1.205052184323895e-06,-1.4706912283903089e-06,-1.955480129293651e-06,-1.3428950934316298e-06,-9.454289712600021e-05,-1.6003284280040826e-06,-1.939541210131737e-06,-1.7016568544882293e-06,-1.1667504519531002e-06,-9.88994539260629e-07,-1.3038478085137334e-06,-3.121715870886644e-06,-8.287470122415116e-07,-2.0807498075846228e-06,-1.177184062961525e-06,-2.1259449321145944e-06,-1.2085612094821618e-06,-9.567309082099907e-07,-1.439763573516182e-06,-1.3638849550633199e-06,-2.1746759293160195e-06,-5.633722871239318e-07,-3.2988361605486046e-06,-6.035933860928807e-06,-3.210376281585723e-06,-1.2024330457278043e-05,-1.0271669238342212e-05,-6.770051801507722e-06,-2.759590649558548e-06,-8.312240813394329e-07,-2.0846982928890075e-05,-9.762749835547258e-07,-4.340675919626761e-06,-1.9193365899035623e-06,-5.975155355869475e-07,-0.002001797285318143,-4.1232997360968666e-06,-3.4726662635614937e-05,-1.0256964202471129e-05,-1.901596471347914e-06,-1.1338613843422028e-05,-1.5072084847482e-05
Nickel ores and concentrates,IE,0.0,0.0,0.0,0.0,0.0,0.0,0.0,0.0,0.0,0.0,0.0,0.0,0.0,0.0,0.0,0.0,0.0,0.0,0.0,0.0,0.0,0.0,0.0,0.0,0.0,0.0,0.0,0.0,0.0,0.0,0.0,0.0,0.0,0.0,-0.0,0.0,0.0,0.0,0.0,0.0,0.0,0.0,0.0,0.0,0.0,0.0,0.0,0.0,0.0,0.0
Nickel ores and concentrates,IN,0.0,0.0,0.0,0.0,0.0,0.0,0.0,0.0,0.0,0.0,0.0,0.0,0.0,0.0,0.0,0.0,0.0,0.0,0.0,0.0,0.0,0.0,0.0,0.0,0.0,0.0,0.0,0.0,0.0,0.0,0.0,0.0,0.0,0.0,-0.0,0.0,0.0,0.0,0.0,0.0,0.0,0.0,0.0,0.0,0.0,0.0,0.0,0.0,0.0,0.0
Nickel ores and concentrates,IT,0.0,0.0,0.0,0.0,0.0,0.0,0.0,0.0,0.0,0.0,0.0,0.0,0.0,0.0,0.0,0.0,0.0,0.0,0.0,0.0,0.0,0.0,0.0,0.0,0.0,0.0,0.0,0.0,0.0,0.0,0.0,0.0,0.0,0.0,-0.0,0.0,0.0,0.0,0.0,0.0,0.0,0.0,0.0,0.0,0.0,0.0,0.0,0.0,0.0,0.0
Nickel ores and concentrates,JP,0.0,0.0,0.0,0.0,0.0,0.0,0.0,0.0,0.0,0.0,0.0,0.0,0.0,0.0,0.0,0.0,0.0,0.0,0.0,0.0,0.0,0.0,0.0,0.0,0.0,0.0,0.0,0.0,0.0,0.0,0.0,0.0,0.0,0.0,-0.0,0.0,0.0,0.0,0.0,0.0,0.0,0.0,0.0,0.0,0.0,0.0,0.0,0.0,0.0,0.0
Nickel ores and concentrates,KR,5078.06725171,-0.02728766329594323,-0.03319442282171304,-0.027476087221717755,-0.025648648944144942,-0.05359621186778568,-0.029482896080144757,-0.020884619274164826,-0.04293250060897283,-0.015708845248625206,-0.025933253600689397,-0.01928072163995591,-0.07176742651865216,-0.03691076419578087,-0.03701020746626332,-0.01316104859133441,-0.013433598481484654,-0.025385976990690905,-0.017697998618879055,-0.0419339734588135,-0.009268649509579539,-0.024703304294846087,-0.03604884754737951,-0.020684212745102883,-0.028709124476085514,-0.011496322973676159,-0.016343623347735474,-0.029853513666291465,-0.020595142419326414,-0.011646213579324388,-0.0741224876951921,-0.056414878519908666,-0.08870175866234674,-3.9813742818022124,-0.019456205500896166,-0.013989177625943632,-0.016067058101594475,-0.0013734141699148267,-0.057235170082651665,-0.016113416222422572,-0.02707256816634813,-0.024736005873553138,-0.00806489978660891,-0.026490909104037935,-0.00912668153770732,-0.0764433662292326,-0.01948590159274926,-0.03894037463649162,-0.011677621018054684,-0.06293136886046699
Nickel ores and concentrates,LT,0.0,0.0,0.0,0.0,0.0,0.0,0.0,0.0,0.0,0.0,0.0,0.0,0.0,0.0,0.0,0.0,0.0,0.0,0.0,0.0,0.0,0.0,0.0,0.0,0.0,0.0,0.0,0.0,0.0,0.0,0.0,0.0,0.0,0.0,-0.0,0.0,0.0,0.0,0.0,0.0,0.0,0.0,0.0,0.0,0.0,0.0,0.0,0.0,0.0,0.0
Nickel ores and concentrates,LU,0.0,0.0,0.0,0.0,0.0,0.0,0.0,0.0,0.0,0.0,0.0,0.0,0.0,0.0,0.0,0.0,0.0,0.0,0.0,0.0,0.0,0.0,0.0,0.0,0.0,0.0,0.0,0.0,0.0,0.0,0.0,0.0,0.0,0.0,-0.0,0.0,0.0,0.0,0.0,0.0,0.0,0.0,0.0,0.0,0.0,0.0,0.0,0.0,0.0,0.0
Nickel ores and concentrates,LV,0.0,0.0,0.0,0.0,0.0,0.0,0.0,0.0,0.0,0.0,0.0,0.0,0.0,0.0,0.0,0.0,0.0,0.0,0.0,0.0,0.0,0.0,0.0,0.0,0.0,0.0,0.0,0.0,0.0,0.0,0.0,0.0,0.0,0.0,-0.0,0.0,0.0,0.0,0.0,0.0,0.0,0.0,0.0,0.0,0.0,0.0,0.0,0.0,0.0,0.0
Nickel ores and concentrates,MT,0.0,0.0,0.0,0.0,0.0,0.0,0.0,0.0,0.0,0.0,0.0,0.0,0.0,0.0,0.0,0.0,0.0,0.0,0.0,0.0,0.0,0.0,0.0,0.0,0.0,0.0,0.0,0.0,0.0,0.0,0.0,0.0,0.0,0.0,-0.0,0.0,0.0,0.0,0.0,0.0,0.0,0.0,0.0,0.0,0.0,0.0,0.0,0.0,0.0,0.0
Nickel ores and concentrates,MX,0.0,0.0,0.0,0.0,0.0,0.0,0.0,0.0,0.0,0.0,0.0,0.0,0.0,0.0,0.0,0.0,0.0,0.0,0.0,0.0,0.0,0.0,0.0,0.0,0.0,0.0,0.0,0.0,0.0,0.0,0.0,0.0,0.0,0.0,-0.0,0.0,0.0,0.0,0.0,0.0,0.0,0.0,0.0,0.0,0.0,0.0,0.0,0.0,0.0,0.0
Nickel ores and concentrates,NL,0.0,0.0,0.0,0.0,0.0,0.0,0.0,0.0,0.0,0.0,0.0,0.0,0.0,0.0,0.0,0.0,0.0,0.0,0.0,0.0,0.0,0.0,0.0,0.0,0.0,0.0,0.0,0.0,0.0,0.0,0.0,0.0,0.0,0.0,-0.0,0.0,0.0,0.0,0.0,0.0,0.0,0.0,0.0,0.0,0.0,0.0,0.0,0.0,0.0,0.0
Nickel ores and concentrates,NO,0.00217363163905,-3.3622045064152633e-10,-3.4824507735094676e-10,-3.151295318330113e-10,-4.155812978456712e-10,-2.447065521058805e-10,-2.2246206250169732e-09,-1.1990183629304788e-08,-5.343923592583655e-10,-3.216115767203055e-10,-1.7660165284205467e-09,-1.9083256945450804e-10,-1.8077198405483088e-10,-2.699805623873675e-10,-2.141663908496928e-10,-3.7685665714143616e-10,-1.0095789043791474e-10,-5.889096236665707e-10,-2.759294683804246e-10,-4.820018270775661e-10,-9.668439741307234e-11,-3.330947149541876e-09,-4.95202520266495e-10,-3.091302931170978e-10,-2.1718111345827474e-10,-1.0419416215304508e-08,-1.4208226751870179e-10,-2.1935997091120004e-10,-1.218355528276045e-09,-3.584377991428371e-11,-9.411855644586872e-11,-1.1758408572854984e-10,-1.463238889001774e-10,-1.2104649402638429e-10,-5.20748513094724e-10,-6.025617303900265e-11,-6.150563074912405e-11,-1.8151120472271824e-11,-1.0599670820998218e-10,-1.671289847715638e-10,-2.795405616108498e-10,-2.8519479903787733e-10,-5.412740198302024e-10,-2.3037554917470579e-10,-4.5755410409367807e-11,-1.2160079524323453e-10,-5.207752755648275e-10,-2.1840600513995892e-10,-5.146559408884627e-11,-1.624457200916873e-10
Nickel ores and concentrates,PL,78.7980864289,-0.00028839011539589013,-0.00017002314916952623,-0.0028675168001687703,-0.00017280208156743177,-0.0016886943049560278,-0.0003099765731075111,-0.0003541202278887466,-0.004590626765648332,-0.00022108832387837636,-0.00017148386138826022,-0.00011916470580791763,-0.00450242615958743,-0.010577935245922338,-0.012412087531597652,-6.056375135937461e-05,-0.0002349093715117713,-0.0009007806582004929,-0.00023666899316659857,-0.003392619941552633,-9.112387195925319e-05,-0.00015695234058315198,-0.0008002049098740178,-0.00027286371310069,-0.0024635974686135083,-0.00015925581099793346,-0.0022544622858492237,-0.0041476989848892734,-9.73509230463943e-05,-1.2437023110314158e-05,-2.5792420308926145e-05,-6.626639787476306e-05,-7.183071113156445e-05,-6.384096715828e-05,-6.787806599943322e-05,-0.00010217526167353816,-5.8119136983768116e-05,-2.8338208897309585e-05,-6.737585168049205e-05,-0.000517753852467729,-0.00032495244275072404,-6.692590361330098e-05,-5.480325602154795e-05,-6.250433490838286e-05,-0.003534355009513375,-0.0003861577802975272,-7.12399604648631e-05,-0.046371600155617726,-0.035086816269811985,-0.0004358869771584631
Nickel ores and concentrates,PT,0.0,0.0,0.0,0.0,0.0,0.0,0.0,0.0,0.0,0.0,0.0,0.0,0.0,0.0,0.0,0.0,0.0,0.0,0.0,0.0,0.0,0.0,0.0,0.0,0.0,0.0,0.0,0.0,0.0,0.0,0.0,0.0,0.0,0.0,-0.0,0.0,0.0,0.0,0.0,0.0,0.0,0.0,0.0,0.0,0.0,0.0,0.0,0.0,0.0,0.0
Nickel ores and concentrates,RO,0.0,0.0,0.0,0.0,0.0,0.0,0.0,0.0,0.0,0.0,0.0,0.0,0.0,0.0,0.0,0.0,0.0,0.0,0.0,0.0,0.0,0.0,0.0,0.0,0.0,0.0,0.0,0.0,0.0,0.0,0.0,0.0,0.0,0.0,-0.0,0.0,0.0,0.0,0.0,0.0,0.0,0.0,0.0,0.0,0.0,0.0,0.0,0.0,0.0,0.0
Nickel ores and concentrates,RU,121.015338847,-0.00018661943888448999,-9.819505499977075e-05,-0.000446921672304091,-0.0004802767587584212,-0.0004332266723727229,-0.0001770828209013831,-0.00014492813096583172,-0.003551301322671902,-5.970464785699957e-05,-0.0003223244504438809,-8.458974009047108e-05,-0.000897352466609308,-0.0023791749067738157,-0.002723359909452255,-5.614019093422556e-05,-7.104854251278865e-05,-0.0015475631212479878,-9.81385918323742e-05,-0.0009833851856097602,-4.381366601255353e-05,-0.00010941005054997118,-0.00022815256675967128,-6.376213906253421e-05,-0.0005883351461858083,-7.166355664988974e-05,-0.0005132572792474274,-0.0010277621071115147,-8.632661164842954e-05,-1.402605027845974e-05,-5.6457143028323504e-05,-0.00019707598699530418,-8.082632251028522e-05,-0.00011040645887077104,-2.6775606574818643e-05,-3.271757494758528e-05,-2.5592395773458793e-05,-8.539173993423723e-06,-4.918560683873943e-05,-0.00015048541070139862,-0.00019556609519782745,-7.638286102635151e-05,-3.511423111773859e-05,-3.6527273217594095e-05,-1.4714889943193054e-05,-0.00016922136577630966,-2.7062622987297965e-05,-0.0012237707250793979,-1.241626042606951e-05,-0.00013197002719133566
Nickel ores and concentrates,SE,77.2196096233,-3.0981570330286755e-05,-3.8100079467960835e-05,-2.9579070746754588e-05,-3.174965487720827e-05,-2.6268521872958544e-05,-9.54070016801824e-05,-0.008257401834929266,-0.00010108968329592286,-1.8783373350824557e-05,-0.0004039336773150536,-2.1373190389897204e-05,-3.0139348097820727e-05,-2.6252853749056445e-05,-2.3156872728434967e-05,-2.2876498736399617e-05,-1.1427794206292477e-05,-0.007453328304978004,-2.636652376023364e-05,-0.00014717269478476357,-1.0491293947157161e-05,-4.693838384061444e-05,-0.00032151381749315856,-2.255339032329e-05,-2.0012826470432867e-05,-0.09978172958415778,-1.787345588689165e-05,-3.134108825903694e-05,-4.358992563020976e-05,-2.5408850986370103e-06,-3.6759648802578514e-06,-8.277221443793887e-06,-0.0005973040930669451,-7.940527750722759e-06,-5.594997071385792e-06,-3.838825124407036e-06,-3.5331840185039657e-06,-3.8288433902154646e-06,-5.161699678985648e-05,-2.022839868268785e-05,-2.8170168085726073e-05,-2.1740662265912878e-05,-0.005527724389595316,-9.57754356168627e-06,-4.504942020773304e-06,-8.356567134934748e-06,-5.60755951983675e-06,-2.568163329029364e-05,-4.548363555026839e-06,-9.651729672010528e-06
Nickel ores and concentrates,SI,0.0,0.0,0.0,0.0,0.0,0.0,0.0,0.0,0.0,0.0,0.0,0.0,0.0,0.0,0.0,0.0,0.0,0.0,0.0,0.0,0.0,0.0,0.0,0.0,0.0,0.0,0.0,0.0,0.0,0.0,0.0,0.0,0.0,0.0,-0.0,0.0,0.0,0.0,0.0,0.0,0.0,0.0,0.0,0.0,0.0,0.0,0.0,0.0,0.0,0.0
Nickel ores and concentrates,SK,0.0,0.0,0.0,0.0,0.0,0.0,0.0,0.0,0.0,0.0,0.0,0.0,0.0,0.0,0.0,0.0,0.0,0.0,0.0,0.0,0.0,0.0,0.0,0.0,0.0,0.0,0.0,0.0,0.0,0.0,0.0,0.0,0.0,0.0,-0.0,0.0,0.0,0.0,0.0,0.0,0.0,0.0,0.0,0.0,0.0,0.0,0.0,0.0,0.0,0.0
Nickel ores and concentrates,TR,93.9617154369,-0.0037388103807693644,-0.006120379677629983,-0.013941868190056182,-0.005044430769918974,-0.004240755183786597,-0.004820722315201608,-0.0031952074595921727,-0.004574953747526743,-0.0030828368611661664,-0.004877162640247375,-0.0026953714069476204,-0.019807395512420764,-0.004775301938561576,-0.005767125937855151,-0.0018347398844281496,-0.003633413774678644,-0.002825988848312589,-0.0024549951170376766,-0.002182786715419447,-0.002698888800802401,-0.0037257396199595456,-0.0040659632892791385,-0.006093901529733912,-0.006937510047646315,-0.004435036791060372,-0.0035442739841778747,-0.0029712399842752903,-0.002948100407062987,-0.00040569113510716966,-0.0008499372881178477,-0.0016640373406742444,-0.0008760254855812405,-0.0019988993703894367,-0.001987373541013907,-0.0020609063004038784,-0.0006753244727339343,-0.00028936819229149883,-0.0033573870135415757,-0.0027990688226697635,-1.3793115741679949,-0.0011361871607445382,-0.0010082980532560607,-0.0018100441542909563,-0.0016619929840981003,-0.020798195718248393,-0.001987932600953008,-0.008270146410231669,-0.002468411260640333,-0.07246282092993148
Nickel ores and concentrates,TW,0.0,0.0,0.0,0.0,0.0,0.0,0.0,0.0,0.0,0.0,0.0,0.0,0.0,0.0,0.0,0.0,0.0,0.0,0.0,0.0,0.0,0.0,0.0,0.0,0.0,0.0,0.0,0.0,0.0,0.0,0.0,0.0,0.0,0.0,-0.0,0.0,0.0,0.0,0.0,0.0,0.0,0.0,0.0,0.0,0.0,0.0,0.0,0.0,0.0,0.0
Nickel ores and concentrates,US,0.0,0.0,0.0,0.0,0.0,0.0,0.0,0.0,0.0,0.0,0.0,0.0,0.0,0.0,0.0,0.0,0.0,0.0,0.0,0.0,0.0,0.0,0.0,0.0,0.0,0.0,0.0,0.0,0.0,0.0,0.0,0.0,0.0,0.0,-0.0,0.0,0.0,0.0,0.0,0.0,0.0,0.0,0.0,0.0,0.0,0.0,0.0,0.0,0.0,0.0
Nickel ores and concentrates,WA,534.128502966,-0.004002276069777545,-0.003438593937766173,-0.0067497651186228845,-0.0014001750426774924,-0.002215983179218671,-0.0037945458116484232,-0.0015063448108214759,-0.0016782417463585286,-0.0018580597525890063,-0.008647350540777515,-0.002465731827002469,-0.002998021020528121,-0.001333669988242215,-0.0015146436503846376,-0.001933671961018166,-0.002875605823175038,-0.002226851642363061,-0.0014999821517774072,-0.0014627903311455462,-0.002103397961553125,-0.002079287497607947,-0.0029114054312322645,-0.0013158613320728913,-0.001416579833320403,-0.044968569479056496,-0.001911883491995835,-0.0008545956952494501,-0.004578856857608615,-0.002579969520611176,-0.058394857910262235,-0.005482720954588224,-0.0022575123765761857,-0.006061085343904157,-0.006326633057842802,-0.0008573004199975252,-0.0024383418605853214,-0.00020113253275092015,-0.09074097402891994,-0.001584840741667663,-0.04818224947592477,-0.0008312091055732139,-0.0005787167349232427,-0.0059064491792298794,-0.02689379736731471,-0.01344034373935921,-0.0063350649514853745,-0.0035600417984479444,-0.0010995860532688109,-0.005144711367740858
Nickel ores and concentrates,WE,164.31874317,-0.00017939146047295834,-0.000122936492271843,-0.0013773998371165335,-6.840618296641868e-05,-0.0010332877238886833,-0.00012815998579612215,-0.00020009418671463336,-0.0019915742753805247,-7.626377495586612e-05,-0.00034019612550892706,-6.438647133870478e-05,-0.0026257551446127957,-0.006540787180817757,-0.007704594285401685,-2.6356343131923743e-05,-0.0001273124494013325,-0.0005229106683335967,-0.00012304830112722776,-0.0016368066488751847,-5.440366607048642e-05,-0.00010517261697373802,-0.0003886932263871968,-0.00010820562933193589,-0.001523008905302606,-0.00016917950055067484,-0.0014004933917333507,-0.0025238135181911833,-4.5684533952358285e-05,-4.986879505630237e-06,-1.2037786348936886e-05,-2.6201372175477352e-05,-3.3068483673525665e-05,-3.0231341395938245e-05,-2.534584431676949e-05,-3.0274496247225423e-05,-8.036180053856108e-06,-1.5652392782292e-05,-2.7726754248912318e-05,-0.00030488303504979986,-0.0001683748200897858,-3.4413595716335464e-05,-3.4292222724392345e-05,-3.7398344659527674e-05,-1.1645025525507133e-05,-0.00013826368103258386,-2.5340957637529088e-05,-0.023722604389481455,-1.3275624833023816e-05,-6.969336699457421e-05
Nickel ores and concentrates,WF,1112.43200656,-0.002213516664307924,-0.004924983393400757,-0.018330819539572597,-0.009635298188852608,-0.0018491725467062103,-0.002593676937740401,-0.0026219021541505592,-0.004979918944214351,-0.015051764673401953,-0.002239295768616061,-0.004564378041819131,-0.012484452416627505,-0.002720625975116785,-0.0025855259086123208,-0.0025420204300159975,-0.0028599228402907337,-0.0022101207357979468,-0.0026465813360103735,-0.007536828612548945,-0.0021108264339537415,-0.005115471732682709,-0.0023681106428480874,-0.009482650030091876,-0.0030269289713966583,-0.0013072232805771509,-0.0022730836761290234,-0.0024122053453995568,-0.004275336480548873,-0.00041762080536466656,-0.0007378254335457171,-0.0027619909158231913,-0.001605140590960301,-0.002008175906553171,-0.0016456455083867065,-0.00540038298271984,-0.0006463471051344669,-0.00012346582464799465,-0.0017865658645751553,-0.0024163383894938066,-0.012049656696583613,-0.0027346097650187834,-0.0012395206016168833,-0.0011785469049197365,-0.5502614708861323,-0.010017418339983163,-0.0016472978316025714,-0.0034297510167620995,-5.623461307103343,-0.04063674070321364
Nickel ores and concentrates,WL,299.081572856,-0.00041232756241691104,-0.0004902040932369502,-0.00041222901369699776,-0.0007408732432155501,-0.0003306885722504759,-0.0005669184934336434,-0.00045782857724236103,-0.0003570475591521875,-0.0010036040325595702,-0.0005349557859740633,-0.00035154917900363715,-0.0007163786421674096,-0.0003547843848338401,-0.00035667267663159216,-0.00043587885101063826,-0.00035861924919653506,-0.0003495100378817245,-0.0003833772185171379,-0.0006243139284055652,-0.00023012823547004214,-0.0006027770083059553,-0.0003654285866737883,-0.0007436343179079223,-0.0007686500893855108,-0.0006773350832743365,-0.000273806689119227,-0.0003006550128226433,-0.0005112653875018056,-0.0004717101327369264,-0.00029554607591914244,-0.0006853372649846158,-0.0015649939189721278,-0.000756692293237394,-0.00438279680886088,-0.00023864332566933682,-0.00589642883721809,-1.6159011977645417e-05,-0.0006087848290183887,-0.00029714920568157027,-0.0008533471141098567,-0.00029496221238236697,-0.00022194245520565554,-0.0003138348323632261,-0.00014264226856338126,-0.0005452556023853032,-0.005238852033070554,-0.0003392620420308519,-0.00022983206454562364,-0.0016335798283684203
Nickel ores and concentrates,WM,0.0,0.0,0.0,0.0,0.0,0.0,0.0,0.0,0.0,0.0,0.0,0.0,0.0,0.0,0.0,0.0,0.0,0.0,0.0,0.0,0.0,0.0,0.0,0.0,0.0,0.0,0.0,0.0,0.0,0.0,0.0,0.0,0.0,0.0,-0.0,0.0,0.0,0.0,0.0,0.0,0.0,0.0,0.0,0.0,0.0,0.0,0.0,0.0,0.0,0.0
Nickel ores and concentrates,ZA,245.731591449,-7.298599781453627e-05,-0.00012311554708222317,-9.22540638022652e-05,-0.00013033170681071144,-5.948415864617275e-05,-9.582056481735569e-05,-7.304505183730249e-05,-4.743293446206416e-05,-5.411863588456205e-05,-0.00016475617649045022,-6.0389818081062264e-05,-0.0009260379955039551,-7.288475590077715e-05,-7.51707975140096e-05,-6.746564381429211e-05,-0.0001898242140457739,-4.325511970660539e-05,-5.9635282088354636e-05,-8.974643945405078e-05,-5.307290871840392e-05,-0.00010533928523499063,-5.4664907432226064e-05,-7.837213908618609e-05,-6.322305476399091e-05,-4.523280406595851e-05,-6.12911527643938e-05,-6.3997374309995e-05,-8.97109809840328e-05,-1.4509062481934002e-05,-4.7383958371775016e-05,-8.388192599727829e-05,-0.00013541864879561803,-0.0001277162519471679,-0.0002278437530793185,-0.00019737490640773248,-4.4844650849058804e-05,-8.3308966090578e-06,-0.00016406406846659893,-5.450136166936645e-05,-0.0004070161788859249,-0.00012236578938832718,-2.9195817396341904e-05,-0.0001056309616701197,-0.0165546606167248,-0.0002850666093204155,-0.00022783045177173384,-7.06090852450722e-05,-0.0007243089299346163,-0.002120508804428804
Other non-ferrous metal ores and concentrates,AT,2095.36276529,-0.6769465165920964,-0.00278740829560815,-0.002333749305752225,-0.0019402194549192004,-0.03672862842792621,-0.029851782296974754,-0.002549072782538176,-0.0015144831851231525,-0.0005739508328219635,-0.0011905004049508486,-0.000944718556346657,-0.0014222286296475515,-0.005086129311033624,-0.1377458745493625,-0.0009561233162854237,-0.0009893435906378777,-0.001538844877293563,-0.0016543183450151858,-0.002256763228447964,-0.0008168594123842691,-0.0019193625154505967,-0.002624482103710583,-0.0008247268856360115,-0.002929910169588648,-0.0007342264787501112,-0.0922804842678443,-0.0070336182168424825,-0.001191771717027991,-0.00011647275795145798,-0.00023965269408265144,-0.0005019430792785089,-0.0008102340153442919,-0.0005808139241370212,-0.0002555033842781996,-0.00026828181404764975,-0.0002256348166902352,-2.6557097182184493e-05,-0.0006199850070861581,-0.023612233602961344,-0.0017895096678588623,-0.0029891820403421874,-0.000672664588017679,-0.0010722251823968142,-0.0002563165795896146,-0.0005309651433098224,-0.00025590696521104274,-0.0026360215416861583,-0.0002208721677410245,-0.00036615971233417425
Other non-ferrous metal ores and concentrates,AU,287.309444079,-3.6425922426851574e-05,-3.6336899726594855e-05,-2.7237597017150083e-05,-4.5296694404936155e-05,-3.049174932010824e-05,-4.1792481041534855e-05,-3.409672644341022e-05,-2.2417517491299563e-05,-1.92500848492459e-05,-5.8891881319782936e-05,-2.6337331839091398e-05,-0.0002707367162859252,-2.4696248118104474e-05,-2.262895629491309e-05,-4.7599185098279114e-05,-3.0106121314514274e-05,-2.227162064064015e-05,-3.314438194685515e-05,-3.363709083905825e-05,-2.3903131422471587e-05,-4.4918230038485106e-05,-3.197309796143391e-05,-2.2998158570819187e-05,-2.4366444484751905e-05,-2.7540878708954677e-05,-2.486273046119874e-05,-2.5184307574726523e-05,-5.02923315065503e-05,-8.658339217483663e-06,-3.046481981122989e-05,-5.9155683939238406e-05,-2.0329675638839253e-05,-0.00011115597955387758,-4.330071099686053e-05,-3.869346757043578e-05,-1.5101110813561355e-05,-4.251279907599764e-06,-0.026925033584651096,-2.435816877630339e-05,-3.036625451578013e-05,-4.0105101834106594e-05,-1.5439622236877562e-05,-4.451791084874806e-05,-1.4148021275511698e-05,-0.00016177947102665393,-4.327145818008034e-05,-2.6278148842915377e-05,-1.4133208903365811e-05,-0.0003734284843753281
Other non-ferrous metal ores and concentrates,BE,577.158325247,-0.001061512681709428,-0.0782946067254957,-0.0014166667770174847,-0.00042381667435172847,-0.00046961559009484343,-0.002520768630246691,-0.0010257418624494267,-0.00015071446210891378,-0.0005556084336173189,-0.0006145299190278484,-0.0013237303655843902,-0.0003963078721554461,-0.000231951857051626,-0.00036244167333202595,-0.00033167655830006274,-0.0002161877705406568,-0.0002064762330173276,-0.001008328061141717,-0.00019438002861742613,-0.0002101688021285448,-0.007872778787702844,-0.0004147207209314557,-0.0005781324365714442,-0.00020935468972374513,-0.00016587793450366045,-0.0003375636913170724,-0.00015823016317073664,-0.0009271848262192091,-5.69715664858361e-05,-0.0001275017717698128,-0.00018971408225986066,-0.00016984518096969806,-0.0002109214513480316,-7.992709489605339e-05,-8.702002539185499e-05,-5.9715148018836066e-05,-7.439226132855268e-06,-0.00017323821433957082,-0.00047071674654193156,-0.0007437335431896584,-0.00014310124777205024,-0.0003564672063971671,-0.000331048180627897,-0.00016884684038815027,-0.0002183692014859693,-7.995554593726602e-05,-0.0003483934020820314,-0.0005571841965750266,-0.0003705356945997608
Other non-ferrous metal ores and concentrates,BG,32.9772980313,-1.6161114063794895e-05,-2.042564354231432e-05,-0.002398193223670387,-4.0487076425842414e-05,-3.950002004699994e-05,-1.3002414192322552e-05,-9.843969420969802e-06,-2.0030657044662353e-05,-5.257599170831854e-06,-7.580357871311424e-06,-7.218977195338033e-06,-0.00024861020659790027,-3.279937468314928e-05,-2.9301315400939957e-05,-5.529226227088664e-06,-7.937307290737932e-06,-1.6360221522748027e-05,-7.581261377696719e-06,-1.2329496834164513e-05,-5.468245888322124e-06,-1.283607320380826e-05,-2.9412399480597428e-05,-6.662688143221562e-06,-0.0001115304851195114,-4.835473912662847e-06,-1.4355013006533639e-05,-2.5917544800782642e-05,-8.372435750651181e-06,-2.121436090481565e-06,-1.344377268678559e-06,-1.4533404789233074e-06,-2.4882247182268852e-06,-3.6050236052886923e-06,-2.1330146291719894e-06,-1.8783037019157096e-06,-1.7433874267528743e-06,-1.4406456866728393e-07,-2.6373449310508213e-06,-8.433919036585299e-06,-2.9922282793406506e-05,-3.1927412487965464e-05,-4.220103566087742e-06,-4.5168643641863555e-06,-2.688436430514881e-06,-3.2153510472761757e-06,-2.14041863221495e-06,-4.3710936054555326e-05,-5.076270214017244e-06,-3.1411302274675024e-06
Other non-ferrous metal ores and concentrates,BR,101.844494206,-2.1292155859033584e-05,-2.361752340091629e-05,-9.620092534135313e-06,-1.390864515635795e-05,-1.274814725373149e-05,-2.011085730315974e-05,-1.5038423999013097e-05,-7.438651831555293e-06,-1.837736713137954e-05,-1.645605201970265e-05,-1.2755428611172601e-05,-1.5545305195781412e-05,-1.2897328046647222e-05,-1.3971295999934738e-05,-7.75916869864149e-06,-1.2422031793492647e-05,-8.717580770521996e-06,-9.869738116748415e-06,-1.408637587092594e-05,-9.596773261149406e-06,-2.012093536522892e-05,-1.1518213906355784e-05,-2.1530527220785762e-05,-9.544211030037145e-06,-9.534885441284645e-06,-1.0721418976852542e-05,-9.782004182484304e-06,-1.175386329623792e-05,-1.157824900865303e-05,-9.455335019355477e-06,-2.8830245219322506e-05,-6.299515914537354e-05,-1.5296664905809617e-05,-0.020602541629163855,-1.0053541181606273e-05,-2.5496754929040106e-05,-6.980531173821782e-07,-1.701647101951552e-05,-1.0405082006432628e-05,-4.6601288323671534e-05,-8.67993937616311e-06,-5.862557518561613e-06,-1.2932302194893588e-05,-8.860959301735384e-06,-3.071963042182207e-05,-0.016294570587791664,-2.301858209091513e-05,-2.007308344756611e-05,-0.00022491923501475797
Other non-ferrous metal ores and concentrates,CA,119.066711445,-4.0285393206655744e-05,-3.540896766911365e-05,-2.5391488657264617e-05,-7.936705619526601e-06,-2.1099368888812907e-05,-4.004154528980541e-05,-2.4806697670795172e-05,-7.629472034834662e-05,-9.705067002952195e-06,-0.0011380586305745777,-1.6067415136774166e-05,-8.669286845155557e-06,-8.708104003998651e-06,-1.4303382778900975e-05,-7.918031788666846e-05,-1.1392753379567825e-05,-9.567964668819042e-06,-3.877248022450022e-05,-1.687050951879035e-05,-7.818252778938201e-06,-5.01170303100017e-05,-1.0847067768645589e-05,-1.2194787895631317e-05,-1.593352618709702e-05,-0.00013909440564587752,-1.2251376188602125e-05,-6.289743242923398e-06,-9.981546039624076e-05,-7.277717569789506e-05,-1.0685804855425978e-05,-4.195660018212425e-05,-0.00038223158253122895,-1.8667202944832217e-05,-3.095857559067225e-05,-3.6892415892660854e-06,-3.445311421973426e-05,-1.3045820528520115e-05,-1.900360352328435e-05,-1.2937608358816717e-05,-2.2482321622787928e-05,-6.67430455908262e-06,-1.5647611462575978e-05,-6.14844647233559e-06,-5.804042247084279e-06,-9.551930384730836e-06,-3.1431074232389446e-05,-1.074079619525834e-05,-4.375107393658021e-06,-9.099244921609448e-06
Other non-ferrous metal ores and concentrates,CH,0.0,0.0,0.0,0.0,0.0,0.0,0.0,0.0,0.0,0.0,0.0,0.0,0.0,0.0,0.0,0.0,0.0,0.0,0.0,0.0,0.0,0.0,0.0,0.0,0.0,0.0,0.0,0.0,0.0,0.0,0.0,0.0,0.0,0.0,-0.0,0.0,0.0,0.0,0.0,0.0,0.0,0.0,0.0,0.0,0.0,0.0,0.0,0.0,0.0,0.0
Other non-ferrous metal ores and concentrates,CN,579.824272196,-0.004015633438034908,-0.0050779207976044205,-0.004117544927854308,-0.00528978564261553,-0.004126669990503661,-0.005635808439385257,-0.00454861217201862,-0.0034685870350392284,-0.0033639499307101402,-0.005998374776278167,-0.0033099567495387247,-0.007140172648522003,-0.003444170728063022,-0.004098567919931769,-0.004054336716929071,-0.0028373297414797426,-0.006646206531805954,-0.003494689841695433,-0.0075043941821615195,-0.002114058553621844,-0.005093727263675357,-0.0035787661304067667,-0.004021344705084946,-0.0034069703365444516,-0.0027441478743080627,-0.00267968359200704,-0.0022019978407394193,-0.005449896373162126,-0.0015701053857392236,-0.006779001400855261,-0.24868672908758863,-0.007751581155337742,-0.00968941001260194,-0.019022427013578445,-0.00264120157694565,-0.011214319083409438,-0.002766346795707481,-0.010319286224133787,-0.002725729503600155,-0.008920599497025498,-0.001399446719719374,-0.001571668468734454,-0.0054836484026853025,-0.004657376000750066,-0.01868646327473378,-0.018963415801551305,-0.006909875066036878,-0.011361387567264972,-0.019456246264419545
Other non-ferrous metal ores and concentrates,CY,0.0,0.0,0.0,0.0,0.0,0.0,0.0,0.0,0.0,0.0,0.0,0.0,0.0,0.0,0.0,0.0,0.0,0.0,0.0,0.0,0.0,0.0,0.0,0.0,0.0,0.0,0.0,0.0,0.0,0.0,0.0,0.0,0.0,0.0,-0.0,0.0,0.0,0.0,0.0,0.0,0.0,0.0,0.0,0.0,0.0,0.0,0.0,0.0,0.0,0.0
Other non-ferrous metal ores and concentrates,CZ,42.8259177025,-8.241999833560955e-05,-1.8964104104064697e-05,-0.000113512364229393,-1.3897105953396396e-05,-5.617635704030036e-05,-9.591296577732886e-05,-2.4005233009073978e-05,-5.338006157085206e-05,-8.249865635825722e-06,-1.3851384588003854e-05,-9.283960312940329e-06,-3.5378742715983366e-05,-5.1919069537633344e-05,-0.00012072833439082154,-7.863334560175532e-06,-1.2307008057806214e-05,-4.3328826181231775e-05,-1.5466165233605458e-05,-1.3584254509336983e-05,-6.539135851823843e-06,-1.8337088469457547e-05,-0.00011467981379818611,-1.3045914310924372e-05,-3.2746282575797825e-05,-1.564333638779702e-05,-2.3086031938056308e-05,-0.00016510454903846298,-1.2389122009977426e-05,-1.055741233105118e-06,-2.402453946529104e-06,-5.169366542052962e-06,-3.4032091116712766e-06,-8.032445190288509e-06,-1.286706012761349e-06,-2.463978619048506e-06,-1.6186647756448613e-06,-3.145059079938566e-07,-3.5419303460166002e-06,-5.109716305715217e-05,-2.719266691892376e-05,-2.0187244572426982e-05,-6.170262299651536e-06,-1.3037940643625927e-05,-2.216169510293206e-06,-1.4929662120176448e-05,-1.288448853754493e-06,-0.00021432491579015202,-2.544986531487696e-06,-3.0012885339443424e-06
Other non-ferrous metal ores and concentrates,DE,99.3011773211,-0.012320954776328882,-0.006635575043587577,-0.0040109795013629,-0.0006973716782418326,-0.016489564375747574,-0.04996912176785659,-0.026601261976210183,-0.0009514906475288428,-0.0011859062950177646,-0.0023112878514483497,-0.003252717097808353,-0.000966107369028873,-0.0015601441697951828,-0.002224738919268523,-0.0008399526111380287,-0.0019253157786357233,-0.0017780077738929376,-0.015105184447975284,-0.0010607639791220464,-0.0015864234276849346,-0.009817463310892512,-0.0040668176099313775,-0.000985955919885659,-0.0010739020919645682,-0.008008193094646558,-0.002235822025977456,-0.000885904886878861,-0.0019132483841630785,-0.0001145493899093585,-0.0002623003349690244,-0.00028785269492824766,-0.0005913114022084324,-0.0002781074470794212,-0.0003739935158849447,-0.00010889139744312265,-0.0001335260785227549,-2.5370545070736572e-05,-0.0010480814141612357,-0.012655569904685693,-0.0020793069188323305,-0.00032584341166586576,-0.004441894189329191,-0.00013132072670626427,-0.00013125052096574493,-0.00021988851551302913,-0.0003742570359135568,-0.00195398713084217,-7.784984528307801e-05,-0.00019450485118878972
Other non-ferrous metal ores and concentrates,DK,0.0,0.0,0.0,0.0,0.0,0.0,0.0,0.0,0.0,0.0,0.0,0.0,0.0,0.0,0.0,0.0,0.0,0.0,0.0,0.0,0.0,0.0,0.0,0.0,0.0,0.0,0.0,0.0,0.0,0.0,0.0,0.0,0.0,0.0,-0.0,0.0,0.0,0.0,0.0,0.0,0.0,0.0,0.0,0.0,0.0,0.0,0.0,0.0,0.0,0.0
Other non-ferrous metal ores and concentrates,EE,0.0,0.0,0.0,0.0,0.0,0.0,0.0,0.0,0.0,0.0,0.0,0.0,0.0,0.0,0.0,0.0,0.0,0.0,0.0,0.0,0.0,0.0,0.0,0.0,0.0,0.0,0.0,0.0,0.0,0.0,0.0,0.0,0.0,0.0,-0.0,0.0,0.0,0.0,0.0,0.0,0.0,0.0,0.0,0.0,0.0,0.0,0.0,0.0,0.0,0.0
Other non-ferrous metal ores and concentrates,ES,263.110682566,-0.0006701928283596867,-0.0008614419055575611,-0.0010443335868496758,-0.00024628375474621754,-0.000576966730560724,-0.0012146251575434245,-0.0007035052882028462,-0.00019839044877071918,-0.02705527081256953,-0.0007892661859677323,-0.0023839391341843913,-0.004055209463526656,-0.0003716555965265099,-0.000384228094150058,-0.0004015799329396809,-0.0005159995393934888,-0.0003469437537904078,-0.000691661195443178,-0.000277847589129323,-0.0005052470118735489,-0.0009025843558296375,-0.0005927851917062231,-0.01061103105714959,-0.0007473390875245646,-0.00022407560353095968,-0.0004957599425543031,-0.00021611412233906588,-0.000963840836648491,-3.1106023760518635e-05,-9.335053163803146e-05,-0.00012939947252977492,-0.00010315196011496002,-0.0002719879339359574,-6.949005711603628e-05,-4.692833669168054e-05,-5.468819221797793e-05,-8.208625920803132e-06,-0.0001450776818820197,-0.0006870584323213918,-0.0012574070143572715,-9.466437925998407e-05,-0.00020722407429503927,-7.638060369589469e-05,-7.324247360071043e-05,-0.0001065612590486091,-7.032078912570894e-05,-0.0005037209633945903,-0.00016602303216382705,-0.0002478413351987481
Other non-ferrous metal ores and concentrates,FI,930.230409269,-7.447276194579366e-05,-7.65945035994891e-05,-5.466539037065073e-05,-7.91270504773278e-05,-5.3909834461604574e-05,-7.94040704902241e-05,-0.00011661075860437858,-0.004318504723921391,-2.754277315362454e-05,-0.0721180574440654,-3.812772432128595e-05,-5.7270626698960446e-05,-8.219136909802366e-05,-4.7959078920933454e-05,-7.983601559408052e-05,-2.2193177322140958e-05,-0.00014393135704783975,-6.362596517773452e-05,-0.00014039799537775473,-1.8617826854125138e-05,-0.00011673719394180537,-9.676850138765913e-05,-3.655970441553084e-05,-5.0196022005380894e-05,-0.007056593044695714,-2.9262970161184544e-05,-0.00011773581798642443,-0.00010958784879913606,-6.745048635686728e-06,-1.5691867181823612e-05,-3.482089018697277e-05,-0.0006610170101290108,-3.771691026872977e-05,-9.77290849995573e-06,-2.262710190589827e-05,-1.2042559155928146e-05,-0.0007468008689201053,-3.588194238849215e-05,-3.858359950423592e-05,-2.8122341837941406e-05,-0.00035301113411498195,-0.0002984071604857016,-8.246491683943897e-05,-1.0817033430406579e-05,-6.029542011628951e-05,-9.811920980845032e-06,-5.6159653197991615e-05,-8.438016842258056e-06,-3.169437389254823e-05
Other non-ferrous metal ores and concentrates,FR,20.815200564,-4.633019094872592e-05,-0.0006437843084384006,-3.633732760818227e-05,-1.6721071310218765e-05,-4.974304391350864e-05,-0.00012313293173740834,-5.45092383036546e-05,-3.215763672654147e-05,-0.00040548379025765076,-2.6052943720895955e-05,-0.0009902056056434437,-2.5236947174712046e-05,-3.689820360882116e-05,-3.2238167811915966e-05,-3.2276821339772494e-05,-4.8839977574583055e-05,-3.3059560130541236e-05,-0.0008642479745913064,-5.9951466421303404e-05,-2.5848760334378595e-05,-6.578029034573839e-05,-5.687048147279413e-05,-9.808119494441156e-05,-4.8426704044122976e-05,-2.1401451713150897e-05,-2.740314518838892e-05,-3.9401343606795405e-05,-0.0003523068615311054,-3.5921528868798043e-06,-6.2720337611371755e-06,-1.008207883928219e-05,-0.00018611529891978068,-1.1007608271577299e-05,-4.515250270525177e-06,-4.434306453637748e-06,-4.446406350129392e-06,-4.4671500080003886e-07,-7.735258376499513e-06,-0.0007381652734552126,-1.6209816233324806e-05,-1.9008945792540296e-05,-1.8137858858397188e-05,-1.6475953106714446e-05,-6.525500613007094e-06,-1.1583190641065e-05,-4.523103187883729e-06,-2.851819322504067e-05,-1.4993716551060088e-05,-8.201910591521794e-06
Other non-ferrous metal ores and concentrates,GB,2022.29792238,-0.0017833095728522965,-0.031051603672355828,-0.0014749941309240501,-0.003930041661981261,-0.016598430376693372,-0.002979972825340042,-0.0024350460609353663,-0.0029103768467449577,-0.0025078635444638914,-0.0033533323049818034,-0.013303828810185327,-0.0014541837311706062,-0.00224852993849294,-0.0017671107614940925,-0.18064807157858082,-0.001701160060127826,-0.0018387764148963654,-0.06596357598727773,-0.0017309264255778642,-0.0009964833314422567,-0.027890883634319786,-0.0023253857164542277,-0.0045145198247975235,-0.0013309132796350488,-0.0012267792252641802,-0.001197524460668151,-0.0026012106395457042,-0.10885233944347074,-0.0002064598059340509,-0.0003766594092974168,-0.0007377406074387484,-0.000679378873689172,-0.00052113576021187,-0.0002891845549106478,-0.00041452874099550497,-0.00048260923404850595,-4.207828052043629e-05,-0.0006177345199151141,-0.001480042052382097,-0.002972627096774357,-0.0006833163440203646,-0.010102980995362007,-0.0005178409421676931,-0.0004524955740160444,-0.0009485384455374753,-0.00028823257975042765,-0.0012446791204089654,-0.00023182131481971178,-0.0009579059550128763
Other non-ferrous metal ores and concentrates,GR,8.06618911971,-1.293783810624519e-06,-1.4837759196470568e-06,-2.6539424040248733e-06,-1.4225167233992752e-06,-1.2137116121334622e-06,-2.177031959210734e-06,-1.4876307603886316e-06,-1.8435821762151247e-06,-8.823241783595226e-07,-1.4693286277436244e-06,-1.2451228062752822e-06,-0.00012042238387102432,-1.1723372742488183e-06,-3.3632520724499564e-06,-6.453152669552494e-07,-7.080586950313148e-07,-2.6165573684099085e-06,-1.220659326108233e-06,-1.8594749194041513e-06,-4.928890663225622e-07,-1.228751518205049e-06,-1.2320585154805262e-06,-1.4254963535048369e-06,-1.516828450614978e-06,-5.333101713309678e-07,-2.932340295029424e-06,-7.275955154741316e-07,-1.098776142248625e-06,-5.79286800953393e-07,-1.243490652944857e-06,-1.6812935760602555e-06,-1.4110552579261487e-06,-2.7162811188102477e-05,-1.9409017323115652e-06,-7.785805921921628e-06,-7.882458176126321e-07,-5.325574955200016e-08,-3.284439339836573e-05,-1.0790130937986097e-06,-1.0256349535786999e-05,-2.430215319105434e-07,-4.4345502672399584e-07,-9.380851267807649e-07,-1.2171235178550866e-06,-2.9263774098811486e-06,-1.940491970777163e-06,-2.757299672505276e-06,-1.6538377180185214e-06,-3.145495471622696e-06
Other non-ferrous metal ores and concentrates,HR,0.0,0.0,0.0,0.0,0.0,0.0,0.0,0.0,0.0,0.0,0.0,0.0,0.0,0.0,0.0,0.0,0.0,0.0,0.0,0.0,0.0,0.0,0.0,0.0,0.0,0.0,0.0,0.0,0.0,0.0,0.0,0.0,0.0,0.0,-0.0,0.0,0.0,0.0,0.0,0.0,0.0,0.0,0.0,0.0,0.0,0.0,0.0,0.0,0.0,0.0
Other non-ferrous metal ores and concentrates,HU,6.67120800585,-2.0170266826365593e-05,-2.747614014345841e-06,-4.3854460910099255e-06,-6.058586817836627e-06,-9.11570410941225e-06,-4.562947292200588e-06,-3.599262844967351e-06,-4.150028028038967e-06,-8.213373099950596e-07,-1.1878012318268225e-06,-1.4055283616262756e-06,-3.2915706324849142e-06,-5.045163579977226e-05,-1.2842068243245795e-05,-1.590694552605016e-06,-6.43789545794673e-07,-2.804071645829622e-06,-2.7813354702926305e-06,-1.9616790576887e-05,-5.548413996881822e-07,-3.0513091822983165e-06,-7.191551980560648e-06,-1.0571509279311414e-06,-2.0530935068027028e-05,-1.2899412105172052e-06,-6.6489042868613636e-06,-9.708984046939062e-05,-2.061252320786689e-06,-1.6648371294836592e-07,-4.095419459675613e-07,-3.621877154592382e-07,-5.531504272818068e-06,-7.240767979161646e-07,-3.152010696886724e-07,-3.06233915527474e-07,-4.218237967873736e-07,-4.6126661565215604e-08,-1.4823466967560815e-06,-3.4652519854526077e-06,-8.774750497538857e-07,-1.2107886959069163e-05,-9.992549235253235e-07,-1.45434150902432e-06,-1.2891413344108344e-06,-6.626263776149914e-07,-3.169431768347532e-07,-1.3497891959456136e-05,-6.580536375654909e-07,-5.597541438708252e-07
Other non-ferrous metal ores and concentrates,ID,2.65690571983,-1.228499809819544e-08,-2.5801504208266617e-08,-1.8010635122785874e-08,-3.884321090675725e-08,-1.1520838966140757e-08,-1.4139751082937366e-08,-1.6010742465739823e-08,-1.3930022527586578e-08,-1.1362130628967633e-08,-2.343756070114133e-08,-1.2549654045458196e-08,-8.199534422745758e-07,-1.622995455566951e-08,-1.5923145750630278e-08,-3.421947330793586e-08,-1.0148578681522014e-08,-1.3484099394453639e-08,-1.8236793701683857e-08,-2.92635338703139e-08,-7.292126877773242e-09,-3.617165045804699e-08,-1.1270982557567699e-08,-1.527900397656952e-08,-1.0642974042803842e-08,-1.32333360073441e-08,-1.2256081091536607e-08,-1.7632127042288526e-08,-3.101928748807696e-08,-5.7324626144593966e-09,-2.4586406629908416e-08,-4.233726124958314e-08,-2.2399206113508288e-08,-8.495801727336152e-08,-8.771635491169555e-08,-5.511085798855093e-08,-2.3261121299501243e-08,-6.651148047395506e-09,-8.785595152183766e-08,-8.460421223986947e-09,-2.785366388056315e-08,-2.3136929370216318e-08,-8.339644312486589e-09,-1.0631884448190369e-05,-2.005579736045997e-08,-2.4749128557504993e-07,-8.75982895155945e-08,-1.5312824938736105e-08,-4.149239877370211e-08,-8.500575546089005e-08
Other non-ferrous metal ores and concentrates,IE,0.0,0.0,0.0,0.0,0.0,0.0,0.0,0.0,0.0,0.0,0.0,0.0,0.0,0.0,0.0,0.0,0.0,0.0,0.0,0.0,0.0,0.0,0.0,0.0,0.0,0.0,0.0,0.0,0.0,0.0,0.0,0.0,0.0,0.0,-0.0,0.0,0.0,0.0,0.0,0.0,0.0,0.0,0.0,0.0,0.0,0.0,0.0,0.0,0.0,0.0
Other non-ferrous metal ores and concentrates,IN,97.9404114052,-9.975950143506337e-05,-0.00018443097564241993,-7.863674864724462e-05,-0.0006250349218072539,-5.990758441669796e-05,-0.00013783586972087035,-7.896980281935319e-05,-3.320460611297625e-05,-7.949230973048183e-05,-0.00010970593120938644,-7.1078788780752e-05,-9.957393869466776e-05,-4.681239328153158e-05,-6.308517087098165e-05,-0.00015712081904660036,-4.743079282532215e-05,-3.537944500502285e-05,-9.276710482165553e-05,-4.20196185757635e-05,-3.026166537092582e-05,-0.00017200219170561813,-4.6100142379311875e-05,-8.39026753237286e-05,-3.386932364443253e-05,-5.5977439089041456e-05,-4.644036262318019e-05,-2.898829968574429e-05,-0.00037945294752933154,-3.42596613922568e-05,-0.00010797163509182628,-0.00020036931604989878,-6.359640793103768e-05,-0.0002923392435559542,-7.388018783674163e-05,-0.004347080174845255,-5.069196962739884e-05,-4.604048816680363e-06,-0.0018269424332734597,-4.49985998768115e-05,-0.0001430013806398886,-2.1239580420698172e-05,-3.278551641941968e-05,-5.9571690593463006e-05,-0.00012398608152841713,-0.0006250328759774665,-7.384973787159876e-05,-6.817989450066414e-05,-4.049547862210483e-05,-0.0006273643395652354
Other non-ferrous metal ores and concentrates,IT,248.322697219,-0.0016353516639233349,-0.0006159674025059923,-0.002250647383962822,-0.00023422512523403943,-0.0031698296967992844,-0.001731327583209668,-0.0006331858013940169,-0.0005582265742486263,-0.0006261740801733431,-0.0007110909546927162,-0.0015705098161255546,-0.0022547053658518675,-0.0019047114651881642,-0.0020166325276806864,-0.00017518485498383486,-0.019494544255055164,-0.00044974838123082396,-0.0004282826543871224,-0.0003027298878275565,-0.01400298716652528,-0.0005682926538529248,-0.0006206904571704232,-0.0008881401991879132,-0.0013069983261625913,-0.00017297376072942453,-0.0097190785111766,-0.0011110342178239274,-0.00031941643943112576,-3.690896051016508e-05,-0.00010681944488372702,-0.0001691646761291138,-0.00011366539834069186,-0.00019069622421866817,-8.127458448532666e-05,-0.00011195791490961672,-0.00010779823562491823,-1.8982997500141943e-05,-0.00013732145331328427,-0.006206435353024556,-0.0007805880879976395,-0.0001012092149004511,-0.0001972687643715796,-7.158689560576953e-05,-9.074327393295059e-05,-0.0003186619778899692,-8.135163211595843e-05,-0.004011268153870449,-0.0001380012352434066,-0.0002769126890508642
Other non-ferrous metal ores and concentrates,JP,5924.47640142,-0.0034501327814547363,-0.0014102196810968442,-0.0007314779580555253,-0.001612224166017035,-0.0016592650747633394,-0.003610258247569692,-0.0019244523224980535,-0.000901372401320035,-0.0006248392439951976,-0.0011809179371327703,-0.0018255073800246442,-0.00119311894664903,-0.0008206901633372345,-0.0010379126533872907,-0.0007164184451381291,-0.0006828552454264099,-0.001194758611952644,-0.001405369750946387,-0.0009964320346047687,-0.0004987934930429713,-0.0012858113454087387,-0.0009986543204147534,-0.0007328783619961022,-0.0007678770487591076,-0.0006045579560987588,-0.0007187072028498972,-0.000597218481648376,-0.0011575898209612043,-0.000397811614654421,-0.215177432161442,-0.006471614992982996,-0.0017681268982548998,-0.07708089072802238,-0.0011837445602350472,-0.001969430172283556,-0.0005115050877870568,-0.00015550333456003382,-0.04082500819632824,-0.0012064456391353217,-0.0007272063795278026,-0.0006685960689589147,-0.0004880646116166767,-0.004236070893174636,-0.0006281251488976221,-0.0025675643595344036,-0.0011840498674104715,-0.0017123324544887982,-0.00019884421011131818,-0.002829479045529586
Other non-ferrous metal ores and concentrates,KR,244.478319162,-0.00039802154009066824,-0.0004359886972631402,-0.0004919029988661982,-0.0004164162223067288,-0.0004633923477973169,-0.000456533451963561,-0.0003178301877404593,-0.000642404129218656,-0.00021593511831668617,-0.00042386919884072324,-0.0002727832322545178,-0.000678947444448668,-0.0004413127338095282,-0.0003688941397970255,-0.00019943890467746963,-0.00024255276090702098,-0.00037267672508780345,-0.00025480919904572233,-0.0006619561851614549,-0.00016571355591265497,-0.0003533327226511442,-0.00040598477502536926,-0.00033781873728915175,-0.0003367072121517989,-0.0001682081631611747,-0.00022302311473919363,-0.00042503725703371215,-0.0003011131959054519,-0.00019778535279335927,-0.0012021780971250286,-0.0008615299585784605,-0.0007173511521889387,-0.032121803418452395,-0.00020795383373782585,-0.00021622307626898988,-0.000303397932487676,-1.7634026086588897e-05,-0.0013077954925357917,-0.00023716193776478713,-0.00039301260969703915,-0.0003075400395097387,-0.00011983422510652163,-0.00047786203889757913,-0.0002505545529069308,-0.0011014559582185007,-0.0002088215584016101,-0.00039791818152932833,-0.00013693976728179532,-0.0009458590412507452
Other non-ferrous metal ores and concentrates,LT,0.0,0.0,0.0,0.0,0.0,0.0,0.0,0.0,0.0,0.0,0.0,0.0,0.0,0.0,0.0,0.0,0.0,0.0,0.0,0.0,0.0,0.0,0.0,0.0,0.0,0.0,0.0,0.0,0.0,0.0,0.0,0.0,0.0,0.0,-0.0,0.0,0.0,0.0,0.0,0.0,0.0,0.0,0.0,0.0,0.0,0.0,0.0,0.0,0.0,0.0
Other non-ferrous metal ores and concentrates,LU,0.0,0.0,0.0,0.0,0.0,0.0,0.0,0.0,0.0,0.0,0.0,0.0,0.0,0.0,0.0,0.0,0.0,0.0,0.0,0.0,0.0,0.0,0.0,0.0,0.0,0.0,0.0,0.0,0.0,0.0,0.0,0.0,0.0,0.0,-0.0,0.0,0.0,0.0,0.0,0.0,0.0,0.0,0.0,0.0,0.0,0.0,0.0,0.0,0.0,0.0
Other non-ferrous metal ores and concentrates,LV,0.0,0.0,0.0,0.0,0.0,0.0,0.0,0.0,0.0,0.0,0.0,0.0,0.0,0.0,0.0,0.0,0.0,0.0,0.0,0.0,0.0,0.0,0.0,0.0,0.0,0.0,0.0,0.0,0.0,0.0,0.0,0.0,0.0,0.0,-0.0,0.0,0.0,0.0,0.0,0.0,0.0,0.0,0.0,0.0,0.0,0.0,0.0,0.0,0.0,0.0
Other non-ferrous metal ores and concentrates,MT,0.0,0.0,0.0,0.0,0.0,0.0,0.0,0.0,0.0,0.0,0.0,0.0,0.0,0.0,0.0,0.0,0.0,0.0,0.0,0.0,0.0,0.0,0.0,0.0,0.0,0.0,0.0,0.0,0.0,0.0,0.0,0.0,0.0,0.0,-0.0,0.0,0.0,0.0,0.0,0.0,0.0,0.0,0.0,0.0,0.0,0.0,0.0,0.0,0.0,0.0
Other non-ferrous metal ores and concentrates,MX,0.0,0.0,0.0,0.0,0.0,0.0,0.0,0.0,0.0,0.0,0.0,0.0,0.0,0.0,0.0,0.0,0.0,0.0,0.0,0.0,0.0,0.0,0.0,0.0,0.0,0.0,0.0,0.0,0.0,0.0,0.0,0.0,0.0,0.0,-0.0,0.0,0.0,0.0,0.0,0.0,0.0,0.0,0.0,0.0,0.0,0.0,0.0,0.0,0.0,0.0
Other non-ferrous metal ores and concentrates,NL,91.3696286754,-0.0003738804332308868,-0.003066651549822896,-0.0002651855733327166,-0.0004690766372397389,-0.0002593105209551742,-0.0013634967632063513,-0.004676284579157313,-0.0003283023732360037,-0.00022614273694963256,-0.0005686800084150438,-0.00025994824331215083,-0.00020798292566023008,-0.00018995931225784313,-0.0001956028412092828,-0.0003370367644999094,-0.00013119272821160321,-0.00022174711151805697,-0.0003116624901682453,-0.00023523747571561822,-8.4910588296794e-05,-0.026357242734772506,-0.00030246850941570706,-0.0005130718670317186,-0.0002161484227699239,-0.00015453025058592888,-0.00012943601893642827,-0.00018324297537306312,-0.0005809395929743408,-5.060630212418159e-05,-7.40745925705791e-05,-0.000136224435791773,-0.00015003995438154962,-0.00012730082746869,-0.0001672034300528999,-4.67854199043779e-05,-8.348719464456117e-05,-8.768532350432047e-06,-9.617042810955467e-05,-0.0001975597709303445,-0.00018174003207467989,-7.971309625384038e-05,-0.00200255616735436,-0.00012038979728761237,-0.00013012983504460572,-0.00021550586766297823,-0.0001688361666021169,-0.00025643941683462646,-5.1964365077536946e-05,-0.00030884767998281973
Other non-ferrous metal ores and concentrates,NO,22.8340474799,-3.908708447963919e-06,-4.226140159509476e-06,-3.5692695294589218e-06,-5.232055201831412e-06,-3.1649565950516436e-06,-1.64098272003142e-05,-7.77481873598802e-05,-6.896898993065482e-06,-4.567490865467444e-06,-1.702036080063433e-05,-2.295873820681432e-06,-2.399301837042176e-06,-3.891365777950494e-06,-3.3677226419827906e-06,-5.23889692039525e-06,-1.371780110583114e-06,-7.607696399808568e-06,-3.7253917689717824e-06,-6.53706028629453e-06,-1.1318966822398905e-06,-2.3211043461254647e-05,-5.8825833530944665e-06,-3.5971498438484326e-06,-2.6072905812656575e-06,-7.832883375411027e-05,-1.7841728957350377e-06,-3.1342700605767105e-06,-1.191675434852924e-05,-5.02014136607596e-07,-9.51506520604472e-07,-1.2928379810570559e-06,-2.265583539498866e-06,-1.4972113345338587e-06,-9.22009024296468e-06,-7.28461910982175e-07,-8.437624267685526e-07,-1.7563649833970397e-07,-1.231604618952812e-06,-2.128723935211933e-06,-1.1234318347164135e-05,-4.109216248541829e-06,-5.389549172474021e-06,-4.2458091684362e-06,-6.269292492850673e-07,-1.5285855116540345e-06,-9.219548055704097e-06,-2.6739470853957778e-06,-6.99879627894934e-07,-1.652457907938826e-06
Other non-ferrous metal ores and concentrates,PL,27.7201948687,-5.86247694414506e-05,-1.917970771371214e-05,-7.593755389539456e-05,-6.576199567578327e-06,-9.094864208711585e-05,-0.00013536431302030798,-6.457867262934527e-05,-0.0009418422736315647,-1.804707925431142e-05,-7.795076362126575e-05,-2.5457820647777083e-05,-9.999993898789863e-05,-0.00031357745631728924,-0.00031437330051854495,-7.5959297128438e-06,-2.2044741795789746e-05,-0.0008637775868929024,-3.582641532125066e-05,-4.2208755309686994e-05,-1.2433297842277425e-05,-3.0404734563274176e-05,-0.0045684669461253085,-4.966070651237263e-05,-9.492454294078211e-05,-5.259498192011482e-05,-6.630241616080303e-05,-0.00021907370862587485,-1.3419212755318903e-05,-9.150482421017408e-07,-1.4250710271476014e-06,-3.1405969039147405e-06,-3.258509215141264e-06,-3.5303187855119414e-06,-1.0893302191484615e-06,-2.227532513438292e-06,-2.5292671448063274e-06,-1.1523822755718143e-06,-2.5975889991903206e-06,-4.079381977965053e-05,-7.349527584309007e-06,-3.635414862018229e-06,-1.6418424402636967e-05,-2.929001956739612e-06,-1.4952339237044591e-06,-2.4332768316092344e-06,-1.0806416965746298e-06,-7.353995988537059e-05,-7.558331134526604e-07,-1.8530541178040018e-06
Other non-ferrous metal ores and concentrates,PT,94.4915407962,-6.410566882236024e-05,-0.00010079000285728002,-0.00010008166390496801,-4.304786010695613e-05,-5.48780630681362e-05,-0.00011210181837574776,-7.008762864865158e-05,-2.5671642039254852e-05,-0.0012186245087282743,-9.515456053093684e-05,-0.00011934723985126013,-9.01472884583339e-05,-3.319266533020128e-05,-3.360686367367801e-05,-3.278386062370596e-05,-3.672445928846323e-05,-3.827831806690071e-05,-5.9801085323673154e-05,-2.810175873588234e-05,-3.69983276468432e-05,-7.542490644503286e-05,-6.866519234040575e-05,-0.011965567882630184,-5.350108934291285e-05,-2.462365749374149e-05,-3.973723045147026e-05,-2.890870522635379e-05,-7.695263030372796e-05,-3.521899344204419e-06,-2.4899801022241545e-05,-1.5965079895731992e-05,-1.1389939528563603e-05,-2.7501850663257177e-05,-1.3886753688878725e-05,-6.97163944190401e-06,-5.814954470792342e-06,-9.901463778350087e-07,-1.9205567824666342e-05,-5.6764821515219845e-05,-9.912817083028613e-05,-3.100662992153755e-05,-2.0895352747746034e-05,-1.6341507978852807e-05,-1.6191557260448982e-05,-9.756349944408503e-06,-1.3900821257131517e-05,-3.932768904075575e-05,-1.0822609784996119e-05,-1.8140763162496393e-05
Other non-ferrous metal ores and concentrates,RO,0.0585985561916,-1.4694469689430572e-08,-1.0779267639133453e-08,-1.7608648620885722e-07,-1.9583639384217516e-08,-5.6167973145178005e-08,-1.0399418422918386e-08,-1.2283973630288605e-08,-1.3502347711728588e-08,-6.583979783702015e-09,-8.270504824990744e-09,-7.157660228781617e-09,-1.6458749984661163e-07,-3.2480596698456827e-07,-5.056839675983189e-07,-6.47005846649946e-09,-6.886753201106002e-09,-1.2287231852682303e-08,-1.0175088937510773e-08,-1.895413447835805e-08,-4.329662906677558e-09,-9.071491960936887e-09,-1.8910582542211977e-08,-5.661785139450777e-09,-1.0946880681367969e-06,-4.14352381525867e-09,-7.001738899153817e-08,-1.4425467494529687e-07,-9.204823922094289e-09,-2.0014786192369355e-09,-1.6315988753943366e-08,-1.4033308577017655e-08,-5.2459959626078354e-09,-2.135167207224716e-08,-9.081963320564704e-09,-2.146824056639992e-08,-1.965995542816134e-09,-3.3910196892248067e-09,-1.6343709757848243e-08,-3.2691210148798025e-08,-1.621615886407682e-07,-1.4137982025352647e-08,-2.8543257445457736e-09,-1.8440600287485038e-08,-3.321821244087299e-09,-7.021464051739533e-08,-9.08410024973085e-09,-2.3672649022545992e-07,-3.591777627891306e-09,-2.4629087679234714e-08
Other non-ferrous metal ores and concentrates,RU,85.4280248153,-2.620384434004799e-05,-1.9015031603743284e-05,-3.8395968953276475e-05,-0.00012143910159447011,-3.800585553790307e-05,-3.555966390487372e-05,-2.7483602833720406e-05,-0.00012270397490015867,-1.0701748307305194e-05,-6.863491555609331e-05,-1.2699212567559696e-05,-4.895081211844919e-05,-0.00010200204763514278,-0.00011004614431300612,-1.2911648095113304e-05,-1.2084265418404326e-05,-0.00029261668299029533,-1.8745445659766765e-05,-0.00022502997089098197,-8.961854085291626e-06,-2.2824608989330867e-05,-5.057675139647243e-05,-1.0961730119651074e-05,-5.0020916546944906e-05,-1.5356477565249306e-05,-2.774382119064993e-05,-5.913568294703058e-05,-1.587406541894636e-05,-1.76006258037328e-06,-1.419140489138018e-05,-1.2799234710309467e-05,-8.931200019681144e-06,-2.2105349912748464e-05,-4.023108369605784e-06,-4.006530513178041e-06,-2.9909904655018394e-06,-8.718386503862634e-07,-7.601476940622977e-06,-1.8640458058545366e-05,-2.6439059020344952e-05,-2.6089347865640933e-05,-8.309958128966633e-06,-4.000243695854121e-05,-2.887153010259295e-06,-2.7483251858431084e-05,-4.032760247641372e-06,-0.00012190764044070593,-3.964621524956571e-06,-6.265529631988824e-06
Other non-ferrous metal ores and concentrates,SE,546.246361742,-0.00015164200742423924,-0.00018506020759345693,-0.00015394061006404229,-9.919949836118202e-05,-0.00013098576171253261,-0.00026009254065164397,-0.0032076634484465433,-0.0007164728012208355,-8.426868020731846e-05,-0.0015067871780769123,-0.00010219021027237693,-7.689630530342259e-05,-0.00010094612747112276,-0.0001052100545999092,-0.00011916749377525745,-5.558764960617786e-05,-0.0029711901702370717,-0.0001274313911156589,-0.0007688976964544,-5.884511184224561e-05,-0.00022376949725358547,-0.0004914684533852454,-9.35454855838848e-05,-0.000140814446314214,-0.005732888546239613,-7.725159188506114e-05,-9.975289506219652e-05,-0.00018546133729354858,-9.820652156939922e-06,-1.721359241642054e-05,-3.0205134395037545e-05,-0.0006296267261345588,-3.66392307837619e-05,-1.6625179226332317e-05,-1.3030718350958194e-05,-1.0964036758074542e-05,-1.2641652821365201e-05,-7.35861314957164e-05,-0.00010001414951151288,-5.8483524659848867e-05,-8.069511751055996e-05,-0.0021107035773212917,-7.33877500017976e-05,-1.3280136842768294e-05,-3.1371535895978846e-05,-1.665571237912738e-05,-0.00011601441128431253,-9.388277961098656e-06,-2.046799162987684e-05
Other non-ferrous metal ores and concentrates,SI,0.0,0.0,0.0,0.0,0.0,0.0,0.0,0.0,0.0,0.0,0.0,0.0,0.0,0.0,0.0,0.0,0.0,0.0,0.0,0.0,0.0,0.0,0.0,0.0,0.0,0.0,0.0,0.0,0.0,0.0,0.0,0.0,0.0,0.0,-0.0,0.0,0.0,0.0,0.0,0.0,0.0,0.0,0.0,0.0,0.0,0.0,0.0,0.0,0.0,0.0
Other non-ferrous metal ores and concentrates,SK,0.0,0.0,0.0,0.0,0.0,0.0,0.0,0.0,0.0,0.0,0.0,0.0,0.0,0.0,0.0,0.0,0.0,0.0,0.0,0.0,0.0,0.0,0.0,0.0,0.0,0.0,0.0,0.0,0.0,0.0,0.0,0.0,0.0,0.0,-0.0,0.0,0.0,0.0,0.0,0.0,0.0,0.0,0.0,0.0,0.0,0.0,0.0,0.0,0.0,0.0
Other non-ferrous metal ores and concentrates,TR,477.349591092,-0.001744968596430761,-0.0018063334408389884,-0.012581168278186382,-0.003202379066224326,-0.001256468010736799,-0.0021981685195133415,-0.0012074734161081938,-0.0009946889947467688,-0.0013633362717332827,-0.001748475409434675,-0.0012290999636784823,-0.01928529975960425,-0.0013655796707084126,-0.00163679933957254,-0.0008989837628564853,-0.0008432815189650377,-0.0009572868098230781,-0.0010540862234306432,-0.0008765265081004596,-0.0007621154666858638,-0.001409659327155351,-0.0012844286594324295,-0.0012653663775692085,-0.0021888049057911204,-0.0004789254008480674,-0.0012330156139291005,-0.0009773287419325978,-0.001673530878290306,-0.0002405307273219039,-0.0005062481813463216,-0.000813348842346507,-0.0007264737065605768,-0.0018051291105503177,-0.00025087687934178594,-0.0005499063826514089,-0.00026550271722847575,-4.323810978588798e-05,-0.0015499952110778553,-0.0009971932631419051,-0.6889545870066969,-0.0005967233236252313,-0.0003893261650741072,-0.0009132928331683565,-0.0002882416962933713,-0.003629633684013281,-0.00025241230432174655,-0.002338876263734578,-0.0003972535102523966,-0.004266746014809026
Other non-ferrous metal ores and concentrates,TW,190.977058657,-4.110633986104726e-05,-5.7856467724947155e-05,-3.3999413453225376e-05,-0.0004496446390994074,-3.9212130654107166e-05,-6.265475682644831e-05,-4.705118403707777e-05,-4.626018449623449e-05,-3.7918745697457205e-05,-5.015726734336565e-05,-6.380865821387985e-05,-3.696778186073424e-05,-4.524020923316825e-05,-4.653241832434655e-05,-4.682716470293157e-05,-2.77163918827787e-05,-3.879085917492272e-05,-5.510654161693861e-05,-5.116767410782787e-05,-2.602588692446029e-05,-5.3415663439743385e-05,-7.580433810389678e-05,-3.4834588890770626e-05,-3.200706518770542e-05,-2.0757556485097906e-05,-3.008567016926379e-05,-3.357441686299531e-05,-7.419438410322003e-05,-1.8879155270829722e-05,-0.000837136208574738,-9.447402744506784e-05,-3.35842134806914e-05,-0.00015168976443403389,-2.0618230988796454e-05,-4.0102783098161366e-05,-1.5189525719422083e-05,-1.6553020456417344e-06,-8.093414846477667e-05,-4.441721329096321e-05,-3.827612766521067e-05,-0.02069342212286013,-1.5554552034565152e-05,-0.00016255323889717913,-1.1953533723972555e-05,-0.00016448038442893627,-2.0633701005394836e-05,-5.722976216948681e-05,-8.785145090597148e-06,-3.124165849531247e-05
Other non-ferrous metal ores and concentrates,US,1.78771751021,-1.815987616200381e-05,-1.4901081076655994e-05,-9.381731021042023e-06,-5.4808566532623436e-06,-1.3042911236246202e-05,-2.837836575307727e-05,-1.7789673642952688e-05,-4.755846316201453e-06,-9.283087763859945e-06,-1.3648113283758871e-05,-1.0250414844329185e-05,-7.484250813071105e-06,-6.378103105219896e-06,-7.679274142078439e-06,-8.160789374841291e-06,-9.970602619717368e-06,-6.099738930022231e-06,-1.2605747478227887e-05,-2.0673408641215535e-05,-7.366211896500393e-06,-1.3856464042684567e-05,-9.868604964824271e-06,-1.290682506103797e-05,-8.57050797067386e-06,-7.382351670976098e-06,-8.422437966432215e-06,-5.693693707171671e-06,-1.527514468915676e-05,-0.00010759947046896801,-1.439370336277697e-05,-1.804797083047821e-05,-0.000237398421954481,-2.3946978347957428e-05,-9.587718938242655e-06,-7.081874520316166e-06,-9.66162947937723e-05,-3.58520552613237e-07,-1.34514052832295e-05,-1.1411494427703203e-05,-1.4643735183333316e-05,-5.853669759655182e-06,-5.085096918660692e-06,-5.4007553062106845e-06,-3.7129707073617157e-06,-1.657953575032676e-05,-9.674599595888479e-06,-9.303985950007148e-06,-2.400047787943446e-06,-1.894359970627245e-05
Other non-ferrous metal ores and concentrates,WA,932.775222918,-0.003965396882098631,-0.003937705156351209,-0.006184227931790087,-0.002503208847592486,-0.0023557351544854065,-0.0043221223413378905,-0.0020942733115855623,-0.0018692526551936737,-0.002235246994819909,-0.00800435559677931,-0.0027939299981331422,-0.004528943555847818,-0.0017122434504852626,-0.0020190473346240047,-0.002556363451259629,-0.0026407872218541205,-0.0025071146908983233,-0.002050419111842653,-0.002313261708748501,-0.0020166467373247403,-0.0027410817074661094,-0.0033033954616854284,-0.0016646780907020311,-0.0015323568426409695,-0.030081529725531617,-0.002071623427901937,-0.0010802339472925637,-0.00572102060737604,-0.0024786233516709668,-0.04989590894153973,-0.008715418329677857,-0.0022165505569786627,-0.01501793852994028,-0.0063876185503150395,-0.0018958373208300262,-0.0021517920031955337,-0.0002255046575587062,-0.07333693193521276,-0.0018529910715146575,-0.03858440405871933,-0.0013084708409048119,-0.0007920236546244575,-0.005953820441885689,-0.01856176292412216,-0.027365668349352387,-0.0063960068580795745,-0.003687027621572867,-0.0011624328836559697,-0.006175956071208252
Other non-ferrous metal ores and concentrates,WE,68.0442275903,-0.0007257528242573264,-0.00029793563162971374,-0.006587712058205112,-0.0003078030537042354,-0.004482494355201621,-0.0004779023897485718,-0.0007612322766441382,-0.006106772127589441,-0.0002768180000891363,-0.00034043281684120735,-0.00018311844976611085,-0.011438337375955359,-0.029027524246867772,-0.03406685199977576,-9.761702159011396e-05,-0.0004182019627832259,-0.0013650326303246895,-0.0005071378495235589,-0.005640972531726724,-0.00017113511157840807,-0.00025150208588322,-0.001454310295662901,-0.0003379122181183435,-0.007126877882638641,-0.00027758459490085876,-0.006151255323350272,-0.011403018026696594,-0.00016577631258400023,-1.703162954243564e-05,-4.514719474458348e-05,-9.882529078423177e-05,-8.648217818321622e-05,-9.802026235787991e-05,-0.00011057549634807298,-7.887264326079904e-05,-2.727402240322431e-05,-5.700607743287421e-05,-0.00010903853777471817,-0.001298320946699299,-0.0009241619593473554,-0.00015880487425018615,-9.48626839498576e-05,-0.00019802379145156178,-3.729534429592343e-05,-0.00031970930453741986,-0.00011055150001743915,-0.0597575188952235,-4.02712616910114e-05,-0.0001859262789166539
Other non-ferrous metal ores and concentrates,WF,1401.53713507,-0.0012082698206147837,-0.0019238473328053224,-0.0023344111109315038,-0.001817457051442757,-0.000876931606533528,-0.001192791427322737,-0.0009382121075670206,-0.0016203795389478197,-0.003063938921539091,-0.0014808466467298648,-0.0018723341306542244,-0.00359898236802789,-0.0014627108796789572,-0.0015682185212190893,-0.0011873022795912355,-0.00135649958483481,-0.0008083091397158253,-0.0012386345058340268,-0.00430183297132599,-0.0008269216961117177,-0.001307765209925058,-0.0010385349291560674,-0.005915442899818373,-0.0012370566446645046,-0.0005482047112185066,-0.000997309983047885,-0.0010885152685730778,-0.0014586766963367065,-0.0002366365131080581,-0.0005201924244415218,-0.0012556678495691505,-0.0006814780582826639,-0.0012768350546291918,-0.0008351800307318511,-0.0010016488600312504,-0.0003365100333438691,-4.420827816909307e-05,-0.0006596692605902047,-0.0010826105277894718,-0.003602791828245798,-0.0008928035091365163,-0.0004119430993747862,-0.001261622393664652,-0.03948408635774212,-0.002674691412397296,-0.0008349636782195743,-0.001106790549913621,-0.06085528867013048,-0.004302937270527873
Other non-ferrous metal ores and concentrates,WL,427.196344216,-0.0007691028854739841,-0.00037600480348859487,-0.00023511804033915455,-0.0002887710046658578,-0.00028205912241928877,-0.0009032450696078864,-0.0004068326025567976,-9.146081701360878e-05,-0.0010745793682094009,-0.0003499081145624826,-0.00038999800033870857,-0.0002847131263703015,-0.00038300268981350787,-0.0002563723854239694,-0.00019073433743326532,-0.0002271923072212601,-0.00013449643515560841,-0.0002726763151374733,-0.0002770666778163692,-0.000260041643013315,-0.0006489329673532705,-0.00019634219120238155,-0.0005680089084937205,-0.00011740885598924113,-0.00016316283534041536,-0.0003063185778814502,-9.780444918484901e-05,-0.00037933819318605077,-0.00016078238265198008,-0.0002161351751018533,-0.002291778468649535,-0.0006014799340078567,-0.0025525489344459533,-0.002614295862491267,-0.00013777836876664262,-0.0016895054245263882,-1.1038132707830666e-05,-0.0011208002283711162,-0.0002959616582452695,-0.0006754324106506949,-8.723863284050201e-05,-0.00013241793470112094,-0.00018437037783577026,-7.152612434756781e-05,-0.0003128019388541384,-0.002615725240228039,-0.0003107666276860142,-4.7490126045276126e-05,-0.00023231652461083068
Other non-ferrous metal ores and concentrates,WM,0.0,0.0,0.0,0.0,0.0,0.0,0.0,0.0,0.0,0.0,0.0,0.0,0.0,0.0,0.0,0.0,0.0,0.0,0.0,0.0,0.0,0.0,0.0,0.0,0.0,0.0,0.0,0.0,0.0,0.0,0.0,0.0,0.0,0.0,-0.0,0.0,0.0,0.0,0.0,0.0,0.0,0.0,0.0,0.0,0.0,0.0,0.0,0.0,0.0,0.0
Other non-ferrous metal ores and concentrates,ZA,619.333693764,-6.291558504331169e-05,-6.292858933468892e-05,-6.69853012468117e-05,-0.00016817653214261342,-4.460176644948664e-05,-6.705556786713889e-05,-5.604370486765976e-05,-4.398378533573272e-05,-3.4442412828450705e-05,-0.0001115374159874819,-4.167152601601059e-05,-7.541960405982719e-05,-6.547014654797838e-05,-4.5990579900376123e-05,-7.162001654017164e-05,-3.0948688786313876e-05,-3.5059925588976325e-05,-5.450416256635233e-05,-6.64761461039118e-05,-2.1370250676852235e-05,-6.94634383189466e-05,-4.2481223082992524e-05,-5.56939844123101e-05,-4.2857086489916405e-05,-3.465338704243323e-05,-3.0346216756447705e-05,-8.182166582605945e-05,-9.148269185190044e-05,-6.90427354386095e-06,-2.0961641284131596e-05,-3.1702007376455155e-05,-7.273389360889522e-05,-4.898183357352357e-05,-2.2509412316678488e-05,-2.7450719418218855e-05,-1.6000574717097998e-05,-1.8372041741293602e-06,-7.996080018466901e-05,-3.457914994817441e-05,-6.223457442144437e-05,-0.00021616407450026801,-2.570634756116701e-05,-0.0001838377364278612,-0.010061213515263689,-4.584340661821096e-05,-2.284912217219236e-05,-4.4431135944603836e-05,-0.0003096652158765721,-0.0005088424630239572
Other non-ferrous metal products,AT,3421.40591723,-8.24861418311943,-0.07941385322543007,-0.06461153104760485,-0.037564906116365086,-0.5006396887038156,-0.4896978014832784,-0.09935964606867764,-0.029480707027191366,-0.01064344667665647,-0.039493650139330636,-0.024605329304312817,-0.03170426152547219,-0.10618105847879197,-1.73067840719229,-0.05396248407977851,-0.015398306267416732,-0.025793006625078562,-0.0602164878011906,-0.05733368576618113,-0.013881999599330558,-0.16374834553276937,-0.049019522703845526,-0.014244510636214744,-0.04709166970468824,-0.024287794170235116,-1.1567548167084436,-0.11741479755905045,-0.07486765288754772,-0.006710758990697162,-0.007695615209387973,-0.012711442306813201,-0.008814135766299526,-0.014601498118021408,-0.008870268683723004,-0.0043617982235618245,-0.004648287000797762,-0.0006380553292523691,-0.012536961314322782,-0.3159195936876707,-0.02078664707499745,-0.02658313614860104,-0.02929585832222346,-0.02211948089242414,-0.004901582659580042,-0.007238642429388976,-0.008822554370273216,-0.054887712404204966,-0.003235013382134676,-0.004715474994303015
Other non-ferrous metal products,AU,8777.69394914,-0.04574105364772851,-0.06086284030835433,-0.029249868720807173,-0.046764565524255855,-0.04046518471837,-0.05163537502921882,-0.04027702763535116,-0.04807147771199222,-0.01950897340125781,-0.4494703389273472,-0.03293787181419135,-0.4710794253770224,-0.025864030845802428,-0.026487740702072216,-0.16164802831145214,-0.025300186463329658,-0.02238441903743843,-0.07544901628410003,-0.03572716629472222,-0.019573192530710416,-0.07943514704439508,-0.030961575931690046,-0.02352379927277516,-0.022722393360899113,-0.06839178761623788,-0.0243321064094836,-0.025320163184089355,-0.19367949493237743,-0.020974166070670517,-0.04174828645803337,-0.06961330107565351,-0.030034309081356847,-0.15421958319798676,-0.06322255676758869,-0.052065489306447076,-0.02107013016990305,-0.010890440359065884,-32.67165226905397,-0.023916013361755133,-0.03723327927421907,-0.03811748539495747,-0.024633979240375428,-0.05350574876540975,-0.015022688055909651,-0.2239044596047472,-0.06319547221214651,-0.027012642323777807,-0.019620954808961033,-0.5386808226712335
Other non-ferrous metal products,BE,1197.83511239,-0.020308175693356433,-1.853664404122586,-0.047725208437045016,-0.007592799032241353,-0.013223501572758515,-0.0740301988710185,-0.028632198206229753,-0.010858317501854715,-0.012282135987080159,-0.028721314504144113,-0.04918729296663207,-0.015158088030601808,-0.009151834978734244,-0.01009410821905522,-0.01938615141515919,-0.007596170337267368,-0.008559862507137136,-0.043674946868882424,-0.011177161430356533,-0.0054142218795967135,-0.37138045036768247,-0.012618868938438832,-0.013422362058916996,-0.00850836013617858,-0.007590745269067635,-0.007591918476203863,-0.008358131264683856,-0.04143009348401024,-0.0023344126413676453,-0.003465369190113407,-0.004040281297897744,-0.0043599019206305946,-0.004739859426368546,-0.003171504181415568,-0.0016791692913957642,-0.002370585875625302,-0.0003119223029401696,-0.004321906595953133,-0.012096682843524434,-0.012047428032521717,-0.003164630860991123,-0.011065472289565026,-0.0043198136444896566,-0.0041921055049521,-0.0043504089651364665,-0.003164185904264358,-0.010843545005453875,-0.005290011338860216,-0.0066022171850083885
Other non-ferrous metal products,BG,436.274587224,-0.00038554672641290667,-0.0008738210570746911,-0.21338078029825122,-0.001767472145926482,-0.0007176746363254795,-0.00027514493464483473,-0.000218112690298727,-0.0009480668567300031,-0.00011176666438211338,-0.00023193467353084873,-0.00013531243908258234,-0.016694108667951093,-0.002116164121529743,-0.0016036733396012986,-0.00020166329059181223,-0.00027922588525277633,-0.000344619692777441,-0.0001813735590070774,-0.0005580681011221357,-0.00011266339220719305,-0.00029120454992932597,-0.0004233793220772294,-0.0001537016548496393,-0.00523151310965924,-0.0001230721652992375,-0.0007280574786014319,-0.0011752846949693516,-0.00029559413330788344,-2.2593176835521888e-05,-2.7982319999811816e-05,-4.2136851630972616e-05,-7.086113386793971e-05,-0.00013105694330458383,-5.851306197291014e-05,-7.53122250478791e-05,-3.759256840697736e-05,-6.714527475101757e-06,-0.0001060004948734124,-0.00018678793475696793,-0.002665197552618848,-0.000594526357232677,-8.353005840508842e-05,-0.00017551708269552773,-6.293778507185241e-05,-0.00013327722595190156,-5.866197795742182e-05,-0.002713113767190034,-5.245339469337524e-05,-0.00015474667643067876
Other non-ferrous metal products,BR,1248.65411947,-0.011507357491559633,-0.007044233519351955,-0.003770537894023186,-0.003588141509218518,-0.005233424071798096,-0.011179491659607165,-0.007060300959454064,-0.002309119291527311,-0.006316946931982938,-0.008841028696661212,-0.004699172942114386,-0.004984970297926552,-0.00332302039545617,-0.004871664493610046,-0.003605668080792747,-0.004508387889160118,-0.0036505888055267796,-0.004658889473870749,-0.003819204875745037,-0.00406357911656939,-0.007856324287692399,-0.004164815876966734,-0.008672435339938745,-0.003844126494441471,-0.003536751345282741,-0.0048531247743162,-0.0020950161198456992,-0.006332653444248162,-0.0035903588038873483,-0.00555309402133291,-0.008839762290639387,-0.012721148926502973,-0.009049574836449076,-0.9427897168904709,-0.0022634782078367224,-0.010790329877323077,-0.0002084775927121153,-0.10967582341933892,-0.004844215731925308,-0.011047522159108236,-0.001654935772745826,-0.002306187372496955,-0.0026878297594716298,-0.0016380245451159455,-0.005563445533239889,-0.9063730399806869,-0.006166798114079522,-0.0019405815346980207,-0.02062476868721035
Other non-ferrous metal products,CA,10466.9561192,-0.07287077560659583,-0.0641311640349766,-0.045895868388824416,-0.014640262822801392,-0.03821632386228306,-0.07238764638263899,-0.044893286778557265,-0.13761868441641734,-0.01765754596963512,-2.0508174302320397,-0.029120864551730224,-0.01579912090000457,-0.01593703561346018,-0.02598553497209781,-0.1430593665003697,-0.020652810231165775,-0.017406476550231736,-0.07010113578184891,-0.031491125926194394,-0.014185255946136262,-0.090551027941562,-0.019778365705270053,-0.022177948206514926,-0.02647523444318154,-0.250825818947364,-0.022216252419090875,-0.01159515453417945,-0.18057460773313766,-0.13199106614914982,-0.019380675206351464,-0.07577684450321599,-0.8394361262440805,-0.033863465024358705,-0.055967910459892065,-0.006690078449469115,-0.06146101282921267,-0.023511059221281702,-0.034353441158898705,-0.023443964868196852,-0.04075870014489711,-0.01230758905532362,-0.028290596004527057,-0.011626004720129247,-0.010517468376562615,-0.017367408752326924,-0.05681937399369081,-0.019534897422623754,-0.007937169664980261,-0.016603256901263592
Other non-ferrous metal products,CH,118.100618314,-0.09109317228313646,-0.0028562181369851825,-0.00185360386403316,-0.0011741477045832994,-0.011342566111219397,-0.04355689667383254,-0.003686711528165695,-0.0009721587121875048,-0.00115584509529493,-0.0021514701928152706,-0.03829565517784797,-0.0008804844337458812,-0.0033559299987534663,-0.005458704585502946,-0.002027411899051621,-0.0019562511998631104,-0.0012150881217082932,-0.002877557301287786,-0.0012002397223547566,-0.0016771075186346185,-0.0034601788625699846,-0.00203482645246556,-0.001449847422998465,-0.002559570580279523,-0.001005240249100134,-0.004327825695201138,-0.0015845889258338508,-0.0038023907285878937,-0.0004506024945927368,-0.00043087581216138887,-0.000518868757484441,-0.0005884390219945176,-0.00044644707980094975,-0.0003432132472311271,-0.00015577709531592964,-0.00034068374518440105,-2.788827301449502e-05,-0.00041353972292580287,-0.003193877141623797,-0.0009242512415385282,-0.0006075205346950024,-0.000978516998864141,-0.000875831054612968,-0.00019913453209378384,-0.0004824058152538986,-0.00034425576148331343,-0.03853017190015998,-0.00044272394789825236,-0.00034604211087167276
Other non-ferrous metal products,CN,81752.3293253,-1.0819166127632187,-0.6915639637969668,-0.5015344335662639,-0.2921454914633746,-0.4925073795966886,-0.9311516582870988,-0.6715483516942583,-0.7632262747583307,-0.3631217207973127,-8.285643365361972,-0.44834460677823584,-0.8425456264195296,-0.4007079341341391,-0.5758817864914013,-0.8004455481015951,-0.3744343021861717,-0.3264191891502626,-0.5892595514187879,-0.6000969165744761,-0.2230362703941978,-0.8197018684404117,-0.6218163942163059,-0.3804253003608873,-0.4200552242565388,-1.6504614298914475,-0.3556287519110302,-0.2618878888015328,-1.1024163065736103,-0.3760917352719427,-1.5057148523005133,-33.255080283111745,-0.6343901939930999,-1.4302569377046541,-0.5571522817086405,-0.23589211747894615,-0.35849123077491407,-0.577117338657178,-5.745683281233765,-0.37851493628978466,-2.7034465038259476,-0.12214935807548498,-0.27559722318153385,-0.4253659709246513,-1.038464815384321,-2.622406330223476,-0.5556833758042528,-0.611398662961901,-2.9660019552830748,-1.3525421210129325
Other non-ferrous metal products,CY,2.46081196791,-8.638544627919445e-06,-4.9094471222536165e-06,-0.00014169410321117253,-0.012359137377403592,-2.5759082027891404e-06,-4.2813611163600315e-06,-3.208293037938484e-06,-5.376331802046686e-06,-9.248181840095015e-07,-1.9467978878811347e-06,-3.255870717111451e-06,-0.00020188568157050274,-1.3880957928923487e-05,-9.100541097550012e-06,-2.930048279578681e-06,-9.507288143818228e-07,-1.7203225483803565e-06,-1.8893329865908094e-06,-1.2778217639747018e-05,-7.625721496385311e-07,-9.019684029049765e-06,-2.3815383522747425e-06,-1.384469087960356e-06,-7.182647926863788e-06,-1.5052789895672039e-06,-6.772159312737477e-06,-2.202958328779953e-05,-1.6158494357227023e-05,-3.177780505162752e-07,-7.008946276501449e-07,-7.130567468210686e-07,-1.0614908629456778e-06,-1.1250209278218981e-06,-8.364182320415334e-07,-6.100650858772466e-07,-6.465663204348691e-07,-5.431397324715581e-08,-2.273931015972136e-06,-1.1886598631846374e-06,-2.7875263267062544e-06,-3.857075071799793e-05,-2.158442867727789e-06,-1.5795978447302789e-06,-4.1641946704998817e-07,-1.8454701949263235e-06,-8.372288456182455e-07,-1.0893819752892295e-05,-3.079738265963742e-07,-1.3895716866202646e-06
Other non-ferrous metal products,CZ,153.941754543,-0.005454933313584364,-0.001376470615730782,-0.006021648279230019,-0.0009358478058348382,-0.0038138381719571104,-0.005611667082407667,-0.001935644268585605,-0.0025861993279785215,-0.000557204807892362,-0.0015624820909796678,-0.0010729467649310206,-0.001990146705988545,-0.0049962290650262305,-0.006130491507564892,-0.0011536781207896075,-0.002864532238465561,-0.0029505345098390567,-0.001442303528412053,-0.0009934515598952923,-0.0011453541364789099,-0.0018268147232531568,-0.007497633968893499,-0.0007244580161427312,-0.002751615231459207,-0.0008312887704903695,-0.0019003685270865993,-0.012615922206057709,-0.0016068785551966028,-8.385868926121486e-05,-0.00024632195316931466,-0.0003665871929523589,-0.0002543448343344457,-0.000544961128546643,-0.00019134313447659098,-0.00042620897831283815,-0.0001073397591336571,-6.490279073178541e-05,-0.0003131265462096256,-0.0031352716420695475,-0.0014188063518544367,-0.0013147731822123305,-0.0005533589339404523,-0.0007762742600739055,-0.0001423228174230531,-0.00203368898879777,-0.0001914402112605031,-0.011062571288701924,-0.00011130146629610185,-0.0003207578958648327
Other non-ferrous metal products,DE,4428.0510702,-3.447867993841151,-0.6108198146881538,-0.1482178201827058,-0.07153619028026567,-1.2242075237582768,-4.63464784250256,-1.9639397989214693,-0.12473390522508451,-0.05825173066934384,-0.5443592061368387,-0.25846020563104993,-0.1272386454883934,-0.28267445267360974,-0.7108952100017517,-0.5609450924765041,-0.11969150838109648,-0.08077543838351685,-1.1531636662212164,-0.08509430760325958,-0.04695392799772001,-1.8834754940591436,-0.13502418567723942,-0.07710266112771944,-0.08631729506590456,-0.4657116832842694,-0.47137315853916795,-0.09996263283493259,-0.7225040018135976,-0.08980740720137187,-0.08661781737780357,-0.10077493233065185,-0.05465083027631507,-0.0677811926086761,-0.026136341859185938,-0.014296143214811085,-0.04644200171705374,-0.006354727543439725,-0.10655919056424135,-0.8802857329995595,-0.09399126803096844,-0.029334222112394743,-0.42639333344297037,-0.021856459741903228,-0.016591288367533534,-0.03231447189467221,-0.026241907057537425,-0.14807920457994347,-0.014733317760110828,-0.02297352181804808
Other non-ferrous metal products,DK,173.236168489,-0.0006682893849515685,-0.000629877188679949,-0.002135627622198231,-0.00032386058617233314,-0.0005074085166703564,-0.00174111829559926,-0.0009657090351669369,-0.0018051888162393466,-0.0002623542680766992,-0.001822149433152958,-0.0003174386769436178,-0.0002747645676015801,-0.00043378913320713566,-0.000422384696109032,-0.0004091735295338341,-0.00015879880515756685,-0.0008165860246221419,-0.0004820068890324888,-0.0007123949653978693,-0.00017149064241550895,-0.0015991855479648,-0.0008418770375285569,-0.0002447693088527725,-0.0002405382350258042,-0.003784716189014122,-0.0003204578682320257,-0.00033395028312284105,-0.0005683913381308691,-6.296995481944942e-05,-8.974028536778197e-05,-0.0001431850250834898,-0.00030361601697931416,-0.00010967592384055725,-5.8694610763864245e-05,-4.5325950477964384e-05,-4.711063988975493e-05,-1.753007186859202e-05,-0.00011828977811162149,-0.00036300648154474324,-0.00023112578571455526,-0.0002775716782277343,-0.007501522248563591,-0.00029401168486123657,-4.706616639451204e-05,-9.166281569433732e-05,-5.896520693292089e-05,-0.00036066608047315455,-3.8533597812639234e-05,-5.5149491394622384e-05
Other non-ferrous metal products,EE,113.760322237,-0.0011864191450890356,-0.0022009961109863236,-0.0013650454305400039,-0.006205907852729811,-0.0010458071023529416,-0.001124788442147626,-0.0020288325614043596,-0.05718368450981702,-0.00027428823165434385,-0.07732245830145937,-0.0006533409191230243,-0.002045412303983297,-0.0037005947498130764,-0.003147112624290173,-0.0025825499974977133,-0.0002123284769189179,-0.006283048088613268,-0.0013000234255894554,-0.09650166203977611,-0.00016580477887915643,-0.006417610179819898,-0.004710317351799976,-0.00046036636268757797,-0.0012689679268882165,-0.002369448698134792,-0.0008499950768822644,-0.003319664247251098,-0.0030902290136571677,-0.00019776646791898114,-0.00015956621605544183,-0.00016639986922512405,-0.0006773030386450615,-0.000569650431416539,-0.0002906942642970362,-0.00023505521183175398,-0.00035516569659718066,-9.449554791908445e-05,-0.0013021881638155969,-0.00046142680247940283,-0.0003543723358173553,-0.006598782226871619,-0.0010744685429638066,-0.0003356810364429882,-0.0003689756234692645,-0.000436595706152599,-0.0002910744044996805,-0.002635678123734635,-0.0003293561622049048,-0.0002603134655777213
Other non-ferrous metal products,ES,366.412448672,-0.005062208075895433,-0.0066311137453360725,-0.006847558362057534,-0.0014569475890448967,-0.003569098838103999,-0.007561961718990194,-0.0051919580488580565,-0.0026291709458875143,-0.29636051450974377,-0.00693633622635051,-0.018876187982722052,-0.022577066752248742,-0.0029791183929325023,-0.0031359165155290707,-0.0029738658326230317,-0.00313026019754187,-0.0029810939186971034,-0.004128748549360872,-0.002223908767171386,-0.0024513378068979166,-0.008366887151943024,-0.005961098118881824,-0.10835955364685229,-0.05100003463874068,-0.0016966443596176137,-0.0027943109081547393,-0.0026179018938341718,-0.00529327546037367,-0.00036648397919979673,-0.0005570211130260486,-0.001174244145804381,-0.0009182442271787432,-0.0012380871962852022,-0.0005569052609901618,-0.00040009821688730693,-0.0008385338262936366,-7.96926757356729e-05,-0.0010602804772909288,-0.003738131509790265,-0.017966633743763376,-0.000704176749459901,-0.0016465571942271997,-0.0008054638781066542,-0.0007256603173397311,-0.0008584029864964495,-0.0005590366621708306,-0.0035190106360330313,-0.0014798680369998536,-0.0017030141506648828
Other non-ferrous metal products,FI,2606.49930626,-0.21838200542776745,-0.056909015926706566,-0.03159473490429536,-0.04115924480493904,-0.04081640575782175,-0.0657345119333065,-0.07960411106872144,-3.0272591852645943,-0.0179020064015865,-51.83151503005006,-0.022445943702250167,-0.02554440159165907,-0.04298185340051884,-0.06694747878307604,-0.04243510842844114,-0.013186907249168042,-0.1548610355666063,-0.03560629742572211,-0.09488495182295241,-0.010302396192519268,-0.09676123921652305,-0.05489987970980165,-0.023741362958792697,-0.02692019015608177,-4.152031233032983,-0.04092180930802917,-0.05192460984778015,-0.06533103363812591,-0.0058337630956986014,-0.007130726675539114,-0.015006142326311818,-0.20743156933193282,-0.014326892736100749,-0.005558489486668635,-0.008724416566549152,-0.006536709491281093,-0.43967439492790744,-0.01566892362577587,-0.028022849749116032,-0.016304586710365946,-0.11895347297506652,-0.1800386198188288,-0.030472459524531932,-0.005126287029252977,-0.017699151266486655,-0.005574980919376164,-0.03159842072594298,-0.0041131697902589285,-0.021468681487361023
Other non-ferrous metal products,FR,541.52434887,-0.020728565353851456,-0.16984801865168248,-0.010539289258939325,-0.0035891392529986948,-0.010905414318419276,-0.035787924373126764,-0.015259863460985958,-0.009524940274246406,-0.0925714193875047,-0.09488906025216459,-0.9063401596901597,-0.00518443449071157,-0.0058800397460267205,-0.007966870673939235,-0.018367577373777536,-0.012278102279589042,-0.005649768204911948,-0.1978304361890907,-0.0038489722866724037,-0.006362792204221513,-0.034475195542781806,-0.009621168829723139,-0.018585809513351224,-0.010430915233765378,-0.012219115999073606,-0.007707762451615519,-0.005226624540715036,-0.0942213687772698,-0.0030447700520402176,-0.0017429274715090978,-0.0026210085002670467,-0.008789819886688428,-0.0019367920389665135,-0.0011425721922201865,-0.000933788004178597,-0.002538192393849866,-0.0008474105232650301,-0.002634233913880041,-0.16584598618394497,-0.005008839600599069,-0.0020924233980048113,-0.005834510673478894,-0.001195774004454872,-0.0012541679391368788,-0.0020381147072741504,-0.0011539774652232217,-0.005965240800098488,-0.002494202276050338,-0.0021293257380283676
Other non-ferrous metal products,GB,4582.11185593,-0.21917862973920915,-1.3580956162833604,-0.0803729663906016,-0.17662510898982098,-0.7263680275524067,-0.19200457918549088,-0.14408366397268052,-0.12309078705332469,-0.11127311840167095,-0.2673496385502705,-0.5738371861212661,-0.07723159498726871,-0.10633820875091454,-0.1213808507841397,-7.640675155000081,-0.07997920769929329,-0.08062336496434243,-2.802910811117036,-0.0757531070045711,-0.04824572402842573,-1.2772766233978523,-0.10852142193658643,-0.17736260514924335,-0.0774790344324151,-0.0920372386002637,-0.07765458717311383,-0.09807687445592171,-9.232483721888597,-0.030422254074383624,-0.02864811442571026,-0.039351558497245996,-0.04009035008584722,-0.030569967328931996,-0.016932890208868,-0.01736830049199152,-0.04003025316980821,-0.0029782458848843824,-0.04929094613992367,-0.08046039999949604,-0.13342170466541825,-0.025484554045781017,-0.4383451765260565,-0.0285170755141456,-0.021395424778815703,-0.03936828606620823,-0.01697192823120784,-0.10217638351817644,-0.012832125449154661,-0.04128419197733531
Other non-ferrous metal products,GR,5.58516754149,-2.199728889721e-05,-2.018564797133011e-05,-0.0008978836552435952,-6.748055648244338e-05,-2.041806688457766e-05,-1.4877580061502771e-05,-1.1965035683295746e-05,-1.4422371885654665e-05,-8.532186289779291e-06,-3.041472075095542e-05,-1.3421966471925284e-05,-0.11733337128224827,-3.604877803670006e-05,-0.0007103666985468222,-9.265620456802105e-06,-1.533610998175163e-05,-1.1076703995002634e-05,-9.590793882600903e-06,-1.2358371764163095e-05,-9.164019370516698e-06,-1.3331253442902558e-05,-1.5922914474886817e-05,-1.1321311143902005e-05,-0.0001079204127548839,-6.454025518874054e-06,-0.0007942760599346085,-2.9623252237625796e-05,-1.2302597891271869e-05,-1.0819727477948497e-06,-1.5699777888112186e-06,-3.7270813982448835e-06,-2.9053861105550547e-06,-4.165656313241248e-06,-2.137687460713714e-06,-2.262556084724137e-06,-1.4680404719273146e-06,-3.987462252728331e-07,-4.106057950562884e-06,-1.1295798880838678e-05,-0.0002398490550628341,-1.1799344113243071e-05,-4.526605828161199e-06,-1.0412771775254542e-05,-2.61510017733679e-06,-4.470886932070982e-06,-2.1423275132842935e-06,-0.0004918904231351541,-3.473244457747486e-06,-4.834867751403893e-06
Other non-ferrous metal products,HR,1385.48962008,-0.0006075389226232322,-0.0003017717035939205,-0.0013542599712015164,-0.0008077033932621518,-0.00028692498078961525,-0.0002795287160323918,-0.00018286124879044157,-0.00020529679540059323,-5.756860674817937e-05,-0.0001152035606232423,-0.00013344256183406053,-0.0005911699846227544,-0.0017061586598554207,-0.0007865818851825674,-0.0004890175457871011,-7.587285119446563e-05,-0.00018395271935143587,-0.00026769868906830716,-0.000397611545568283,-7.022276978276503e-05,-0.00039887690879496674,-0.0003706022355716518,-7.663492925543311e-05,-0.0004993773781023819,-7.980907094725069e-05,-0.0002337937933988747,-0.0007887412867457253,-0.00039568132659278325,-1.9634635921557863e-05,-2.190497998261808e-05,-2.1528759434115618e-05,-5.6767591520574845e-05,-6.880404177362061e-05,-2.456948442373832e-05,-6.044902153199164e-05,-3.023070574698318e-05,-3.564468637871055e-06,-8.749770793781684e-05,-0.00013442267666639705,-0.0001031329668944578,-0.0006260447090158255,-8.314413133380199e-05,-7.959237336560936e-05,-3.8279137468222614e-05,-6.164111656075352e-05,-2.4625740087468515e-05,-0.016798830234685275,-6.335824970150554e-05,-4.904851091731097e-05
Other non-ferrous metal products,HU,2.1449663834,-2.395363275715032e-05,-2.6180726873361125e-06,-6.867970613570932e-06,-2.2909169768334064e-06,-6.988012777291495e-06,-6.369825174478954e-06,-3.8433875681178995e-06,-1.7367644814826136e-06,-7.204924733651322e-07,-1.1674733633062417e-06,-1.1185039933690139e-06,-4.296456079663986e-06,-6.140685804431438e-05,-1.0357347132270336e-05,-8.365059642674451e-07,-8.838557887966647e-07,-2.8815329223085615e-06,-2.1933057342134333e-06,-2.7402757461021917e-06,-7.979563212606684e-07,-3.652198654058376e-06,-6.5345568369602455e-06,-8.134370090966904e-07,-6.203392386372022e-05,-7.837109699041123e-07,-3.943258125437593e-06,-0.00011952942168350089,-1.147707412633641e-06,-1.7484965736141727e-07,-3.69445144544423e-07,-5.16858758816433e-07,-5.842499474554959e-07,-7.807434483653506e-07,-2.986032206505422e-07,-3.1767029312210315e-07,-1.9100136306398233e-07,-4.417920989607549e-08,-4.4332563942092603e-07,-2.7417068040964453e-06,-1.3307055577453654e-06,-1.538865388226882e-06,-9.759819713882388e-07,-8.001224665985742e-07,-2.505177675537185e-07,-8.750997587005363e-07,-2.990591530365735e-07,-1.7647427886069318e-05,-3.2150593658685153e-07,-4.6449479349301724e-07
Other non-ferrous metal products,ID,3752.56753918,-0.051926957403985195,-0.023915390000591154,-0.028362255574449966,-0.053209576131604,-0.01906591067585975,-0.030159145484483566,-0.02181933713320028,-0.019537523863085875,-0.011730403088415301,-0.03785338600695926,-0.014516048714539148,-0.1441913463370694,-0.03110022267736416,-0.027957411256979002,-0.028064912056271478,-0.013320052005679947,-0.016729794539761277,-0.020354749744899123,-0.0632611825270587,-0.010070046335056617,-0.03195383706621813,-0.019997261819838748,-0.01689345184529736,-0.016278212903192125,-0.03965292466018776,-0.018215340574488714,-0.033971585055653675,-0.0423396075173646,-0.009124893757626788,-0.09949100593708639,-0.06121492272326096,-0.015115559734963719,-0.061414846196605255,-0.02125025244655105,-0.02453869311432657,-0.013813939520808638,-0.0022658901092472324,-0.9241034069158148,-0.014600179162343102,-0.023434519323824603,-0.05589256958218121,-0.009486053505671053,-0.6412327731262448,-0.021835637760258694,-0.07818711189602166,-0.02127001987478262,-0.021573009343954064,-0.010800916345660298,-0.09469631190577801
Other non-ferrous metal products,IE,229.773588039,-0.0020322439415031046,-0.003835228181099157,-0.0011759332611716766,-0.0015158931402596651,-0.0022354644225021036,-0.0018937361180751343,-0.0014979131502328002,-0.0008800930339846868,-0.0012745745728144273,-0.001357119320367071,-0.0019700252033714944,-0.0010756548450014817,-0.0009545999330531296,-0.0011551260099337433,-0.012867824638864616,-0.0008069863354060788,-0.0008635222905353339,-0.005299709577069781,-0.0009600327814516786,-0.0007156126656820306,-0.003813022362629479,-0.004584208324068945,-0.0018432986588535294,-0.0014496854801623565,-0.0009804249816209147,-0.0009064104604986213,-0.0007539830539451767,-0.2677749838777181,-0.0006557874067791192,-0.00033470398886493275,-0.00038685608923860857,-0.0008031240706144196,-0.00045394902119839426,-0.00025304200201708873,-0.00015597725492744172,-0.0003664588043327659,-1.95319011935052e-05,-0.00030655629534599797,-0.0009321460407066185,-0.0011326798146254892,-0.0003869710604418725,-0.0011915023412480375,-0.0006979643038525628,-0.0003908443477562111,-0.0005375986810134714,-0.000254630662199006,-0.0022350743070669106,-0.000280939238050263,-0.0005419560837489813
Other non-ferrous metal products,IN,911.310032187,-0.004737429124745597,-0.005561372819337587,-0.0030462357649793693,-0.012260806499047185,-0.0026046922209347666,-0.005589332610485841,-0.0036497457334072636,-0.001687558118142316,-0.002188220964789528,-0.00481465789187204,-0.0024319455125527594,-0.0038548215410232714,-0.001842706349433558,-0.002428191930453981,-0.00499519813504945,-0.0023600961257063268,-0.0014374807226255892,-0.0033556020665472383,-0.00193641563259884,-0.0015091804795067363,-0.006831433666976839,-0.002070516128479023,-0.002528872591101417,-0.0017030148860611028,-0.004906757852915518,-0.002001392309240708,-0.0013315133972431896,-0.009704842088351052,-0.001254473756970103,-0.004615109075843501,-0.005342608604789735,-0.0020546469509478264,-0.009837608745981188,-0.005142621933550063,-0.14440685722743848,-0.001648684479886854,-0.00017659453497594722,-0.09722428345637352,-0.0020415326356272574,-0.006795454270233975,-0.0011440410385976018,-0.0013803022366809543,-0.0025985226011619317,-0.006618012223678534,-0.013774116128630673,-0.005142766868506104,-0.002699653571330521,-0.001683041549277125,-0.018213694979427177
Other non-ferrous metal products,IT,318.752404765,-0.022667101385983095,-0.008624960202918893,-0.02477463480482985,-0.0029721478295824245,-0.03891286951458817,-0.021543140978103167,-0.008656857804171365,-0.00475657183037551,-0.006521462584012582,-0.012521211065245777,-0.018460187425829992,-0.022475894843605623,-0.01618265795541879,-0.016514025955830198,-0.0034817400208665295,-0.6845400213479347,-0.004086638456342005,-0.005119459973771466,-0.0031518773716530026,-0.1801259716585256,-0.016519662736118493,-0.005998952618722958,-0.008588440104287979,-0.010781168448166631,-0.0023850992048177894,-0.12355689495431504,-0.008684857440706675,-0.005542032896772729,-0.000605388833448535,-0.001261743242522017,-0.0017161594597951868,-0.0011790742152352175,-0.0019805316248214353,-0.0007779267498827701,-0.0009271926017240735,-0.0009630404823947136,-0.00020126927851357121,-0.0017112530750892914,-0.07896774196331638,-0.008009457529037176,-0.001122144366172604,-0.0029865418118957864,-0.0008089931958425284,-0.000814018346109578,-0.002608754241574046,-0.0007801304428879728,-0.049661974460214024,-0.001170256121755558,-0.0024012481395366573
Other non-ferrous metal products,JP,13459.0584521,-0.14242023479079244,-0.06319929365220582,-0.03951835482684356,-0.05259325079536813,-0.05896364195395614,-0.12045687131183348,-0.0663582977254894,-0.07408189611606485,-0.03904396067405766,-0.8050738447973561,-0.05949943052292007,-0.0538551864713339,-0.032331128554573665,-0.04603287955532722,-0.07303913325542173,-0.02357768122284756,-0.03991881174853629,-0.06217577894722061,-0.037995208504993286,-0.017896499402905393,-0.06928211752472499,-0.03820814616883413,-0.03005922273081132,-0.027496823101650022,-0.09187480760696908,-0.031575185998138286,-0.027727339009189063,-0.10230539420902873,-0.024280264321798216,-12.85076864169769,-0.2086811670194812,-0.0761847496793439,-1.8634823970461234,-0.0649825267421603,-0.052400137407201786,-0.024931153681096184,-0.011095727436557444,-1.2342261660693434,-0.04072026276877704,-0.03712882071787332,-0.02989923332799408,-0.023124237579399822,-0.1360774542388499,-0.02909405844659119,-0.10269124287065824,-0.06506218088672586,-0.05692714382794973,-0.021743752347979893,-0.09780040331004965
Other non-ferrous metal products,KR,1919.28499043,-0.09719710038215522,-0.051645165563452104,-0.025039391853471534,-0.01650003128406183,-0.034644265938749724,-0.04744948462686002,-0.03003020615321721,-0.07640631172514732,-0.05346682017921245,-0.9641583741572702,-0.026024258950856652,-0.040338997549151046,-0.022342619795099362,-0.036961525992743736,-0.038658222467430225,-0.013695348456314472,-0.018352224707788634,-0.028736535999234807,-0.024575666265811865,-0.008005626996682214,-0.04153109425567266,-0.06759618913587905,-0.03004815741689796,-0.023611163036374574,-0.10983145560981065,-0.02197458821818887,-0.017812897475918486,-0.052833619177364864,-0.035385494357755405,-0.1951380120674696,-0.1382042438637452,-0.05399904094733734,-3.6730301991792964,-0.015025841591960708,-0.011249085374660649,-0.020961465926032107,-0.010505770169671075,-0.24285011608634444,-0.0187318538622524,-0.08162664432152518,-0.01305245749988703,-0.01324495450632424,-0.019685661104208933,-0.014587305552053266,-0.06853200579896704,-0.015131877276017095,-0.025371261518147437,-0.022288362610547674,-0.04243256772786064
Other non-ferrous metal products,LT,0.739467433489,-4.273287794591638e-06,-4.365077381369943e-06,-7.17698267367597e-06,-5.8286408855899605e-06,-8.242297474241766e-06,-5.433438862549591e-06,-4.467647397407041e-06,-0.0005640054726083851,-1.648089372412991e-06,-1.0314452390999168e-05,-4.799074286493871e-06,-6.142592362396745e-06,-1.333464103873534e-05,-1.3664694075985832e-05,-2.7657712963782226e-06,-1.2844386579610382e-06,-7.890497892683275e-05,-3.1203726515227187e-06,-0.0015670974817936943,-1.12294506866459e-06,-4.8563327056881795e-06,-0.00011966647431725213,-2.0564134662959523e-06,-5.196395519824431e-06,-4.079026554789419e-05,-3.833819224490923e-06,-8.496153725138003e-06,-4.194308278870417e-06,-2.5089569974287285e-07,-3.9809128429770374e-07,-6.229193585870376e-07,-2.2649136377041736e-06,-9.931282858513974e-07,-3.8646847648154037e-07,-5.018306078669469e-07,-5.233356937638978e-07,-1.7246219183051342e-06,-1.9980663551158208e-06,-2.6205679647930615e-06,-1.9146940837625947e-06,-8.803232661859691e-06,-2.060948259719525e-06,-2.7442787340618324e-06,-6.371291378098147e-07,-9.53542230439815e-07,-3.8788436140881314e-07,-8.682775560568965e-06,-6.738957147359468e-07,-5.884449798767343e-07
Other non-ferrous metal products,LU,26.2072673989,-0.002412787843330938,-0.01463710260250897,-0.007582904188484861,-0.0006435289183144513,-0.0016329666014232543,-0.007126871079496789,-0.003912998906348328,-0.0020371907794492056,-0.001205824939992014,-0.002729873850729776,-0.0046609690711570916,-0.0014603076373182532,-0.001249520625881801,-0.0011451910160226537,-0.002773351538068507,-0.00044734057529671625,-0.000979205999034629,-0.0026441143366712906,-0.000705493674208171,-0.0004347041838123176,-0.03287720859113361,-0.0013253237723144244,-0.0011634834730307076,-0.0007774429061359973,-0.0005773125773770736,-0.0007380808102801907,-0.001298659221259004,-0.0050813167106804205,-0.00019804287507919655,-0.00040650036478971364,-0.00026866697251156426,-0.00025724788504835226,-0.0007471997357700913,-0.00023701610457343752,-0.00012889410953440282,-0.00025247670670952305,-2.858510757866661e-05,-0.0005879386331187534,-0.001604237931489956,-0.0013757989172510853,-0.00039458907545151124,-0.0014267753961492377,-0.00032976759018852475,-0.0002291007805968738,-0.0003209361411304256,-0.0002361982186265996,-0.0009800314289858962,-0.00018194510327552193,-0.00022574151263530024
Other non-ferrous metal products,LV,60.8896444324,-2.3828713615598474e-05,-4.056378654530842e-05,-3.899025637629306e-05,-0.000133297626624668,-2.4475743687050766e-05,-1.8203768276218087e-05,-2.2567763104913375e-05,-0.038969954440287224,-6.582397109208983e-06,-4.827076719059753e-05,-1.3531880058843477e-05,-6.223851647128543e-05,-0.00011879793756199834,-0.00010586404767427908,-5.021490526881167e-05,-5.601276918405498e-06,-0.004819016318946081,-2.48006289221479e-05,-0.013863694980083715,-4.643536927145835e-06,-5.6163498497804936e-05,-0.00023520080832111309,-9.055576354989981e-06,-3.671268590462171e-05,-9.121105396878885e-05,-2.7048696820649673e-05,-9.768477432653377e-05,-8.553641466313512e-05,-2.482262430828189e-06,-4.225231383414532e-06,-3.716020436974337e-06,-7.53975189370094e-06,-6.846121255212169e-06,-4.42042936625276e-06,-4.419671932687046e-06,-7.540094504299151e-06,-3.9080410566309425e-06,-3.458792857178296e-05,-1.0066572471200703e-05,-7.739087983451735e-06,-0.0002935863523907991,-1.5253282294063614e-05,-1.3348661100029576e-05,-7.915901675615818e-06,-2.4625318511503893e-05,-4.444141197095946e-06,-0.00014423708103400708,-6.141428571105631e-06,-8.914524039582646e-06
Other non-ferrous metal products,MT,0.000782373766251,-6.256106300549031e-10,-6.832657230286076e-10,-1.729095903528896e-08,-6.733645913513618e-10,-1.799600783109751e-08,-6.063093505626961e-10,-2.489487345601698e-09,-2.705799050365043e-09,-1.134763336402553e-09,-6.588215227052036e-10,-5.10734858048673e-10,-5.100317888965588e-08,-1.2030754111533259e-07,-1.4295360097283937e-07,-2.6488571429821246e-10,-9.245189333768467e-10,-8.227628762403246e-10,-1.742481969482178e-09,-1.7675566671257474e-08,-2.989145067332049e-10,-5.004810709798984e-10,-1.8330846094802015e-09,-7.551630405903884e-10,-2.4592874709115122e-08,-7.827140336375172e-10,-2.5005537823844114e-08,-4.443947889720713e-08,-3.910652525309999e-10,-3.194592913071232e-10,-4.982377381071271e-10,-8.054324131329257e-10,-2.3179514873945346e-09,-9.109847320453333e-10,-3.2199097782544398e-09,-5.234138222895347e-10,-2.9289349793885856e-08,-2.590320735233269e-10,-5.723535779769327e-10,-4.913061033806078e-09,-1.4949033466078317e-09,-5.113698060207034e-10,-1.754914516655425e-10,-5.659331283484015e-10,-6.759050021589747e-10,-2.1546683354239223e-09,-3.090069612499168e-09,-2.0335822625538064e-08,-2.995172167235734e-09,-1.887422032698853e-09
Other non-ferrous metal products,MX,1088.87815371,-0.009067561946551785,-0.005200096553072498,-0.005240503521917331,-0.0036062601403892866,-0.005059189246200117,-0.009673840909003046,-0.00605392492018532,-0.002125245703785023,-0.005856357091326948,-0.008188201884306232,-0.004116657380585944,-0.00256355749837894,-0.002789213922920676,-0.003615701774067385,-0.003929983184309153,-0.004635502711970439,-0.002755868031471906,-0.004620083865173327,-0.0032426805509758296,-0.003748917329236901,-0.005700833708146981,-0.0037255111495705703,-0.005527968051529872,-0.004275359733289573,-0.005290186049225989,-0.004079166185249621,-0.002349147050109036,-0.005977688582215416,-0.016708850788204988,-0.006694157444479654,-0.010307810049221308,-0.021853222372417498,-0.011492340993033487,-0.003217881438401931,-0.0017049486441321178,-3.904672842118707,-0.0001675988619902516,-0.00411242730318325,-0.004493039412766728,-0.0032794208179815045,-0.001959478269288156,-0.0019092154434581943,-0.004444802218073362,-0.0010226605256718761,-0.003540067495311129,-0.004796805413870566,-0.0032491123138797466,-0.0006861108391462887,-0.002261545622562433
Other non-ferrous metal products,NL,2824.48978746,-0.03495348909910367,-0.41059877461928396,-0.016945993994601685,-0.048959849364592654,-0.02079521662488264,-0.1718967046391611,-0.7370960442614339,-0.022277991997148718,-0.01155072264091498,-0.17441649695591804,-0.01503107154522913,-0.013429383064881725,-0.014626333224049656,-0.016067036166255197,-0.04765364133181547,-0.005969427069788732,-0.014957009980489206,-0.02987395147035751,-0.017067420511140057,-0.005688678993989382,-3.4027882506309273,-0.017875070952854146,-0.016776854934579227,-0.012324833332468404,-0.021960868041608756,-0.010566134464280282,-0.01306708378339008,-0.08025980767690241,-0.0038251131242640728,-0.011119925097219957,-0.02741653860853397,-0.009424389515052558,-0.011005744147102215,-0.011768710300949786,-0.0028509843381940548,-0.011523304654142317,-0.0019800296369370217,-0.026085895380046013,-0.013745275668401344,-0.012381090120098278,-0.0060513057779626915,-0.3202085446300221,-0.00885838198462477,-0.002894625629057005,-0.01282713102608863,-0.011505763081759787,-0.016595539164459484,-0.0034220319023527935,-0.005747628189904595
Other non-ferrous metal products,NO,1935.02991674,-0.04060947286526692,-0.03564303071013471,-0.020475911477169848,-0.021411926945435287,-0.021250630998952802,-0.10790857771035582,-0.49540937212061215,-0.11081531304372542,-0.012695046521200912,-1.379777137001335,-0.014887635692619932,-0.010433236803487003,-0.015228157377460508,-0.017548052553470465,-0.07575284928276128,-0.008027414154338504,-0.03187487364533452,-0.037118638309265706,-0.028536092749899912,-0.006334997394976391,-0.18933896175499523,-0.024840619456731272,-0.015367665627780901,-0.015016654494710183,-0.5294079630877585,-0.011725707594685395,-0.013252720246501289,-0.12291825737605999,-0.02300550146018165,-0.0070030301650415815,-0.02537161995502316,-0.13437482109075743,-0.011210369536645068,-0.020781644174036506,-0.0036341995224405525,-0.03887355439045684,-0.012882424365574921,-0.043235792890673294,-0.012110649969787623,-0.014473856877923446,-0.016574454789855208,-0.030889228293411154,-0.014526921334699617,-0.0039474709778231,-0.008663010524028993,-0.020925778536360205,-0.012900596217427814,-0.0038091809116471984,-0.007716848903869723
Other non-ferrous metal products,PL,17.1951322007,-0.00018579325816006674,-0.00020612055916836654,-0.00023626138826347653,-0.00014673690467467183,-0.0004899319589040232,-0.0005649766551440362,-0.00019369328628889436,-0.0010396008071939873,-8.469071655588282e-05,-0.00016634529123814946,-0.0001072676063876157,-0.00014210098964068067,-0.00032569900989468727,-0.00030849482239444137,-9.043026769396752e-05,-5.678290030546342e-05,-0.008489613389290804,-0.00014015176675367708,-0.0005617040121372409,-5.8717061025748054e-05,-0.00019306082549363116,-2.5929671883979277,-0.00014852087976713712,-0.00017491787456316906,-0.0005088597335686731,-0.00011579316452523195,-0.00032394158996855655,-0.00011739570088587577,-1.8706352234860684e-05,-1.6499318492025527e-05,-2.298431278449817e-05,-2.6213369256271323e-05,-3.773689854932995e-05,-1.3551546838773256e-05,-1.986026331597129e-05,-1.4467677686497463e-05,-2.688464242071613e-06,-2.5498437021964104e-05,-0.00012498506522994277,-5.683785826053719e-05,-0.00011276686335503557,-6.753520831603814e-05,-5.830835376415607e-05,-4.679108216047305e-05,-2.295871453273143e-05,-1.3602342098168046e-05,-0.0009758703174475989,-0.0002938435684908394,-2.199284573941066e-05
Other non-ferrous metal products,PT,307.827095596,-0.00035040704868575753,-0.00025103249089511925,-0.0001986465609380016,-0.00018660026850808635,-0.00013494450123758875,-0.00028676540851397755,-0.00020611340865701018,-9.216396484308986e-05,-0.011251843558255323,-0.00022783887255149735,-0.00021044499781090815,-0.00032778548725184985,-0.00014531766080408065,-0.00015419256780852935,-0.00018358643116756588,-8.379349689239979e-05,-9.575798622512432e-05,-0.00015868500333574302,-0.00013583341090407048,-6.819431768901379e-05,-0.00036195503395906507,-0.00010293909557292116,-0.19250913607844436,-0.00010057870884407888,-8.80563184466994e-05,-0.00011427994513046121,-0.00015823749972417375,-0.00024921398749820265,-2.0515465883577067e-05,-4.0977833689715106e-05,-4.87100280846824e-05,-7.471806615076595e-05,-6.733266505220052e-05,-0.00012898107371213589,-2.8102089611788797e-05,-0.00039423139756324436,-3.0627714354551637e-06,-6.613106316771277e-05,-0.00011535853672994559,-0.00015381125580654078,-0.00021313273162247527,-8.000790570285064e-05,-0.00018367246233321418,-5.550649437894844e-05,-4.593952541136346e-05,-0.00012922023973366097,-0.00010780029093751517,-5.0363845143821976e-05,-0.0001407695360813051
Other non-ferrous metal products,RO,202.573688466,-0.0015460481035165948,-0.00048581174220528746,-0.008439126167168185,-0.0008749487064695094,-0.0006792852000453097,-0.0007264084228302181,-0.0004458604234587545,-0.00040406738501918193,-0.0002323734841264966,-0.0003329886178320324,-0.00031156632762570287,-0.003192978864056912,-0.002110224832046968,-0.010528647429648128,-0.0003493766370601168,-0.00037927740459209417,-0.0004582570095807527,-0.00036325929616183486,-0.00050327085343904,-0.00027794546998548985,-0.0005821843265553498,-0.0008988995654305296,-0.0002779199187595413,-0.05685454583908429,-0.00022033948925526752,-0.0007267493340583026,-0.0021744147498043496,-0.0005070427429352367,-3.729509438552442e-05,-6.637317332112794e-05,-0.0001222679322011314,-9.147980439756515e-05,-0.0002808624829880428,-0.0001483803602802121,-0.00011425455592781781,-9.58402073967607e-05,-7.935688736350904e-06,-0.00011653953472148129,-0.001380667711821034,-0.0006086766647109925,-0.00041678396647922147,-0.00015891629675728974,-0.0005845996230598415,-6.311126168859008e-05,-0.00011009579495789272,-0.0001484840505417456,-0.0037159289431091254,-4.4337757386816606e-05,-9.174995334595146e-05
Other non-ferrous metal products,RU,15569.5783917,-0.026034193775859873,-0.019215545598853166,-0.03790768544653584,-0.18399491436397544,-0.03049587403882962,-0.02971937739141156,-0.023873640041887596,-0.11343078679821597,-0.010717224963933826,-0.06268369773016602,-0.013712933437256292,-0.04663940275345869,-0.08343349748117901,-0.08817768672449625,-0.014913588205147007,-0.013613489323636372,-0.38838406951269266,-0.017301626414899945,-0.2984834254977007,-0.011136340116950118,-0.02572852083436685,-0.050499750519178065,-0.010456622953551748,-0.04030901647374496,-0.01597681986251041,-0.025613615425970137,-0.049003435758161185,-0.023817912018355848,-0.002417675097628425,-0.008762159412498215,-0.012936122170217178,-0.05320873621320261,-0.01712262558998427,-0.006927652776434577,-0.005404160464456358,-0.00452948956885326,-0.0009236473725365879,-0.01201897649010735,-0.017178084862415673,-0.028882993175299552,-0.037727919932479904,-0.008141527421921825,-0.011066661255773352,-0.0038700613423310075,-0.033340199971436384,-0.006941324066928232,-0.07184556163005662,-0.00332162531931222,-0.008241271651069429
Other non-ferrous metal products,SE,245.459185395,-0.009161470400589086,-0.008121281343348883,-0.00515311186916441,-0.005256341836147284,-0.004927597415441953,-0.01144868903772405,-0.43883022909126257,-0.018033697549227026,-0.003194623651267138,-0.09534203670290228,-0.0038023766656541526,-0.0033645059868975626,-0.003778019135439059,-0.004384017354662307,-0.00915510330939056,-0.0019402480690824176,-0.39595496245134304,-0.006101451671982732,-0.014374388890702956,-0.0017960530976753172,-0.013316793392421393,-0.02393757266866751,-0.0040850919550426135,-0.003730767162755744,-9.53554062939867,-0.003057551819494746,-0.003680323701763531,-0.01292024672751733,-0.0007819793700007941,-0.0010969149052318533,-0.0016310683995537588,-0.01680041246537228,-0.0015799603143849662,-0.0009527893179235051,-0.000696732600650704,-0.0010128145891923474,-0.0008512697708838755,-0.005525802766185657,-0.0033686041398350093,-0.0038429059384714873,-0.00281274813513873,-0.29466581518011525,-0.0022530961467007423,-0.0006982923209690392,-0.001393810657912807,-0.0009553477813325415,-0.003784364763616813,-0.0006065568188448827,-0.001462482277678731
Other non-ferrous metal products,SI,147.17259597,-0.05088292020630282,-0.0004699658149336462,-0.012869450245189986,-0.0007425117284173878,-0.001328321100850463,-0.0018262147588145622,-0.0004877864500051981,-0.00038496616603535456,-0.00014415716743044698,-0.0004937245211194157,-0.00032961657169809004,-0.02501846072440801,-0.19655007207224834,-0.003794493674220425,-0.00039172348936250334,-0.00031916270204464893,-0.00046062850325514777,-0.0003875576641323086,-0.0007844741898253153,-0.0002964232772543521,-0.0006131348031353655,-0.0009659079067846518,-0.00014912667778145766,-0.0006219276504707054,-0.00022206785965963685,-0.002277740334994942,-0.0011214169254030136,-0.0005443704130032741,-3.631227642909788e-05,-5.871353976270232e-05,-6.306169055620556e-05,-0.00022577709807624524,-0.0005087729659297508,-7.528724923054057e-05,-0.00010459110117992917,-5.9732993432915605e-05,-8.682012643056563e-06,-0.0051736793406101725,-0.000804113842756379,-0.00042185197788652447,-0.0011139997350831502,-0.00016251473891432683,-0.00022696482564472679,-8.103724429902492e-05,-0.0001706407398457549,-7.909578580497063e-05,-0.02605869396488658,-8.669023951813899e-05,-0.0004947760842225972
Other non-ferrous metal products,SK,198.199333149,-0.0023817117744428166,-0.0004360155362980099,-0.0006654844270063096,-0.0007116452710939071,-0.05805608996314964,-0.0010708317428872322,-0.0005569130022536337,-0.00037430036520593764,-0.00018456467673362055,-0.0004053646670670969,-0.0003158918855921696,-0.0011870772086384203,-0.001340579999930993,-0.0013521741611306642,-0.00040379482092085697,-0.00017475472527681484,-0.000960597588293817,-0.0004469017357771494,-0.0005918249134182724,-0.00017823520004901037,-0.0005813708085933576,-0.019749183600728432,-0.00023275766372644023,-0.0009412177212548722,-0.0002495625990450158,-0.0005491998791544452,-0.0017128736314752388,-0.0005564439116526963,-3.497380314283424e-05,-6.689159386989123e-05,-0.00013778907046773622,-0.0006082422967900325,-0.0002925056167852379,-0.00010458691687022799,-7.292430985862947e-05,-7.399337607457377e-05,-7.3942663053505324e-06,-0.0002662310396157044,-0.0004288401914056063,-0.00029715778025931445,-0.0007450901882080345,-0.00017936506612189828,-0.000567260299018143,-6.927823669274575e-05,-0.00010769249511471397,-0.0001047692364918964,-0.004121082003060266,-6.833139287107768e-05,-6.581879622778947e-05
Other non-ferrous metal products,TR,349.925615785,-0.007084311268208827,-0.006759052130774908,-0.0282839078223612,-0.008499243125711839,-0.004593330243045748,-0.00758188524455602,-0.004419309058253694,-0.004155692700917275,-0.0047237464909197485,-0.0068157926016441765,-0.0044017159078836784,-0.04497893160350656,-0.004955319021735195,-0.006083944239912694,-0.004446645282336505,-0.003758769500057897,-0.003303147142383398,-0.004207185175399955,-0.0032996156128251948,-0.002868351340356685,-0.005539651939494152,-0.00470615460463716,-0.004881030743913168,-0.007251770152069422,-0.0020933258437913194,-0.004292744410214366,-0.0035453119125231003,-0.00711823366016798,-0.0013440164573664,-0.0030643046180625125,-0.00327413731702899,-0.004401262470911108,-0.005408270076475044,-0.0014324623473347664,-0.0017767596127367764,-0.0012647695043674371,-0.00018540940180897944,-0.004753912508373006,-0.0036560055530133204,-2.793201283330675,-0.0020115494681301437,-0.001517784872353384,-0.004361135299770738,-0.0011457140449149725,-0.015091704382743964,-0.0014366942944780124,-0.008109503776735201,-0.002626363786712617,-0.0238858955192239
Other non-ferrous metal products,TW,2532.90599511,-1.9538699481004102e-05,-2.6814446266771273e-05,-2.3577600811518166e-05,-6.281145212786399e-05,-1.9556610906126986e-05,-1.634982427090994e-05,-2.0431634399329017e-05,-4.295995443078896e-05,-1.4319276350138958e-05,-6.183116783811279e-05,-1.5822055432375475e-05,-1.7087127819807657e-05,-2.600733065621733e-05,-1.886182339458429e-05,-3.1609703169304076e-05,-1.041880665204227e-05,-3.327444538487688e-05,-2.2121182855317328e-05,-3.586951166150619e-05,-1.15924184607601e-05,-3.0250071455779743e-05,-2.238270232219723e-05,-2.3601887212552882e-05,-1.5138954846706688e-05,-2.507409231633556e-05,-1.3577085067536005e-05,-2.9619188548122172e-05,-3.7682782943706954e-05,-9.28049812896578e-06,-2.358479238935785e-05,-9.130005059350099e-06,-3.188421825801473e-05,-2.288284068835605e-05,-6.392053881329105e-06,-1.5401467349518677e-05,-1.059467355019513e-05,-5.541983865532688e-07,-2.8561736610809576e-05,-1.4640010608689785e-05,-1.7606388903257333e-05,-0.03209415393400108,-9.841266555326203e-06,-9.079327553320408e-05,-1.5267927886259057e-05,-1.5983549460850736e-05,-6.412728864816427e-06,-2.1001278992833807e-05,-8.179822610656334e-06,-7.869086068561024e-06
Other non-ferrous metal products,US,14028.302561,-0.36368019710424954,-0.2661042822267704,-0.8363797186486277,-0.08195354260574673,-0.1686984109269135,-0.4313254686545423,-0.24351370830183428,-0.0973311717730808,-0.11909107482903122,-0.6813464665119021,-0.17733498044346926,-0.11328847828903556,-0.0849842203057453,-0.14274439635399064,-0.23768345064127266,-0.08709699988676337,-0.09487518509419995,-0.20230521521909617,-0.13094043853562415,-0.06816195703053786,-0.29767883951087926,-0.09782335325765673,-0.12429432186507183,-0.11301568970494516,-0.2997931962350984,-0.119892803995219,-0.05534751379374913,-0.38815981374256064,-5.172557361785106,-0.23380163682857594,-0.15563432253129525,-0.8767768008765823,-0.31009260778792436,-0.41574767714356864,-0.0441258849250763,-1.0093000378562986,-0.00803641433265558,-0.20023442065706037,-0.13496618059837642,-0.2128002512033415,-0.038925974926404726,-0.08973097369751927,-0.04517480798428287,-0.0646428845772033,-0.10991662950468953,-0.43473192027401053,-0.11077657911329113,-0.030604253895002393,-0.18159786621681892
Other non-ferrous metal products,WA,14936.0484599,-0.22553916467686586,-0.11984977603223052,-0.07725263244775725,-0.10633150911176473,-0.07835100279821361,-0.14719642279900694,-0.0927333628057139,-0.12296093358636166,-0.050260054827198156,-0.36984725131559276,-0.09068563545141996,-0.11934560072420086,-0.06956801923220635,-0.100540936493492,-0.1697785150541681,-0.0701590175836742,-0.058745811396261276,-0.10583140726074146,-0.11827137424325752,-0.036998285340883647,-0.14531689728038744,-0.2395648915093661,-0.048068338767566963,-0.0418890463147226,-0.09633400328225471,-0.06799561559358579,-0.050479368369682656,-0.23216461663241467,-0.0759451830415265,-0.3676466455271714,-0.2771651362793428,-0.08279270960759146,-0.45629814009396924,-0.16154305519063153,-0.08868600025067952,-0.05586283846750032,-0.009568758627858378,-0.4265014095519038,-0.05950594184186455,-0.11937831051481737,-0.08822299439895051,-0.03801898718484184,-0.17303545332699127,-0.0993380577247342,-2.186563774462744,-0.16158386730922208,-0.10555546052591526,-0.08790639072047587,-0.21033768778592546
Other non-ferrous metal products,WE,1504.51613457,-0.01419551327802535,-0.006978565152751483,-0.10144654538484146,-0.0076893750255168265,-0.07512885243731852,-0.0101190471050032,-0.0143519619322195,-0.18617661471284433,-0.005722461919754799,-0.009702364280887516,-0.004376532844826592,-0.18961788483264874,-0.46451931960479964,-0.5450405217140839,-0.0036514446603491844,-0.009193785300496936,-0.03606369908087037,-0.009662929010987057,-0.14965303264214747,-0.004091178072193665,-0.008713079301869785,-0.03030273812956164,-0.007748174792126392,-0.11064963169538901,-0.007653652791061397,-0.09974990628011723,-0.179258069491169,-0.005391235096489088,-0.00059292865990336,-0.0012556747462095735,-0.0029882747088424426,-0.0023299189129418934,-0.0026537804083776686,-0.001690471308752535,-0.0018932047843289103,-0.0007777410522063357,-0.0010780932093647705,-0.0025923216322995273,-0.02198021096014453,-0.01204842132428819,-0.004879224423492322,-0.002407822453425999,-0.005643018333236025,-0.0011983628290307038,-0.007650912460766146,-0.0016907496396070432,-0.9977631304277881,-0.001103873041902587,-0.0054078993552809365
Other non-ferrous metal products,WF,5548.38358383,-0.07385324294429106,-0.27582817384888364,-0.295998626572076,-0.17006886676315797,-0.07305773245213978,-0.0919141208896111,-0.08250743492808005,-0.19794102703569083,-0.20472353906727822,-0.11433186575594784,-0.15282472145002376,-0.8111072657904129,-0.13458910624225215,-0.15658293470331922,-0.13448358620940165,-0.217156022231075,-0.07972161821320135,-0.09926573905164057,-1.7933602207953228,-0.06619142312311721,-0.16016560545370748,-0.18888869089294283,-0.3686000728499599,-0.09804024233339234,-0.0790630225729281,-0.08273602996098807,-0.07604922609342904,-0.23129964665440558,-0.022226338050384233,-0.04941917284561318,-0.11814951312831158,-0.10542220719461505,-0.18669339855980874,-0.8349772603066373,-0.16218001787385827,-0.041374380141807714,-0.00807344920523077,-0.061662061928554494,-0.07389701584735257,-0.2564462323939724,-0.04463610168376429,-0.03838860679409101,-0.0691821337669852,-3.4225692890041874,-0.2823229461952112,-0.8345238512796002,-0.11323181956296602,-18.71394795086028,-0.8053208081322671
Other non-ferrous metal products,WL,4164.93702,-0.025556570468576605,-0.020354820394363128,-0.014622123882829493,-0.03325326931862154,-0.015615739911285207,-0.028564431458587176,-0.019984293498960675,-0.01147790150240208,-0.036524974455655335,-0.032440078771050485,-0.016025452333502877,-0.020284534311856856,-0.015794538424446593,-0.016084817926656107,-0.0130414887632416,-0.016673651786717432,-0.010264976345466305,-0.014960678452184887,-0.03141826165417417,-0.012697482046264499,-0.024838308322604957,-0.01430538940441493,-0.03171002958345754,-0.012028262607264686,-0.017625345785720784,-0.014221261704658341,-0.011548454409850748,-0.018253571480381536,-0.0157635600087018,-0.023525928074334377,-0.04307009898237413,-0.06704238795405357,-0.04794434736257077,-0.09439105424813772,-0.006830438441296268,-0.2996688261005759,-0.0007013547670845834,-0.029257152473180826,-0.014583558565431594,-0.1044265707059457,-0.012037209263545207,-0.007392323276825977,-0.01568706317903854,-0.005558227400870497,-0.016679902543066394,-0.09391686479773527,-0.016358220745838516,-0.0041713292208089055,-0.02314906829586759
Other non-ferrous metal products,WM,10143.9315182,-0.15706823421314245,-0.2059106349785391,-0.1568443878236249,-0.10975969286396635,-0.0764385621100625,-0.1328443630446254,-0.09412550387112445,-0.06347500253589163,-0.08511094724088311,-0.17455340751408427,-0.07957745850063956,-0.15077369897492177,-0.07792359530097229,-0.11928109527824582,-0.13643679397622493,-0.13666988936511437,-0.056783941288419154,-0.09126947693736774,-0.0778099713648094,-0.06375202926709174,-0.17983174983444133,-0.07683176626921205,-0.1953373626168854,-0.16039841516710673,-0.09220225456713307,-0.08113604628565614,-0.04980976829124962,-0.18348861757210633,-0.04285583225381157,-0.1121335442750206,-0.14270326783747825,-0.049014584425724664,-0.09533244870332648,-0.0503832317088995,-0.06254452429853875,-0.028571268455558307,-0.004973003921139153,-0.1883011979168616,-0.0673916583980732,-0.7956032395512163,-0.014978279203298275,-0.03953447908453985,-0.06142183321534391,-0.05675444523026687,-0.5184844033444932,-0.05041149773000133,-0.11388404675887062,-0.04591527379602137,-0.3859503954647392
Other non-ferrous metal products,ZA,604.019382648,-0.008290099710435619,-0.013360858485086861,-0.006520356338460104,-0.013446203955979176,-0.005387497277747232,-0.009932138392350473,-0.007266007887849678,-0.0045951891440338625,-0.006806829903110737,-0.016735693750438204,-0.006557829462262547,-0.00912478962590443,-0.006280854525086219,-0.005213854454777345,-0.006581909517587244,-0.00717982076901864,-0.004377960168240942,-0.006181219313276902,-0.00689175835825987,-0.003004548758145182,-0.011165419181665451,-0.004903284822876315,-0.00989695776661353,-0.004331221339334624,-0.004509183833117738,-0.0039393779438857785,-0.007279999839174819,-0.009134864155015056,-0.0013911590564700442,-0.0033738369278227707,-0.0043539213633989144,-0.005875014117468724,-0.01028067209833263,-0.012533906943044662,-0.004598768781754946,-0.002033365182788033,-0.00027828121615400763,-0.008662051966288333,-0.0046089794444758745,-0.0077211479987401325,-0.018700966577528528,-0.002882925245703276,-0.013099781353261617,-2.8912786659220315,-0.0077015686514915705,-0.013547605676483972,-0.005095133550869389,-0.05693770258194227,-0.060545591883020694
Precious metal ores and concentrates,AT,0.0,0.0,0.0,0.0,0.0,0.0,0.0,0.0,0.0,0.0,0.0,0.0,0.0,0.0,0.0,0.0,0.0,0.0,0.0,0.0,0.0,0.0,0.0,0.0,0.0,0.0,0.0,0.0,0.0,0.0,0.0,0.0,0.0,0.0,-0.0,0.0,0.0,0.0,0.0,0.0,0.0,0.0,0.0,0.0,0.0,0.0,0.0,0.0,0.0,0.0
Precious metal ores and concentrates,AU,12034.7066593,-0.0028784404934257064,-0.0029148611193767346,-0.002161836480893433,-0.0029141360347278667,-0.0022997351197579495,-0.003724665100730359,-0.0029063335648319565,-0.0020921012451869283,-0.0018140817554044492,-0.006016909711901226,-0.002153760109361245,-0.010599709221296551,-0.0017228722586908037,-0.001677052332545434,-0.0026892985173655242,-0.0030419419429425477,-0.002067469205619888,-0.0023708058957163996,-0.0022324708192272523,-0.0023567795358786685,-0.0033661049984437157,-0.0029574204840931615,-0.0022323929735311534,-0.0019891751806537135,-0.0023647534241050747,-0.0022483100510104726,-0.001686637784968451,-0.0035873122633097243,-0.0007077482669127078,-0.0030288356161474123,-0.005964504659036379,-0.0018677766446599422,-0.007877672813617172,-0.002119688866355991,-0.0026317487013509462,-0.0012553100223190678,-0.00030248112477241723,-4.887462976747907,-0.0022304362426992757,-0.003340590350748561,-0.003431784155678655,-0.0011384348069794976,-0.003806611278721783,-0.001395295728151924,-0.01267102692311204,-0.0021184618219742516,-0.002069535539259794,-0.0010632226161050153,-0.03054285162170162
Precious metal ores and concentrates,BE,0.0,0.0,0.0,0.0,0.0,0.0,0.0,0.0,0.0,0.0,0.0,0.0,0.0,0.0,0.0,0.0,0.0,0.0,0.0,0.0,0.0,0.0,0.0,0.0,0.0,0.0,0.0,0.0,0.0,0.0,0.0,0.0,0.0,0.0,-0.0,0.0,0.0,0.0,0.0,0.0,0.0,0.0,0.0,0.0,0.0,0.0,0.0,0.0,0.0,0.0
Precious metal ores and concentrates,BG,1034.4324343,-0.0026728330470785783,-0.02117982591001635,-2.0407969284234677,-0.03735792349679226,-0.013260426502592166,-0.0020665377648799795,-0.001613845120152039,-0.003207088743508502,-0.0007976360472980169,-0.0022012682201014424,-0.0010035153358412278,-0.07127566567482645,-0.029840481660777535,-0.009079445113953226,-0.001806915930690812,-0.004654739812284216,-0.0021767469880062404,-0.0014502423494002381,-0.0037641999647477766,-0.0008292788909685979,-0.0022811246214511924,-0.0029314695749160925,-0.0010262722924977079,-0.1258846687874715,-0.0010728296341388993,-0.0079645233815711,-0.007047820153212226,-0.002059321775080934,-0.00014964686175952124,-0.00028730323627437993,-0.0004118365523212594,-0.0008274859207108155,-0.0010679216205367352,-0.00032308030463402314,-0.0008251538758080245,-0.00028059200518895953,-9.75112117170375e-05,-0.0008641776692030477,-0.001310268507777927,-0.06593237959018146,-0.011150870589872656,-0.0006818741265285699,-0.0031018801258711373,-0.0004876951502265697,-0.002680849504546971,-0.0003238639574464324,-0.06139834838699103,-0.0006420420363699899,-0.0031702339446951404
Precious metal ores and concentrates,BR,946.91154846,-0.00014842850439569075,-0.00016726433014549441,-6.556699984262681e-05,-9.309627201672889e-05,-8.543493794196702e-05,-0.00013845238136494067,-0.00010603594804850278,-5.094023638214636e-05,-0.00012728154284261553,-0.0001286432294734153,-8.83889533630889e-05,-0.00010776719709492277,-8.798165540792079e-05,-9.611783066123214e-05,-5.24637741821497e-05,-8.601563028031463e-05,-6.0927589020429675e-05,-6.724822451983263e-05,-9.64159805715838e-05,-6.495821935243453e-05,-0.00014505596228113384,-7.74845987852167e-05,-0.00014727647101001653,-6.452292264948202e-05,-6.67413704194443e-05,-7.296182199808891e-05,-6.58843707267277e-05,-7.993424306571088e-05,-8.220989043369081e-05,-6.421469016363697e-05,-0.00020421404379330504,-0.00044991154616876136,-0.00010324082302659415,-0.387498666256511,-7.153575708096297e-05,-0.00018319897859790475,-5.028865688462786e-06,-0.00025977328126674696,-7.08051164522663e-05,-0.0003354994461172065,-5.809658078702369e-05,-4.151829082444018e-05,-8.697406733578756e-05,-6.149090942041232e-05,-0.00022418084772584727,-0.3872767900067206,-0.00015752147499678974,-0.00014475859254688904,-0.0016571642930721605
Precious metal ores and concentrates,CA,353.246392333,-0.00046025131513509636,-0.0018562647027745387,-0.004906759533967597,-0.00027529208973568037,-0.0008134511456017576,-0.0009336664566337546,-0.00046369595375463454,-0.00021684920447610773,-0.0003182215865492809,-0.0006421275858018278,-0.00038618773142944833,-0.00044608449834757926,-0.00027758591629619073,-0.00027775206656948027,-0.00024327070796536536,-0.0013489116328302567,-0.0012509101104693184,-0.00033991694148478494,-0.0006536610383821606,-0.0009994602769723582,-0.0008016496687939942,-0.001953432025282991,-0.00033907501419112656,-0.002060619133751309,-0.006818324606356547,-0.0007731779546591056,-0.00017735922401675922,-0.00040278285144082824,-0.001358166840914372,-0.00041526409585654247,-0.000365528882887,-0.009653478535098318,-0.0011178811111230956,-0.027765050247993382,-0.00012391165705905917,-0.002473618941762742,-1.1325748289552022e-05,-0.0026040638037939942,-0.0006182869642040444,-0.0017362801850998681,-0.0001302576619828415,-0.0001466700200543661,-0.00016520594828661997,-0.00029448233200788596,-0.00026290975431855534,-0.02776426639974063,-0.0006765185690561878,-0.0001910367724317476,-0.000429034030746369
Precious metal ores and concentrates,CH,0.0,0.0,0.0,0.0,0.0,0.0,0.0,0.0,0.0,0.0,0.0,0.0,0.0,0.0,0.0,0.0,0.0,0.0,0.0,0.0,0.0,0.0,0.0,0.0,0.0,0.0,0.0,0.0,0.0,0.0,0.0,0.0,0.0,0.0,-0.0,0.0,0.0,0.0,0.0,0.0,0.0,0.0,0.0,0.0,0.0,0.0,0.0,0.0,0.0,0.0
Precious metal ores and concentrates,CN,544.145864446,-0.004113425969198745,-0.004648960378678567,-0.005703429894773913,-0.006631476129402217,-0.0045140139789148,-0.005888029744331448,-0.004375480766066974,-0.006637357809389295,-0.003748519493600626,-0.006591471303017715,-0.0032137075984837006,-0.008849043240151431,-0.006607174949500125,-0.007621496297541332,-0.0031987624581667055,-0.0029145247229411574,-0.016510955297661393,-0.003295883630605189,-0.01619983669250802,-0.002174577301649584,-0.004647142577357704,-0.004476842973323785,-0.0035499833252368384,-0.004165403444190504,-0.003969226751733449,-0.00329114130653902,-0.0035633025974211945,-0.004747158267889366,-0.0017708677782662607,-0.009431917639295516,-0.17949139519164775,-0.009249003043909621,-0.012018469901694565,-0.011646605234317537,-0.0027895098470314063,-0.006443845432965654,-0.0022832219449629874,-0.022922524100484388,-0.002925973038816347,-0.009142909586221416,-0.0021306556921490533,-0.0014392528811462079,-0.010795486063251881,-0.0037698273715881907,-0.026774405136379065,-0.01162341743949791,-0.009402825156885463,-0.00634479049328902,-0.014139131790096576
Precious metal ores and concentrates,CY,0.0,0.0,0.0,0.0,0.0,0.0,0.0,0.0,0.0,0.0,0.0,0.0,0.0,0.0,0.0,0.0,0.0,0.0,0.0,0.0,0.0,0.0,0.0,0.0,0.0,0.0,0.0,0.0,0.0,0.0,0.0,0.0,0.0,0.0,-0.0,0.0,0.0,0.0,0.0,0.0,0.0,0.0,0.0,0.0,0.0,0.0,0.0,0.0,0.0,0.0
Precious metal ores and concentrates,CZ,0.0,0.0,0.0,0.0,0.0,0.0,0.0,0.0,0.0,0.0,0.0,0.0,0.0,0.0,0.0,0.0,0.0,0.0,0.0,0.0,0.0,0.0,0.0,0.0,0.0,0.0,0.0,0.0,0.0,0.0,0.0,0.0,0.0,0.0,-0.0,0.0,0.0,0.0,0.0,0.0,0.0,0.0,0.0,0.0,0.0,0.0,0.0,0.0,0.0,0.0
Precious metal ores and concentrates,DE,0.0,0.0,0.0,0.0,0.0,0.0,0.0,0.0,0.0,0.0,0.0,0.0,0.0,0.0,0.0,0.0,0.0,0.0,0.0,0.0,0.0,0.0,0.0,0.0,0.0,0.0,0.0,0.0,0.0,0.0,0.0,0.0,0.0,0.0,-0.0,0.0,0.0,0.0,0.0,0.0,0.0,0.0,0.0,0.0,0.0,0.0,0.0,0.0,0.0,0.0
Precious metal ores and concentrates,DK,0.0,0.0,0.0,0.0,0.0,0.0,0.0,0.0,0.0,0.0,0.0,0.0,0.0,0.0,0.0,0.0,0.0,0.0,0.0,0.0,0.0,0.0,0.0,0.0,0.0,0.0,0.0,0.0,0.0,0.0,0.0,0.0,0.0,0.0,-0.0,0.0,0.0,0.0,0.0,0.0,0.0,0.0,0.0,0.0,0.0,0.0,0.0,0.0,0.0,0.0
Precious metal ores and concentrates,EE,0.0,0.0,0.0,0.0,0.0,0.0,0.0,0.0,0.0,0.0,0.0,0.0,0.0,0.0,0.0,0.0,0.0,0.0,0.0,0.0,0.0,0.0,0.0,0.0,0.0,0.0,0.0,0.0,0.0,0.0,0.0,0.0,0.0,0.0,-0.0,0.0,0.0,0.0,0.0,0.0,0.0,0.0,0.0,0.0,0.0,0.0,0.0,0.0,0.0,0.0
Precious metal ores and concentrates,ES,1986.87594331,-0.002020096401972098,-0.002464221168185165,-0.0017383747769085462,-0.0007403420861943157,-0.0013371245461146633,-0.002353621671114906,-0.0015456661749298395,-0.0006430633319789409,-0.1704246128549884,-0.002041111531579995,-0.010080945590616827,-0.009844230330269602,-0.0011410163147728349,-0.0010815641524356903,-0.001964576140940433,-0.0011062193510530498,-0.001443332092734387,-0.002080528218976509,-0.0018870340360759583,-0.0009959290489403377,-0.0021448128077023202,-0.0014724608853938937,-0.045109992362973014,-0.0022400458806575044,-0.0009390388411996954,-0.0010418571653215579,-0.0010338605711085586,-0.0022914611731051798,-0.00019264936219090664,-0.000253833730464835,-0.0007639588964721675,-0.0006644506592191692,-0.00047372523560104034,-0.00022020875186520663,-0.00015515522699335855,-0.0002418774663241568,-2.6207710524933972e-05,-0.0007515152865273438,-0.0016106373701589311,-0.007903237393993259,-0.0016716907743199866,-0.0006228311475224191,-0.0003141890157929395,-0.00024856495352039345,-0.0005271533704960202,-0.00022366321793315327,-0.001465543478771597,-0.0009018085392706953,-0.0008934430192647215
Precious metal ores and concentrates,FI,1416.04633859,-0.001831128218510013,-0.0021405118342428444,-0.0010625588708318553,-0.0015538696306140614,-0.0013463523903561178,-0.0019851986132032786,-0.0029471569368229784,-0.16095418388076585,-0.0006851321665455642,-2.548345504047928,-0.0009621277244344182,-0.0008434363289213866,-0.00189976761694788,-0.0011597731714482224,-0.0019311941106971305,-0.0005136086767425776,-0.003386894757243942,-0.0015583300401993657,-0.003425163690309128,-0.0004199070119077606,-0.002972756155779576,-0.002470323717390385,-0.0008589174012556991,-0.001213874618019173,-0.274381164529256,-0.0006896662398903944,-0.0027034469329747417,-0.002689281050965748,-0.00016325708824022498,-0.0002696966525107552,-0.0005251786383284403,-0.016247094500129903,-0.00047217112734692474,-0.00020970122371121743,-0.0003555498890494757,-0.00027551884424457034,-0.02924093516133704,-0.0007656391667050122,-0.0009338906322021748,-0.0007071360834986856,-0.008069632773452908,-0.010828361523225673,-0.0011652515608077912,-0.00022255222846253735,-0.0004836200671663525,-0.0002107514002423441,-0.0014390618708856905,-0.00019354891327940442,-0.0015284280214059353
Precious metal ores and concentrates,FR,0.0,0.0,0.0,0.0,0.0,0.0,0.0,0.0,0.0,0.0,0.0,0.0,0.0,0.0,0.0,0.0,0.0,0.0,0.0,0.0,0.0,0.0,0.0,0.0,0.0,0.0,0.0,0.0,0.0,0.0,0.0,0.0,0.0,0.0,-0.0,0.0,0.0,0.0,0.0,0.0,0.0,0.0,0.0,0.0,0.0,0.0,0.0,0.0,0.0,0.0
Precious metal ores and concentrates,GB,0.430720947315,-8.311837195902435e-07,-9.813155601166235e-06,-6.009159707382857e-07,-1.1857050398858492e-06,-4.822716551202464e-06,-1.2964391686917936e-06,-9.401988687118971e-07,-5.959521149855742e-07,-8.383514376713638e-07,-8.631779874459986e-07,-3.9418621848059285e-06,-3.671767439827654e-07,-4.830494634626637e-07,-4.7249298994110523e-07,-5.098833232704362e-05,-5.356036182752272e-07,-5.639762183894859e-07,-1.8739344828916948e-05,-4.5179382626850707e-07,-3.923463395058331e-07,-8.587767618976325e-06,-8.434772882986238e-07,-1.0507700991979516e-06,-5.575191809470661e-07,-9.751076610750219e-07,-4.3597312097977846e-07,-5.102494664365017e-07,-6.978547206084997e-05,-1.4096628072302643e-07,-1.8133866279650417e-07,-3.078940200675429e-07,-3.688330411550231e-07,-2.092349130844752e-07,-1.7954484360542805e-07,-1.1553878706672315e-07,-1.7183718956999801e-07,-1.2432747930624855e-08,-2.2938799472574227e-07,-5.588752617290859e-07,-1.999848759136092e-06,-1.3423331564805404e-07,-2.889123934231943e-06,-1.0265164679914778e-07,-2.803965460287067e-07,-3.361163698624769e-07,-1.797473248735156e-07,-4.983066134915851e-07,-1.0636628714068199e-07,-4.939741291616267e-07
Precious metal ores and concentrates,GR,3145.55178277,-2.4281428451250248e-05,-3.549655226170019e-05,-0.0006548909655199076,-9.776952398551664e-05,-2.8894223624568426e-05,-3.285249394851994e-05,-1.9275532979097465e-05,-1.2298882515185302e-05,-2.2988885358246214e-05,-2.8447910116897106e-05,-2.7419113256621115e-05,-0.029325217099894715,-3.273972997409505e-05,-0.0010023378731190892,-2.1537895054006193e-05,-2.3403212053406853e-05,-1.5210690231352844e-05,-2.058354714126935e-05,-1.3681206477366492e-05,-1.723178382524488e-05,-2.5730226044359665e-05,-2.0859525558788714e-05,-1.9059039286383532e-05,-7.362890565504176e-05,-7.757919914906867e-06,-0.0011475165625498692,-2.5764407726535e-05,-4.045287383612429e-05,-3.111535812749781e-06,-3.4314295303237953e-06,-6.807010912640215e-06,-7.657346405628516e-06,-1.5035926630907265e-05,-4.05597436537065e-06,-7.346874062428593e-06,-6.336090128469881e-06,-5.403393950169467e-07,-1.7750999561619992e-05,-1.9489596810504417e-05,-0.00017328557388294726,-1.1222450124361702e-05,-6.863700012471944e-06,-7.437636159070293e-06,-4.62279672109222e-06,-1.3106052457028926e-05,-4.080586623769941e-06,-0.0006954774690680609,-5.780679221685789e-06,-3.641388914446613e-05
Precious metal ores and concentrates,HR,0.0,0.0,0.0,0.0,0.0,0.0,0.0,0.0,0.0,0.0,0.0,0.0,0.0,0.0,0.0,0.0,0.0,0.0,0.0,0.0,0.0,0.0,0.0,0.0,0.0,0.0,0.0,0.0,0.0,0.0,0.0,0.0,0.0,0.0,-0.0,0.0,0.0,0.0,0.0,0.0,0.0,0.0,0.0,0.0,0.0,0.0,0.0,0.0,0.0,0.0
Precious metal ores and concentrates,HU,0.0,0.0,0.0,0.0,0.0,0.0,0.0,0.0,0.0,0.0,0.0,0.0,0.0,0.0,0.0,0.0,0.0,0.0,0.0,0.0,0.0,0.0,0.0,0.0,0.0,0.0,0.0,0.0,0.0,0.0,0.0,0.0,0.0,0.0,-0.0,0.0,0.0,0.0,0.0,0.0,0.0,0.0,0.0,0.0,0.0,0.0,0.0,0.0,0.0,0.0
Precious metal ores and concentrates,ID,11.2761545087,-3.181721017623779e-08,-5.3258675019697625e-08,-4.606927684839102e-08,-7.44310868615885e-08,-2.7243906460121028e-08,-3.666225740341634e-08,-3.316684576189103e-08,-2.9318464970782245e-08,-3.1152573312173894e-08,-4.834573576232343e-08,-3.03794946124193e-08,-2.2428117098063533e-06,-3.7725521710469755e-08,-4.3589607447539406e-08,-5.122861076052908e-08,-2.6129832919546567e-08,-2.5187988861918228e-08,-3.3765053306978596e-08,-7.128386283894624e-08,-1.856116857260955e-08,-5.911382702910782e-08,-2.687464560931541e-08,-4.312378812932101e-08,-2.6880594884377188e-08,-2.511686933835717e-08,-3.2516066800594134e-08,-3.4524188922119684e-08,-5.6782411690632284e-08,-1.3252930923697925e-08,-7.410655599474797e-08,-1.338966181397974e-07,-6.666395403874384e-08,-2.5333304230346785e-07,-2.419715447103567e-07,-1.5245329087478597e-07,-6.273118491927968e-08,-1.908215673943138e-08,-3.642505011023918e-07,-2.174514506607468e-08,-8.827620827644227e-08,-4.77667985046399e-08,-1.5653039486131188e-08,-3.3675748551699506e-05,-7.408456638765427e-08,-7.652028847631396e-07,-2.4163386380281694e-07,-4.174367205591422e-08,-1.8941642328928976e-07,-2.965542557861357e-07
Precious metal ores and concentrates,IE,91.902068898,-2.3202150407844287e-05,-3.957296031513164e-05,-2.773442890966578e-05,-1.7975448950711303e-05,-2.7501262917536348e-05,-4.8498095234010425e-05,-2.5433884064306762e-05,-1.0758779769369198e-05,-3.102525220883205e-05,-2.5340459825586476e-05,-2.7619812683932334e-05,-1.4981180109307644e-05,-1.2100962155250949e-05,-1.4281605300426048e-05,-6.185863488906415e-05,-1.394555300703199e-05,-1.3246553679539494e-05,-3.637702805455119e-05,-1.7140325841863194e-05,-1.2857146497266023e-05,-4.004205258998363e-05,-2.798260618545868e-05,-5.503109448077597e-05,-2.2885281639843258e-05,-2.8882498317896677e-05,-1.3960523977582804e-05,-7.853180434570255e-06,-0.0026084541623064123,-4.365890828758316e-06,-4.122001420799789e-06,-5.582539693039281e-06,-1.0642450242402295e-05,-5.191874164439343e-06,-1.9169178752957127e-06,-1.8219865949134386e-06,-2.7988002566340404e-06,-2.698779287013006e-07,-6.35452203248729e-06,-1.77439422782661e-05,-3.7811072951718635e-05,-3.7290268442862334e-06,-1.0419375739929545e-05,-2.7613211207804287e-06,-5.503779418308539e-06,-5.701994652815742e-06,-1.9281808205742937e-06,-2.7945793121429763e-05,-1.0243200162738616e-05,-3.4153836355772564e-05
Precious metal ores and concentrates,IN,38.4955023541,-2.063065791842583e-05,-6.561772374957754e-05,-1.4760729899715674e-05,-2.2966941108810145e-05,-1.374008382597981e-05,-2.2588244578192627e-05,-1.569801918104765e-05,-1.5831135199880427e-05,-1.4828405243449408e-05,-2.0845695821436004e-05,-1.3573233340475657e-05,-4.168155521796845e-05,-1.837727670902286e-05,-2.1215718177283196e-05,-1.6661118263492974e-05,-1.5224123390170855e-05,-1.5706571069210053e-05,-1.4575712905463079e-05,-1.9860835960490985e-05,-9.711273950778003e-06,-2.4406897537513888e-05,-1.218600686842134e-05,-1.555046120038444e-05,-1.2169959554520244e-05,-8.82161265976008e-06,-1.2797323685857266e-05,-1.2319281152921857e-05,-2.564573670646376e-05,-5.694901885418194e-06,-2.6818649146292204e-05,-3.72666980106386e-05,-2.2669273444075586e-05,-3.802943901917135e-05,-2.089220907176611e-05,-0.005710986397690525,-9.434473336138373e-06,-1.2935817223263584e-06,-0.0007081800903866807,-1.1575363612354055e-05,-0.00013113667608448447,-8.397496127697916e-06,-6.459327265554686e-06,-2.1484437733792637e-05,-5.886623624227721e-05,-0.00014601613017423433,-2.087187243040654e-05,-2.9167943431982395e-05,-1.3843466950476298e-05,-0.0002918592583997281
Precious metal ores and concentrates,IT,4.97972511777,-6.137276540318202e-07,-1.4768076826299522e-07,-8.725010025772924e-07,-8.506655804158073e-08,-2.3137978475357133e-06,-8.608223581300104e-07,-1.1076629293458091e-07,-9.821101894156268e-08,-9.667224418910755e-08,-1.2528431085181515e-07,-9.127012806673753e-07,-7.192545604254281e-07,-2.489856206473379e-07,-2.6806045106680234e-07,-5.55096015056124e-08,-0.00019144689884271012,-1.5819316894455592e-07,-8.515007138059985e-08,-1.6805342455727455e-07,-1.222590609251307e-05,-1.3066723976644163e-07,-1.2747368334288072e-07,-1.0721505057671508e-07,-1.9298833950986796e-07,-4.2105397558424446e-08,-8.124182704830505e-06,-1.5698737066601673e-07,-9.839223334916597e-08,-2.88485779766144e-08,-4.1003172228008744e-08,-6.963954575231216e-08,-1.5663734711058485e-07,-8.019644929479626e-08,-3.5550410229420994e-08,-5.140818487113812e-08,-3.75350669813768e-08,-6.132070737748747e-09,-4.4883533843328945e-06,-5.1538436311344285e-06,-1.686144984785848e-07,-5.4539112385271234e-08,-3.57695905770491e-08,-3.9163388009969925e-08,-4.0238196164475384e-08,-1.6923336038280548e-07,-3.572988142456199e-08,-3.09202268939738e-06,-4.360717505251623e-08,-4.942869668631449e-07
Precious metal ores and concentrates,JP,1067.42182103,-0.00022750615330079774,-0.0004590100406303044,-0.0001447026540200414,-0.00015473646167969772,-0.0002199068694061386,-0.0002337764491871107,-0.00015999924483941832,-0.00013041484671912618,-0.00010225185720388584,-0.00019514162927885265,-0.00013899239000167177,-0.0003649732807878217,-0.0001905055320909802,-0.00017206727035307126,-0.0001488498534138223,-0.00010057819715009623,-0.00011165345905483905,-0.00014228454390425354,-0.00027264626684269554,-7.164445653682781e-05,-0.00024122070850140132,-0.00014707437640203437,-9.942499696465043e-05,-0.00011531006690211573,-8.647236187802061e-05,-0.00010136946283881957,-0.00018402987640377745,-0.00020414600053697148,-8.279006023123082e-05,-0.31013606867466265,-0.0004874941751585652,-0.0010819836359545476,-0.000539489772949286,-0.0002699166903098102,-9.489195903631187e-05,-9.455866620120467e-05,-1.0815149322941457e-05,-0.008050618169805944,-0.00010687204229760837,-0.00012946937896121116,-0.000398267059021614,-6.966984023936767e-05,-0.00036063077304956855,-7.013022420029435e-05,-0.0007116819217977705,-0.0002701506933907589,-0.0001857126650854578,-6.101321539527622e-05,-0.0009047940372272848
Precious metal ores and concentrates,KR,229.967773702,-0.0006921207264870716,-0.000766461965597314,-0.0007274537622539799,-0.0006726601681582891,-0.0011164069567758492,-0.0007813713953616328,-0.0005501764678480535,-0.0011825006051182105,-0.00037265719401501784,-0.0007082254837253976,-0.0004700420288620795,-0.0014033701647570204,-0.0008466024827843332,-0.0008057897416360299,-0.0003205701441649736,-0.0003597431248114475,-0.0006411835780752433,-0.00044399637544689666,-0.0011566370451819362,-0.000250827585181431,-0.0006094561435333153,-0.0008215409173310801,-0.0005236024185236324,-0.0006709846862324505,-0.00029344461433391156,-0.00039677074993794455,-0.0007220714413410876,-0.0005103054670361584,-0.0002974949469999338,-0.0019902806631130103,-0.001425627697021022,-0.0017562469100008324,-0.07218205758670254,-0.0004141314671693928,-0.000323237951634781,-0.0004146816618264813,-2.960109264035826e-05,-0.0017731045857442415,-0.00041130932204260206,-0.0006368315669159473,-0.0006043330413615221,-0.00020585224142342115,-0.0007346782115349628,-0.0002861039496165949,-0.001692815233909051,-0.00041510865320652345,-0.0008476821968457987,-0.0002550700439580434,-0.001453230359647714
Precious metal ores and concentrates,LT,0.00117193142872,-3.1252526116945955e-11,-2.803168269046375e-11,-4.2324897045556783e-10,-2.6753931685843614e-11,-4.1695485013686726e-10,-6.734078462078709e-11,-8.489829682607298e-11,-8.747531590407399e-10,-1.9576483689532024e-11,-2.0046810444116326e-10,-2.6164323658730575e-11,-1.0083428356199718e-09,-2.6424646746538024e-09,-3.1372276075523087e-09,-1.286187757236267e-11,-2.636817372211137e-11,-2.4033590831449697e-10,-5.527563090168639e-11,-3.039237903618475e-08,-8.72941195666066e-12,-2.8896665143781373e-11,-2.160255291701424e-09,-1.1395614241953084e-11,-5.595195889352577e-10,-7.670200812720165e-10,-5.517706229540822e-10,-9.857277813879006e-10,-1.8476996297493357e-11,-2.144404615366925e-12,-7.563428006906884e-12,-7.785256987555418e-12,-1.487909949627599e-11,-3.6366895356470484e-11,-7.022082631505636e-12,-9.844747332165389e-12,-3.4019224651160398e-12,-3.7618667495737886e-11,-1.3247908491575523e-11,-1.2088845865855226e-10,-2.3308586779691343e-11,-3.235648140449046e-11,-1.2185705720148452e-11,-1.0373174598989193e-11,-3.781325714864111e-12,-3.175532145052877e-11,-7.027722212082351e-12,-6.147851804878063e-10,-4.813007543040453e-12,-1.4926871493565424e-11
Precious metal ores and concentrates,LU,0.0,0.0,0.0,0.0,0.0,0.0,0.0,0.0,0.0,0.0,0.0,0.0,0.0,0.0,0.0,0.0,0.0,0.0,0.0,0.0,0.0,0.0,0.0,0.0,0.0,0.0,0.0,0.0,0.0,0.0,0.0,0.0,0.0,0.0,-0.0,0.0,0.0,0.0,0.0,0.0,0.0,0.0,0.0,0.0,0.0,0.0,0.0,0.0,0.0,0.0
Precious metal ores and concentrates,LV,0.0,0.0,0.0,0.0,0.0,0.0,0.0,0.0,0.0,0.0,0.0,0.0,0.0,0.0,0.0,0.0,0.0,0.0,0.0,0.0,0.0,0.0,0.0,0.0,0.0,0.0,0.0,0.0,0.0,0.0,0.0,0.0,0.0,0.0,-0.0,0.0,0.0,0.0,0.0,0.0,0.0,0.0,0.0,0.0,0.0,0.0,0.0,0.0,0.0,0.0
Precious metal ores and concentrates,MT,0.00539063031443,-4.4298076092331864e-11,-6.773052541256881e-11,-8.935470257006583e-11,-1.9334116747666005e-10,-7.453464184069401e-11,-2.7712402514655044e-11,-4.1252118546752524e-11,-4.245381066060611e-11,-1.0909530224718303e-11,-1.731843821388073e-11,-2.1193939804618123e-11,-2.5139192395353426e-10,-4.834636179642662e-10,-5.004446978425389e-10,-4.5594374798613154e-11,-1.0477835549415101e-11,-1.4717919399717007e-11,-2.834411943993276e-11,-1.8554624612571032e-10,-6.2944605413468545e-12,-9.367070655119187e-11,-2.4441131614720996e-11,-1.3884808729489756e-11,-1.136198241652569e-10,-1.6628033207516907e-11,-9.90278844937289e-11,-2.9329901129248035e-10,-8.995492446028228e-11,-3.764575502938454e-12,-6.5083416018829186e-12,-7.684037939482957e-12,-1.3209744935330501e-11,-1.0411340675385929e-11,-1.552520982659376e-11,-8.247342728204947e-12,-1.4771090072742664e-10,-1.3327889478052417e-12,-3.664769336026768e-10,-2.4433028755982608e-11,-1.5064994649580668e-11,-4.3964666274939614e-10,-2.2851640268410015e-11,-1.2935569761764107e-11,-1.6983975077781495e-11,-2.7510094980252727e-11,-1.5390337398419412e-11,-1.1924957647097399e-10,-1.7756898612305664e-11,-1.9357599521681514e-11
Precious metal ores and concentrates,MX,0.0,0.0,0.0,0.0,0.0,0.0,0.0,0.0,0.0,0.0,0.0,0.0,0.0,0.0,0.0,0.0,0.0,0.0,0.0,0.0,0.0,0.0,0.0,0.0,0.0,0.0,0.0,0.0,0.0,0.0,0.0,0.0,0.0,0.0,-0.0,0.0,0.0,0.0,0.0,0.0,0.0,0.0,0.0,0.0,0.0,0.0,0.0,0.0,0.0,0.0
Precious metal ores and concentrates,NL,0.0,0.0,0.0,0.0,0.0,0.0,0.0,0.0,0.0,0.0,0.0,0.0,0.0,0.0,0.0,0.0,0.0,0.0,0.0,0.0,0.0,0.0,0.0,0.0,0.0,0.0,0.0,0.0,0.0,0.0,0.0,0.0,0.0,0.0,-0.0,0.0,0.0,0.0,0.0,0.0,0.0,0.0,0.0,0.0,0.0,0.0,0.0,0.0,0.0,0.0
Precious metal ores and concentrates,NO,0.0,0.0,0.0,0.0,0.0,0.0,0.0,0.0,0.0,0.0,0.0,0.0,0.0,0.0,0.0,0.0,0.0,0.0,0.0,0.0,0.0,0.0,0.0,0.0,0.0,0.0,0.0,0.0,0.0,0.0,0.0,0.0,0.0,0.0,-0.0,0.0,0.0,0.0,0.0,0.0,0.0,0.0,0.0,0.0,0.0,0.0,0.0,0.0,0.0,0.0
Precious metal ores and concentrates,PL,24.9683619243,-5.170625708842298e-05,-3.2766601540237805e-05,-7.41812661433945e-05,-1.647830684228303e-05,-0.00011246612763702098,-0.00020113616944722882,-5.310444803695793e-05,-0.00014696610086285865,-1.9235182210813872e-05,-5.2112545856234764e-05,-2.3134129289510805e-05,-3.268554072374034e-05,-6.484835689765447e-05,-6.68271875067994e-05,-1.1019098569276975e-05,-1.8752827627596677e-05,-0.0031270824169604096,-2.9663077433880048e-05,-0.0001532739997682199,-1.7096915980140875e-05,-3.718837671118563e-05,-0.0098074610485989,-2.2272551157768215e-05,-4.2163648513218166e-05,-0.00018059295844714102,-2.8670104020063496e-05,-6.448505345156218e-05,-1.753653665550803e-05,-1.6173445641134906e-06,-4.278413241253229e-06,-8.968332590067802e-06,-6.692905941202712e-06,-1.0808703010460015e-05,-3.0274150457987655e-06,-3.5256773631755862e-06,-2.2030303181796375e-06,-7.695938723250739e-07,-1.1826893108978693e-05,-3.0978692956313364e-05,-3.9883409861843044e-05,-1.1992228400027845e-05,-1.7019362974881716e-05,-6.979175358003832e-06,-2.808726671348624e-06,-5.906687998038461e-06,-3.035615746906802e-06,-0.000268272328768355,-4.858653610372718e-06,-6.008547810067e-06
Precious metal ores and concentrates,PT,185.993798699,-6.729755510449654e-05,-0.00010973878488930937,-9.432107841012589e-05,-4.633354519907145e-05,-6.376217778227733e-05,-0.00010785051458096306,-7.066063929194854e-05,-1.9722977834190692e-05,-0.000637001731288326,-6.443093064227973e-05,-9.323878588723787e-05,-7.112754833190653e-05,-3.143850285424139e-05,-3.238875868127355e-05,-4.234750171121106e-05,-4.841150138820613e-05,-3.6282197708895055e-05,-5.716978245834957e-05,-2.540444303112091e-05,-4.029212118805532e-05,-0.0001135112627547562,-8.180499565415917e-05,-0.008490102499966021,-7.947024577768459e-05,-1.8993341721608712e-05,-4.016565503534392e-05,-2.4365986189396315e-05,-5.966201598418704e-05,-3.843194309541988e-06,-1.0212887210257573e-05,-2.459717602649358e-05,-8.332722587784364e-06,-2.0542994193835426e-05,-6.9281385334338635e-06,-6.100291596639967e-06,-4.772729029105002e-06,-7.030643939140589e-07,-1.4378594581340067e-05,-5.311348533329516e-05,-4.9447532867587474e-05,-2.695748519702342e-05,-2.209664244677685e-05,-1.6007401603476966e-05,-8.975283594774569e-06,-8.234425389094012e-06,-6.950009189761039e-06,-3.89176823714041e-05,-8.894163055302553e-06,-8.344541829236294e-06
Precious metal ores and concentrates,RO,106.77320032,-3.416098792899759e-05,-5.3192367557319455e-05,-4.8863648220786824e-05,-5.452301309189663e-05,-3.2430675597303774e-05,-4.67056532466879e-05,-4.15836455586606e-05,-3.364407483002319e-05,-3.8690818846984045e-05,-0.00010174183218594063,-3.371116922376552e-05,-5.23538807815112e-05,-5.9671419415020636e-05,-7.681836876027135e-05,-1.8687772131122693e-05,-2.2342211879264124e-05,-7.501479449747372e-05,-2.82765792839822e-05,-4.682175149752148e-05,-1.5853300036168008e-05,-4.698399368411936e-05,-4.1639879757541555e-05,-6.307902723129481e-05,-9.635953176791542e-05,-4.436118813532303e-05,-2.640419253685905e-05,-3.813698980098937e-05,-3.4092837088104824e-05,-1.0029813462018747e-05,-5.1103364987316204e-05,-4.65375042879138e-05,-4.1351361484115466e-05,-0.00028550687673788936,-4.6848485809299096e-05,-0.0013768427390518831,-4.287254831065039e-05,-1.5505792948069504e-06,-0.00014198713709613517,-2.7716375122054323e-05,-0.000104941529797406,-1.709084538839105e-05,-1.5743457990258824e-05,-8.470849190676568e-05,-0.0002715943073588539,-0.00010586269700682587,-4.686085830010015e-05,-7.989105838067613e-05,-7.403015633978845e-05,-9.633373162494696e-05
Precious metal ores and concentrates,RU,241.242423672,-8.779779695235219e-05,-6.257265405268603e-05,-0.00018801562014389049,-0.0005607604017458848,-0.00017500840989910477,-9.442180705549293e-05,-8.167285898636638e-05,-0.001430333988792322,-3.3883591209051164e-05,-0.00022316047960319678,-4.112948274551859e-05,-0.0002904035247164422,-0.0007207704793343652,-0.00079104676177789,-4.6218783492971324e-05,-3.8601643670276576e-05,-0.009520020196575364,-5.838403686176722e-05,-0.006050438797458697,-2.8961144508744526e-05,-7.876114809078802e-05,-0.00018039337015263865,-3.781581699720764e-05,-0.00021564050312012983,-5.4491682765114266e-05,-0.00016564349876454959,-0.00037509175573316613,-6.771876612319672e-05,-6.629106185190843e-06,-3.148581371172051e-05,-4.049955490088956e-05,-5.6302821180352264e-05,-5.729488769793079e-05,-2.5215803955386928e-05,-1.7889789838733525e-05,-1.1785687867937625e-05,-3.774104737557427e-06,-2.720357581729168e-05,-6.748765366134203e-05,-0.00014347541912979807,-8.046833019572282e-05,-2.4815648629996345e-05,-3.180677364653703e-05,-1.1716092364855974e-05,-0.0005920047872706705,-2.522511006886013e-05,-0.00031864947350973495,-9.41738349019808e-06,-3.186455574944331e-05
Precious metal ores and concentrates,SE,3135.51774917,-0.00029026795148126057,-0.00035308945327056296,-0.0002960982649195597,-0.0003475540028489407,-0.00022859512354458442,-0.0005087107427599397,-0.004950014437135168,-0.0008127981814016393,-0.0002199125484021688,-0.005370745868932463,-0.0001994097841808588,-0.00022149997833739962,-0.00019613378249094221,-0.0001865118365536698,-0.0001698239807589136,-0.00010741070016023856,-0.004505946567800615,-0.0002113513999022466,-0.0005136361981151082,-0.00010593513031065155,-0.0004013667614208206,-0.0006622494284034285,-0.00026718705970856985,-0.00018474775373174813,-3.8248689952903963,-0.0001475004614395809,-0.0001901915285814476,-0.0003591436946560495,-2.0841728073110687e-05,-3.47849089255727e-05,-0.00010600237623144279,-0.0006402184191068448,-8.491608544748487e-05,-4.674902643708743e-05,-4.1090714173505397e-05,-2.8359644247990233e-05,-5.322565803994716e-05,-0.00036982807556552156,-0.00017760032260784352,-0.0003408250400049866,-0.00013548648423219973,-0.0033523249260068544,-7.00919885539849e-05,-3.9597294733353704e-05,-6.43940804339229e-05,-4.687099160147583e-05,-0.00019616586267031557,-2.485225316689187e-05,-9.078067171280057e-05
Precious metal ores and concentrates,SI,0.0,0.0,0.0,0.0,0.0,0.0,0.0,0.0,0.0,0.0,0.0,0.0,0.0,0.0,0.0,0.0,0.0,0.0,0.0,0.0,0.0,0.0,0.0,0.0,0.0,0.0,0.0,0.0,0.0,0.0,0.0,0.0,0.0,0.0,-0.0,0.0,0.0,0.0,0.0,0.0,0.0,0.0,0.0,0.0,0.0,0.0,0.0,0.0,0.0,0.0
Precious metal ores and concentrates,SK,517.889377846,-0.0029697285939240714,-0.0009957529063940177,-0.004154108931335062,-0.0006763630891496805,-1.8483335183186547,-0.0022227566913650765,-0.001178735845105465,-0.0007978201683171637,-0.0005076053809683975,-0.0005313300910043212,-0.000562814858940021,-0.025689282565011885,-0.0023309631707127375,-0.011109509379860836,-0.00040975503725874924,-0.0006278484017964841,-0.006196058840415603,-0.0007115714657161511,-0.0010187434090674476,-0.00040895289736292954,-0.0016242131719962577,-0.5863996675301764,-0.0007471893602886769,-0.003879349198270417,-0.0006138584314898757,-0.0009560937900965867,-0.0026612446316504144,-0.0005648170680355638,-3.655916596999988e-05,-9.269972813231439e-05,-0.0002928208574831071,-0.00013703912835876726,-0.00033716579642775404,-7.036319498935483e-05,-8.456577133943349e-05,-5.055012152349202e-05,-1.1121089673548363e-05,-0.00037392318768904325,-0.0009274323809344863,-0.0006674097599209125,-0.0007900122513818531,-0.0003481478537740043,-0.000570275221531949,-7.935831405914931e-05,-0.00019482184858046699,-7.061371332191802e-05,-0.11241824857930349,-7.305496323339518e-05,-0.0007288136546301394
Precious metal ores and concentrates,TR,4829.17290236,-0.007006713171385682,-0.00691944038486753,-0.024202757161449196,-0.010603818642486808,-0.007534171497442528,-0.009431693389291718,-0.006375701985608624,-0.007578384651561318,-0.00545447224071146,-0.009225234116620002,-0.0049674156282137364,-0.02518708601674617,-0.006795179891098937,-0.007874514514099554,-0.0034326851807130977,-0.007386662195256422,-0.005244687964500716,-0.004774615302434371,-0.0030421550026084525,-0.005630308746962782,-0.005798611789538953,-0.007927879214676976,-0.011812237118055244,-0.014599215758592344,-0.002660901751908286,-0.006107136763924173,-0.004743294667676101,-0.005323646706784622,-0.0005693745025802116,-0.0012509189590710359,-0.0032655658609583712,-0.001406438548992487,-0.0028565532001382263,-0.0010528855518810406,-0.004065833503617365,-0.0009484923902195315,-0.0005720006951768824,-0.006422061043835117,-0.005633216680756167,-3.3534660247486854,-0.002013931605284407,-0.001934525943624497,-0.0028470001955672067,-0.0012441499472313432,-0.04893682004890929,-0.0010543319018461895,-0.00796325639844565,-0.004353677234634976,-0.14892917086807272
Precious metal ores and concentrates,TW,973.36658665,-0.0010741617958140127,-0.0013394720302619771,-0.000877056525155432,-0.004162323635897701,-0.0009180004183171943,-0.0009549354133891753,-0.001064968132085478,-0.001639614205909452,-0.0007654159846062068,-0.001770404320478209,-0.0008680034493600722,-0.000946981723531416,-0.0012150649877431037,-0.0009119092340635307,-0.0017904032897138912,-0.0004323857412399325,-0.0007972086063590061,-0.0013317301175267975,-0.0021824425110612724,-0.0004963612041017088,-0.0014419680868468085,-0.0008288553557598663,-0.0011016166409365529,-0.0007227233631529122,-0.0007005043951770051,-0.0006380926475388962,-0.0014309586133595645,-0.001627203275098329,-0.0002743239601431537,-0.0016093173036866167,-0.000523649549455507,-0.0007949810508182413,-0.0023513497654394744,-0.0005770766437717858,-0.0002861378568668371,-0.00030143032179425167,-2.8471744556593343e-05,-0.0007313953560015422,-0.0008224698780071801,-0.0009092730961554656,-2.0471478046734237,-0.0004840024103410616,-0.010092265896168412,-0.00029401039464406334,-0.0008097558059879527,-0.0005770901535972256,-0.0009076928243142966,-0.00028190704839245863,-0.00032152532552060865
Precious metal ores and concentrates,US,31.3368776186,-0.00022145620709299223,-0.00015713797292385081,-9.635655911265294e-05,-5.7841750761993654e-05,-0.0002147264407926989,-0.0005235148399258933,-0.0003234356675363834,-5.305015902965635e-05,-9.590267902236955e-05,-0.0001464837891929547,-0.00011653156486293072,-0.00010566697668823097,-7.182649223094411e-05,-8.862715648766227e-05,-8.243619077586882e-05,-0.00010871360972993283,-6.608319216453973e-05,-0.0002075695471758207,-0.0003822693789049626,-7.415791524548881e-05,-0.000175556593133348,-0.00011507162529324512,-0.0001390378680777778,-8.793232522163628e-05,-9.144433125830583e-05,-8.749543842654075e-05,-5.963713752797276e-05,-0.000175724788342126,-0.0011455286666300602,-0.00014174875928994851,-0.00018057018212365704,-0.002671644574412139,-0.00025604052005924775,-0.0001747806290428782,-7.05828682337534e-05,-0.0009918738928375922,-4.076380947167684e-06,-0.00012912593524123142,-0.0001794149348066408,-0.00015564984701739405,-5.7053992723204467e-05,-7.411126852523029e-05,-6.418110711404982e-05,-3.89238259242686e-05,-0.00017019231245921247,-0.00017533151283778258,-9.630745900140744e-05,-3.585514410944909e-05,-0.00020073441290195099
Precious metal ores and concentrates,WA,670.312745154,-0.0004877291762646436,-0.0009481822240604738,-0.0004367607391859251,-0.0003906991381393188,-0.0003095547466887941,-0.0006419924917479304,-0.00044129049331458054,-0.000374484786091731,-0.0004535442126946319,-0.0005158289367451901,-0.0004946589441977329,-0.00404055496212844,-0.00040859984538084345,-0.00044673890060159576,-0.00030152451731687636,-0.0003654152104329001,-0.0003760074765818904,-0.00034157028961585785,-0.0008586252669995399,-0.00020646402628224,-0.0006626552659343298,-0.00030600112691609344,-0.0003730716600708678,-0.00024093364611982887,-0.00033077017346928763,-0.00028235113684534524,-0.00032849710768109106,-0.00046497373043633775,-0.00041411045920258495,-0.002982008619393396,-0.0015481219745601036,-0.0006163320377107594,-0.004964176127601629,-0.001660571339799368,-0.0010108159584015669,-0.0003184089960233454,-9.722548427105989e-05,-0.0019999637850057175,-0.00029159461704397456,-0.0010058454102919651,-0.0006600350983272653,-0.0001631968672535748,-0.0014294937306818252,-0.0005193942014078738,-0.02370667402658458,-0.0016597388633176236,-0.0010530782573594613,-0.0002258789454883829,-0.0030537589835089
Precious metal ores and concentrates,WE,315.463972882,-0.0004686893455437958,-0.00016208026608935546,-0.0025520761490025034,-0.0001136594920143181,-0.0010293548349513241,-0.0003342195225614282,-0.0003010776893383246,-0.004323900958065776,-0.0001452709538413021,-0.0003083670609076074,-0.00012099022455504186,-0.002705551375300959,-0.0061303048566958875,-0.006711447356085107,-6.784005569359122e-05,-0.000329307261434642,-0.0011304374202838231,-0.0001880249543182649,-0.0025468844750698803,-0.00013671321388082064,-0.00017255916268938554,-0.001065109740170381,-0.0002596156125733184,-0.0018394079804995814,-0.0001697008533613715,-0.0013279625222309271,-0.0031194989337985537,-0.00010183066324580996,-1.0094176198739894e-05,-2.1599566366205207e-05,-5.318084715392269e-05,-4.983969743610894e-05,-4.915363156982829e-05,-3.405245891571186e-05,-6.914244418225329e-05,-2.3793043663106223e-05,-2.129556360281408e-05,-8.807097044792353e-05,-0.00036342326472171653,-0.0003172293621887057,-5.9248022726592065e-05,-7.225103944890584e-05,-8.560691583117895e-05,-3.121988832363584e-05,-0.0003344842794215934,-3.4001849948598924e-05,-0.006978603260576832,-2.785957708523717e-05,-0.0001751763604297652
Precious metal ores and concentrates,WF,0.0,0.0,0.0,0.0,0.0,0.0,0.0,0.0,0.0,0.0,0.0,0.0,0.0,0.0,0.0,0.0,0.0,0.0,0.0,0.0,0.0,0.0,0.0,0.0,0.0,0.0,0.0,0.0,0.0,0.0,0.0,0.0,0.0,0.0,-0.0,0.0,0.0,0.0,0.0,0.0,0.0,0.0,0.0,0.0,0.0,0.0,0.0,0.0,0.0,0.0
Precious metal ores and concentrates,WL,0.0,0.0,0.0,0.0,0.0,0.0,0.0,0.0,0.0,0.0,0.0,0.0,0.0,0.0,0.0,0.0,0.0,0.0,0.0,0.0,0.0,0.0,0.0,0.0,0.0,0.0,0.0,0.0,0.0,0.0,0.0,0.0,0.0,0.0,-0.0,0.0,0.0,0.0,0.0,0.0,0.0,0.0,0.0,0.0,0.0,0.0,0.0,0.0,0.0,0.0
Precious metal ores and concentrates,WM,0.0,0.0,0.0,0.0,0.0,0.0,0.0,0.0,0.0,0.0,0.0,0.0,0.0,0.0,0.0,0.0,0.0,0.0,0.0,0.0,0.0,0.0,0.0,0.0,0.0,0.0,0.0,0.0,0.0,0.0,0.0,0.0,0.0,0.0,-0.0,0.0,0.0,0.0,0.0,0.0,0.0,0.0,0.0,0.0,0.0,0.0,0.0,0.0,0.0,0.0
Precious metal ores and concentrates,ZA,340.878886207,-4.495227760502727e-05,-4.496309913384925e-05,-4.7859491562023206e-05,-0.00012015699756521013,-3.186725562838085e-05,-4.79105421466264e-05,-4.004236071753503e-05,-3.14254689142179e-05,-2.460934894863679e-05,-7.969227328527198e-05,-2.9774025171337196e-05,-5.388643603251567e-05,-4.6776843633528766e-05,-3.2859456160047186e-05,-5.117060227209656e-05,-2.211253095476139e-05,-2.5049878878339348e-05,-3.894212375792018e-05,-4.749603414222398e-05,-1.5268687923195578e-05,-4.963122891810799e-05,-3.0352243426041026e-05,-3.9793524141904524e-05,-3.062058266688122e-05,-2.4759444987482437e-05,-2.1681882381149973e-05,-5.8459388471106e-05,-6.536222031251343e-05,-4.933177565874803e-06,-1.4977138111469961e-05,-2.2650832703956293e-05,-5.196602077163147e-05,-3.499749267273695e-05,-1.6086393433205643e-05,-1.9613247258757418e-05,-1.1432272332865487e-05,-1.3126681014851133e-06,-5.7132454454099374e-05,-2.4706278054952557e-05,-4.446583962898573e-05,-0.00015444276388621334,-1.836665435884091e-05,-0.00013134543414053748,-0.007189561379413487,-3.275532150374193e-05,-1.6329619001206597e-05,-3.174527691266909e-05,-0.00022125972769494124,-0.0003635675818455623
Precious metals,AT,1310.99891233,-0.1447693329504943,-0.0017027318716905668,-0.0029865334153780926,-0.0017260428509084662,-0.021038151191650444,-0.0139392378142057,-0.002571026366358668,-0.0017064355463189296,-0.0005173000924718947,-0.0010951001609617681,-0.000939423177922352,-0.001606961686663974,-0.00526824661139144,-0.05086002684708264,-0.0006205614626948236,-0.000905210311968501,-0.0017977026259455846,-0.0015719189160497407,-0.002184128332129935,-0.0008129118231823654,-0.0017306429962425903,-0.005162314945083493,-0.0007398760498989839,-0.0068001200010506385,-0.000710550110978592,-0.03382509519156308,-0.006883345741744334,-0.0009005434774997227,-0.00010153261726562577,-0.00018661893066903104,-0.00023953180210993492,-0.0003029789715829784,-0.0004477884275713733,-0.00028073722067162245,-0.0002138468566870583,-0.00018973352103047398,-2.1966357718151188e-05,-0.0004325007351327926,-0.009473475651564839,-0.0010355136634451667,-0.0012069365232938334,-0.0006376534841393813,-0.0007051589766328375,-0.00023243992123253148,-0.0003694427818801948,-0.000280689300090197,-0.0027432790528422292,-0.000178077198411102,-0.0002636321472387013
Precious metals,AU,9245.89735332,-0.0591501096315307,-0.05745537462396462,-0.057497368693030404,-0.05452732732222482,-0.06298929547722658,-0.1044714566828653,-0.05803138196973321,-0.05708583390842579,-0.03419778060333211,-0.10943520519136091,-0.041633268714231925,-0.19631009296769314,-0.041255110167014976,-0.039285969652066405,-0.04931036913531104,-0.07050249111053337,-0.6463635296742329,-0.04565011788414611,-0.05543542493539612,-0.05520574550736285,-0.06448343069309899,-0.9748022005748638,-0.03956201228064555,-0.0427528001269085,-0.092833827527024,-0.05151211492167434,-0.04131759515962356,-0.06794537174702897,-0.01190136954018003,-0.05824484404095813,-0.09499277579812478,-0.03084745845209438,-0.13345877307271178,-0.037623900455974,-0.04400754199386346,-0.021025130111089297,-0.004967294664283034,-71.24376755531239,-0.04800218110971521,-0.06867745567305995,-0.05972906490707987,-0.0229020812356407,-0.0701132049336663,-0.028966571454593852,-0.19957346959118316,-0.037601898706924965,-0.08017143803719919,-0.017197397003138958,-0.4512747477384132
Precious metals,BE,10282.2660523,-0.13037484247550196,-4.726957820647401,-0.3819522328218127,-0.06182019596756257,-1.0685296913533318,-0.3810211774664304,-0.2016985619037456,-0.06892648198374604,-0.10443960322903238,-0.177574915114922,-0.27103915536098167,-0.10487701439202927,-0.0630347330288522,-0.07046866277172734,-0.057846481379900554,-0.08671459385592949,-0.08932779461822432,-0.20168751452946576,-0.09235625804454667,-0.06868977723395922,-1.2753132277299244,-0.44301534970790185,-0.11391987700908325,-0.09247154142854763,-0.25206673342091523,-0.07142846548006579,-0.058732639993397964,-0.14886338515795655,-0.009464463599540989,-0.021736507117833218,-0.027565671076128572,-0.024128190536160273,-0.04522195410550045,-0.16084198018949744,-0.012665156490274134,-0.011787980300614901,-0.0018990967138208072,-0.04910612148899093,-0.11903086630604734,-0.1098195200110368,-0.05637222455456801,-0.06730137519182952,-0.02239384804248188,-0.02680274865697871,-0.02579276576845864,-0.16080963711794963,-0.14334689902465364,-0.01572234153397788,-0.03358387399127427
Precious metals,BG,17.6032509754,-3.2423308336383e-05,-0.00021016164135686125,-0.019171256743528004,-0.0003836664515672933,-0.00013201707206253626,-2.476338586965705e-05,-2.0754908151387843e-05,-5.018138446410358e-05,-9.129577118435582e-06,-3.704042726967298e-05,-1.2634305315452965e-05,-0.0007891299787609902,-0.000303893886632459,-9.986322450576226e-05,-2.089041945708191e-05,-4.699847902882378e-05,-4.1569080455463426e-05,-1.7011303846417357e-05,-4.483804588336083e-05,-9.711589897799347e-06,-2.928501741545969e-05,-4.608337396074974e-05,-1.2393926099461713e-05,-0.0012245712086405792,-1.672807275333156e-05,-8.211634470728023e-05,-8.662024549590478e-05,-2.6733059583525122e-05,-1.7082612044026946e-06,-3.3865678206173363e-06,-4.358939282614367e-06,-9.574834192505793e-06,-1.4219187462736302e-05,-3.6522806314489536e-06,-8.727813334336756e-06,-3.137779238995516e-06,-9.8357343330711e-07,-1.0638486475289533e-05,-1.5204663743240189e-05,-0.0006410592015853321,-0.00013957812467554152,-1.0129827423540726e-05,-6.122023247448218e-05,-5.680289877561917e-06,-2.561683347102144e-05,-3.661372340097807e-06,-0.0006000376841671949,-6.575208427323227e-06,-2.9581220094418856e-05
Precious metals,BR,2538.59989948,-0.0029250519790091026,-0.007327723578085776,-0.01664200732166468,-0.0019665852244431727,-0.0035648484613768246,-0.0067567563592381506,-0.0035639604748190393,-0.0009898684058987767,-0.0023620727175275827,-0.0028799803158401026,-0.0020119448915887506,-0.002569010089343592,-0.0016844234116559467,-0.0017308055551577119,-0.001164804769923493,-0.0020283079616835666,-0.0016893483183032013,-0.0022590602519015034,-0.0018028854483516338,-0.0017010808312473383,-0.0040844108497086985,-0.002263275474172703,-0.002894800202617791,-0.002341336100938097,-0.04856921836566149,-0.0017785061063158557,-0.0011360375793520367,-0.0020320779137449068,-0.0017953125004003545,-0.0017012220197540934,-0.00300051315038562,-0.005492824540363767,-0.003028946219304841,-4.371050646318024,-0.0009494891874633645,-0.0042798868006202005,-7.452876980675488e-05,-0.035317521774399604,-0.0022404672071852844,-0.005047725575791482,-0.0009930684533141375,-0.001072763851955898,-0.0012917314457509361,-0.0010444040186441106,-0.0024783002621648685,-4.368648574183349,-0.0031403651972311784,-0.0011706735222486457,-0.012516207679095566
Precious metals,CA,1389.58918707,-0.006673887186307812,-0.026616145263704538,-0.07011680835508068,-0.004124323023533237,-0.011689103440596416,-0.013426475720016125,-0.006718002738771522,-0.0031695949042360124,-0.0046051363087555985,-0.009357116985041712,-0.005585706826711755,-0.006435861904475533,-0.00405423327728839,-0.0040374851655376725,-0.0036222499412146905,-0.019332530344621218,-0.017965276875729227,-0.004950325116737693,-0.011072948964057264,-0.01432900571750151,-0.011574319066253497,-0.028080982072374236,-0.004943294998280688,-0.02858723263559105,-0.09749660213665096,-0.011103638946460152,-0.002645029565656466,-0.005927634313393905,-0.02018598105012819,-0.005990952810930277,-0.005329266341334251,-0.14138886889109398,-0.01606934633117733,-0.3964415224395394,-0.001801642548663434,-0.03509940545712871,-0.00016607013467830845,-0.03722448921277007,-0.008892048290105092,-0.024882630649886526,-0.0020495051435650054,-0.0021428890464448287,-0.0026684125338168998,-0.004234341139406186,-0.003891843047406426,-0.39643003464577786,-0.009737654767041071,-0.002764071010215473,-0.006186015621031141
Precious metals,CH,6135.63657055,-3.3917032731326158,-0.3515982526084439,-0.3172816789542781,-0.09346537045738189,-0.6761976851025855,-1.6592561351419925,-0.17671830662618626,-0.7148863625324436,-0.14021398624077944,-8.169844963808298,-1.5961404089196918,-0.24192737287427474,-0.4187183715125517,-0.5283795882191058,-0.06592302230465134,-1.2053484031672939,-0.2886508378894816,-0.13391104976493173,-0.20360582459773863,-0.8847604714091453,-0.21795277110449254,-0.41550207614313855,-0.13234884927932816,-0.2403988595388457,-1.7469743037030805,-0.7615777525870184,-0.1955640434665055,-0.12800635444616798,-0.19256721582584488,-0.07475764123066957,-0.05863969901810376,-0.1669785991935491,-0.11138522518400096,-1.3798006064884956,-0.021100108266570706,-0.421837448309077,-0.09503618095588066,-0.2453374328344555,-0.49145578582529886,-1.6176887490882943,-0.06478063260707369,-0.08884891638979626,-0.09435667252760133,-0.044095614142520875,-0.07099412549202999,-1.38066786959322,-2.2118031511446277,-0.015627415135728365,-0.11587057947996213
Precious metals,CN,59049.8473805,-0.616972293294395,-0.3504393179881548,-1.0194150608794257,-0.12738387781175337,-0.29023637335897357,-0.5596292095140066,-0.2134652668222776,-0.19790944345456443,-0.5055052448579243,-1.37724669020772,-0.3734234808367262,-0.46316744129083576,-0.16560374012151272,-0.1893035166510413,-0.19590354057352521,-0.42646399471840657,-0.2840886637022437,-0.1809730526935647,-0.14144256655664975,-0.31068726583145406,-0.23179608088830028,-0.3704807104900691,-0.24039492887332684,-0.1982401201915688,-13.435980141909173,-0.2727560690913114,-0.10231006341822574,-0.46149651774443085,-0.2540479634333936,-7.255597899688432,-1.9514821455793363,-0.24324502863736092,-0.38226766283511526,-0.3963681591472483,-0.07108393705177879,-0.23226577926385547,-0.04592748765734018,-17.773732833806193,-0.22751957604746265,-5.875594950010074,-0.07749346916443757,-0.07993594989516724,-0.16888070539369976,-4.879613526900623,-0.6958047658912664,-0.39744258058815574,-0.5073152332598817,-0.11643805326661096,-0.6989122558912756
Precious metals,CY,15.0328152077,-6.211013784930336e-07,-9.969497196463621e-07,-2.2388944297484712e-06,-0.005562258603725185,-3.964073836167497e-07,-4.397602116185176e-07,-5.385145644858871e-07,-1.6569153869551682e-06,-2.1409622120904005e-07,-4.172771314719033e-07,-3.531624182204891e-07,-2.5536299165692816e-05,-1.7022787347573226e-06,-2.384588522061552e-06,-1.1158192857339783e-06,-1.788894005380351e-07,-4.133413380952325e-07,-5.684505958250304e-07,-6.892608174138912e-06,-1.5258106569869133e-07,-1.5710549695868383e-06,-7.13418963179248e-07,-3.1108971848761484e-07,-7.049647924004651e-07,-3.5705075854973966e-07,-2.1531289302601428e-06,-2.385590983708254e-06,-2.739075340000192e-06,-9.250758775760099e-08,-1.9883161692871781e-07,-1.5258696616459568e-07,-2.6069678780706955e-07,-2.3137514253486592e-07,-2.2613427349100466e-07,-1.68245448011085e-07,-2.3500125596422888e-07,-1.6718208574056362e-08,-1.005326897512738e-06,-2.249199638470041e-07,-4.972237650645502e-07,-8.378651906627052e-06,-3.076655566083521e-07,-3.9272379308331716e-07,-9.991368506987363e-08,-4.55671268188472e-07,-2.26636958457929e-07,-1.7126064282274565e-06,-6.948358550435137e-08,-4.2088380904869285e-07
Precious metals,CZ,857.31612956,-0.009317996219704992,-0.0025325759373860095,-0.010392620236546128,-0.0010884651938053217,-0.0293074278830906,-0.01234518456716049,-0.004591679969909596,-0.0023474800928760015,-0.0012944802036919567,-0.0029287388327539237,-0.0020378459158309123,-0.0018279907797053192,-0.004079169741002728,-0.007978694891006466,-0.0007658404234071993,-0.0013352896991905133,-0.007381657223748773,-0.0027761155057094344,-0.0013546594578237009,-0.0014258353626623538,-0.0028577767964531654,-0.028050949158242487,-0.0012860876422928,-0.004444974980120964,-0.0013828543999378268,-0.0026372745347510262,-0.010232868259079183,-0.0015027310555747737,-9.426574444116131e-05,-0.0003149907537921353,-0.00041953559156347725,-0.000351917093456626,-0.0007989774156186787,-0.00016438728424565061,-0.00015082334078039543,-0.000134562475234004,-3.17102384986586e-05,-0.00046509485293878404,-0.005057286223521893,-0.00278383471688954,-0.0013785831854099824,-0.001115160154405765,-0.0008042556783669873,-0.00018829086676748334,-0.0003632045736481669,-0.0001647552601588927,-0.015843515067324034,-0.00014919905211859723,-0.00020556224334521448
Precious metals,DE,2738.851212,-0.2703332439041874,-0.2741130199432496,-9.604652551575532,-0.1972430666885697,-0.5223779335889069,-2.0965923601741894,-0.7760355427072443,-0.04338423104129076,-0.024137352592413428,-0.09475867938344307,-0.07522477477776603,-0.363069258434976,-0.1684321552166797,-0.08239824518322043,-0.02269355786874774,-0.08656993999108403,-0.08513032894381371,-0.42055932297773585,-0.04528222641811689,-0.05084091042633242,-0.26123620472662445,-0.10379902208966782,-0.029398267001558825,-0.615954467788513,-30.006012166349862,-0.08773223716309418,-0.060074160328979935,-0.03569981007241625,-0.004233385847698657,-0.010717881524633186,-0.012626895832496812,-0.026534284436952865,-0.017849509945822878,-0.016279185266133363,-0.008160586115251264,-0.006419608939792581,-0.0015330442517211716,-3.191571130855963,-0.3535130349547417,-0.33683207457773606,-0.06630541486942355,-0.1474550760856292,-0.02082643363243851,-0.007269885165100458,-0.02658569056949606,-0.016290511807954187,-0.32416927691538494,-0.005792454537933592,-0.04031571432089071
Precious metals,DK,164.23697629,-0.0006035747704117042,-0.0006391486892418687,-0.0019738024851337697,-0.0003077735340963849,-0.0008450353074673987,-0.0016191186261159793,-0.0010753580447859516,-0.0015242277435376017,-0.00028764882176086947,-0.0024955396069084716,-0.00038047242143641314,-0.0007620230053369272,-0.001662987590810816,-0.0019027924779178806,-0.0004732841478339154,-0.0002048285809205641,-0.0014735739509549352,-0.0005434589782294418,-0.0011765537959114976,-0.00018714242380876668,-0.0014113723527532328,-0.001964155987150782,-0.0002580514364185345,-0.000517380380039925,-0.0031885781140891323,-0.0005722754958039911,-0.0007631838983003566,-0.0006996839113635146,-8.845990185804563e-05,-7.11971756305849e-05,-0.00015771263937300027,-0.00022453983350601028,-0.00010929181418937833,-7.210314915752515e-05,-5.996062487520129e-05,-7.852874656648928e-05,-2.1739895509031563e-05,-0.00012938348358270028,-0.0004368570055077043,-0.0005386959689482376,-0.00024681174043027286,-0.005751712529412736,-0.0001843124172942438,-9.58710102459192e-05,-0.00010488453676457869,-7.226350476910554e-05,-0.0008980855890783172,-0.000193960462952703,-0.00014235397576000777
Precious metals,EE,121.097917836,-3.658923884531008e-05,-4.5124898120731496e-05,-4.277106849973062e-05,-0.0001827047178577976,-3.140203726663493e-05,-3.457115241960606e-05,-3.438622906359227e-05,-0.0008598421661257299,-7.994225881531875e-06,-0.0013949693819987306,-1.7647504055422332e-05,-5.837868670946122e-05,-0.00010382376480366194,-8.870470247133213e-05,-4.526147766141394e-05,-9.604137380416311e-06,-0.00021807015232028654,-2.7630694987456566e-05,-0.0027480745505575055,-7.604035545758067e-06,-5.946307787729097e-05,-0.0003185983084958021,-1.2396298684356327e-05,-3.6042506593100055e-05,-8.457168564053511e-05,-2.6486961354124013e-05,-9.250729100638739e-05,-6.353611908594705e-05,-3.2689129230921383e-06,-3.969132884802904e-06,-3.5608807982069993e-06,-1.6066421807994933e-05,-1.527772746141436e-05,-7.569680969066284e-06,-5.977811426926407e-06,-8.234051533870578e-06,-2.801645659510889e-06,-3.2808923405065473e-05,-1.503084613782021e-05,-9.948598626207493e-06,-0.00019828562041188805,-1.9188093644195923e-05,-1.0345395883358815e-05,-1.0006163773387193e-05,-1.0666147145290387e-05,-7.589265801392976e-06,-5.190475709984995e-05,-8.891057596871239e-06,-6.6706586436773286e-06
Precious metals,ES,762.821242179,-0.0022682266267945277,-0.0033956123950529774,-0.0037369646197296393,-0.0006800425315824772,-0.002042468396316052,-0.003957264790543275,-0.0028314073866996187,-0.002107959791496862,-0.1265778496758448,-0.0018868504449757386,-0.008351453812688652,-0.0063872472699801645,-0.001873944107661065,-0.0018514455059024815,-0.0010706180221912718,-0.00253988844425866,-0.002324883328169089,-0.002159975808199374,-0.0015345676582068763,-0.0017407320953451127,-0.003759625476011559,-0.004366448073320656,-0.05175621423535204,-0.04715153110937013,-0.0011193055369574424,-0.0017282467431025859,-0.0018572065041246478,-0.0016325985398814916,-0.00013067097075832184,-0.00018430290829963577,-0.0004611001499775205,-0.0005408438865877033,-0.00041888134638485734,-0.0002752299588267531,-0.0001621343390580472,-0.0003796715327878325,-2.5304411869524824e-05,-0.0005015901479706163,-0.002294718224326139,-0.00460262341550639,-0.000694893487801492,-0.000858936784804566,-0.0003367837656288952,-0.0003066477581416246,-0.00043576292504225993,-0.00027558208437503535,-0.002071823547534339,-0.000643989765589696,-0.0008318904394712132
Precious metals,FI,293.471987238,-0.0005786905675674877,-0.0007063401790287327,-0.0003576979342720143,-0.0005090154536446714,-0.0004065345762206902,-0.0006376331926761876,-0.0009597899593351865,-0.04433883960776327,-0.00023640323570695912,-0.6632780694445689,-0.0003159081029413681,-0.0002808750488947245,-0.0005458773205522051,-0.00038136010235533744,-0.0005377103085758067,-0.00016804407464080155,-0.0014062248611619351,-0.0004466001257150497,-0.001273795947646431,-0.0001387543933827445,-0.0010035249661838252,-0.0007920436793332658,-0.000327116962717711,-0.00036784739944298073,-0.07174982797133923,-0.00022304661923717008,-0.0007182989245027682,-0.000821269745778369,-4.8733664425444014e-05,-8.10830586057039e-05,-0.00014884906021388252,-0.0035226177902877177,-0.00016593917801229917,-8.612263278314325e-05,-0.00010913617179536673,-8.063508886284902e-05,-0.007577675969486389,-0.0002110687191244985,-0.0002825500274573678,-0.00021184448903247382,-0.0018506781036293821,-0.002916584348153634,-0.00032509746427719297,-6.967086477082518e-05,-0.00014512719383995043,-8.638013358277734e-05,-0.0004543364915463153,-5.7934582351574784e-05,-0.0005422334905563767
Precious metals,FR,667.042604334,-0.004542736087865543,-0.043862644516088393,-0.0073098311833096905,-0.0012226335645731119,-0.004712418163352084,-0.010464111960094379,-0.00399467721900485,-0.0016614428338907407,-0.03266893674373339,-0.002905162329429472,-0.24578425679660848,-0.00248306219728011,-0.0023118586255619256,-0.002615524677505686,-0.0018732436936141508,-0.011833861639076544,-0.0024185959041288533,-0.054741364061540024,-0.0013620146922737652,-0.008012015138467516,-0.005462002590317904,-0.004361741578933238,-0.01167174758193817,-0.006149716254814018,-0.012743447515067027,-0.006204569103524645,-0.002156821323680632,-0.022507223449707705,-0.0002858978372999275,-0.0003947901791374925,-0.0007060639263587897,-0.0031461142837283557,-0.0006263725874415782,-0.0005221747105309717,-0.00036807719449131267,-0.00034288583741104846,-3.668423702046121e-05,-0.001738362936902415,-0.04950926272370795,-0.0030712052199687984,-0.0008101979645292752,-0.001204229040991794,-0.0004155549986812946,-0.0004998013867916586,-0.0006719204847859233,-0.0005237699620693816,-0.004185348155333868,-0.001032363156399654,-0.0008240483121781335
Precious metals,GB,3569.24010553,-0.03437939029052473,-0.24436036393383476,-0.0726838284468928,-0.0357525621923259,-0.12214341498701166,-0.05484697603441815,-0.04322121343074611,-0.04805863689103569,-0.03423850192095331,-0.47133201089160753,-0.08431351565125693,-0.023215525392855225,-0.016288847505232434,-0.019680022794390954,-0.9922101024462583,-0.04604261850085914,-0.10089849635199874,-0.3707161299257054,-0.018293996899844196,-0.03437335911350623,-0.20878490083179357,-0.14454247800818518,-0.03121591420036009,-0.025200280833506915,-3.994954012578364,-0.031005929504088595,-0.013979338795875875,-2.746890776608526,-0.0249746107839628,-0.013643303257620538,-0.010242508668991413,-0.02463802800357076,-0.02882661285279383,-0.15598589609728808,-0.01775630555357132,-0.0483016782447987,-0.005521483312049593,-0.08247110964076859,-0.027168501807381198,-0.43976893434056274,-0.0066187750708174365,-0.06842419315930004,-0.005415362793960905,-0.010885044317525178,-0.015566366228596824,-0.1560744022352569,-0.029931410758037437,-0.005001684598791146,-0.029425181585856698
Precious metals,GR,113.511517257,-0.000145908099870675,-0.00023959489644215134,-0.0018668952658608968,-0.0006696058835280587,-0.00012784914415225635,-0.00011255917105620044,-7.244464462834483e-05,-5.065566360011614e-05,-0.0001784393727550779,-8.613152684029691e-05,-0.0001001643390547309,-0.13517451056921123,-0.00015511624930849728,-0.005313720946817999,-4.089006317228914e-05,-0.0001582732432286622,-5.468248565446948e-05,-5.500754410742662e-05,-4.816452604497495e-05,-7.675232086802533e-05,-0.00013467972837321723,-7.936794907545737e-05,-0.00024086911855019906,-0.00033652280570632177,-2.8590950210691756e-05,-0.006056343215976187,-8.74496936695758e-05,-6.763538727963472e-05,-9.058891585253325e-06,-1.044692303390199e-05,-2.354185272122511e-05,-1.6612603292560053e-05,-7.086921502780303e-05,-1.4673292867939308e-05,-1.609303783586907e-05,-9.71336885509004e-06,-1.6851479146954887e-06,-2.186315368314641e-05,-7.37172642827472e-05,-0.00045888202217235377,-3.6078321044755256e-05,-2.3367932423064915e-05,-2.4823701514960487e-05,-0.00013420372476745477,-3.832632483136628e-05,-1.4703742055688087e-05,-0.004027876851241521,-1.5094186031678324e-05,-7.576852452595091e-05
Precious metals,HR,7.56314898611,-2.4103549142000684e-05,-7.81540126525844e-06,-4.008016885532274e-05,-1.771173774820766e-05,-1.615210772783493e-05,-9.419006085046405e-06,-7.475538339782923e-06,-6.588791020559054e-06,-2.0821975269831087e-06,-7.276743317826699e-06,-3.749696790269361e-06,-4.0805491233482046e-05,-0.00010345293357034429,-7.92110818460076e-05,-4.8176272621304315e-06,-3.5250262874047796e-06,-9.229394936572214e-06,-5.249830221664844e-06,-1.3107776398600414e-05,-2.1478727812813522e-06,-8.763819015446834e-06,-1.3507027630627224e-05,-2.7740572174587835e-06,-2.831300134866952e-05,-4.678728317802613e-06,-1.7162148022338516e-05,-5.922896059001915e-05,-7.685339709468689e-06,-4.7394911307620665e-07,-1.8749306301993793e-06,-1.6294183544466402e-06,-1.6938792536502606e-06,-3.724394100054884e-06,-1.6552299307653823e-06,-3.355308291005591e-06,-7.516961669476826e-07,-4.006667541099581e-07,-4.048549979395647e-06,-6.094274536980029e-06,-3.6390022228573956e-06,-1.8286303470992453e-05,-2.633557797211587e-06,-3.7556369448058183e-06,-1.141186035534207e-06,-7.104910718103551e-06,-1.6561786093671514e-06,-0.000464820650990114,-1.0079968208298124e-06,-3.175294285320428e-06
Precious metals,HU,6.69334961244,-0.0002168869440086292,-2.864674106816181e-05,-6.392015899162528e-05,-2.121844490620928e-05,-6.526774747136792e-05,-6.125022061848045e-05,-4.064549032346034e-05,-1.851649408078831e-05,-7.380837351166887e-06,-1.1302358318862408e-05,-1.0746850647133707e-05,-3.904502551684488e-05,-0.0005574835246398409,-9.386625041161988e-05,-8.078580519961566e-06,-8.596181437855148e-06,-2.750456100257213e-05,-2.105823556941406e-05,-2.51826808819608e-05,-7.4933080994495345e-06,-4.770636761602892e-05,-6.203248932814099e-05,-8.327843510084958e-06,-0.0009217467726903352,-7.536964741690117e-06,-3.5653545107475386e-05,-0.0010857609507830533,-1.1152659198655657e-05,-1.622584385876149e-06,-3.422006297097253e-06,-4.803356403905854e-06,-5.480412684061432e-06,-7.2447226383463344e-06,-2.984554366724332e-06,-3.065387946810568e-06,-1.8983237416264625e-06,-4.1644244254742046e-07,-4.277414926873986e-06,-2.583480298838459e-05,-1.2333961718434476e-05,-1.4218903720305617e-05,-1.1052132861517254e-05,-7.813895447368292e-06,-2.754292720536777e-06,-8.70930227869671e-06,-2.9882034085752697e-06,-0.00016112652232080354,-4.075359718577604e-06,-5.007727239206287e-06
Precious metals,ID,2029.20706901,-0.0015559633483705848,-0.001974345237627344,-0.0017827841273635335,-0.00356243631439891,-0.0012215553479123407,-0.0020062799981163866,-0.0014827734429344766,-0.0009220819176809205,-0.001091872277873087,-0.001978230706559408,-0.001444715834176477,-0.00741574416596151,-0.0012172859559019368,-0.0010851333468628044,-0.0012819027247596947,-0.0010681098846150653,-0.0009352213686015332,-0.0013216858950029862,-0.002049051328579954,-0.0008437361201193194,-0.0018014656807603417,-0.0012073461694569459,-0.001121758400339927,-0.0009458895268598429,-0.006566652510096402,-0.0009475530273985796,-0.0012693167644926872,-0.002114992321277417,-0.0005874141515571355,-0.009377533662190015,-0.005331798967415374,-0.001256487318667586,-0.007440296730525576,-0.0015192149532759118,-0.0028568133882006033,-0.0007754021626677252,-0.00015142222308831444,-0.054290876806938525,-0.0011131704897449396,-0.003851663433259936,-0.0024241002013251807,-0.0005542915346025894,-0.4819557271699894,-0.0024395493841252703,-0.009782295385386832,-0.0015195874631897504,-0.0012677339834810506,-0.000534351528677616,-0.0053672307699246325
Precious metals,IE,68.9542085892,-0.000837137512604737,-0.0016667194968095335,-0.004992135573980561,-0.0007756087834038344,-0.0011685849548495853,-0.0022856904311513025,-0.0013282159043396498,-0.00042039809844789854,-0.0008331868041841476,-0.0008707031449800968,-0.0009447075157109621,-0.0007617560548429467,-0.0004993793775656185,-0.0005163616585754173,-0.002851871874665708,-0.0007807193908501163,-0.0005150884068788884,-0.0016312571487335282,-0.0005410486501080405,-0.0006052540094614804,-0.0023193421159415327,-0.0008966412099080535,-0.0013120499786524382,-0.0009831608056107867,-0.01545085013282245,-0.0005951901672580602,-0.0003380139595144042,-0.07839544101277801,-0.00023724503482768397,-0.0001613984167662784,-0.0001857895807859887,-0.00042075751619776103,-0.00034689819738447275,-0.00017968597392573502,-8.474737710627808e-05,-0.00017736491695388414,-1.1107848110142446e-05,-0.001796648814040373,-0.0007700830020794456,-0.0012237106869713384,-0.00019615091845050814,-0.0005377268926254319,-0.00022886135698250133,-0.0003559952486615774,-0.00028511434284322413,-0.0001802685733354482,-0.001200817289481674,-0.0002123578138807038,-0.0006298700813718021
Precious metals,IN,18655.6269371,-0.011916775586497194,-0.014311941201406615,-0.012695150460568256,-0.024562940283665863,-0.006924996542102282,-0.013409565717906326,-0.007216434502429768,-0.0053927607067857375,-0.0070182462550127675,-0.020096419660660003,-0.008011424464049384,-0.011037992408289829,-0.0051708037243508335,-0.006168608361852657,-0.009250345306689474,-0.008473649479773079,-0.004892274348601687,-0.006939521875965916,-0.005933461014426822,-0.005935002011879081,-0.011663130936925495,-0.006302648431623281,-0.007914158840036293,-0.005363146121409825,-0.04731445826071507,-0.006190594829528396,-0.0035551050297434397,-0.020479167466298215,-0.004948502142273244,-0.01746731492021914,-0.012519421183475968,-0.008027189326105952,-0.023010740907541887,-0.07854825756498224,-0.3220366850916252,-0.011903458231762589,-0.0005412186482866847,-0.2154205832232294,-0.005694915338559684,-0.07571865059714976,-0.00294364872175183,-0.0027813868944627585,-0.007054786334743486,-0.05289674004300043,-0.040082545965731096,-0.07853945672601613,-0.010581735495866317,-0.010960298302510066,-0.04816977590430677
Precious metals,IT,8401.87618475,-0.2335232831640409,-0.13772599110772296,-0.251478595303883,-0.02900107529514776,-0.5047598559123271,-0.24572014300571027,-0.06630913455975915,-0.033576411982757515,-0.11822933741313033,-0.056003724643751106,-0.2529693015340568,-0.16508995391184833,-0.08783176398894274,-0.10428892886661573,-0.01797585320324704,-3.2083188538682177,-0.04996812830488417,-0.04893407685209176,-0.035518963800432166,-2.3551866461353783,-0.10753555978006692,-0.09106155641942609,-0.09237223029637301,-0.1236004393943229,-0.03810118923941996,-1.5881800747935306,-0.05203797563288416,-0.03578104471560987,-0.0070701739115815706,-0.010931325553547401,-0.012135392513680314,-0.011409150180212496,-0.025303880370515303,-0.018357846876513255,-0.007031054776019451,-0.008774922667540638,-0.0009237962936750572,-0.023510585883442185,-1.0212317208552846,-0.12625571026222773,-0.009825048158759914,-0.019284720660604694,-0.007816067735643856,-0.019589101134309048,-0.021442469439577543,-0.01838567532799973,-0.6851549274780354,-0.008248290989786857,-0.02724221954961444
Precious metals,JP,3694.90205766,-0.04459718061133334,-0.07807621203202998,-0.03063081136420216,-0.03056568199502296,-0.039833734628741645,-0.04778107866656361,-0.032017418356123546,-0.025720341620857963,-0.021153297260893857,-0.06866248612574259,-0.02668558220999491,-0.07073007069050048,-0.03437200513541426,-0.03122839277626974,-0.030081812659974817,-0.019952020536269533,-0.021615449132090337,-0.02795900940092699,-0.04642357872257061,-0.014727267555986008,-0.04674461336260188,-0.02814280744152668,-0.01938133670309683,-0.0215823472802027,-0.030115445281170394,-0.019946218582678345,-0.03451588141673312,-0.04185736374961993,-0.015358093058254127,-48.04698655440253,-0.08972701390463722,-0.17305447314986144,-0.1427715235976625,-0.052297157479240554,-0.019410147939215153,-0.018526378697917543,-0.0023863378208631458,-5.0127549094467465,-0.02122605833928442,-0.027597105664112102,-0.06793605853123623,-0.013464804148676237,-0.06944587777799364,-0.014034866079046027,-0.1301835979545829,-0.05261450043278107,-0.03550383954015967,-0.012259252547825082,-0.16905074661014513
Precious metals,KR,7649.50161546,-0.03234362274504802,-0.2556931622385236,-0.21972593616164188,-0.022773732502702145,-0.0755520274992222,-0.08254474181688672,-0.06095086745264509,-0.02091272600374201,-0.021396233147374974,-0.045905343273119896,-0.03270083056544335,-0.04137384664929991,-0.022256063292738992,-0.018251479041039013,-0.015870301706606353,-0.026811086044371178,-0.034542428183202016,-0.03039504299655651,-0.02327682895021984,-0.01846444585729526,-0.09355128176161552,-0.05585893675230967,-0.022756598224639293,-0.029123748671025525,-0.6431099585213218,-0.019048966409141384,-0.020990018350923245,-0.029398703227729174,-0.036410603937931316,-0.30623851282366243,-0.04016787184255343,-0.038100692646812345,-2.423984774381504,-0.045451252982747783,-0.011650571971721193,-0.032236275841735225,-0.0014508688603133075,-4.750830415600036,-0.025689278120749073,-0.19354456400858908,-0.013392222953445599,-0.012632416141917516,-0.049099174688258,-0.04530253209103435,-0.07656922966819771,-0.045553229260283615,-0.03184398833311233,-0.006605914276803155,-0.08533035765942006
Precious metals,LT,0.220341616749,-8.943969101328964e-07,-1.079733034965579e-06,-1.4787831344400215e-06,-1.2089799572645712e-06,-1.7543716879909267e-06,-1.1680503266122275e-06,-9.502628913592628e-07,-0.00011610250785011837,-4.516438100569808e-07,-2.157780905394317e-06,-2.6937975052969427e-06,-1.286771777611601e-06,-2.7740154895315274e-06,-2.8560849025635028e-06,-5.877878609927311e-07,-2.846060257224933e-07,-1.6370291950992472e-05,-8.605590415489029e-07,-0.00033388598618383335,-2.418082857791214e-07,-1.0659629827534885e-06,-2.56283025717459e-05,-4.516123196490063e-07,-1.1001216223896658e-06,-8.681528816294899e-06,-8.030122822090257e-07,-1.7510716849386752e-06,-9.563249318853355e-07,-6.225397668639405e-08,-1.1951048467247904e-07,-1.6279695414163038e-07,-5.654133313345012e-07,-2.478466554219326e-07,-1.040007855702977e-07,-1.5005957188187767e-07,-1.1698025853985317e-07,-3.735251769965802e-07,-4.293520722631046e-07,-7.252486443830222e-07,-4.238685501340219e-07,-1.727300189400243e-06,-4.328351730362058e-07,-5.514332224181962e-07,-1.452240463773445e-07,-3.532047611096418e-07,-1.0433433573941753e-07,-1.7452922693156952e-06,-1.814619388044602e-07,-1.947582164698026e-07
Precious metals,LU,90.9297652645,-0.008376753181559388,-0.019041151391452408,-0.014796365017714991,-0.0012198360996907877,-0.0050983246036058446,-0.01587833375939173,-0.012820853404046324,-0.027888502631479063,-0.003076008235040697,-0.005611574799222506,-0.011142541861242349,-0.0024578590510213,-0.004321948605280627,-0.003981145918223322,-0.0032205130339559764,-0.0015792873643538298,-0.006383511958624713,-0.005864671937880132,-0.0014775931475335487,-0.0012046127078175163,-0.04830250110795193,-0.0036703349089938437,-0.003177618684118575,-0.002115030009002951,-0.005435549132225375,-0.0023134359984772874,-0.004918082386524556,-0.007070485978942128,-0.00020368353731872027,-0.0007136504506411284,-0.00045603636441950255,-0.00045143222774722525,-0.0014917620753118082,-0.000440082711261811,-0.0002633863057813681,-0.0003260266276126404,-5.8618205783272076e-05,-0.0010845472785618337,-0.004641134697758204,-0.002502453669648585,-0.0006920216122076551,-0.004667780133568522,-0.0005829205798782741,-0.0027798864464858033,-0.0005755532350318663,-0.00044075371294356177,-0.002034415610667561,-0.0005802902549326413,-0.0005431910017183527
Precious metals,LV,38.1697567086,-1.6170118539933196e-06,-2.797678671785215e-06,-2.3877425018369244e-06,-9.052390647017551e-06,-1.5376965908119122e-06,-1.2327206405987074e-06,-1.5191573262623195e-06,-0.0035202943538068087,-4.466356483870857e-07,-3.215740896971117e-06,-9.353316754835446e-07,-3.905515272741091e-06,-7.195521901886283e-06,-6.132566889231241e-06,-3.5493901518287423e-06,-3.694343993815789e-07,-0.00043487469855729325,-1.726596183794267e-06,-0.19833985731421772,-3.1145816660830283e-07,-3.7965771225464815e-06,-1.712313897752194e-05,-6.175393052328349e-07,-2.2679103099882324e-06,-6.660719802515629e-06,-1.6535396641988423e-06,-6.364798653456078e-06,-6.0728875005227505e-06,-1.7587176647077014e-07,-2.914404999537548e-07,-2.5195766678031094e-07,-5.285948998273726e-07,-4.659496519079206e-07,-2.946728537318952e-07,-3.117188306327941e-07,-5.319883994940408e-07,-2.849799428744831e-07,-2.367853618754863e-06,-6.493448135890155e-07,-4.997907554700505e-07,-1.9815096538878385e-05,-1.0503089565199633e-06,-8.982336589704832e-07,-5.62939063601286e-07,-1.7922740269626703e-06,-2.9639676672768013e-07,-4.4085978556422805e-06,-4.32813959910947e-07,-6.351003516185789e-07
Precious metals,MT,0.28439247241,-3.886927718398523e-07,-1.102350105443332e-07,-1.4441448810998102e-07,-2.4352933835510886e-06,-1.243978369516675e-07,-1.5090015068519645e-07,-6.939618371414045e-08,-1.011275378463078e-07,-2.3864520809267978e-08,-5.55693299063606e-08,-1.2213128832070934e-07,-2.930042242344195e-07,-9.94241903039961e-07,-4.835866791535019e-07,-1.8079117866964308e-07,-2.9204288348440175e-08,-4.060884919966521e-08,-9.332684301520648e-08,-4.043107615819936e-07,-2.5004558644646428e-08,-1.52807247603803e-07,-6.474762699002483e-08,-3.419069709214988e-08,-2.776532973435606e-07,-9.207190882234216e-08,-1.2792071165987883e-07,-1.3771157244279661e-06,-3.573668370111964e-07,-6.772756741488477e-09,-1.6922830762125095e-08,-1.3392999351447146e-08,-2.095628160461209e-08,-2.394465933582578e-08,-2.2743583675349256e-08,-1.2566264768025408e-08,-5.0927432434150544e-08,-2.1830673090440044e-09,-1.0439449613607668e-07,-4.855581136938521e-08,-2.734211938411431e-08,-6.205319415372431e-06,-1.605150127029855e-07,-5.7959837239433684e-08,-1.4149884983147033e-08,-6.286194837078209e-08,-2.263780506857209e-08,-3.139116367937746e-07,-1.4950074329814862e-08,-2.2543138572606322e-08
Precious metals,MX,23890.6882079,-0.08722049786785091,-0.0640196416140507,-0.06277962280161352,-0.05065509706808075,-0.05868757872002765,-0.11167147784957823,-0.07378921431314442,-0.05764101583035899,-0.0854741821527328,-0.11060210487702796,-0.0512685455952959,-0.041593502465415225,-0.05196794039481914,-0.05471428517982012,-0.034332192125883634,-0.05512013143312312,-0.046292178480506214,-0.05130410891373592,-0.04428976781745294,-0.040878596598159844,-0.0659171952189959,-0.05222012793115969,-0.12107619470298749,-0.054686722074280214,-0.054462433404428655,-0.04560107535310414,-0.04509934729779123,-0.056373227018381905,-0.19792561370446138,-0.07198002906493328,-0.16797709365252364,-0.2506096078154042,-0.1273453154527965,-0.04486345798561384,-0.02353790476264426,-4.276856402226935,-0.0024191909009324943,-0.052251281025418796,-0.05196977197665824,-0.04892754749118282,-0.03184152520082359,-0.024342160512429,-0.07055693376686104,-0.014581429482028835,-0.06568352117738317,-0.06014967591834191,-0.040498108488809,-0.008824206850644715,-0.043897228798887196
Precious metals,NL,1716.07340896,-0.008691685912217945,-0.09021234845363939,-0.007715784114482295,-0.024964273293125956,-0.03454824423025746,-0.041094948513924354,-0.15080583034117226,-0.007432424384854283,-0.005483680963705098,-0.03538026697714999,-0.0062333201317512086,-0.0075829233690354915,-0.0061658933728160935,-0.005365600185528409,-0.007930048084598202,-0.003802204732979514,-0.006176760501527562,-0.0076598649531206256,-0.007124042509647352,-0.003197668992455335,-0.7166239818252793,-0.016933004890726744,-0.008434948476277846,-0.004910867866081881,-0.6706205263969377,-0.004108748594353909,-0.006114007937996459,-0.015647433486094216,-0.0009036909966255277,-0.0013984045143669787,-0.0035799188565686572,-0.003651774429726162,-0.0031649505361314974,-0.005656412142982114,-0.0013702944033577554,-0.0018168886746142347,-0.0004001597324586812,-0.002565691845261307,-0.005452679180993272,-0.04133616435745448,-0.002722861875482092,-0.06525274488562702,-0.004278754384637756,-0.001340694760959792,-0.006229081212607437,-0.005695598274570124,-0.007835745947803917,-0.0013936979072466664,-0.011517587781780227
Precious metals,NO,597.463772624,-0.0014445004015656206,-0.0015345258436939315,-0.0018962545676843479,-0.0017545891602405589,-0.0013670490205533142,-0.011114137152361779,-0.06166216963681556,-0.0038452183185800426,-0.0012476468207553437,-0.00871602045671354,-0.0007946847400201815,-0.0016358957931740924,-0.0032529325726618967,-0.0034025528564788615,-0.0015016471511828996,-0.000519103753771817,-0.002879006430996802,-0.0011605943724273668,-0.002975134800716061,-0.0004494194367967383,-0.016934428920148896,-0.0023561397814208327,-0.0013293648825102313,-0.0015188054674087183,-0.05374145688026066,-0.0010708592989837511,-0.0017923382682098368,-0.005690886230464961,-0.00015688234547400876,-0.0004235826734264217,-0.0004716742713491205,-0.0007049022264048224,-0.0008394486749585668,-0.0018095049230600218,-0.00025807864435578674,-0.0002645064570634159,-9.481101393627183e-05,-0.0011746055374376046,-0.0008067628306033054,-0.0012946355421074886,-0.001248384958186485,-0.0020011491937628203,-0.0010628290830757316,-0.0002065885067705081,-0.0005477736831491757,-0.0018097841915647515,-0.005269568882676902,-0.0002011925182804526,-0.0005681448983074216
Precious metals,PL,5361.44588861,-0.08777858773049638,-0.0626589813405109,-0.14315486466315344,-0.024072886419123307,-0.1745449840558065,-0.304262757723793,-0.08124827861005222,-0.15138610504390007,-0.03605914526968278,-0.09786859903237505,-0.04902322202800421,-0.048268418417199616,-0.08452573361763091,-0.0811867596495266,-0.013907104118640672,-0.1596957391812679,-4.027981862725348,-0.04452218837513957,-0.12082004995813796,-0.12767690326559394,-0.06296607105996702,-6.097920469676488,-0.030275607197752134,-0.07822662042742186,-0.23988254652051377,-0.11050796240217828,-0.08469562546474102,-0.0281722721523916,-0.0020871162376676355,-0.005269120302673026,-0.010572983322808326,-0.00577637014187996,-0.01867448101927365,-0.0050809951174714835,-0.004456257066888478,-0.0026828197090875113,-0.0011005655118336783,-0.010698602477680553,-0.08949838804659042,-0.056488002958572384,-0.011265142861644588,-0.02890503378105968,-0.00681289746564294,-0.003878566498165075,-0.008276918031785567,-0.0050918634941565085,-0.30862439422346233,-0.0038583883764334386,-0.008115035476667072
Precious metals,PT,636.88649467,-0.0004528509231282281,-0.0007743439230720124,-0.00029688839151802073,-0.0002909830140966143,-0.00019916079181301024,-0.00045188640436183045,-0.00033943217969570767,-0.0001424290389437367,-0.016015441878093915,-0.00021326378823767882,-0.0005985247511659373,-0.0005054439958611651,-0.0001582293306409666,-0.0002612578760039575,-0.00011429117497845976,-0.0002792225412872321,-0.0001411328002844164,-0.00020764535687928278,-0.00018736994720620518,-0.00014847732574234143,-0.0008329285653419242,-0.00018599001472948526,-0.12431307377938829,-0.0002607280176724678,-9.356804071409289e-05,-0.00023053502341973366,-0.00013401726840458504,-0.00019297883775719845,-2.0720702992342335e-05,-3.58880136201465e-05,-4.9316663410964415e-05,-7.186703292293401e-05,-0.00019054755277518416,-0.00013093072077326726,-3.998451644487235e-05,-3.037186378122368e-05,-3.4765977134498363e-06,-5.480936507708728e-05,-0.00021075541902509768,-0.0003403223633034117,-0.00013109800282726797,-0.00011522060284162564,-9.587662343461813e-05,-0.0012319075800289615,-9.544704328884292e-05,-0.00013095856740563208,-0.0003216663045463248,-8.19666044183255e-05,-0.0002623055021868905
Precious metals,RO,1.14052811302,-7.501650147252124e-05,-3.563953555912713e-05,-0.0005324951948806564,-0.00012957390774236252,-0.00010462372527368408,-5.0787377528153304e-05,-3.707937550305603e-05,-0.0001448645882613585,-2.349429156022281e-05,-3.7203174360763216e-05,-3.4739912789198305e-05,-0.00030003723110719346,-0.00041440976948512413,-0.0008556030338207538,-2.155610967429351e-05,-3.2643308395567654e-05,-5.6123778410707377e-05,-2.774749472327896e-05,-0.00015032733088258526,-2.334239813370131e-05,-4.126532288231501e-05,-7.77178791484851e-05,-2.972403224271554e-05,-0.001808700424304598,-5.433741622985589e-05,-0.0001044511894713459,-0.00022913399713199304,-3.141739300840307e-05,-2.9043062033046587e-06,-1.3921859902577318e-05,-1.3327729065217124e-05,-1.1591366908509342e-05,-8.91263415976062e-05,-5.793446797227165e-05,-0.00011606400194469506,-9.239713021007245e-06,-1.7416604878282728e-06,-2.2162400324823796e-05,-8.431254061510988e-05,-9.18958185145063e-05,-3.521954958151746e-05,-1.5401249975801127e-05,-4.3506807568764756e-05,-5.6435840161716854e-05,-3.335921204610425e-05,-5.7930558613628454e-05,-0.0014633089822292697,-9.233085744708555e-05,-2.494746742089209e-05
Precious metals,RU,7043.89883964,-0.012809724019337087,-0.010237015566288971,-0.019361317189540712,-0.08267848464612333,-0.016015623462893945,-0.01503950412970312,-0.011460368165354217,-0.059775754016245054,-0.1354098092457706,-0.030220841247514393,-0.013848868578611354,-0.07143902178512403,-0.046145480153082286,-0.051222721136683746,-0.0075164670539597505,-0.006526568970421332,-0.20277628175939091,-0.00896105902635655,-0.16292311237545057,-0.00528867815500098,-0.011998571409668446,-0.025858170751429096,-0.03922447133792238,-0.020744346969739855,-0.009588332454814576,-0.014957788578539358,-0.0252201878018019,-0.009832997193295702,-0.0011406595663235096,-0.006557071859893907,-0.006328130342838975,-0.01413783080377891,-0.011842903172655319,-0.00480637458851192,-0.0030987279858927345,-0.0019029456392854176,-0.0004891438360844353,-0.006171054630755018,-0.00882419021443964,-0.01984197534054129,-0.016284927297652522,-0.004169342066435657,-0.00477073417100248,-0.0018459796550341033,-0.01856170063535582,-0.004811904516617756,-0.06059292107804483,-0.0020537056343740293,-0.004797795160096147
Precious metals,SE,720.488301022,-0.0016066079104261276,-0.0018450728217082896,-0.0013429828096221466,-0.000933831734617761,-0.0010023630370896508,-0.002372258818802942,-0.035588244431119256,-0.004939148297555094,-0.0007790827374376017,-0.03783461194662318,-0.0008922885977172896,-0.0004981327102354669,-0.0008061376781368594,-0.0007976733465699801,-0.000892377947099639,-0.0005299487742829935,-0.032157536782400215,-0.0009822913141557207,-0.002590083504905731,-0.000442336011034016,-0.002042399659841252,-0.0033889983891946403,-0.0009363346756784488,-0.000808888342860267,-1.0271131305753392,-0.0006076659880592102,-0.0008037509741710369,-0.0015157299503467587,-9.00110904519895e-05,-0.00014780761415323287,-0.00024140598931561013,-0.006279964966039429,-0.00033998822861766706,-0.00017514041290043347,-0.00011750527423330483,-0.00010704254823520761,-0.0004049524535517033,-0.0005085587657352099,-0.0007753586173961647,-0.0005570704481584077,-0.00062683437523634,-0.023640102638476854,-0.0005270534977001663,-0.00013350180324472888,-0.00031962137929860546,-0.000175739049760792,-0.0007969979456135054,-0.00011194227774221205,-0.00023021354016689288
Precious metals,SI,183.750781528,-0.0029540197116075823,-3.1236908792761406e-05,-0.000744284856465379,-7.999273973815862e-05,-6.620440403265331e-05,-7.546463321428788e-05,-1.9937997060229595e-05,-3.021113531352288e-05,-6.670548731293447e-06,-1.9151503490148537e-05,-1.3786737224320629e-05,-0.0015026481794820211,-0.011806016894321151,-0.00021210497100912615,-3.2277198793654216e-05,-1.3041826211521061e-05,-2.0422816190917317e-05,-2.0635251995071045e-05,-7.570483739091355e-05,-7.339845847442367e-06,-3.6548521651682736e-05,-3.0347543889824897e-05,-9.768691825843946e-06,-3.7284509042643586e-05,-1.2655671834473643e-05,-0.00011745471575210402,-9.667798242970013e-05,-3.8502242653123545e-05,-2.1169429197007423e-06,-2.9630001454825363e-06,-2.2772951962379546e-06,-7.824074659041693e-06,-1.2457570906208302e-05,-3.0733536171038135e-06,-4.009513783592635e-06,-3.1947815332693803e-06,-3.6131420005075637e-07,-1.3253389136521964e-05,-3.600054098861906e-05,-2.0985237961284917e-05,-0.0001258228457067744,-9.756293470440104e-06,-2.797495865074236e-05,-5.16913654276052e-06,-6.795070108366128e-06,-3.2090393955027754e-06,-0.0015063275024550728,-4.896974328474802e-06,-6.088448782719691e-06
Precious metals,SK,332.010882673,-0.002392203251862456,-0.00023079499980262498,-0.0006228820984946277,-0.00047293327650111674,-0.14875473147297816,-0.0006102099991853157,-0.00031811649829788756,-0.0002339784785581324,-0.00013257098610209908,-0.00020567480586722474,-0.00017209841751433973,-0.0022325511671608313,-0.0008295437637611112,-0.0013192357343757436,-0.00012113495463473378,-0.00014504440231620264,-0.000915601123118767,-0.00021228743724309077,-0.0003957960981775072,-0.00011893365374690568,-0.00031968994195606416,-0.04795941023903068,-0.0001567403206224907,-0.0006794785136016758,-0.00021025684404314427,-0.0002908752146629415,-0.0012444909974074724,-0.00018214045381589688,-1.219189200693102e-05,-3.708944673425768e-05,-5.12371894019455e-05,-4.716233581314019e-05,-0.00021045191487875498,-9.654312132567669e-05,-5.8182706835645766e-05,-2.245073343285903e-05,-3.4167588764754544e-06,-7.935467383179814e-05,-0.0002692541621314331,-0.002426671800949503,-0.00043199294120361116,-0.00011000160450032318,-0.0004140282854951357,-3.6012135990706116e-05,-5.949675428175666e-05,-9.655276262522831e-05,-0.009436076107578444,-2.9347808844351555e-05,-9.519940724022751e-05
Precious metals,TR,9773.50562796,-0.05824160533459385,-0.10286108858407624,-0.22423946195734035,-0.0847744012932226,-0.07288646936388657,-0.0791484692812971,-0.052171337190885715,-0.07191045066922823,-0.04514881161198215,-0.07611083372939677,-0.04238104136680987,-0.3999151618865784,-0.0797272858390931,-0.09561297293421744,-0.028715749583197583,-0.059908060907776506,-0.04621997876982693,-0.0398458788079727,-0.0373037363456604,-0.04538226355740682,-0.06065736328591581,-0.0692805416325557,-0.08868153579183556,-0.11543999650712794,-0.0852937945965581,-0.059130914317514036,-0.0497340265527774,-0.04695869842900834,-0.006495168732228565,-0.01410176268965972,-0.025963787781353435,-0.015905200242238918,-0.026377473167768502,-0.03760775857481596,-0.030155516293232765,-0.011418623614020535,-0.004133507374513786,-0.058439359430756864,-0.04629927817707925,-24.059011426694607,-0.019098998202774786,-0.01624542461744312,-0.029721427215298652,-0.030959561786585082,-0.3418521439380044,-0.03761887374773582,-0.11977566624519816,-0.03694723501392312,-1.0008425667136864
Precious metals,TW,2144.59877718,-1.258925191098394e-05,-1.8113417051908153e-05,-1.3088654494183121e-05,-5.5026742084748934e-05,-1.154334059703604e-05,-1.0962682437149347e-05,-1.3668978491926877e-05,-3.016559939541113e-05,-9.010114280086452e-06,-5.930254587156577e-05,-1.1770201840772578e-05,-1.0578058543079971e-05,-1.52195144787254e-05,-1.1563906896803872e-05,-2.105371701856051e-05,-6.982998856074434e-06,-2.7558342297275054e-05,-1.4645585155596256e-05,-2.275693206791772e-05,-7.064058058874072e-06,-2.0738554073430173e-05,-1.8342325374148324e-05,-1.5278923490271997e-05,-8.805143150099565e-06,-2.220113798554374e-05,-8.435068594982323e-06,-1.7604958104252693e-05,-2.2688867542672337e-05,-4.875569615331663e-06,-2.443614853516758e-05,-5.960685275380785e-06,-1.905700823518216e-05,-1.586672875572709e-05,-6.097632821171786e-06,-8.34179941019593e-06,-5.721600853485953e-06,-3.6736777505066974e-07,-1.5120633515708516e-05,-9.40488716405423e-06,-1.0804497978417818e-05,-0.005410732518276533,-6.9571137136366155e-06,-4.9586391632483654e-05,-7.3472266454043885e-06,-1.170265179799733e-05,-6.106385533249355e-06,-1.2110257790302642e-05,-5.27728440550317e-06,-4.809562139717665e-06
Precious metals,US,30497.5973979,-0.2642934316979263,-0.7195692844850535,-1.1502960447014967,-0.10108635283640725,-0.32406933414826644,-0.5199032683384065,-0.2639326679473108,-0.10142781069319094,-0.1386105933411785,-0.2852133924187792,-0.17433704140969114,-0.15974288248981885,-0.11164006330430602,-0.13140141484056464,-0.11084565687168282,-0.27319694720338517,-0.6551709897466963,-0.179286598337289,-0.18681394082342742,-0.2059857137476887,-0.39165706166553527,-0.9996467578034798,-0.16063137571416594,-0.16567944592552725,-2.7852848427439008,-0.1962183693340201,-0.07930678116131634,-0.22319081996927792,-3.008272420161395,-0.22895372067210362,-0.17194709117814397,-1.119144485067122,-0.5002611739715932,-0.3292525992801171,-0.05550763435846841,-1.5909906201320407,-0.005001136204340626,-0.8649495387857972,-0.201008199283387,-1.5107581704758855,-0.05231580751005981,-0.08094673216954217,-0.06603099113564694,-0.0501391899541433,-0.15250944329678362,-0.3375288673010896,-0.2132366808004594,-0.02842132382739692,-0.215886647395813
Precious metals,WA,10804.1091978,-0.407342129820208,-0.35042016852968766,-0.6862908176944917,-0.14429572598353538,-0.2256638226176057,-0.3862836915449006,-0.153862042630361,-0.171583613895844,-0.18937591999809728,-0.8785543555505354,-0.2513624437183584,-0.3115275757138011,-0.13669853876537313,-0.15504832885743974,-0.1973811570347987,-0.29253843288897113,-0.22682478584681642,-0.15319772856166525,-0.15323167449881686,-0.21394844641680713,-0.21243052765139087,-0.2964315588181921,-0.13436749297283307,-0.144524311196836,-4.561581545033886,-0.19477397818843195,-0.08794277925876033,-0.46610343697273277,-0.26223036634834623,-5.927132135419564,-0.5609882911439557,-0.23131751440003578,-0.6239305877351804,-0.6550831018071074,-0.09095098277194943,-0.2480384443814409,-0.020751683204213573,-9.209675772329945,-0.16155337778878678,-4.889603260609661,-0.08756078832646258,-0.05916274638033343,-0.6050596752247108,-2.7285440718718936,-1.4507922214912596,-0.6559235986545032,-0.36322189834336704,-0.11213178328648182,-0.5290210031372861
Precious metals,WE,1083.57919257,-0.008153560328209441,-0.004513081976740397,-0.05825423912211761,-0.00410123141153789,-0.03741168773271961,-0.0057884268458824285,-0.007315632895079824,-0.12537534824480684,-0.003417334451179802,-0.004955413398339691,-0.002555303376966103,-0.0977110854852039,-0.23115038486407305,-0.2695295784938569,-0.0014345828588266023,-0.005932288648115659,-0.023953414819839425,-0.004902036148992859,-0.0931553086359597,-0.002578934911374998,-0.003551458043446794,-0.01902256382575119,-0.005128513968527846,-0.05837339333953568,-0.0046231452249149586,-0.0498519941965015,-0.09265692976469901,-0.002233703098255609,-0.00026517196232413897,-0.0006610707315564761,-0.0012314422486120072,-0.0013882056627919582,-0.0015357976830758702,-0.0009790292206576978,-0.0011862705837185838,-0.0004343794108497048,-0.0005735105725148346,-0.0013436523278038638,-0.011341134336809264,-0.011011889057706562,-0.002344650457920883,-0.0012365654246065485,-0.002810948998974959,-0.0005832021202038797,-0.005015372567354095,-0.000978895808632948,-0.4722436101461115,-0.0005996259272247784,-0.003035554194553666
Precious metals,WF,4670.27828939,-0.0058246772261986105,-0.010980592246804654,-0.016663954095641212,-0.010883015168089758,-0.004519033139787836,-0.00660327612649223,-0.005013224583417713,-0.0206902471698996,-0.01504613388401589,-0.006859029679259062,-0.01025372752423015,-0.034722449570750345,-0.006244518129969938,-0.007429650382894697,-0.003938172163686239,-0.007702941865418568,-0.007026481174843839,-0.00540882774141416,-0.04923251090954433,-0.003945738390053601,-0.0072592232715204645,-0.008763105821856933,-0.03674615074428122,-0.00634660182240756,-0.0036727527194496813,-0.004870757276855376,-0.00413898876869931,-0.006023748756838758,-0.0017393382174637755,-0.004388551802394802,-0.008258408770516147,-0.005984951618507685,-0.013391472514820759,-0.011173064931082537,-0.007308195078892798,-0.0059483011799287,-0.0004911442505207894,-0.005008956888589008,-0.00523139566546643,-0.05568639358954321,-0.003419108901931782,-0.002142247850715539,-0.006293671167636452,-0.17339690115794526,-0.02666439150658294,-0.011151799775167375,-0.010359066547289252,-0.471823128699971,-0.09955832402180748
Precious metals,WL,8518.49252443,-0.034449838742002775,-0.03381035911156998,-0.023720453857189478,-0.05516403383298348,-0.023781792997480587,-0.0395573867648106,-0.032449675611580096,-0.019554188138982367,-0.0566163841444741,-0.0488603600246453,-0.02581392941357064,-0.038032712782528816,-0.02552173177763114,-0.027461354708781208,-0.020386767160644866,-0.026641571946213735,-0.019924195349636152,-0.023260643919294575,-0.06706528177538655,-0.018555916466800944,-0.034449721556313394,-0.024234783283528332,-0.05494727705246218,-0.019257318254223138,-2.0259668188047772,-0.021456626758289913,-0.020533683556722884,-0.027694237944604048,-0.029270408587958444,-0.0380189774672841,-0.054174112444386455,-0.15013694175506467,-0.07366095591653642,-0.22862178175432427,-0.013002437081453313,-0.7007100242509106,-0.0012163958819920012,-0.04049344681261198,-0.02199894450018332,-0.17343370396167757,-0.019262412164453603,-0.013531741596678458,-0.034525677592505924,-0.010391611804476026,-0.035928459824083304,-0.23070200948077205,-0.026534008291137997,-0.007843149305327205,-0.06074655420807931
Precious metals,WM,7774.52320659,-0.07046236060386749,-0.06941602008429719,-0.07637463566339638,-0.028521869591951753,-0.04338841528193568,-0.055643932966176826,-0.024076102114204346,-0.03255209105837099,-0.024998162150767448,-0.15275187183110014,-0.04414362039249916,-0.0793212210614451,-0.028983623924074477,-0.03591622453062826,-0.04901959876477741,-0.07713087921144766,-0.024845698393645435,-0.030417387813672755,-0.026995906243197657,-0.05649036019677334,-0.043364672184096315,-0.035270998958321136,-0.04014742391197275,-0.034060181887143395,-0.37698812048004005,-0.04890314531736276,-0.017524985186602934,-0.12430279080706752,-0.016805854540510364,-0.10287928931902994,-0.018536343169606968,-0.022480815382244744,-0.02876543682457294,-0.4899144794504315,-0.02299754719418732,-0.04879247480573043,-0.002493015321419382,-0.15171537275622218,-0.035333541060407994,-3.329352495384719,-0.008757965500665937,-0.011512420790441546,-0.03662252717755285,-0.6273208621307963,-0.08692044026691215,-0.4898203094734662,-0.07316951046786237,-0.08571962452721384,-0.1838758860848599
Precious metals,ZA,3561.67211271,-0.045652923007828326,-0.08498316142006299,-0.03103144203640915,-0.059236114798336924,-0.02906519143252336,-0.0550873395760681,-0.03847809326767791,-0.023090537753925416,-0.041427980930100805,-0.09031043498922844,-0.03782451415933494,-0.040595714388800955,-0.030153896052582844,-0.026918487269358138,-0.027952008087483687,-0.02461510520295241,-0.024456112549192784,-0.0304168210734429,-0.04011847992586519,-0.013388534974008097,-0.06551230329363009,-0.0266302346296984,-0.059421347665429516,-0.021674034493920486,-0.02904370356979436,-0.019358085409533706,-0.0339211934543325,-0.04081152223524064,-0.00861760156583637,-0.019210421788623852,-0.023702658589615403,-0.01950911191404738,-0.05247419486582228,-0.048194609837568125,-0.018728716357354735,-0.009267063734505233,-0.001475014725091356,-0.04579472186613762,-0.023556994238408367,-0.03563211512402519,-0.07899827259052515,-0.014776855544985907,-0.036413068149863774,-34.98515039520129,-0.048793630852496356,-0.04914899162682129,-0.026768707834919234,-0.4630158498031623,-0.5104934596221883
